khung,thanh_phan,buoc,n,mae_mo_hinh_usd,mae_giu_delta_usd,mae_mot_buoc_usd,mape_mo_hinh_pct,rmse_mo_hinh_usd,gia_tri_tb_usd
M15,close,1,401.0,1.917517168748223,1.6620697580380122,1.5548895962465332,0.09061529460549889,2.66883238067235,2242.5714812967585
M15,close,2,401.0,2.261546114977794,2.0392385756863094,1.7407263998824456,0.10728557013819848,3.2103946757084767,2242.6219725685787
M15,close,3,401.0,2.4770948795391754,2.3062748476389756,1.804471423365804,0.11656515486535413,3.8664983176142904,2242.5684688279302
M15,close,4,401.0,2.6648045919445646,2.597821339927328,1.7715913799038765,0.12511229733989743,4.2327621072895285,2242.602558603491
M15,close,5,401.0,2.864825436124637,2.7594682606049608,1.9358787491913163,0.13603336491717163,4.336694661871207,2242.5524413965086
M15,close,6,401.0,2.918209469852181,2.842699658684638,1.7579806195383083,0.13793786567485183,4.532597854687346,2242.561391521197
M15,close,7,401.0,2.7291114784887536,2.838001053375726,1.5877627255305478,0.1279344767338086,4.157918058552352,2242.578596009975
M15,close,8,401.0,3.0121043954602618,2.8470109401173818,1.7418964826828915,0.1416899880809431,4.309306869263512,2242.2846334164587
M15,close,9,401.0,2.9952678623655853,2.923685805101301,1.7433605117880455,0.1393744162827529,4.193307879786595,2242.4174538653365
M15,close,10,401.0,3.0737695882923832,3.037125680831544,1.7503223457451318,0.14471416587886354,4.215768198528479,2242.3639002493765
M15,close,11,401.0,3.226424470674435,3.1037166062135246,1.7837554972800977,0.15175410833688666,4.5502143615609505,2242.2694837905237
M15,close,12,401.0,3.210991860067458,3.16929346595738,1.8598780379673292,0.15068006927194777,4.443144705083348,2242.0568778054862
M15,close,13,401.0,3.364043601504539,3.4298885489980213,1.9152546810264068,0.15788721174153622,4.856371163262742,2242.0013216957605
M15,close,14,401.0,3.443825435401015,3.4527194546542246,1.9556906486218208,0.16117574133230914,4.853162255655625,2242.2425336658357
M15,close,15,401.0,3.3935898979887105,3.4083975284354704,1.940643524959816,0.1594477289433435,4.937869133452072,2242.324735660848
M15,close,16,401.0,3.502638361565127,3.4361055351285668,1.9432875355961003,0.16365740556065078,4.974369835069231,2242.297591022444
M15,close,17,401.0,3.6869425860373184,3.680811526130668,1.9441615533137218,0.17295614070773047,5.131872944388781,2242.3159725685787
M15,close,18,401.0,3.6182847217774925,3.641142847306033,2.046820890271348,0.1692665141597462,5.101000726850606,2242.4004139650874
M15,close,19,401.0,3.714544164103148,3.750117511921415,2.041077407482102,0.17322997844739485,5.203100327644225,2242.338127182045
M15,close,20,401.0,3.8122833460931034,3.7843765674457908,1.974050734818754,0.17905172650363171,5.437485520740454,2242.2850299251872
M15,close,21,401.0,3.857300935516995,3.7576209416671986,2.08400257264461,0.18037306754600166,5.492135000032512,2242.4386059850376
M15,close,22,401.0,3.997373520062552,3.962294431384632,2.1847103132109313,0.18743550034962458,6.68003874948413,2242.5373965087283
M15,close,23,401.0,3.952853731244114,3.842550867377639,2.0488165784360755,0.18488575897055723,6.4785979388706245,2242.53363840399
M15,close,24,401.0,3.844400261622161,3.7216297725064464,2.029581620693891,0.17802851227532138,5.538294192644561,2242.71691521197
M15,close,25,401.0,4.077049517628839,3.8777614611988858,2.0752671431822787,0.18879986691687825,5.6799406724231085,2242.860802992519
M15,close,26,401.0,3.935047424279889,3.872202802716205,2.006169295036881,0.18305866418898742,5.549593694205871,2242.8086334164586
M15,close,27,401.0,3.9724155574180164,3.9872417884350013,2.069730175246115,0.18443284581155917,5.633027782080614,2243.0294114713215
M15,close,28,401.0,4.180704460423509,4.007180381181333,2.1558476388441923,0.19292853722089862,6.397992328428755,2243.110942643392
M15,close,29,401.0,4.1020012887308255,3.9083233869252134,2.091733881242446,0.1898561105760636,5.9444171667854,2243.2456957605987
M15,close,30,401.0,4.160949689436302,4.021722652774378,2.096403545079537,0.19227173061757344,6.078564036181231,2243.1759900249376
M15,close,31,401.0,4.308926228491676,4.069258112062562,2.1087471417149164,0.19953165705870243,6.3771887309630735,2243.2803316708228
M15,close,32,401.0,4.283598130086731,4.139925392857271,2.2371928554306395,0.1987416043907514,6.415175726244827,2243.3691546134664
M15,close,33,401.0,4.328764877881637,4.091413997483052,2.186035914742358,0.20029125613670695,6.423026891352215,2243.465600997506
M15,close,34,401.0,4.328748398732873,4.170478013375733,2.2682207252366875,0.20199879466503115,6.566624106683225,2243.651017456359
M15,close,35,401.0,4.536933765216886,4.316969220288189,2.3556703217413633,0.21181514002841023,6.866144517728834,2243.6042094763093
M15,close,36,401.0,4.349246929348888,4.16587229221256,2.146538326503798,0.20235884440081817,6.5200865876101375,2243.8469426433917
M15,close,37,401.0,4.3425052543363805,4.194901524945462,2.1612932977407286,0.20203402902957784,6.4985412646509255,2243.7132867830423
M15,close,38,401.0,4.285214753439575,4.2329563574757785,2.205353770865934,0.20046326725024047,6.400088703148905,2243.8406583541146
M15,close,39,401.0,4.435891183014781,4.225837605708035,2.2885895598960357,0.2078115440514458,6.66247555531017,2243.915042394015
M15,close,40,401.0,4.56352798139912,4.3774297471109245,2.293740244009658,0.21247673698380426,6.76630778834043,2243.97327680798
M15,close,41,401.0,4.518067872118787,4.404754776881068,2.4183100639767594,0.2096476865501283,6.835244696339529,2244.035536159601
M15,close,42,401.0,4.542469065143881,4.3972540807130205,2.411711602067723,0.2117810987851521,6.911251187880775,2244.208463840399
M15,close,43,401.0,4.664963179666558,4.464891990264289,2.398905454308498,0.21670570261284575,6.750202565859017,2244.2888478802993
M15,close,44,401.0,4.791949464153653,4.50921617215978,2.301413709253737,0.22199014566691538,6.965336108732832,2244.250426433915
M15,close,45,401.0,4.653101894925867,4.331093600288582,2.3073206137740314,0.21601462568020002,6.834692919437336,2244.3550149625935
M15,close,46,401.0,4.696219549906359,4.61769736689072,2.3430637105548398,0.21701072139418162,6.970031636668175,2244.450765586035
M15,close,47,401.0,4.724451036306218,4.584090071157033,2.2498660012513665,0.21777074970606514,7.00470314114522,2244.6042743142143
M15,close,48,401.0,4.605150806613193,4.523790065447135,2.2455600657560413,0.21425319910678692,6.8702657463910155,2244.650842892768
M15,close,49,401.0,4.744148807002416,4.544069273511637,2.358147775905932,0.22034766374354875,6.894641502232561,2244.6526234413964
M15,close,50,401.0,4.634192059207021,4.4336960349611525,2.2176801085904123,0.2155835144164311,6.6141905472052684,2244.7540199501245
M15,close,51,401.0,4.672260078193989,4.467256989360603,2.368641939343521,0.217966117451414,6.757849321064966,2244.6218503740647
M15,close,52,401.0,4.694763231714135,4.404400241667345,2.2643509037363976,0.21702220208393544,6.724816295117982,2244.6784613466334
M15,close,53,401.0,4.7768399628376015,4.501504717679356,2.3856021859524135,0.22102209952989982,6.817055797966285,2244.6414314214467
M15,close,54,401.0,4.719104413881213,4.534032442952481,2.223204562807183,0.21791868526141303,6.776624090800114,2244.723740648379
M15,close,55,401.0,4.630262832655355,4.485652847697719,2.2658450892269317,0.21453910867180523,6.43990121340148,2244.667588528678
M15,close,56,401.0,4.779941989520547,4.512475898339951,2.3950819179112086,0.22205239882853173,6.637390245294166,2244.688399002494
M15,close,57,401.0,4.818125206269444,4.625254560451123,2.218205430920217,0.2228781294200374,6.721709884939006,2244.6877680798007
M15,close,58,401.0,4.805696121195539,4.660053690249321,2.4428046344440286,0.2221949454793381,6.753080634846155,2244.720034912718
M15,close,59,401.0,4.819515268012115,4.674172954141578,2.3753814696381035,0.22371364028568844,6.932804220975703,2244.6800249376556
M15,close,60,401.0,4.871956973318741,4.712036947591043,2.3054103447396392,0.22684804006847933,6.949817057410791,2244.741965087282
M15,close,61,401.0,4.792501087286513,4.692131429628127,2.361599952582972,0.2227297064290016,6.736418919666203,2244.599421446384
M15,close,62,401.0,4.714672244711087,4.64257565752373,2.4103492392376786,0.21837776050851582,6.658851050521142,2244.6526957605984
M15,close,63,401.0,4.708756202443063,4.525538359030961,2.2880584079240567,0.21915842913952607,6.6517370260238735,2244.5333441396506
M15,close,64,401.0,4.805964138706728,4.635834649111851,2.3923217024585863,0.2230500833668033,6.704978182114715,2244.7338653366583
M15,close,65,401.0,4.822043362435128,4.637038445854156,2.3879021975816093,0.22440638661525386,6.795449922319742,2244.724571072319
M15,close,66,401.0,4.894709613643083,4.786802640245927,2.362134321498485,0.22621305357170451,6.9028372071500765,2244.661057356608
M15,close,67,401.0,4.953856827247982,4.814583608544508,2.3596891824879442,0.23007542922404162,6.983882488987925,2244.685715710723
M15,close,68,401.0,4.91888684347798,4.8799312863567135,2.322611420279434,0.22750654243158136,6.909217716298424,2244.8327206982544
M15,close,69,401.0,4.890027989103412,4.810044004078158,2.469180705004089,0.22814701996490425,6.753763147599937,2244.8254089775564
M15,close,70,401.0,4.830281199160124,4.775947242217032,2.468882975634006,0.22521040391781277,6.759058054785597,2244.8829725685787
M15,close,71,401.0,4.9261234259492594,4.885914880818772,2.371587708299858,0.23002833010949117,6.914512433992118,2244.7891371571077
M15,close,72,401.0,4.926290653854968,4.8323120695008335,2.5131466451191176,0.22834566681466748,6.986024657092472,2244.885962593516
M15,close,73,401.0,4.797133893407196,4.735920036133114,2.379607650616706,0.22198253164326034,6.813955950136416,2244.9936758104736
M15,close,74,401.0,4.764978915193314,4.7047700104993035,2.3635729979032094,0.22040111941561275,6.945924396048944,2245.244229426434
M15,close,75,401.0,4.606204943562406,4.6218143965896985,2.466485825983172,0.212217478866276,6.524097958285034,2245.3640698254367
M15,close,76,401.0,4.72747757003732,4.6955966871709105,2.4085947951878572,0.21848528817669305,6.640708957840307,2245.3056359102243
M15,close,77,401.0,4.746082612937797,4.7424366023545685,2.4536791464052503,0.22013405952209372,6.802832877853819,2245.109927680798
M15,close,78,401.0,4.757557442953896,4.782201986562505,2.3434768128072663,0.22017583154490586,6.626183581912256,2245.1371820448876
M15,close,79,401.0,4.635442066141481,4.76690275244375,2.3249003047174783,0.2147244262491398,6.564550935446287,2245.083832917706
M15,close,80,401.0,4.979232845688556,4.988984374606399,2.4562607091755977,0.2297199563548475,6.873718919289613,2245.080132169576
M15,close,81,401.0,4.906526970663014,4.8562428786127505,2.4348578578227773,0.22584125351791845,6.739143565906199,2245.0470399002497
M15,close,82,401.0,4.780677832069416,4.844921818801158,2.4422740636484366,0.21986036199450132,6.725665240339117,2245.1679376558604
M15,close,83,401.0,4.9820881588384,4.872238227178991,2.541165916124848,0.2291474323990771,6.887400771453128,2245.1006733167083
M15,close,84,401.0,5.228988898844021,5.222513325340585,2.6831122946553223,0.2424036928567425,7.222848410907391,2245.383391521197
M15,close,85,401.0,4.947455957693304,5.108809193133785,2.493544261801217,0.22818630734188963,7.004451437920599,2245.453608478803
M15,close,86,401.0,5.120843105863714,5.037972815839086,2.519159201780212,0.23606181223327052,7.0505739224525446,2245.30455361596
M15,close,87,401.0,5.201685343437201,5.306490145577062,2.5403469732921287,0.24108914414336258,7.368863917601665,2245.2565037406484
M15,close,88,401.0,5.239555038211014,5.3087670590023555,2.634746468774255,0.24244454997126846,7.422472722141785,2245.533224438903
M15,close,89,401.0,5.183418905245031,5.238808791425859,2.514699525372651,0.23987117872347252,7.42716837383663,2245.612054862843
M15,close,90,401.0,5.209112194322568,5.327227245508398,2.458481906148779,0.24125494512465318,7.493069516238138,2245.563024937656
M15,close,91,401.0,5.445707669583631,5.5556007799512015,2.6518599913508694,0.25220687516746126,7.9849993980308565,2245.6952493765584
M15,close,92,401.0,5.344069346580673,5.316616148812253,2.5175044643676117,0.24695073881023016,7.90096041609387,2245.8028728179547
M15,close,93,401.0,5.4792749617774295,5.495294380008734,2.727578636727839,0.25410984596347397,8.011426552644812,2245.655436408978
M15,close,94,401.0,5.372429382134566,5.3418211327141,2.3780452387656754,0.24848605267050328,7.65960850324648,2245.500947630923
M15,close,95,401.0,5.382232683667967,5.412801990815919,2.5821760786191974,0.2493715426669976,7.760214588088944,2245.398264339152
M15,close,96,401.0,5.458207357242446,5.402515859927737,2.6379081861275684,0.2531776271059005,7.776028523989416,2245.6131371571073
M15,close,97,401.0,5.331323615055722,5.32495296645543,2.4960708625144923,0.24745559927541505,7.468267840923236,2245.567476309227
M15,close,98,401.0,5.388380817171535,5.3550160644977955,2.634778303601782,0.25124112388007364,7.5315774142143095,2245.624760598504
M15,close,99,401.0,5.353375670145367,5.262540459570073,2.566881760614546,0.24918025997645635,7.463736788894645,2245.8805436408975
M15,close,100,401.0,5.596185671855858,5.535401366279008,2.6520478772406455,0.25988149696920687,7.858336981410801,2245.831982543641
M15,close,101,401.0,5.592761945736465,5.59194667617386,2.6092278113839753,0.2594657192400759,7.999103984181439,2245.7706907730676
M15,close,102,401.0,5.557497756639087,5.5720053316073255,2.6344678537804382,0.2571702480939239,7.814077066346904,2245.7716259351623
M15,close,103,401.0,5.500677420381656,5.498701201744879,2.5339267469877185,0.25551726837146677,7.637272138375099,2245.7650224438903
M15,close,104,401.0,5.487720989202071,5.490481133109198,2.6409754169616204,0.25535629912802194,7.597962984257074,2245.918154613466
M15,close,105,401.0,5.515537013069596,5.525537626956805,2.799524091375727,0.25590301154530987,8.054613603132841,2245.957778054863
M15,close,106,401.0,5.43690023753604,5.405791445275476,2.5063560876999036,0.2520338469227372,7.614291886203631,2245.883012468828
M15,close,107,401.0,5.521015823929488,5.339350615193236,2.707518055491761,0.2566095635976283,7.608634679511878,2245.62027680798
M15,close,108,401.0,5.4389193236695705,5.293673791269669,2.482887713261006,0.2504137232491158,7.545222452510881,2245.3534089775562
M15,close,109,401.0,5.529471091182118,5.389320555883087,2.8063551029821205,0.2572234123085408,7.881921321666132,2245.371526184538
M15,close,110,401.0,5.56656195224971,5.510226417722488,2.642138607092315,0.2569007110603767,7.999257878025288,2245.355822942643
M15,close,111,401.0,5.658373440444975,5.551340794344075,2.7522060644519484,0.2620973029546532,8.401146761356824,2245.3377107231922
M15,close,112,401.0,5.721916857231757,5.73968645121829,2.6729228227741513,0.2647907456605782,8.372387385639827,2245.1255710723194
M15,close,113,401.0,5.805308466026275,5.810564893853155,2.6022719731795583,0.2691728440343273,8.519615962647359,2245.0520872817956
M15,close,114,401.0,5.718378947043072,5.8078694195374005,2.6349217175697146,0.26486656364731176,8.44489725392842,2245.1355436408976
M15,close,115,401.0,5.769827100012141,5.705024292515786,2.675116877283872,0.26681484555257107,8.351842968046942,2245.283157107232
M15,close,116,401.0,5.9476790250336515,5.823302835682784,2.5978681991446897,0.27545697355176724,8.605350155040993,2244.970905236908
M15,close,117,401.0,5.909385902995288,5.766997521406801,2.692726153910563,0.27191408109621557,8.614739767880637,2245.012665835411
M15,close,118,401.0,6.106695311297102,5.8802291403512434,2.7509491013639313,0.281493348219746,9.132128119193261,2244.988902743142
M15,close,119,401.0,6.191849364079434,5.958013679411259,2.728321626840406,0.2858365217632846,9.168484789483497,2244.8337007481296
M15,close,120,401.0,6.258707777699511,6.013050397906914,2.8023108811861026,0.2871821537037952,9.75512188261947,2244.9245685785536
M15,close,121,401.0,6.201689166794114,5.951204976481243,2.703036977398879,0.2838504113803697,9.235117355806775,2245.2868503740647
M15,close,122,401.0,6.0567211824122635,5.847045371379185,2.6561363084020306,0.2781740332012411,9.195728319480528,2245.1190024937655
M15,close,123,401.0,6.073198057164506,5.903093941936748,2.789855862398557,0.2789660384317571,9.202511176433044,2244.991940149626
M15,close,124,401.0,6.142262873160262,5.9684345344131176,2.8324912675666245,0.2828168961865409,9.329717386826525,2245.0880423940152
M15,close,125,401.0,6.062067534120021,5.83258734975316,2.8954945596063633,0.27806992558803295,9.154479500771316,2245.1820822942645
M15,close,126,401.0,6.167645042000977,5.850123540974642,2.826170030878304,0.2828316824328017,9.27835397999175,2245.2047730673316
M15,close,127,401.0,6.142080686304068,5.777644269839724,2.810130283300236,0.2813519234200965,9.360046550268805,2245.3469251870324
M15,close,128,401.0,6.185047522705817,5.87453689778064,2.727450814312404,0.28239922562971514,9.451098450002828,2245.499930174564
M15,close,129,401.0,6.0822880302238405,5.835876739289519,2.8840955426526445,0.2774679915658529,9.411539590006214,2245.7390374064835
M15,close,130,401.0,6.315275591328556,6.056987633232903,2.9916835090231686,0.2887287114889175,10.043292133250583,2245.7307481296757
M15,close,131,401.0,6.3610549005959625,6.096969450582273,2.8310874182015353,0.28984519388563273,10.064775801118998,2245.695710723192
M15,close,132,401.0,6.43603754687278,6.134412396837279,2.8681290792013154,0.2946224558328578,10.220549719723769,2245.7608528678306
M15,close,133,401.0,6.381610009311703,6.143999437766825,2.823914714490294,0.2935550478883429,10.033649813120608,2245.906441396509
M15,close,134,401.0,6.423516049617503,6.1958007392512515,2.787641757748352,0.29611236376716654,9.655940972394092,2245.9559226932665
M15,close,135,401.0,6.329858381047391,6.127132623791416,2.786897295141793,0.29095155730184186,9.62387142241494,2245.937364089776
M15,close,136,401.0,6.288838700640023,5.995530848205071,2.770954407441977,0.28797545784500034,9.565040986012374,2245.8107930174565
M15,close,137,401.0,6.218760838843114,6.027672999258182,2.7888752867601445,0.2838727698731846,9.765157995923818,2245.8157381546134
M15,close,138,401.0,6.194876853409296,5.968861138841808,2.7862978295271787,0.28340626518643147,9.488254584436278,2245.906017456359
M15,close,139,401.0,6.247923800951048,6.011123940041096,2.682892181846307,0.2868170716125816,9.629384385961723,2245.72349127182
M15,close,140,401.0,6.246091209880412,6.0285080323479665,2.7410244089454032,0.2866056864094982,9.426140874524567,2245.6916059850373
M15,close,141,401.0,6.561180493507015,6.184830950561893,2.977108136540535,0.301313158480215,9.774339296808085,2245.896458852868
M15,close,142,401.0,6.410188266169941,6.140174867480643,2.6415296670773314,0.29306213613500776,9.725254999334439,2246.0093790523692
M15,close,143,401.0,6.321480293797153,6.1743250727835415,2.7340448414415364,0.290151843616291,9.495695305750582,2245.7998204488777
M15,close,144,401.0,6.287278497136754,6.100336341578169,2.788066292186623,0.28866527948205134,9.518672517042171,2245.9826184538656
M15,close,145,401.0,6.456187454421445,6.4546390982760045,2.886891446140183,0.29813924924693924,9.893544123822666,2245.839229426434
M15,close,146,401.0,6.620302025347772,6.534706906367335,2.694495318658007,0.3085598482547474,10.578042519249017,2245.705453865337
M15,close,147,401.0,6.592560769723257,6.344118396774668,2.838464597608897,0.30631364806712236,11.12803944232445,2245.8230024937657
M15,close,148,401.0,6.5765522479557905,6.325304335314787,2.806170130682777,0.30631486809465497,11.28317985052259,2245.6907182044883
M15,close,149,401.0,6.6582961333261,6.462012185291002,2.6814967829637997,0.30901090226642003,10.843893756894852,2245.9823241895265
M15,close,150,401.0,6.597902893467879,6.305515118991299,2.7108005553950183,0.30550525823999075,10.923633959814719,2246.1788753117207
M15,close,151,401.0,6.632109365015864,6.498025277494092,2.620938514305507,0.3072912779556227,10.78817766254348,2246.1903192019954
M15,close,152,401.0,6.633566692329324,6.274518086241907,2.6898971616186196,0.3074539301283986,10.713504084858045,2245.9949750623446
M15,close,153,401.0,6.805437626456537,6.485937424895911,2.6854955689570428,0.3160905564720717,10.880333036800812,2245.971875311721
M15,close,154,401.0,6.8223997853135385,6.52189272135648,2.813415723045438,0.31468809649816676,10.63359720783104,2245.9276109725683
M15,close,155,401.0,6.801723840306265,6.494471390220379,2.7059349330164983,0.3140563440022839,10.713860613242915,2246.256139650873
M15,close,156,401.0,6.733689515541887,6.42808656295378,2.793097223589415,0.3097746722548499,10.402976605918232,2246.2926807980048
M15,close,157,401.0,6.551586283582774,6.323970039352799,2.576193446694392,0.3026116054882488,10.101659506052528,2246.3100199501246
M15,close,158,401.0,6.4345453551074465,6.404246802925249,2.6651608399609974,0.29811686883402977,10.197456527911756,2246.286773067332
M15,close,159,401.0,6.500050332187592,6.409559632322205,2.859435535789036,0.3024308835686948,10.093719801623477,2246.360042394015
M15,close,160,401.0,6.690250895405477,6.494972496642767,2.7642800175559823,0.31061859236328954,10.507941828718074,2246.347047381546
M15,close,161,401.0,6.692147172467847,6.575640957786414,2.733698076576779,0.31022219964480235,10.375194733930739,2246.5601970074813
M15,close,162,401.0,6.867420743699668,6.772716026844738,2.741187876405782,0.31830745718962294,10.607930213822433,2246.568685785536
M15,close,163,401.0,6.845093568346994,6.639360109366333,2.7505489476034963,0.3168686876406928,10.313591025874462,2246.636945137157
M15,close,164,401.0,7.017962134457584,6.763522188939664,2.7886707344686985,0.32282447231780514,10.815188938991046,2246.7329127182043
M15,close,165,401.0,6.967640852907385,6.674687898604223,2.872889885794326,0.32070263371539515,11.029957606351857,2246.8401197007474
M15,close,166,401.0,6.906383478259796,6.811104489514258,2.761300158377867,0.318222476405294,10.525206375846789,2246.980832917706
M15,close,167,401.0,6.974699053499249,6.747850337341844,2.7282124876025633,0.32213726181871893,10.651923762191,2247.082825436409
M15,close,168,401.0,6.972464900565826,6.699552009688391,2.847409960561186,0.32202051792671516,10.725552494914522,2247.2049501246884
M15,close,169,401.0,7.233206526101717,7.00866386225286,2.910147568047383,0.3342357076010176,11.43502349506977,2247.0411122194514
M15,close,170,401.0,7.47219943113214,7.167878088104692,2.954986159060624,0.3458267723840543,12.319988265033162,2247.095857855362
M15,close,171,401.0,7.317073998364018,7.017795009811553,2.9103840551540174,0.3370238132371418,11.981457349380621,2247.0510773067326
M15,close,172,401.0,7.183814007251423,6.897526686947494,2.8784395160659906,0.32940407128554267,11.703943270815492,2247.3142543640897
M15,close,173,401.0,7.1015895267245135,6.815688677981151,2.782329867751789,0.3252362216196747,11.383712880974345,2247.36872319202
M15,close,174,401.0,7.185576914394033,6.971621331281264,2.958068796354312,0.3283045458624211,11.664157647371985,2247.4348129675814
M15,close,175,401.0,7.275682921665313,6.9015847228385026,3.091805013192993,0.3338539938771002,11.74884562263118,2247.6603266832913
M15,close,176,401.0,7.53130971992114,7.177173752608416,3.0720027062453497,0.3461185424290559,12.804047727343193,2247.559541147132
M15,close,177,401.0,7.29198072263521,7.214089171265026,2.8843348754955462,0.3337285745016105,11.806906078402145,2247.720957605985
M15,close,178,401.0,7.344998441232841,7.120506506850984,2.8870915562737727,0.33623575671385064,11.641628914137296,2247.728902743142
M15,close,179,401.0,7.227811869311805,7.014284327689154,2.813599176234821,0.3266791805027041,12.038680163650419,2247.707386533666
M15,close,180,401.0,7.391078129515574,7.018895965779107,3.0191808124613937,0.336244656076351,11.540976767497622,2247.793154613466
M15,close,181,401.0,7.523696166993023,7.160913601898952,2.9800140302637503,0.3406456251651491,11.877864227097701,2247.7277680798006
M15,close,182,401.0,7.352211921488769,7.089249378139504,2.809211116348665,0.3330604620940189,11.10974133170657,2247.5830049875312
M15,close,183,401.0,7.316010482734696,7.1528618107723965,2.9449438593946877,0.33111786286994527,11.293830350956984,2247.5163316708226
M15,close,184,401.0,7.226880935398526,6.952260499862852,2.8885200680093646,0.3274609700030953,11.087283732762469,2247.3500997506235
M15,close,185,401.0,7.285694011622139,7.106475177393144,2.9101663223326093,0.3297516658800342,11.310142960078656,2247.4631371571077
M15,close,186,401.0,7.224265285648365,7.022109346518644,2.866264973517806,0.32688380424413743,11.211371876415047,2247.602199501247
M15,close,187,401.0,7.370310811466623,7.115672838228064,3.0636347180232506,0.33480499547272,11.253135361599924,2247.4989251870325
M15,close,188,401.0,7.225279819226778,7.141977357329319,2.8632699863556477,0.33003294228057534,11.294969748858104,2247.417226932668
M15,close,189,401.0,7.240275198792169,7.1140441225112,2.930849656705232,0.3291630295387223,11.25596863817723,2247.472855361596
M15,close,190,401.0,7.35369850872245,7.147336713417767,2.901846530151793,0.33539410380587537,11.488392049963412,2247.4631521197007
M15,close,191,401.0,7.317561982502227,7.289734624391984,3.059054289057626,0.3344724313278023,11.734980851711056,2247.2920698254366
M15,close,192,401.0,7.410280820971848,7.374183152883909,3.017882803179242,0.3371531145756241,11.92222881520647,2247.5158653366584
M15,close,193,401.0,7.320793320130564,7.264057389022782,2.7565855396804593,0.3332134575441095,12.008784773323649,2247.5893042394014
M15,close,194,401.0,7.303043245282625,7.275844796984121,2.940422637833491,0.3314461098211685,11.953747577841021,2247.558521197008
M15,close,195,401.0,7.33712943819901,7.145004709477083,3.1184367004381253,0.3335464544998569,12.345421053565044,2247.3283416458853
M15,close,196,401.0,7.4738909266769085,7.2752935039576645,3.1806392432415174,0.34178594910272236,12.76329137811212,2247.3600199501248
M15,close,197,401.0,7.380631180583125,7.142780176474587,3.1002712530902863,0.33649662578025347,12.234581780966595,2247.2504538653366
M15,close,198,401.0,7.445501828842974,7.176604461514852,2.9874622389669074,0.33793224416185574,12.44642420206922,2247.114044887781
M15,close,199,401.0,7.627465018782388,7.443942244832558,3.2241165667164937,0.3457972044660598,12.820302999124868,2246.9118678304235
M15,close,200,401.0,7.745406035989447,7.4479829101018185,3.101096444152002,0.3516855379976727,13.176995707551988,2247.1019850374064
M15,high,1,401.0,1.9918513214177698,1.76063321145544,1.4955077141046955,0.09329172570076881,3.7704108467125663,2244.063511221945
M15,high,2,401.0,2.2114503701041994,2.1854127385680333,1.3706418599937753,0.10506435976192705,3.1181999113620584,2244.092244389027
M15,high,3,401.0,2.568705627973802,2.669006602013627,1.5332078540327219,0.12178111143239362,3.7815285924288964,2244.1104563591025
M15,high,4,401.0,2.64331040508737,2.738049118018053,1.342609624043354,0.12384839698809545,4.017927401902444,2244.1044663341645
M15,high,5,401.0,2.963738539394654,3.028646851182647,1.661623223811526,0.1394089634378513,4.594553751397198,2244.072216957606
M15,high,6,401.0,2.9269931407912013,3.0564046460117194,1.5190526422792325,0.13787908872769336,4.5514281635659435,2244.00553117207
M15,high,7,401.0,3.014218484518588,3.1641909852788093,1.3412946489612587,0.14182968690128042,4.462862577427119,2244.000411471322
M15,high,8,401.0,2.905663528178225,3.036320635661067,1.4704595309756774,0.13753824012513474,4.309173942403116,2243.9398578553614
M15,high,9,401.0,2.963091858287885,3.240022121221207,1.4787804355256284,0.13986860494251363,4.277209812132195,2243.787788029925
M15,high,10,401.0,3.1366868306461293,3.3264591458553205,1.4938678374988268,0.14647570321371786,4.396078141862077,2243.793865336658
M15,high,11,401.0,3.3629648822203553,3.425709351507736,1.4963445592062297,0.15811214719767702,4.697523447707351,2243.7873740648383
M15,high,12,401.0,3.2419973928708536,3.3531225837617726,1.482905372545439,0.15194069826478826,4.437918443018747,2243.606049875312
M15,high,13,401.0,3.471829757371589,3.67443110883857,1.7138381269443117,0.16289425997645315,5.000505432789332,2243.6256109725687
M15,high,14,401.0,3.4752427618032398,3.731785294638152,1.5300304968551854,0.16242251812562272,4.982595355112924,2243.633451371571
M15,high,15,401.0,3.4986965478194176,3.7747398360608897,1.519896850862426,0.16319532235588366,5.0177193370454205,2243.7232294264336
M15,high,16,401.0,3.6167755824236734,3.848812181406183,1.5539311988839992,0.16907577776783367,5.265817864407283,2243.7109201995013
M15,high,17,401.0,3.7094360355518234,3.811860794761234,1.6081242511273226,0.17356818826523632,5.239014901601046,2243.722975062344
M15,high,18,401.0,3.8647921745947373,3.943859345338169,1.7011742851323646,0.18088352365274837,5.6695797080916925,2243.915077306733
M15,high,19,401.0,3.8539668157608844,3.94536200654287,1.7156473702885895,0.18091485995258436,5.7450986656883,2243.922740648379
M15,high,20,401.0,4.04686140618145,4.159469587114206,1.7802675141321829,0.1892337599093578,5.957729805737115,2243.7427032418955
M15,high,21,401.0,4.094055270699382,4.132094531540404,1.8742133390470919,0.19198832924260692,5.935005190990902,2243.8011296758104
M15,high,22,401.0,4.030075172951131,4.166836048626472,1.9184253464745689,0.18858176953879044,6.5056286949259645,2243.9323216957605
M15,high,23,401.0,4.021461822602472,4.169301971189704,1.6928678678705416,0.18820473369697438,7.135466694751153,2244.001411471322
M15,high,24,401.0,4.130935061144909,4.193283431992094,1.708384922787211,0.19101259342038532,6.684120443752353,2244.009463840399
M15,high,25,401.0,4.063845897064062,4.146328808544207,1.7412291299439246,0.19014011650178256,6.070114563337034,2244.1121022443895
M15,high,26,401.0,4.098950715250006,4.147727695781063,1.787728413122168,0.19030210238794826,5.748949613080704,2244.1862668329177
M15,high,27,401.0,4.3611389038242,4.530026889609121,2.0034800990521417,0.20078155461832636,6.170471443828666,2244.2597007481295
M15,high,28,401.0,4.500246919616671,4.4829242056550145,1.9153371197345601,0.20840704030655777,7.176283484892192,2244.472379052369
M15,high,29,401.0,4.434972648656518,4.367520715338812,1.9325270726806536,0.20441274435797335,6.702674980440203,2244.5651346633417
M15,high,30,401.0,4.401122542263194,4.354134314028871,1.9059453528496684,0.203688397316595,6.761201331967516,2244.569067331671
M15,high,31,401.0,4.52893833803167,4.457173955447332,1.8102414355270011,0.21024298341789072,6.792797222245718,2244.6036957605984
M15,high,32,401.0,4.5657614388269,4.534859219615352,1.9685113349460146,0.21285784887053552,6.965961346275233,2244.704403990025
M15,high,33,401.0,4.5804415875120394,4.477905154025693,1.8876972516503414,0.21341746966179806,6.768375095462402,2244.7683965087276
M15,high,34,401.0,4.458953733682174,4.496514666496227,1.9636153191821226,0.20656514061532386,6.954532946400214,2244.989658354115
M15,high,35,401.0,4.628734657808542,4.5956931878142075,2.037538257655333,0.21428946979817945,7.518933504146652,2245.035842892768
M15,high,36,401.0,4.659602099918435,4.692436662244217,2.0304212141541176,0.21779203030381686,7.161886796739411,2245.162331670823
M15,high,37,401.0,4.373793140444319,4.511555098269015,1.9463289147323328,0.20316597250248122,6.595825095431554,2245.3109975062343
M15,high,38,401.0,4.453217000534094,4.485003627932589,1.9544317462135952,0.20836602947954036,6.602760655862117,2245.2538029925186
M15,high,39,401.0,4.637104341767309,4.636416724821787,2.0127638432403003,0.2168710437038587,6.986214049579838,2245.340536159601
M15,high,40,401.0,4.6172086932067735,4.604871478414236,1.9138306894077344,0.21453886086779608,6.747390341512775,2245.3600698254363
M15,high,41,401.0,4.654062722049051,4.6526754612696655,2.122081197838471,0.21520409347418398,6.838493866547718,2245.42216957606
M15,high,42,401.0,4.825907343735069,4.932737254851909,1.8707956087929996,0.22509544906577214,7.233358028472177,2245.6240723192022
M15,high,43,401.0,4.728641311010706,4.843189734052336,2.0063233818370803,0.2198894043160989,6.9111773918910755,2245.701349127182
M15,high,44,401.0,4.670583977641099,4.813455279114573,1.9502628419265984,0.2164059447664356,6.701620724509849,2245.633790523691
M15,high,45,401.0,4.645397664520339,4.768127491169202,1.8754156781917664,0.21565452983510694,6.761472817445146,2245.656162094763
M15,high,46,401.0,4.913526938516026,4.980346249787905,2.0968648359453375,0.2280156109191511,7.107072121362292,2245.707152119701
M15,high,47,401.0,5.001066902537444,5.111471077345767,1.9779957992956307,0.230025403684772,7.306675393529231,2245.855825436409
M15,high,48,401.0,4.85985386125774,4.966701665970728,2.071073885218465,0.22461024030973437,7.033028843021191,2246.0527930174567
M15,high,49,401.0,4.670100617351319,4.899460805983098,1.9672680805004754,0.21640444588014882,6.773672551041231,2246.0832817955115
M15,high,50,401.0,4.96271037953963,5.001128777169561,2.0478308993506724,0.23008770068670606,7.104248541651251,2246.074890274314
M15,high,51,401.0,4.741721516460259,4.829554574337061,1.9472082857796709,0.2207595233657495,6.710653660522405,2245.9964788029924
M15,high,52,401.0,4.728051670127323,4.841022663562815,2.002774797316169,0.21860200670020652,6.768435658331349,2246.0608354114715
M15,high,53,401.0,4.882396737502067,4.796860700091959,2.148860460175084,0.22559559977134125,6.891596226815805,2246.0958403990026
M15,high,54,401.0,4.9150622688470325,4.914860456516396,1.925903376522704,0.22615643585760245,6.934897050503362,2246.1197007481296
M15,high,55,401.0,4.796240572211512,4.952942555470082,1.9577965451522978,0.22230961331441437,6.682893523305864,2246.1268354114713
M15,high,56,401.0,4.835222209511003,4.804946431809399,2.1528463855386213,0.22407014773230113,6.605061000520516,2246.0713965087284
M15,high,57,401.0,4.86812280283164,4.913594168219231,1.9228705831820099,0.2262844967038771,6.706809947413051,2246.045182044888
M15,high,58,401.0,4.9614514613113885,5.001836125873553,2.014423180020976,0.22966646969737542,6.837058776082022,2246.114810473815
M15,high,59,401.0,5.0338477708569895,5.186860630064206,2.089788079040675,0.23360017389756518,7.144380736282252,2246.032002493766
M15,high,60,401.0,4.974081886481347,5.093164384155438,2.0613320161886355,0.23196355773247765,7.085595304962146,2246.1796059850376
M15,high,61,401.0,5.035101708523034,5.091184804191105,2.130783311277248,0.23277237233296513,7.201749273229308,2245.9925162094764
M15,high,62,401.0,5.076690296788217,5.085043984132988,2.226848094236166,0.23502248237111226,7.2037236284320745,2246.136735660848
M15,high,63,401.0,4.9121649559689615,4.964245284764678,2.029619283554568,0.22767084128344273,6.808180531900048,2245.9440872817954
M15,high,64,401.0,4.8811029999903,5.0355543423259705,1.902579386182981,0.22639148978659418,6.786320228555427,2246.084668329177
M15,high,65,401.0,4.970541165847222,5.113098866044785,2.1258293135129542,0.2308265220039365,6.920413117560937,2246.1413815461347
M15,high,66,401.0,4.868674306443763,5.038946495091886,1.9753621950777134,0.2248692803412189,6.969262276398668,2246.126625935162
M15,high,67,401.0,5.162336753865365,5.227211989558544,2.124251713233934,0.23838060345010115,7.4257647649696805,2246.086012468828
M15,high,68,401.0,5.024715528886499,5.282266149581931,2.154805128565764,0.23183940799429043,7.21235674515604,2246.2134189526187
M15,high,69,401.0,4.9564054318784665,5.169830405152391,2.1494751225246196,0.22980025429897075,6.884503070443142,2246.1508603491275
M15,high,70,401.0,4.963849301655225,5.179837403840947,2.1097617475894683,0.2313883856922268,6.9941215269631405,2246.3118528678306
M15,high,71,401.0,5.058169859234758,5.295299366104217,2.23180543040431,0.2364435049690267,7.000869884140457,2246.357675810474
M15,high,72,401.0,4.940535700121508,5.177383248261402,2.2066653905609703,0.2304460023387248,7.014294065622152,2246.2892842892766
M15,high,73,401.0,4.937986454340673,5.1609059424585615,2.046198380642167,0.22914145158307678,7.193233768125633,2246.428059850374
M15,high,74,401.0,4.926105211959344,5.138360018427725,2.0848808416960267,0.22800768710396724,7.072964033644845,2246.6486907730673
M15,high,75,401.0,4.856952259460727,5.103077612017007,2.170090906603131,0.22385083350148138,7.002594920909927,2246.8131221945137
M15,high,76,401.0,4.8845766977286535,5.007607083451931,2.1077954224851303,0.22622489756466568,6.93396645053854,2246.802139650873
M15,high,77,401.0,4.822908508575856,5.054732079116816,2.1077319508353596,0.22336678936132168,7.005147334553859,2246.7563715710726
M15,high,78,401.0,4.88111689191496,5.061391761029766,2.053296892148687,0.22554911630628585,6.96982483670031,2246.7179052369074
M15,high,79,401.0,4.793433381666818,5.0617741319441025,2.0640900817440717,0.2212675228696777,6.828652142018542,2246.63372319202
M15,high,80,401.0,5.120089078025925,5.3232733983409535,2.277108807711146,0.23411645179958734,7.726994527946435,2246.5764438902743
M15,high,81,401.0,5.131883310362716,5.263973855654311,2.225964577471335,0.23519783284496817,7.332371424827908,2246.608114713217
M15,high,82,401.0,4.843563151487913,5.066951146120656,2.085679553565706,0.22229066636077136,6.974269778506615,2246.721705735661
M15,high,83,401.0,5.046532975200855,5.2583093388404425,2.293423585084334,0.23190990821813084,7.136890144597762,2246.6715461346635
M15,high,84,401.0,5.376959171604946,5.4885972470828985,2.5690511817971524,0.243864400448614,9.648725045280779,2246.7249301745633
M15,high,85,401.0,5.213704932579212,5.341238527390217,2.279313747947892,0.24110596623631828,7.34968321285208,2246.860473815461
M15,high,86,401.0,5.45174619383262,5.488240322160682,2.4301021225487296,0.24569230369058487,10.030968966439577,2246.9397182044886
M15,high,87,401.0,5.247663094627803,5.279873129433785,2.2568945004511782,0.24150542934894154,7.343596477674252,2246.7469650872818
M15,high,88,401.0,5.53290455140153,5.639203419561745,2.54972162141227,0.2548872215867384,8.366811550005322,2246.964284289277
M15,high,89,401.0,5.570522509638648,5.6199320600725695,2.2998863564906813,0.25723021946682256,7.880762862537239,2247.0559825436408
M15,high,90,401.0,5.532287270255664,5.561055241444326,2.3080065107614933,0.2557601900248958,7.868851656629101,2247.0575162094765
M15,high,91,401.0,5.6701048472417295,5.709911881815375,2.3360077833215156,0.26050124745142234,8.258176785516268,2247.158336658354
M15,high,92,401.0,5.512249642435165,5.526352817634578,2.0739353901587885,0.253666393309672,7.963303438104325,2247.163650872818
M15,high,93,401.0,5.6842129312502205,5.772901909427542,2.475449813034309,0.26169903280110357,8.338975850900894,2247.209880299252
M15,high,94,401.0,5.752734891384035,5.720562173566525,2.406920800283221,0.26547731976902156,8.743709356312827,2246.9779426433915
M15,high,95,401.0,5.562130134130168,5.574077008577787,2.294706656471225,0.2563652419786921,8.04247270138957,2246.9231820448877
M15,high,96,401.0,5.608157517075582,5.598401736973545,2.416898400119959,0.259182747775679,8.158157425710137,2246.9196234413967
M15,high,97,401.0,5.574379460521427,5.555594812600402,2.2866271264287734,0.2580386273708103,7.9497607393389655,2247.1072768079803
M15,high,98,401.0,5.587692092157131,5.5568840611819414,2.3520883805871544,0.25881329202713294,7.826189575216188,2247.1079276807977
M15,high,99,401.0,5.53405905114612,5.460145430879696,2.390335530498035,0.2561428063361369,7.656525099546652,2247.2959177057355
M15,high,100,401.0,5.9013369542870935,5.732904561535068,2.5161228663158632,0.2728282555344504,8.457417658507294,2247.3138528678305
M15,high,101,401.0,5.978133465471946,5.798846349004421,2.346022033953385,0.2767993004010123,8.458109404830784,2247.2439351620947
M15,high,102,401.0,5.969590299097246,5.908131697345308,2.427411736516695,0.2754497278060444,8.518394551161391,2247.3082394014964
M15,high,103,401.0,6.0406059679329225,5.991674728743909,2.4520198186908533,0.2783877643726963,8.603631523385339,2247.2438628428927
M15,high,104,401.0,5.822127219761195,5.888601297728321,2.402511114439747,0.2697036968897192,8.164673198245472,2247.414094763092
M15,high,105,401.0,5.885023006853033,5.852038448258349,2.4830326087625623,0.2711028082085465,8.79078232512637,2247.563296758105
M15,high,106,401.0,5.698568428682938,5.765926282615878,2.1694425165781257,0.2623862737389792,8.374165304099414,2247.4387381546135
M15,high,107,401.0,5.743094360883571,5.682221445297423,2.366343405699736,0.2649587863248923,8.347502625578594,2247.2857805486283
M15,high,108,401.0,5.607824178509017,5.522699683811122,2.2920403968610543,0.25768233657503636,8.048112170182844,2247.067885286783
M15,high,109,401.0,5.595106075111641,5.549460245043304,2.403374258956813,0.2573688769305137,8.254680566757354,2246.935608478803
M15,high,110,401.0,5.714042068072871,5.7356804746415095,2.50405113224161,0.2634807885333844,8.7193998321792,2246.9314164588527
M15,high,111,401.0,5.896661261034255,5.843062640410252,2.48841299161213,0.2728397544028195,9.156090428515949,2246.893625935162
M15,high,112,401.0,5.991242497469925,5.972814093891082,2.335527377424161,0.27535950660937086,9.355430000647873,2246.7433840399003
M15,high,113,401.0,6.018931249935471,5.988122555980188,2.312293017008312,0.2775695150124546,9.102625734960903,2246.5769127182043
M15,high,114,401.0,5.9876187344707725,6.124774541504624,2.383866973630603,0.27618763994495643,9.052495463719403,2246.631356608479
M15,high,115,401.0,6.017442692387212,6.099357816260139,2.314779153663902,0.27689365168198365,9.023367432100498,2246.716623441396
M15,high,116,401.0,6.2925015217045015,6.144466653766594,2.422740911692681,0.28944423412286424,9.352045983237995,2246.6146608478803
M15,high,117,401.0,6.265343434602377,6.083864472850086,2.3703510258064795,0.28698250266447994,9.266882221603018,2246.4770972568576
M15,high,118,401.0,6.3223923412775695,6.074793540825278,2.3883343093148075,0.28968022187644354,9.636436367007512,2246.4919351620947
M15,high,119,401.0,6.409728500334146,6.150616946542052,2.395478956780024,0.292979279564107,9.868855275818063,2246.4562817955107
M15,high,120,401.0,6.531737396246781,6.209572760930859,2.446690321098726,0.298920649929682,10.377977363859559,2246.4841945137155
M15,high,121,401.0,6.63070239664821,6.336289576823638,2.536698859375132,0.3025365371249582,10.373919917680576,2246.721730673317
M15,high,122,401.0,6.3992579763284025,6.1671407587822085,2.3246856862141367,0.29303217634923695,9.723225817241174,2246.6899177057353
M15,high,123,401.0,6.52105783408366,6.392510233815878,2.5806683557645793,0.29867523490154047,10.38411236277643,2246.571668329177
M15,high,124,401.0,6.362383482297633,6.2272615906202375,2.3829469611453598,0.2916609008197423,9.816713206737484,2246.5683715710725
M15,high,125,401.0,6.513762477234494,6.352983668568102,2.532430319320568,0.29748235595717487,10.026329995015324,2246.711077306733
M15,high,126,401.0,6.327276685434356,6.129790849998983,2.3491522584784987,0.2893641321819212,9.588275111071107,2246.6717007481298
M15,high,127,401.0,6.348076741246495,6.086805536006551,2.5359045189401157,0.28826125319976215,9.724007647099034,2246.7293092269324
M15,high,128,401.0,6.500283549115557,6.166734942969691,2.482452310089129,0.29648718480668695,9.894494535502412,2246.953940149626
M15,high,129,401.0,6.413305468881919,6.111893928010621,2.722698797127092,0.29117335629780683,9.847365454569422,2247.129072319202
M15,high,130,401.0,6.672853769447467,6.550030423211431,2.610068510692394,0.30375800024291677,10.590331281277667,2247.244820448878
M15,high,131,401.0,6.582582022001724,6.433230402669934,2.504794576823559,0.2990625158111912,10.415370778019078,2247.2268553615963
M15,high,132,401.0,6.785101149246391,6.601731956055132,2.525220014570911,0.3086290187445244,10.738060730671512,2247.2430174563588
M15,high,133,401.0,6.679344504604992,6.6304898282588,2.5578752246703926,0.3055797855546812,11.031108144330288,2247.2858403990026
M15,high,134,401.0,6.715617337838611,6.654369062215774,2.50162685075703,0.30921583914380624,11.030905713397097,2247.5066932668333
M15,high,135,401.0,6.602615549609622,6.563768319738898,2.456715463136658,0.30335623164718517,10.121099388733107,2247.433122194514
M15,high,136,401.0,6.536694081473866,6.557374839976011,2.3923056390653117,0.29990960693597946,10.05727019879657,2247.2866783042396
M15,high,137,401.0,6.7646974460099445,6.624906278919168,2.6875499183863996,0.3108087170316732,10.534263881587126,2247.453680798005
M15,high,138,401.0,6.5825344756774875,6.476491723983815,2.493889512662371,0.3020539295709722,10.190250875674803,2247.241438902743
M15,high,139,401.0,6.5616187482508055,6.428021964811703,2.427181318558808,0.29970822815370474,10.010366797115779,2247.2987281795513
M15,high,140,401.0,6.563834014418701,6.456439479496459,2.48120990952338,0.3012886563193806,9.870892509289758,2247.2320972568577
M15,high,141,401.0,6.610542707670569,6.424873892385398,2.5976798903564906,0.3028564009760106,10.035289101491013,2247.407391521197
M15,high,142,401.0,6.8489271295517895,6.567127108431164,2.5807598903625744,0.31442944335587963,10.428841086546525,2247.432306733167
M15,high,143,401.0,6.622630467882381,6.448540739682167,2.357256097087913,0.303437047332948,10.030366267277772,2247.383536159601
M15,high,144,401.0,6.724638754988813,6.58671958703776,2.4164287887846845,0.3086203977238836,10.127785307953632,2247.3359800498756
M15,high,145,401.0,6.642008502553786,6.725176059498583,2.500282320348644,0.3078801895156417,10.401142239362281,2247.395728179551
M15,high,146,401.0,6.851760968994269,6.7544673350301085,2.3307683851286627,0.317950612789321,10.75810028729711,2247.3487231920203
M15,high,147,401.0,7.0483416051863275,6.883003224224376,2.51450528110625,0.32934807541836114,12.406594444394422,2247.240725685786
M15,high,148,401.0,7.056950178012951,6.956536625240722,2.6477949428865424,0.32954331055382113,13.384919627922935,2247.2668778054863
M15,high,149,401.0,7.044938948817186,6.888578164302935,2.492906193975677,0.32685046245131294,11.87331699184793,2247.2839675810474
M15,high,150,401.0,6.8449591077539695,6.710063171625087,2.295260455384741,0.3190135279358197,11.430237137083568,2247.4659625935165
M15,high,151,401.0,6.961236965650813,6.918238402345733,2.4245111397019796,0.3228220687123903,11.159991733720647,2247.590269326683
M15,high,152,401.0,7.012589892907841,6.932287165836512,2.441489107861228,0.32558758572029556,11.365078846966213,2247.5538653366584
M15,high,153,401.0,7.025326184677392,6.899417757248005,2.393252839693128,0.32744343523177954,11.257991642464233,2247.457698254364
M15,high,154,401.0,7.00393219136605,6.907508440504692,2.3881508339684547,0.3249291764601175,11.04332996717102,2247.496932668329
M15,high,155,401.0,7.126217873116464,7.004769508225858,2.4500446102493894,0.3306238553457687,11.121954142086649,2247.640608478803
M15,high,156,401.0,7.006852326582977,6.850388011346669,2.342417714923263,0.32379166390489617,10.808453041540593,2247.701658354115
M15,high,157,401.0,7.054484740711233,6.822569680458868,2.4408981528695,0.3267121522959672,11.02073048312336,2247.823743142145
M15,high,158,401.0,6.828251137746263,6.710777274255042,2.4098331275476497,0.3176647313404892,10.62393023049461,2247.7445461346633
M15,high,159,401.0,6.865096503800005,6.815172177400089,2.5623218747096534,0.3187349824459332,10.764648882336644,2247.898132169576
M15,high,160,401.0,6.856452513769467,6.746099097001018,2.3525706552246946,0.31691456740710433,10.81087816495655,2247.908481296758
M15,high,161,401.0,7.16447129161356,7.0707559858938325,2.5592858584236367,0.3317609584771069,11.105231862015735,2247.940331670823
M15,high,162,401.0,7.009356522604236,6.8004732279396105,2.33117249623425,0.32528541692194546,10.755505824492474,2248.0082094763093
M15,high,163,401.0,7.127110504441868,6.883968109079368,2.363749354156625,0.32844230807730446,10.683891484311074,2248.067750623441
M15,high,164,401.0,7.236458765700435,7.0329209020487395,2.4276656925552325,0.3337389181525771,10.937026727312901,2248.119443890274
M15,high,165,401.0,7.290848873198028,7.070958305637455,2.46995347138638,0.3348540049580287,11.222423437378254,2248.2036608478807
M15,high,166,401.0,7.3276600328142925,7.07713705597775,2.477600105189271,0.3374667531869063,11.030859293719072,2248.2790473815458
M15,high,167,401.0,7.3087874996089415,7.067682668785933,2.5890086506116696,0.3386021464424123,11.107814027766612,2248.4678204488782
M15,high,168,401.0,7.360173306808254,7.032340552187584,2.4934604885767206,0.341169758259099,10.832193935576118,2248.674488778055
M15,high,169,401.0,7.469553043184372,7.107545593477057,2.487901678273518,0.34609214098202407,11.648971235218204,2248.651693266833
M15,high,170,401.0,7.819602894736532,7.275079918198925,2.6668477216100883,0.3616772335804329,13.106542412556276,2248.5726583541145
M15,high,171,401.0,7.891603642641769,7.412712774102652,2.5727249150118188,0.36506160270024707,12.793687180899957,2248.5096857855365
M15,high,172,401.0,7.619575588328062,7.225276783884084,2.735012684361445,0.3504528270345461,12.74937822888438,2248.5963640897758
M15,high,173,401.0,7.5178778610300965,7.014337028636858,2.4901399056816387,0.3447520415765264,12.079354488356635,2248.854399002494
M15,high,174,401.0,8.455526217158646,8.139232267918244,3.6127847762282497,0.3659933068561599,23.522024463235297,2248.8599551122193
M15,high,175,401.0,7.619969006962855,7.16900046730191,2.7489551360793523,0.35177056720727823,12.442941817148608,2249.0393092269323
M15,high,176,401.0,7.796877076457886,7.291587178728667,2.6290525397470224,0.35708927842722193,13.110384285448868,2249.1205286783043
M15,high,177,401.0,7.706252525401277,7.415238354100552,2.4415261164969366,0.3523891012578705,12.901456334442585,2249.0891047381547
M15,high,178,401.0,7.79280431219575,7.459074328595803,2.6078567401207358,0.3574785624321272,12.926403946039908,2249.173376558603
M15,high,179,401.0,7.8766660893744485,7.618484840224691,2.745049375620435,0.3546155224160631,14.116755681038976,2249.1399301745637
M15,high,180,401.0,7.728895271401314,7.380747944229846,2.5822137028175516,0.3514866310699546,12.607880015975462,2249.166448877805
M15,high,181,401.0,7.849388898881174,7.4182007000719565,2.6437465800860767,0.3561538883665242,12.548431722828091,2249.23363840399
M15,high,182,401.0,7.886206427559615,7.550067101586886,2.668836319771896,0.35760214199003515,12.359213756601001,2249.0943441396507
M15,high,183,401.0,7.798520031719393,7.501725873817801,2.758073759037827,0.35328513942697404,12.296895334905239,2249.0665137157107
M15,high,184,401.0,7.703240466970311,7.385110674384034,2.6340710790402175,0.3496627050375575,12.120139372877912,2248.8878827930175
M15,high,185,401.0,7.633021329666668,7.399335314609425,2.675382436848558,0.3467318714301995,11.956603034616608,2248.9184463840397
M15,high,186,401.0,7.627302502769182,7.393272841684179,2.584772940192858,0.34622203328325313,11.93447259440771,2249.007668329177
M15,high,187,401.0,7.517084839640218,7.3174386808299845,2.668206023140223,0.3420704887086458,11.878653079485735,2249.0782917705737
M15,high,188,401.0,7.683166445121616,7.380819814792766,2.581372837768254,0.34995497209990656,12.182675032069529,2249.053159600997
M15,high,189,401.0,7.613558721037496,7.462365560965912,2.6112977588184654,0.34805794763099046,11.995448981781024,2248.9996708229423
M15,high,190,401.0,7.720132595845138,7.532876740188873,2.595851733547916,0.35233718203043163,12.421059973019426,2248.9936733167083
M15,high,191,401.0,7.95704115511859,7.668250554831577,2.906388766870396,0.36538287821761506,13.226372340446822,2248.873029925187
M15,high,192,401.0,7.74614673169807,7.549436471414833,2.6889301867607296,0.3531272940422729,12.639598058697745,2248.892960099751
M15,high,193,401.0,7.698992359824876,7.601558454667753,2.5579844967296332,0.3510896612489767,12.67679335489261,2249.0179177057353
M15,high,194,401.0,7.589548393168645,7.497315980095337,2.6812173927400678,0.34513880338181896,12.603170825711565,2249.048783042394
M15,high,195,401.0,7.809551149590948,7.556003567413062,2.8163485816944336,0.3554905112216081,13.166819808860483,2248.986371571072
M15,high,196,401.0,7.749195159102009,7.679808361418398,2.8005310706893014,0.3534025031825763,13.88475653341349,2248.7591122194513
M15,high,197,401.0,7.828392604979222,7.549976609997401,2.8083500504037646,0.3569010925846812,13.500458041199794,2248.7321645885286
M15,high,198,401.0,7.677756277236195,7.578319830823798,2.701936271836882,0.3495677542274495,13.36754818362291,2248.679034912718
M15,high,199,401.0,7.826073064388965,7.708330333949249,2.7803074192547053,0.35506828770372334,13.387455834386394,2248.5546309226934
M15,high,200,401.0,8.033514827803852,7.891132316831508,2.646591561061587,0.3647730612082573,13.740502567746754,2248.452850374065
M15,low,1,401.0,2.064249522918866,1.6919587233745854,1.4100506662218113,0.09885316244335378,2.8054263463276263,2240.8940399002495
M15,low,2,401.0,2.216411282033333,2.0636178761063904,1.476388090542036,0.1053961655567676,3.150674344703705,2241.0274264339155
M15,low,3,401.0,2.6531744217481874,2.4636213787496377,1.5510526486553315,0.12489228949336756,4.091583056267577,2241.056059850374
M15,low,4,401.0,2.85344158317882,2.6636390047207814,1.5430489201704385,0.1354009164682902,4.594849316120144,2241.03953117207
M15,low,5,401.0,2.9744503673065394,2.7584714560072037,1.5603410116140846,0.14149799801370616,4.755161703895529,2241.0565610972567
M15,low,6,401.0,2.9830541959868166,2.8878160070550343,1.4067923913127556,0.14153982551358382,4.691364888409327,2241.1103915211975
M15,low,7,401.0,2.993346577456721,2.9663710447926497,1.3915579598131325,0.14044624906347983,4.570954468435307,2241.0372942643394
M15,low,8,401.0,3.1431958124373507,3.154754644306406,1.5501000899299513,0.14757333992129923,4.6547332998797675,2240.774596009975
M15,low,9,401.0,3.1650662721863076,3.1499025124109785,1.371903103145698,0.1490489539895837,4.559201373055421,2240.7510274314213
M15,low,10,401.0,3.1606555292414718,3.152721370817887,1.4217456346235127,0.14895706014323978,4.3919178471881635,2240.971837905237
M15,low,11,401.0,3.433444423585634,3.311710187640281,1.554572001690758,0.16279954726329196,4.885762630034831,2240.7553665835408
M15,low,12,401.0,3.3938463991710592,3.3217042778801256,1.6446454361114031,0.16002818763133345,4.7083637984513595,2240.5004239401496
M15,low,13,401.0,3.519907131240417,3.4395061174246364,1.5219131331803804,0.16609761399853862,4.863146879215626,2240.3995935162093
M15,low,14,401.0,3.608029390390957,3.5975122128559756,1.645164899822927,0.16964710405411226,5.276043148212259,2240.6145935162094
M15,low,15,401.0,3.619817838922743,3.6181011018231217,1.6532482165010514,0.17098683111787918,5.386228410975684,2240.773867830424
M15,low,16,401.0,3.7386970520600986,3.666833749929106,1.658194767321801,0.1754682246398836,5.3562993926433835,2240.8881296758104
M15,low,17,401.0,3.9587281711791205,3.8254471729930435,1.687000022557185,0.18620142118948585,5.846835553185872,2240.823112219451
M15,low,18,401.0,3.814952117254081,3.81930265267806,1.8183004062623258,0.17848585487668853,5.472287294018583,2240.8122842892767
M15,low,19,401.0,3.8608428862676942,3.8346197691274204,1.6576410824777408,0.1804145470767702,5.403738613317049,2240.752034912718
M15,low,20,401.0,3.9218693100453,3.9442937346458513,1.7019880443224928,0.1838183854313758,5.333650813768232,2240.777314214464
M15,low,21,401.0,3.993410578711429,3.832913391125288,1.8506640786212547,0.1867504254556864,5.759538753073936,2240.8472493765585
M15,low,22,401.0,4.204634621087144,4.053615658496981,1.665008679015026,0.1975351669900345,6.079310278826904,2241.016209476309
M15,low,23,401.0,4.296564086629704,4.168463348088664,1.7775043261412282,0.19992776420053823,6.8507760612122555,2241.0207107231918
M15,low,24,401.0,4.170545872792899,4.036879330436845,1.8643768067911508,0.193820305343214,6.001589847490074,2241.187685785536
M15,low,25,401.0,4.0803095849663045,3.9818381050532556,1.7485283407676186,0.18862383660753496,5.7082444752805435,2241.3775187032415
M15,low,26,401.0,4.015331379889187,3.9303690608390545,1.632384962989135,0.1867983129190134,5.673254289209041,2241.483463840399
M15,low,27,401.0,4.050294473517761,4.13777881762022,1.731292645796353,0.18902097063813583,5.642518068925729,2241.4830324189525
M15,low,28,401.0,4.3638330002846795,4.306669701111574,1.839655834560169,0.20280503140455455,6.730754323280719,2241.6432917705733
M15,low,29,401.0,4.247243385413014,4.147478135445206,1.7199347885382756,0.19701732922337273,6.196856827220209,2241.8076783042393
M15,low,30,401.0,4.309777228079395,4.257606177216841,1.7253079799829993,0.198548559588027,6.347046120966035,2241.7798703241897
M15,low,31,401.0,4.32079950083375,4.123221811808624,1.6792290173367885,0.20005883960539234,6.296879554810826,2241.798403990025
M15,low,32,401.0,4.303980863522358,4.275758458651292,1.823135618494555,0.19939886361817058,6.3487944258290305,2241.895835411471
M15,low,33,401.0,4.345421706674524,4.17100281947721,1.8286884993004286,0.20134167583913692,6.397954493852744,2241.9851970074815
M15,low,34,401.0,4.357059444627592,4.243797265838499,1.7909476005129783,0.2037651930167735,6.435216918647346,2242.1810224438905
M15,low,35,401.0,4.548687419938596,4.352181649729542,1.8402536355378103,0.21391554698959955,6.53981162501582,2242.106244389028
M15,low,36,401.0,4.469470153502167,4.373997639580972,1.7021341937666579,0.21036519973834408,6.399552565469156,2242.202366583541
M15,low,37,401.0,4.386840285838974,4.285478347430186,1.7225101117041064,0.20495803436337273,6.20243552931113,2242.2275735660846
M15,low,38,401.0,4.42637751856936,4.372414221056838,1.8183548083232124,0.20981280894197457,6.407141157244837,2242.300488778055
M15,low,39,401.0,4.543348575535349,4.492110363369863,1.7728339146296197,0.21313770714452662,6.728173042126672,2242.3060099750624
M15,low,40,401.0,4.66680638092288,4.549471285521643,1.8485386283279,0.2182825309344159,6.798265547661939,2242.3834339152118
M15,low,41,401.0,4.814513786804104,4.636484839695413,1.977233266467608,0.2258146473561009,7.015268258979559,2242.5118628428927
M15,low,42,401.0,4.537342351688581,4.35185853271013,1.8051418075400214,0.2125514763988312,6.705971876580971,2242.668349127182
M15,low,43,401.0,4.730489270541612,4.553809079829089,2.0080466520820237,0.2212830576416021,6.85933990750659,2242.8424064837905
M15,low,44,401.0,4.924513520384076,4.6688362944416655,1.9311697542943131,0.23064051191888407,7.032289658649357,2242.821588528678
M15,low,45,401.0,4.921559248409696,4.808803598412136,2.136718730456155,0.23012641327169805,7.096277266107862,2242.8778279301746
M15,low,46,401.0,4.850147616270207,4.774141613339789,1.931520419069228,0.22553358788544006,7.063832366113008,2243.044366583541
M15,low,47,401.0,4.89762246048146,4.795015365855812,1.854433060657449,0.2276674820778821,7.060662790819833,2243.128498753117
M15,low,48,401.0,4.822886901766486,4.717443122822267,1.947922573108772,0.2238672581272382,6.892022469678009,2243.1942019950125
M15,low,49,401.0,5.013798051944553,4.82597428595423,2.041350403097193,0.23388424597856222,7.426690996625797,2243.130613466334
M15,low,50,401.0,4.975816816235582,4.801381114834663,1.9273854484832948,0.23192715443718306,6.980288202906556,2243.260571072319
M15,low,51,401.0,4.683803839041321,4.571628994461388,1.9017803018374657,0.21792382328982113,6.7426703449863234,2243.2142867830426
M15,low,52,401.0,4.689512596212076,4.486041120061426,1.856632001313776,0.21781033753304446,6.716013185196567,2243.2058403990027
M15,low,53,401.0,4.821561725293672,4.584703112713517,1.9073734216105362,0.22398932946213548,6.895492373785075,2243.164583541147
M15,low,54,401.0,5.0226525380673746,4.851788098638567,2.0279878559657094,0.23274548213793556,7.128417840717718,2243.2766832917705
M15,low,55,401.0,4.6977573110921105,4.573251843006997,1.7931725355498245,0.2184193940046792,6.580137678719792,2243.2180000000003
M15,low,56,401.0,5.011574884455833,4.64898060514963,1.9988850373628098,0.23399521536286655,6.972917996658229,2243.2315211970076
M15,low,57,401.0,4.883066940022891,4.714501689653515,1.944216617759532,0.22613226747789317,6.872710891758527,2243.183356608479
M15,low,58,401.0,5.007720664067213,4.85832449538333,2.000592878608136,0.23197401987603297,7.028241500529491,2243.1877182044886
M15,low,59,401.0,4.991158020726825,4.787316792647038,2.007677293351709,0.2326193072669952,7.055241731948394,2243.2593890274316
M15,low,60,401.0,4.863691895169083,4.757912733008694,1.836542027633021,0.22563101573595765,6.94506693593689,2243.1656608478806
M15,low,61,401.0,5.059197199772724,4.846950326456397,1.972523359627567,0.23604182470462337,7.02805367243619,2243.252748129676
M15,low,62,401.0,4.870403203167765,4.748655463049334,1.9629508079093247,0.22601973344401824,6.814046080268389,2243.1398279301748
M15,low,63,401.0,4.806647201798869,4.684851260092471,1.9984285331770315,0.2236055459096975,6.8404223017716905,2243.0472319201995
M15,low,64,401.0,4.830225626964538,4.7475585899747355,1.9989861681388628,0.22485295576121328,6.759676266567406,2243.108912718204
M15,low,65,401.0,4.865466098637878,4.761957426767746,1.9623163516950854,0.22578355294871746,6.767928462789201,2243.2369850374066
M15,low,66,401.0,5.058653557165435,4.9245051955802825,2.1193704658179584,0.23401203690684058,7.1217849398501185,2243.2287730673315
M15,low,67,401.0,5.128069474625055,5.016511754938975,2.0100397139015174,0.23840064825641835,7.148778792826898,2243.2141670822944
M15,low,68,401.0,5.089342469377435,4.976960686541222,1.9074022627261447,0.23668997203596426,7.116610117879312,2243.31080798005
M15,low,69,401.0,4.974841836200559,4.876791761129427,2.0861134777765424,0.23062188916908397,6.883123820276739,2243.347127182045
M15,low,70,401.0,4.9541380668203905,4.865188385019748,2.020246197250051,0.23031399706810113,6.903636196614376,2243.383812967581
M15,low,71,401.0,5.085610787338863,4.986342860118406,1.9839139099004022,0.23621417359403515,7.086447904226568,2243.251102244389
M15,low,72,401.0,4.96777752220905,4.929613631005174,1.9039937168337069,0.23111412692153407,7.068326668673584,2243.341306733167
M15,low,73,401.0,4.962179842148195,4.842713328570362,1.9744079530054643,0.23006818198981221,7.033407484219882,2243.469765586035
M15,low,74,401.0,4.899119105567432,4.855850146590023,2.037734852245533,0.22634260395192415,6.906346505502959,2243.6559700748126
M15,low,75,401.0,4.744964635239248,4.741563619640983,1.924370516423341,0.22124643145726725,6.716862879442778,2243.7437206982545
M15,low,76,401.0,4.719158093668871,4.7451435708955545,2.0623833325409584,0.21843646034551875,6.6230002162293715,2243.7860822942644
M15,low,77,401.0,4.829806500228998,4.799834602333908,2.0041692075862123,0.22372529340915098,6.814858055820556,2243.633528678304
M15,low,78,401.0,4.972405124375494,4.919152953120727,2.0282276580085754,0.2318441739815011,7.06016957372106,2243.5446134663343
M15,low,79,401.0,4.973722290111236,4.971635635809634,2.1234905984273267,0.2326070389425507,7.0397978647050286,2243.5129077306733
M15,low,80,401.0,4.9583168566521225,4.890540380520288,2.157652074135458,0.2309829713985469,6.907132764671914,2243.39655361596
M15,low,81,401.0,5.063985738717278,5.031915485939739,2.0445458324668073,0.23537530845483814,7.088458721689118,2243.4974364089776
M15,low,82,401.0,4.911678481973253,4.962357935882085,2.1383214347436654,0.22714894683184905,6.899845332125974,2243.4757182044887
M15,low,83,401.0,5.037020284747346,5.030075842705838,2.152811964677152,0.23400136842779917,7.107703390950755,2243.555802992519
M15,low,84,401.0,5.074881731536068,5.091127184779186,2.052333765982525,0.23639102835130285,7.206101873332453,2243.700536159601
M15,low,85,401.0,5.244455578820585,5.33319536862924,1.976200565607723,0.24343588206103187,7.3910021578655,2243.865713216958
M15,low,86,401.0,5.03561398797308,5.167243901325102,1.9613417947700431,0.23314777741175993,7.048907561701069,2243.806795511222
M15,low,87,401.0,5.300101217886928,5.32473142467023,2.121893202329774,0.24558357601492478,7.597094166121347,2243.682940149626
M15,low,88,401.0,5.368013052233165,5.317094073167238,2.1818458791010165,0.24957936434087455,7.576342831322425,2243.8361122194515
M15,low,89,401.0,5.323732870136762,5.3670919622560955,2.0689512051792005,0.24813452701891214,7.601058723218532,2244.061643391521
M15,low,90,401.0,5.474337087198753,5.43925109398217,2.313741837110529,0.2527294547781046,8.034401843845988,2244.0782618453864
M15,low,91,401.0,5.556351203547375,5.483144169466621,2.300439738084614,0.25949314297393944,8.217729637784132,2244.123760598504
M15,low,92,401.0,5.634817116920979,5.418549894271719,2.1450160211313296,0.26162105527148605,8.24939592381876,2244.3091047381545
M15,low,93,401.0,5.663786314462325,5.531940603688981,2.3531669068668855,0.26328286679941837,8.347525076511932,2244.3031895261843
M15,low,94,401.0,5.686095991425298,5.503058462044963,2.1510426967187417,0.264931380160464,8.225580510481945,2244.1050897755613
M15,low,95,401.0,5.456600190605889,5.388608580703332,2.146031842848171,0.2537062604254987,7.896134012178958,2243.867788029925
M15,low,96,401.0,5.491252006511803,5.443346046960587,2.1668237740523995,0.2553967638344892,7.7919692082501575,2244.0736433915213
M15,low,97,401.0,5.691242886858954,5.588531921653751,2.1850378052733013,0.2649452366427986,8.046418822856303,2243.9759251870323
M15,low,98,401.0,5.5825564809838815,5.588005856785276,2.3173888403723755,0.261038071382627,7.935817525260364,2244.0017082294266
M15,low,99,401.0,5.511697150871736,5.551105639764284,2.1099084075053307,0.25720929009887067,7.676789970051077,2244.272182044888
M15,low,100,401.0,5.702555991024154,5.681920373136722,2.1615699146628273,0.2643086946343851,7.9366544458576325,2244.3424937655864
M15,low,101,401.0,5.834866993622875,5.694808013164061,2.1282148447949414,0.2707733529474126,8.106022728990368,2244.286867830424
M15,low,102,401.0,5.659104610698352,5.63233639297117,2.206395709499112,0.2617400707726101,8.120407309579223,2244.09540648379
M15,low,103,401.0,5.617477329939672,5.6349371156760295,2.0706920699578526,0.26053954065513657,7.850321462204134,2244.128855361596
M15,low,104,401.0,5.492258813704084,5.542042467598143,2.1224532396480544,0.2558132927618191,7.624705781546399,2244.2020623441394
M15,low,105,401.0,5.582429815027979,5.532636649881877,2.1605048908820206,0.2601300429969282,8.053384453577143,2244.3607780548627
M15,low,106,401.0,5.5612319332242794,5.608551688999932,2.133410318671994,0.25907385890935275,7.994460368255127,2244.3123291770576
M15,low,107,401.0,5.5010070123299,5.4625729982105025,2.2734745557068905,0.25625011200461645,7.660518667061332,2244.091992518703
M15,low,108,401.0,5.482919221420203,5.340400370910449,2.116773544600662,0.25445087723343,7.526378630707287,2243.936703241895
M15,low,109,401.0,5.685749569539022,5.706261941413879,2.4262115057121822,0.2627155971114852,7.962132531787126,2243.741401496259
M15,low,110,401.0,5.563442657851994,5.565542971252615,2.16350830811514,0.25841582442908295,7.732292758108602,2243.751309226933
M15,low,111,401.0,5.608448373198368,5.706779861378951,2.1729679743355166,0.2614238687555762,7.8984466574126975,2243.806216957606
M15,low,112,401.0,5.5930126466709,5.718204287547067,2.1830066948770948,0.26057388876009596,7.9885807563335804,2243.6066433915216
M15,low,113,401.0,5.8540053158385055,5.773595473784861,2.100677538209259,0.27218258051417776,8.285671919881525,2243.6104014962593
M15,low,114,401.0,5.8028763811465875,5.816192649857511,2.1244297009028155,0.2678828079083209,8.283678992246244,2243.5304613466337
M15,low,115,401.0,5.767824218109314,5.7770014303535815,2.291255542937553,0.2667277379320304,8.185894445440152,2243.6754613466337
M15,low,116,401.0,5.893371838816575,5.8441876894221805,2.217629306361038,0.27474526274009137,8.15662351014805,2243.4157157107234
M15,low,117,401.0,6.091863416966791,5.968565405451438,2.303105567565401,0.2830331722336022,8.442177103287959,2243.4726109725684
M15,low,118,401.0,5.965440587499206,5.929232839789908,2.101118166733502,0.2755258611402176,8.427225244625186,2243.4541072319203
M15,low,119,401.0,6.230329640138868,6.098807890086947,2.2049024309829743,0.28697133097012,8.899386368546683,2243.305758104738
M15,low,120,401.0,6.340864321938846,6.19803035340772,2.2145935993542456,0.2920544421164492,9.006457735949803,2243.2416458852867
M15,low,121,401.0,6.135194091909675,6.040491531618646,2.096976853489777,0.2807335400166894,9.005473666155993,2243.577199501247
M15,low,122,401.0,6.1894454028039165,6.016133370995475,2.206029802583752,0.28555353566666236,8.89798263747732,2243.643718204489
M15,low,123,401.0,6.004107360661896,6.039421461416247,2.189277176763252,0.27673323188222065,8.60120158302328,2243.5476558603496
M15,low,124,401.0,6.155842586961814,5.9507409651368075,2.318445082222673,0.28363332541130665,8.807327031786437,2243.5172493765585
M15,low,125,401.0,6.134627952054629,5.952674903826161,2.4070785021248997,0.2840071975065059,9.006503069977034,2243.611164588529
M15,low,126,401.0,6.167682188476723,5.964515502467901,2.3241496739009215,0.28589101275366635,8.980908869435575,2243.694309226933
M15,low,127,401.0,6.2575157012688445,5.994860971343564,2.3034180922260297,0.28873003434634464,9.236675047517792,2243.739007481297
M15,low,128,401.0,6.281345161047942,5.97987831878965,2.3073634696291503,0.28891201320391646,9.22893389222626,2243.860396508728
M15,low,129,401.0,6.186436085522954,6.011573697257054,2.3303000763097104,0.2846251201662783,9.015344842908442,2244.0982319201994
M15,low,130,401.0,6.20141869010884,6.043739522268425,2.335016303783624,0.28509407401752657,9.065395211455002,2244.162309226933
M15,low,131,401.0,6.380945444847796,6.178608312707006,2.3926882175223176,0.2937397329747643,9.72142745580069,2244.0937256857856
M15,low,132,401.0,6.496010705978917,6.329012854776661,2.458575517597191,0.29763424784774706,10.115969814921415,2244.1738229426433
M15,low,133,401.0,6.282923826538937,6.189149137065882,2.1093545117857357,0.2901824118566055,9.675388779379295,2244.3828154613466
M15,low,134,401.0,6.502723229789135,6.407693644730911,2.3428484423695517,0.3015832872319386,9.692615841139444,2244.3838927680795
M15,low,135,401.0,6.509714136064053,6.370202820786609,2.351370436691263,0.3020671915683417,9.615394293399232,2244.5187655860345
M15,low,136,401.0,6.428267333310273,6.224567934708395,2.3453233668773876,0.29594653151045014,9.478904408022485,2244.3035286783042
M15,low,137,401.0,6.304089359843215,6.16079383401256,2.145304678638053,0.2895406239521142,9.544872748912677,2244.2871122194515
M15,low,138,401.0,6.265108449034111,6.095480782501781,2.287121252560057,0.2874159883287748,9.823276599824228,2244.406369077307
M15,low,139,401.0,6.378544874566037,6.164824308633838,2.2932318417914086,0.29399602983587303,9.689960175210762,2244.2240523690775
M15,low,140,401.0,6.3665388483445,6.220037981294387,2.339060203964043,0.2953002362549593,9.548116243381054,2244.149960099751
M15,low,141,401.0,6.522876085024251,6.314990271706864,2.3259882080773444,0.30080009909580224,9.68738448264624,2244.1694189526183
M15,low,142,401.0,6.511698065335393,6.278179403356847,2.2341824561209673,0.29954850788881077,10.001004199342011,2244.413728179551
M15,low,143,401.0,6.344241426317719,6.245568927986877,2.3212614955618074,0.29247121744725646,9.612735573191024,2244.343778054863
M15,low,144,401.0,6.319027289569722,6.1819865679798385,2.3431396224924437,0.29180232888695523,9.454807590832656,2244.3161770573565
M15,low,145,401.0,6.50546044219557,6.553764414233612,2.3172818421593924,0.30272910234471173,9.589124919745592,2244.4008229426436
M15,low,146,401.0,6.47592128451739,6.404552499984863,2.2458394674091062,0.30194693863279615,9.971536741560376,2244.2567231920198
M15,low,147,401.0,6.409461273480551,6.392471640539697,2.3178332858970654,0.2990928771214588,10.395053911613676,2244.309820448878
M15,low,148,401.0,6.532324814036184,6.301414687043353,2.294017131821078,0.3042944130423628,10.931322610859192,2244.2054214463838
M15,low,149,401.0,6.579488713497179,6.481324795103064,2.19336972082121,0.3068991137926045,10.599602161059646,2244.3814638403987
M15,low,150,401.0,6.588544254271096,6.491142537977481,2.254055002071232,0.30660870240639587,10.40432192247073,2244.5712568578556
M15,low,151,401.0,6.576326458762806,6.457972199302469,2.182183315756619,0.30698386264389194,10.644579878704219,2244.7188254364087
M15,low,152,401.0,6.615787192191136,6.506135627418516,2.2497926794493477,0.3081270650769902,10.669097553072218,2244.549952618454
M15,low,153,401.0,6.580590382534776,6.459576360991207,2.1972827044466925,0.30616190812829513,10.741876565967779,2244.2622194513715
M15,low,154,401.0,6.7044488183960524,6.442328935313449,2.2738346911925627,0.31083329060109866,10.412465875642917,2244.466331670823
M15,low,155,401.0,6.77398519104647,6.407470350563157,2.3370429884226094,0.3148161971700185,10.519358065719198,2244.5475187032416
M15,low,156,401.0,6.691733057988947,6.436878345210313,2.32530130431717,0.3105889521304616,10.242017018338625,2244.715840399003
M15,low,157,401.0,6.695766528050044,6.588970109756275,2.2377146541722537,0.31119758338010295,10.156382660659936,2244.784109725686
M15,low,158,401.0,6.530618552477065,6.4991072745639356,2.2856369898869517,0.3026351637212153,9.808621259829513,2244.821174563591
M15,low,159,401.0,6.629213456067932,6.645601000300605,2.3908445382613657,0.31011315219251806,10.082643278382278,2244.736566084788
M15,low,160,401.0,6.621105526969968,6.647586166287147,2.1976828419595122,0.3083781000894573,10.113863492238835,2244.846376558603
M15,low,161,401.0,6.760552305686762,6.784756106291825,2.2663456695425617,0.3156696019449699,10.468331288590315,2244.9833890274313
M15,low,162,401.0,6.69247063950744,6.665002000514594,2.230364301717798,0.3114075882491013,10.338205996094738,2245.0707830423944
M15,low,163,401.0,6.982193597746467,6.866208766359469,2.3228085714842397,0.32310624757783163,10.552707127819353,2245.0705112219453
M15,low,164,401.0,7.171157863354936,7.0899311944842225,2.330486001522636,0.33321309758458423,10.952845354131048,2245.1501945137156
M15,low,165,401.0,7.0753848876399665,6.940506848767536,2.395482609757359,0.32757653513827395,11.128842528214246,2245.3550224438904
M15,low,166,401.0,6.905264767326576,6.848375259219441,2.2806279886856355,0.31932380736951843,10.998553747627213,2245.4810698254364
M15,low,167,401.0,7.150956739609505,7.015105700572669,2.1883003365909257,0.33139245660045247,10.920408254213411,2245.5299301745636
M15,low,168,401.0,6.954328518978597,6.876853458432175,2.3425122045402227,0.32313094217027083,10.42681052855865,2245.5771845386535
M15,low,169,401.0,7.005965643550512,7.000665874074567,2.2870415758256746,0.3241162049262512,10.928178500222291,2245.5944039900246
M15,low,170,401.0,7.32119813436056,7.202597006149838,2.455787183420101,0.34040123023793983,12.17903736069845,2245.5362543640895
M15,low,171,401.0,7.270414653611597,7.205265969179695,2.3665188040396434,0.3377285498264105,12.171493821323946,2245.618044887781
M15,low,172,401.0,7.199636545438535,7.120540610147182,2.3821628583334324,0.3329898044290891,11.7329436446204,2245.6536758104735
M15,low,173,401.0,7.145187602330229,7.084121705513775,2.3848683707777862,0.3303029231925913,11.286983411005204,2245.7788653366583
M15,low,174,401.0,7.0298703954560935,6.919083482494217,2.279862786272698,0.32451751145779983,11.09318089642024,2245.833179551122
M15,low,175,401.0,7.059393853433402,6.93382132960314,2.4653120026941746,0.32656394553310236,11.531247250852806,2246.0872992518703
M15,low,176,401.0,7.2454070617838315,7.184127271408318,2.4405977789362376,0.33641930135350845,11.617680213300083,2246.03574563591
M15,low,177,401.0,7.2084017403234695,7.249978438705192,2.358568356703331,0.333425763893985,11.4130461448834,2246.134902743142
M15,low,178,401.0,7.339517410975334,7.237119283228493,2.38532258539809,0.33704069360900957,11.35297181085497,2246.2754638403985
M15,low,179,401.0,7.168469704881127,7.156768299772658,2.312096813960692,0.32839007686216126,11.54824415797095,2246.1786408977555
M15,low,180,401.0,7.197062382323971,7.07746552242717,2.2960172744025265,0.3283350316783393,11.283625993143367,2246.2070274314215
M15,low,181,401.0,7.276911074960119,7.136119628704421,2.305460816980754,0.3310037385338082,11.209634479898533,2246.210199501247
M15,low,182,401.0,7.366333633442901,7.264206299368819,2.340113452142569,0.33569578669180045,11.339191123574713,2246.107331670823
M15,low,183,401.0,7.2429003166597345,7.200440246820776,2.3051018112814377,0.3308582590792191,11.009288532479472,2246.0262319201993
M15,low,184,401.0,7.42574378172457,7.288183973735117,2.5508799410326017,0.33790216378325694,11.200049435377943,2245.8680249376557
M15,low,185,401.0,7.332291785601498,7.2685846342371185,2.3614584285838625,0.33413987632786984,11.160538305032574,2245.8995810473816
M15,low,186,401.0,7.270935511119898,7.297263511915902,2.5144528487558113,0.3316995240579408,11.06083192963441,2246.0104039900248
M15,low,187,401.0,7.309500561134344,7.260360229445252,2.424278912706987,0.3340689490963285,11.13653563520574,2246.004344139651
M15,low,188,401.0,7.478956462706087,7.4531539038697385,2.5209796226374532,0.3404382728661429,11.52400508940571,2245.7324463840396
M15,low,189,401.0,7.257101757276541,7.285268888257809,2.484530702973254,0.33199029359056464,11.268683294494181,2245.9022618453864
M15,low,190,401.0,7.3928999619091025,7.295825593726268,2.4046947182585816,0.33783156523780783,11.376023083977481,2245.980034912718
M15,low,191,401.0,7.413394928184291,7.381236415046242,2.342857833080334,0.33982300506046315,11.44168706307816,2245.8252842892766
M15,low,192,401.0,7.392095037878025,7.395969496439639,2.317071669462415,0.3380831666856693,11.624296902295821,2245.8553591022446
M15,low,193,401.0,7.385689876620741,7.320084686550689,2.3862214561321964,0.3376308190913333,11.876583596537712,2245.9448279301746
M15,low,194,401.0,7.377684805527007,7.434180329024482,2.3139842651227585,0.3375480000114388,11.92038406287329,2246.0309152119703
M15,low,195,401.0,7.268660299396293,7.187715236435436,2.269428167867027,0.3314315588849287,11.651751703142432,2245.890720698255
M15,low,196,401.0,7.497209749696012,7.4774136578410975,2.488778994429172,0.3438538259307372,12.157717705967213,2245.7674837905233
M15,low,197,401.0,7.404359085213219,7.333568891665878,2.3266155652109206,0.33904287341998957,12.153037480559789,2245.7569501246885
M15,low,198,401.0,7.527759165278443,7.458848688583321,2.4509977770914997,0.34365184189774567,12.232745384393871,2245.6608279301745
M15,low,199,401.0,7.525254826218904,7.467911937072163,2.437292186342887,0.3427769146389689,12.433899283972039,2245.3969925187034
M15,low,200,401.0,7.660083471277307,7.546808014741626,2.3527884804958368,0.3489663569284116,12.675526072715538,2245.478019950125
M15,open,1,401.0,1.6881786138030481,1.6300510421768521,0.08162988697064687,0.07958496995561673,2.4158011562192763,2242.508284289277
M15,open,2,401.0,2.019084006659273,1.9427224550365882,0.11584110108436248,0.09565854082731692,2.8090294657037878,2242.582957605985
M15,open,3,401.0,2.349363736317122,2.356428489874338,0.10272220954973697,0.1114533643393597,3.2615218730917914,2242.61491521197
M15,open,4,401.0,2.6092702979524156,2.641273519629529,0.10826746276384733,0.12280919070344008,4.027540967671059,2242.596907730673
M15,open,5,401.0,2.784197027469059,2.763652698718771,0.10565794024719899,0.13099492902636775,4.429010202173364,2242.608366583541
M15,open,6,401.0,2.8165058673507213,2.708062077372649,0.10628180105992303,0.13370297691095567,4.288258899230019,2242.5580822942643
M15,open,7,401.0,3.0507908217518,2.99911069133946,0.1016594800262396,0.14441073660407533,4.639526644678864,2242.549304239402
M15,open,8,401.0,2.8466095594588965,2.905169226235889,0.12525383526114714,0.13422672809802624,4.3068952303236205,2242.579895261845
M15,open,9,401.0,3.1797477541588477,3.2080916378174993,0.16092470030307515,0.15026582437083952,4.570716827700314,2242.266354114713
M15,open,10,401.0,3.149999329840716,3.162225298144273,0.12038276942163585,0.14789648395435287,4.49838125827523,2242.3993566084787
M15,open,11,401.0,3.2358218855836536,3.0969354044165116,0.10094143689735731,0.1522324971056036,4.454778641533715,2242.3748403990026
M15,open,12,401.0,3.3162433108317826,3.263696632427024,0.1119601894202604,0.15595334800898117,4.597398991662337,2242.272663341646
M15,open,13,401.0,3.3577550249923767,3.2751311944550454,0.12672730029521403,0.15790868543653788,4.643302528410991,2242.053703241895
M15,open,14,401.0,3.488352524958617,3.505890037449365,0.12203939941822196,0.16463706224863628,5.0392236343327115,2242.010167082294
M15,open,15,401.0,3.5404038384469407,3.514907129648874,0.12348426684665516,0.16509305356878726,5.074936071110761,2242.250326683292
M15,open,16,401.0,3.5526806327291065,3.507669385843732,0.11212270836945276,0.1670674041378328,5.171637861852285,2242.3169002493764
M15,open,17,401.0,3.558139817140525,3.5425235537757316,0.13531950271489304,0.16578161206808778,5.085437735327431,2242.2969102244388
M15,open,18,401.0,3.6697533514098595,3.5841596331738423,0.13371293737989498,0.17185599899108567,5.170310444020741,2242.314356608479
M15,open,19,401.0,3.66603033376124,3.5702585834008462,0.13232589804418754,0.17121509854332576,5.156374146013514,2242.388526184539
M15,open,20,401.0,3.754592060573573,3.802678417853166,0.1286225194249628,0.17451199742373463,5.210367491330093,2242.3459102244387
M15,open,21,401.0,3.866201072364646,3.741743800180915,0.14138128697095398,0.18084861611464864,5.508761315799563,2242.290663341646
M15,open,22,401.0,3.835046713635595,3.821817536272485,0.14644870894330847,0.17903818626810825,5.394281310983114,2242.455394014963
M15,open,23,401.0,3.993404055403971,4.013050471499663,0.1417509237691464,0.18728432014028432,6.599416672650682,2242.5382917705733
M15,open,24,401.0,4.045558843860086,4.010143969368301,0.1613894866185702,0.18941403180389965,6.480868087782204,2242.5390374064837
M15,open,25,401.0,3.842422953241892,3.7790408812197502,0.1260481982212259,0.1785050139406817,5.492632478193429,2242.722650872818
M15,open,26,401.0,3.973208757263707,3.958309172701602,0.13542442960877274,0.1834489188507679,5.558967530983619,2242.8517132169577
M15,open,27,401.0,3.8854266677374203,4.042797607699261,0.1308779425272505,0.18020655330416885,5.509524697370334,2242.844476309227
M15,open,28,401.0,4.113488488082596,4.155314434720075,0.177386977350284,0.1903573894095712,6.200477235433279,2243.0659700748133
M15,open,29,401.0,4.113072653503621,4.108934802212032,0.13635806965839833,0.1889158485367672,6.245937710409743,2243.1073840399004
M15,open,30,401.0,4.028788956041475,4.051433188888879,0.13818800680096535,0.18531001454762344,5.813988135368832,2243.2407830423936
M15,open,31,401.0,4.117450370441148,4.088525064503968,0.14259442652941087,0.18957959218723508,5.933165433570531,2243.1772219451373
M15,open,32,401.0,4.1790028254239235,4.249588281318287,0.15437448034133655,0.19302261434677154,6.131615257026134,2243.2700199501246
M15,open,33,401.0,4.187297016676247,4.269814521420409,0.17912130416497735,0.19279732544213052,6.174909803811615,2243.3838054862845
M15,open,34,401.0,4.195264110462328,4.252374758049869,0.18646200286774334,0.19335314155449448,6.091591963616269,2243.4609600997505
M15,open,35,401.0,4.234791970147817,4.230603332462735,0.17976681372729014,0.19730042282495694,6.252812979214762,2243.647758104738
M15,open,36,401.0,4.391919145924988,4.4071798574029115,0.18301755991592303,0.2052124013355205,6.4811202933345005,2243.597643391521
M15,open,37,401.0,4.2074714198696235,4.261293834449178,0.18416003985667634,0.19554085858057674,6.086654636922917,2243.85102244389
M15,open,38,401.0,4.265216547010402,4.263559854413179,0.232369749858273,0.1989791960581148,6.2376688206798585,2243.7638054862846
M15,open,39,401.0,4.284911884270207,4.3362125446338995,0.18226052772234752,0.19953652284331438,6.303678275219308,2243.843403990025
M15,open,40,401.0,4.308635292793537,4.362417303999113,0.21634048129373157,0.2006233346286781,6.620971774851051,2243.941566084788
M15,open,41,401.0,4.469021359076612,4.411787795182741,0.1994327880453933,0.20648266362486206,6.605764690156672,2243.973753117207
M15,open,42,401.0,4.436895158213531,4.525515701169385,0.2161800154395392,0.20481327353998358,6.505448294718741,2244.0446783042394
M15,open,43,401.0,4.534278749890475,4.583873770199095,0.20586890250852127,0.21066216022177772,6.612349682604946,2244.2036408977556
M15,open,44,401.0,4.588734961054029,4.619396384809108,0.2254004951701528,0.21237779380021732,6.529182046251325,2244.2620498753117
M15,open,45,401.0,4.628512495138227,4.653475153829011,0.19941880155303643,0.21336544754876108,6.6363716834846995,2244.2651745635912
M15,open,46,401.0,4.5352316708280505,4.544729486604051,0.21339231907944695,0.20959804678818214,6.49558527936628,2244.3529800498754
M15,open,47,401.0,4.654786263543935,4.655429725545494,0.21953086067729122,0.21512607440770598,6.689206797277417,2244.4429725685786
M15,open,48,401.0,4.57434211501363,4.606739550442882,0.22315168101648253,0.21004649333135136,6.648120881168883,2244.6133391521194
M15,open,49,401.0,4.541281111873677,4.5752244019725214,0.23846292158082508,0.21073470364082322,6.578844706697108,2244.6321645885287
M15,open,50,401.0,4.705336182077916,4.658767998007406,0.22398347404649646,0.21795802689356528,6.667854397440749,2244.646995012469
M15,open,51,401.0,4.529660068488017,4.462389620833317,0.2311161863203966,0.20998134059742984,6.441730860264076,2244.7464413965085
M15,open,52,401.0,4.561694568794756,4.580267136340419,0.23231151156961458,0.21228956495338175,6.527800044885125,2244.638396508728
M15,open,53,401.0,4.53303439473389,4.4237383921074285,0.22997208784499493,0.20886009329407584,6.517304669977874,2244.676970074813
M15,open,54,401.0,4.66054515656707,4.643014675306056,0.2407577067165544,0.21560693328787928,6.558831122938687,2244.6405985037404
M15,open,55,401.0,4.684662725364809,4.672067806987654,0.2303441293158472,0.21619399470544703,6.668589990443328,2244.7013167082296
M15,open,56,401.0,4.605287106468327,4.5075686150307215,0.2337525234772024,0.21304728316537563,6.437804243437614,2244.696079800499
M15,open,57,401.0,4.677409998056381,4.6760541362930335,0.24389434291230686,0.21612595190509643,6.4957709477462195,2244.6857456359103
M15,open,58,401.0,4.712936718256685,4.721694770895682,0.2423238916625283,0.21680589851405035,6.515417383939897,2244.6781421446385
M15,open,59,401.0,4.81073791206275,4.735353238879887,0.24262615674396762,0.2220994589778773,6.692459608539641,2244.713920199501
M15,open,60,401.0,4.703594077704328,4.687415564732686,0.22617658943002703,0.21671606905382676,6.787473313690549,2244.6791122194513
M15,open,61,401.0,4.822344864384923,4.714879035534034,0.23677284106084198,0.22275840794100493,6.824623659793342,2244.733351620947
M15,open,62,401.0,4.775008852368566,4.760486813922139,0.24812373785589942,0.22134064688855856,6.6785863702354975,2244.595940149626
M15,open,63,401.0,4.7026379138063295,4.619518832202336,0.24230982851078234,0.21779647405949076,6.581712661619314,2244.6302493765584
M15,open,64,401.0,4.729816705190524,4.6940327666052335,0.2293848816141082,0.21955758101511672,6.532871212056157,2244.531433915212
M15,open,65,401.0,4.725147098848205,4.7046036111595395,0.2507857165356896,0.21869375281464246,6.497553183296351,2244.7253840399003
M15,open,66,401.0,4.739594447287791,4.748814066041996,0.24289283741443812,0.22034843551782682,6.6240533768405125,2244.7295660847876
M15,open,67,401.0,4.908160774281872,4.810917353110322,0.2681774582895003,0.22695671558397085,6.863473368390909,2244.659501246883
M15,open,68,401.0,4.981354717519607,4.953093932246399,0.2488174201145383,0.23177170058861907,6.8860265720551315,2244.696244389027
M15,open,69,401.0,4.880252375425498,4.891982237377628,0.23488120136767576,0.2257058902832534,6.762262895981496,2244.832493765586
M15,open,70,401.0,4.76720002581512,4.847685635569984,0.2395972627686894,0.22105899104098398,6.63114052998563,2244.833967581047
M15,open,71,401.0,4.8283167422468445,4.828195224677743,0.25587593882627324,0.22429483831859512,6.628179116670762,2244.890381546135
M15,open,72,401.0,4.8752070366977085,4.819475952065735,0.25367038665189073,0.22684755198243028,6.895465381732221,2244.7838528678303
M15,open,73,401.0,4.798086678085255,4.781728981784918,0.23794602042379384,0.2220543031348202,6.805020189054771,2244.880573566085
M15,open,74,401.0,4.731790941214077,4.741615664806701,0.24643956418995197,0.21882226979255812,6.73767091798401,2244.9954389027434
M15,open,75,401.0,4.749319709644623,4.654430183879719,0.2804802398334595,0.2194376661666591,6.851059056369262,2245.268319201995
M15,open,76,401.0,4.55682889814566,4.529622840331017,0.2636122879312443,0.21089750104497618,6.428305299717922,2245.3719002493767
M15,open,77,401.0,4.6883344566219165,4.706784259058195,0.26394399612248415,0.21654187370899802,6.5430617620911296,2245.277386533666
M15,open,78,401.0,4.73143085304437,4.753743075299389,0.26486616816750846,0.21998165017969679,6.826913736817753,2245.114775561097
M15,open,79,401.0,4.7978741595657795,4.766638878433666,0.26138213420712614,0.22328210374910093,6.76792845362847,2245.137957605985
M15,open,80,401.0,4.684779699316796,4.636982106828869,0.27846268607334845,0.21812078849608504,6.662105755901962,2245.076174563591
M15,open,81,401.0,4.949163596747498,4.892323454316444,0.2701640029499079,0.22902455734459481,6.938068184065443,2245.079341645885
M15,open,82,401.0,4.897649015046576,4.9320768729502005,0.2768002968446557,0.22589350750093015,6.8169108192696495,2245.0516832917706
M15,open,83,401.0,4.808298253112454,4.819039457203097,0.3105660633044134,0.22190523621865513,6.861634905604532,2245.1941047381542
M15,open,84,401.0,4.830415084255411,4.8529162382366815,0.2650030434825865,0.22424037085427923,6.824105394450587,2245.108718204489
M15,open,85,401.0,5.138606193986471,5.075731790523537,0.26768775076657775,0.23860873377682998,7.256963003835087,2245.380825436409
M15,open,86,401.0,4.914108893288168,4.954441608489523,0.2603150120904658,0.22656520047833326,7.0318631902889095,2245.437513715711
M15,open,87,401.0,5.129553449127884,5.155974622413962,0.2873922177342992,0.23630018285151605,7.167116689830087,2245.290890274314
M15,open,88,401.0,5.237529857434716,5.136512573397124,0.27351211604951503,0.2433348316936856,7.524068991368955,2245.251379052369
M15,open,89,401.0,5.243837318513619,5.2178999114380655,0.2709383130834929,0.24349692384864002,7.5435433073760185,2245.5290074812965
M15,open,90,401.0,5.197138358314349,5.208290848241448,0.26951639826655505,0.23969573362021832,7.427641368456401,2245.591117206983
M15,open,91,401.0,5.3668338349829074,5.37530319156938,0.36107011855074406,0.24871050687738713,7.976100652914261,2245.656778054863
M15,open,92,401.0,5.581026524988056,5.422534786408648,0.2849238508256887,0.2572146379298107,7.991703702604225,2245.6880872817956
M15,open,93,401.0,5.328103012837537,5.289540288023381,0.2758919779538068,0.24450349249418873,7.926588527937111,2245.8033990024937
M15,open,94,401.0,5.5545327764490215,5.444583929400622,0.2786229815968628,0.2573543007736207,8.154776986687367,2245.667837905237
M15,open,95,401.0,5.456225272263811,5.341784729207387,0.3124232870380715,0.25071802969320306,7.884852141506865,2245.495783042394
M15,open,96,401.0,5.429268730497374,5.447255638402857,0.3312078606510564,0.2490600315877151,7.927955520506855,2245.391665835411
M15,open,97,401.0,5.448805835848039,5.370899639844116,0.2964413909130616,0.24975007232366503,7.968400601370648,2245.6115436408977
M15,open,98,401.0,5.465300626496312,5.318213306538543,0.29852382481105977,0.2512610860449439,7.6780405931573545,2245.579990024938
M15,open,99,401.0,5.39823857240295,5.4050602808878585,0.2892045859833154,0.24950769505534232,7.753270723556573,2245.6212493765584
M15,open,100,401.0,5.3673067707106785,5.303044893820847,0.30869628572804064,0.24675821826264452,7.6783781561143165,2245.8847605985034
M15,open,101,401.0,5.630308998824442,5.555097362058103,0.3081401591685079,0.2591699726572653,7.973341988967073,2245.832112219451
M15,open,102,401.0,5.704455323585538,5.641306352325223,0.2906690823690026,0.26196845889662856,8.18732524592539,2245.7644039900247
M15,open,103,401.0,5.697866280816117,5.630012424647724,0.29081714082183807,0.26181403573908896,8.03586144270743,2245.775905236908
M15,open,104,401.0,5.610480979465661,5.778676276070468,0.30256078082050664,0.25808930608629216,7.790538316242745,2245.774159600998
M15,open,105,401.0,5.630719146755365,5.565131797187929,0.3027313125366279,0.2595015213717651,8.05267396423635,2245.924952618454
M15,open,106,401.0,5.582452386372927,5.5891266050851,0.3098690170573087,0.2550984353084894,8.290414341797662,2245.9384164588528
M15,open,107,401.0,5.474880535626971,5.487649164000544,0.2905215839562934,0.2513793222627705,7.926710485105451,2245.8848778054867
M15,open,108,401.0,5.456642792382126,5.35573234073626,0.29877709885452025,0.25123553991566494,7.672401284837443,2245.6106109725683
M15,open,109,401.0,5.400217393228751,5.388497590513814,0.306057860318819,0.24634793839035715,7.659068146052082,2245.362386533666
M15,open,110,401.0,5.475071782810361,5.4791032261327635,0.29608386336385445,0.2527429137120678,7.985552033564022,2245.3433541147133
M15,open,111,401.0,5.593245079583303,5.5252734027692325,0.3401567245362003,0.2566528685291148,8.120871942140377,2245.3308977556107
M15,open,112,401.0,5.678737365494832,5.693254964665969,0.3015801661780843,0.2609045897489822,8.396194496282058,2245.339538653366
M15,open,113,401.0,5.868100942684908,5.749211208753368,0.307368374604231,0.26884221678607434,8.374523247447872,2245.1299750623443
M15,open,114,401.0,5.901001706680471,5.776552232652194,0.29209414280427537,0.2707303662402455,8.476529849190657,2245.060042394015
M15,open,115,401.0,5.868004074913648,5.833800587704319,0.36497227600381776,0.26876495139260675,8.62189108357541,2245.060556109726
M15,open,116,401.0,5.879445658536211,5.742793735889862,0.41141068200337155,0.26912959329824987,8.539612610803424,2245.1674339152123
M15,open,117,401.0,5.993275318456301,5.970824223387551,0.2983724911918621,0.27673747906006324,8.575178867940572,2244.9683466334163
M15,open,118,401.0,5.974427891742691,5.832480121561215,0.30525886989281126,0.27336941010460886,8.562731436209381,2245.018167082294
M15,open,119,401.0,6.086845286817362,5.941587839617487,0.3168280240572171,0.27944010490808974,8.98434372441281,2244.9927930174563
M15,open,120,401.0,6.142295358601324,6.042557528678905,0.311109310739251,0.28275008250408595,8.938285730354878,2244.842538653367
M15,open,121,401.0,6.19041126513451,6.140633988404367,0.31233083407422874,0.2840460777200223,9.543593821434998,2244.924546134663
M15,open,122,401.0,6.178330540389063,6.0778909002076595,0.32793654574143966,0.28245215996693884,9.131507807556916,2245.2780773067334
M15,open,123,401.0,5.963053893440034,5.975126866497121,0.31955229215116915,0.27302497969239264,9.05470147934627,2245.110134663342
M15,open,124,401.0,6.0472819706881475,5.992854176061531,0.3197989376008155,0.27879191119298646,8.970968270321242,2244.9890423940146
M15,open,125,401.0,6.095372250788387,6.106302967298505,0.3028133364637562,0.28137751602526717,9.171425753303744,2245.110471321696
M15,open,126,401.0,5.987100730820359,5.966992780869742,0.311699119507939,0.2754465134606017,8.84011852252078,2245.179089775561
M15,open,127,401.0,6.07723856118396,6.013612389259779,0.29255738524784136,0.2785358482266543,8.958492353286482,2245.205536159601
M15,open,128,401.0,6.0162033562378054,5.893982910690641,0.3039743670840528,0.27572098183146776,9.019073482793042,2245.343162094763
M15,open,129,401.0,6.077766198588783,5.999892687517463,0.30462958026252146,0.27813360203990306,9.083121272587823,2245.498054862843
M15,open,130,401.0,6.0397632044978335,6.109141377545564,0.2934567128038815,0.2766771146514986,8.87752838495588,2245.7095137157107
M15,open,131,401.0,6.167874554066596,6.14086593357765,0.310108727481829,0.283987872049752,9.481486103882947,2245.7421720698253
M15,open,132,401.0,6.220975429500205,6.16909013493673,0.2946934095054548,0.28526698334164924,9.534930630814731,2245.702645885287
M15,open,133,401.0,6.1782371544124945,6.248382824870904,0.29094054369685884,0.28405771639252747,9.706756762038685,2245.7723142144637
M15,open,134,401.0,6.217791670537945,6.278029250932074,0.321350089936747,0.2870761604474779,9.738591453913601,2245.9345635910227
M15,open,135,401.0,6.279047682891152,6.243232635609067,0.2933677728921222,0.2898181408106746,9.48257834865727,2245.977049875312
M15,open,136,401.0,6.258361826872756,6.265233709926589,0.2872913317526167,0.2889857458272555,9.410827535162365,2245.9162019950127
M15,open,137,401.0,6.18206359944142,6.158076800994381,0.28047812579057835,0.2840601760214502,9.304432528418278,2245.813513715711
M15,open,138,401.0,6.170947433609243,6.185287551283719,0.2968364748903877,0.28302731813231746,9.465368440798823,2245.8159152119697
M15,open,139,401.0,6.124912204103217,6.102284647279989,0.3083625515962427,0.2807953592295602,9.25003851863314,2245.7852144638405
M15,open,140,401.0,6.195441919410281,6.212760234275683,0.2734977493203257,0.2866396910167479,9.391190020755936,2245.7262319201996
M15,open,141,401.0,6.213116083059077,6.114979511036726,0.28993915979121077,0.28645636949959613,9.20304907813373,2245.696092269327
M15,open,142,401.0,6.3965787754137216,6.309091353211817,0.2858987933882083,0.2952635940293173,9.497432510959948,2245.9213341645886
M15,open,143,401.0,6.290982185291484,6.170175703320541,0.287843728899319,0.28852633612835765,9.378216664606452,2246.011880299252
M15,open,144,401.0,6.317103260073874,6.229648432378434,0.28035444702311024,0.2913600909981899,9.25039901012555,2245.804837905237
M15,open,145,401.0,6.220300570446916,6.399600066073674,0.288081480718085,0.28573554795505557,9.299479009524397,2245.988187032419
M15,open,146,401.0,6.5077814205242275,6.47962698120602,0.28584568379084346,0.3026492045004902,10.486062172030545,2245.8358902743144
M15,open,147,401.0,6.542886147871624,6.489175797427256,0.32782533649127804,0.3051411108542777,10.859334241355688,2245.7601296758107
M15,open,148,401.0,6.4689766400465585,6.349485896224062,0.27415561312040565,0.3013171528461002,10.920565083873413,2245.822865336658
M15,open,149,401.0,6.4765069907334025,6.511430805015356,0.2777214435765101,0.301272855884649,10.99476082221482,2245.69587032419
M15,open,150,401.0,6.593146781398077,6.5678424007696945,0.2816322517406988,0.3074277006104158,10.596730735132807,2245.9945311720694
M15,open,151,401.0,6.5017577073118975,6.520985861417493,0.2566122693805882,0.3031552226056874,10.509566496594333,2246.183157107232
M15,open,152,401.0,6.537684080216034,6.4772371491662675,0.2884347724201192,0.3043847398382404,10.615651222069538,2246.182528678304
M15,open,153,401.0,6.519350070197455,6.525091798675928,0.29210362963575204,0.3033985015633229,10.471603458469941,2245.9866384039897
M15,open,154,401.0,6.702532115841981,6.620486854141433,0.3230898251857046,0.31125571793599066,10.6947896684636,2245.985538653367
M15,open,155,401.0,6.670142064043741,6.519631333913588,0.3024659603298803,0.30936329000379525,10.40810185629087,2245.940970074813
M15,open,156,401.0,6.590146010784088,6.5720842099910435,0.2824876883086088,0.30464224539191165,10.454362165004254,2246.2563117206982
M15,open,157,401.0,6.610060163437927,6.474925788482661,0.28552454062832,0.30470473468582004,10.297938057111601,2246.294845386534
M15,open,158,401.0,6.490072905221602,6.386881498655652,0.3113220926272936,0.3002798949070697,9.925485344834257,2246.2883790523692
M15,open,159,401.0,6.434871339887694,6.409712561915734,0.37344006939888447,0.29886223212512986,10.09372831843726,2246.353097256858
M15,open,160,401.0,6.416320374749851,6.391540899618026,0.30861827839717043,0.2987008440645087,10.117120538321235,2246.3623316708226
M15,open,161,401.0,6.532076482067469,6.555385116585216,0.2911344952818499,0.30330079052623155,10.358074454738722,2246.365311720698
M15,open,162,401.0,6.665819271605439,6.642953808419749,0.32772753818236217,0.30892202893440707,10.402271721533468,2246.5891346633416
M15,open,163,401.0,6.72622873210077,6.659841415207216,0.3436887961921279,0.31110327686382017,10.425139885017352,2246.5187705735657
M15,open,164,401.0,6.716529036608761,6.6135461543018685,0.3052985528522448,0.3100638570355456,10.248331026695277,2246.629957605985
M15,open,165,401.0,6.785692179527465,6.785226230436231,0.2912747921517742,0.31191108637956216,10.638696636309085,2246.734683291771
M15,open,166,401.0,6.784354363890601,6.861711917338178,0.29458661142102743,0.313322616045345,10.913882959538707,2246.8306733167083
M15,open,167,401.0,6.856537349362752,6.866976442726565,0.3211686899973139,0.31632708490111694,10.632601562653536,2246.9952119700747
M15,open,168,401.0,6.85637185453701,6.865701292888064,0.3040186256474757,0.31659555560988445,10.527994734047436,2247.0845735660846
M15,open,169,401.0,6.779281031100236,6.8467055284162885,0.30397564626109147,0.31327251656186034,10.71222517122086,2247.210266832918
M15,open,170,401.0,7.054747754691954,7.028126791526242,0.30177250247911197,0.326965948423594,11.34062206088626,2247.0263566084786
M15,open,171,401.0,7.120749786242898,7.10638060950197,0.285141486621437,0.3305119863854186,11.921011640683599,2247.0985735660847
M15,open,172,401.0,7.050700360862938,7.055303991709991,0.2900616841103077,0.32522846656901155,11.537961813566628,2247.049319201995
M15,open,173,401.0,6.945654200001888,6.972647399259279,0.2896109380774425,0.3198786420648548,11.064670878710624,2247.309688279302
M15,open,174,401.0,6.88893881824225,6.882432818308271,0.2981570232131833,0.3169068056856418,10.823681347698614,2247.3803690773066
M15,open,175,401.0,7.085716056188139,6.977658417993047,0.29897198118441226,0.3251480965575114,11.219685093578583,2247.4321396508726
M15,open,176,401.0,7.023146784385902,6.954528567341346,0.2974428389622388,0.323522988680357,11.315154278130745,2247.6723117206984
M15,open,177,401.0,7.249732358997843,7.279923772433928,0.29858338446182303,0.33444841095762784,12.557237061728715,2247.5753241895263
M15,open,178,401.0,7.268503973074663,7.251574199065953,0.3100476245302931,0.3348390819814458,11.996257731418684,2247.754256857855
M15,open,179,401.0,7.215191919878233,7.229168697407114,0.27191680507147786,0.3310713535262735,11.38429103005177,2247.7413965087285
M15,open,180,401.0,7.135084487971503,7.129018332865474,0.28068753288848,0.32372061926821877,11.657586583314806,2247.704825436409
M15,open,181,401.0,7.128094460845293,7.04348776771678,0.2969912967772249,0.3252113648566936,10.930212263285215,2247.7658179551117
M15,open,182,401.0,7.2677156720078155,7.286070731392162,0.30359248442159026,0.3298421270290359,11.340225615571955,2247.711518703242
M15,open,183,401.0,7.207971372254496,7.219306321001749,0.3156183849952001,0.3278327376073835,10.843984384131529,2247.6043915211967
M15,open,184,401.0,7.271564941324159,7.2326813253137425,0.31065208859601573,0.33147564820718417,10.984772979985793,2247.509476309227
M15,open,185,401.0,7.086366829871371,7.059291155753537,0.314918685761215,0.32317413642443665,10.667095408190114,2247.35525436409
M15,open,186,401.0,7.208048715604487,7.182957071525826,0.30481997915564407,0.32832517544278994,10.821085005862795,2247.472164588529
M15,open,187,401.0,7.051528974759484,7.106444894440707,0.3016375481458137,0.32126548894719953,10.862290239373653,2247.5909900249376
M15,open,188,401.0,7.290129803235181,7.254104653276826,0.4159693449650123,0.33086069072181645,11.09522278294146,2247.3740573566083
M15,open,189,401.0,7.181522430588102,7.222451777176851,0.2982957880025415,0.3287445860799554,10.848661942038971,2247.4308753117207
M15,open,190,401.0,7.145583010823219,7.071741942966635,0.3142309413940841,0.32463054534171665,10.870336382905883,2247.482174563591
M15,open,191,401.0,7.189854598970016,7.166412288854718,0.3040426572768846,0.3285016576519853,11.075655677073296,2247.4623416458853
M15,open,192,401.0,7.32753886178934,7.347206942459666,0.31820778460399723,0.3354950797597557,11.451972675857151,2247.2656184538655
M15,open,193,401.0,7.336095890124469,7.361921077740105,0.31552024068980444,0.3351003312616839,11.628035147117897,2247.5144488778055
M15,open,194,401.0,7.206262611939272,7.28575027419202,0.3059941839770129,0.32957640015201906,11.659643489154199,2247.582630922693
M15,open,195,401.0,7.244360606082528,7.212105451139263,0.3111237388872106,0.3297936581032274,11.55032682162783,2247.541643391521
M15,open,196,401.0,7.188758781037655,7.167291840066009,0.29169728893686947,0.3283141687057601,11.820575961101442,2247.35091521197
M15,open,197,401.0,7.345481184788707,7.323969863590343,0.30170240328258974,0.3373079527770288,12.319280860038997,2247.354029925187
M15,open,198,401.0,7.195240088100256,7.179258248841466,0.306970681941157,0.3288742317916917,11.69240845128324,2247.2487456359104
M15,open,199,401.0,7.27126494827466,7.302822841571097,0.300577748544547,0.33087387457191636,11.916509125940076,2247.1070523690773
M15,open,200,401.0,7.474771193046087,7.500183870297201,0.29937003509202237,0.34052279980052547,12.44420882078938,2246.9081970074812
