time,macro_vol
2017-01-01 00:00:00+00:00,0.5279
2017-01-02 00:00:00+00:00,0.4202
2017-01-03 00:00:00+00:00,0.5742
2017-01-04 00:00:00+00:00,0.6842
2017-01-05 00:00:00+00:00,0.743
2017-01-06 00:00:00+00:00,0.5992
2017-01-07 00:00:00+00:00,0.3672
2017-01-08 00:00:00+00:00,0.3482
2017-01-09 00:00:00+00:00,0.6096
2017-01-10 00:00:00+00:00,0.6277
2017-01-11 00:00:00+00:00,0.4912
2017-01-12 00:00:00+00:00,0.5525
2017-01-13 00:00:00+00:00,0.6159
2017-01-14 00:00:00+00:00,0.2815
2017-01-15 00:00:00+00:00,0.2796
2017-01-16 00:00:00+00:00,0.4996
2017-01-17 00:00:00+00:00,0.5627
2017-01-18 00:00:00+00:00,0.6465
2017-01-19 00:00:00+00:00,0.6976
2017-01-20 00:00:00+00:00,0.6835
2017-01-21 00:00:00+00:00,0.3221
2017-01-22 00:00:00+00:00,0.284
2017-01-23 00:00:00+00:00,0.4432
2017-01-24 00:00:00+00:00,0.3998
2017-01-25 00:00:00+00:00,0.4954
2017-01-26 00:00:00+00:00,0.4916
2017-01-27 00:00:00+00:00,0.5423
2017-01-28 00:00:00+00:00,0.279
2017-01-29 00:00:00+00:00,0.3076
2017-01-30 00:00:00+00:00,0.5476
2017-01-31 00:00:00+00:00,0.7589
2017-02-01 00:00:00+00:00,0.8063
2017-02-02 00:00:00+00:00,0.7021
2017-02-03 00:00:00+00:00,0.6451
2017-02-04 00:00:00+00:00,0.3119
2017-02-05 00:00:00+00:00,0.3184
2017-02-06 00:00:00+00:00,0.5267
2017-02-07 00:00:00+00:00,0.628
2017-02-08 00:00:00+00:00,0.48
2017-02-09 00:00:00+00:00,0.5344
2017-02-10 00:00:00+00:00,0.5338
2017-02-11 00:00:00+00:00,0.3261
2017-02-12 00:00:00+00:00,0.3116
2017-02-13 00:00:00+00:00,0.51
2017-02-14 00:00:00+00:00,0.8583
2017-02-15 00:00:00+00:00,0.7473
2017-02-16 00:00:00+00:00,0.6602
2017-02-17 00:00:00+00:00,0.5227
2017-02-18 00:00:00+00:00,0.2931
2017-02-19 00:00:00+00:00,0.3156
2017-02-20 00:00:00+00:00,0.5559
2017-02-21 00:00:00+00:00,0.5901
2017-02-22 00:00:00+00:00,0.6573
2017-02-23 00:00:00+00:00,0.578
2017-02-24 00:00:00+00:00,0.4677
2017-02-25 00:00:00+00:00,0.2892
2017-02-26 00:00:00+00:00,0.2789
2017-02-27 00:00:00+00:00,0.4223
2017-02-28 00:00:00+00:00,0.5487
2017-03-01 00:00:00+00:00,0.7083
2017-03-02 00:00:00+00:00,0.7091
2017-03-03 00:00:00+00:00,0.8079
2017-03-04 00:00:00+00:00,0.3454
2017-03-05 00:00:00+00:00,0.3303
2017-03-06 00:00:00+00:00,0.547
2017-03-07 00:00:00+00:00,0.5634
2017-03-08 00:00:00+00:00,0.6255
2017-03-09 00:00:00+00:00,0.6531
2017-03-10 00:00:00+00:00,0.7843
2017-03-11 00:00:00+00:00,0.3707
2017-03-12 00:00:00+00:00,0.3106
2017-03-13 00:00:00+00:00,0.6451
2017-03-14 00:00:00+00:00,0.7357
2017-03-15 00:00:00+00:00,0.9893
2017-03-16 00:00:00+00:00,1.0412
2017-03-17 00:00:00+00:00,0.6649
2017-03-18 00:00:00+00:00,0.3873
2017-03-19 00:00:00+00:00,0.3467
2017-03-20 00:00:00+00:00,0.5848
2017-03-21 00:00:00+00:00,0.6078
2017-03-22 00:00:00+00:00,0.5537
2017-03-23 00:00:00+00:00,0.5708
2017-03-24 00:00:00+00:00,0.5231
2017-03-25 00:00:00+00:00,0.2776
2017-03-26 00:00:00+00:00,0.314
2017-03-27 00:00:00+00:00,0.4973
2017-03-28 00:00:00+00:00,0.4468
2017-03-29 00:00:00+00:00,0.4754
2017-03-30 00:00:00+00:00,0.5829
2017-03-31 00:00:00+00:00,0.6561
2017-04-01 00:00:00+00:00,0.3335
2017-04-02 00:00:00+00:00,0.2764
2017-04-03 00:00:00+00:00,0.4884
2017-04-04 00:00:00+00:00,0.512
2017-04-05 00:00:00+00:00,0.526
2017-04-06 00:00:00+00:00,0.7044
2017-04-07 00:00:00+00:00,0.5146
2017-04-08 00:00:00+00:00,0.2903
2017-04-09 00:00:00+00:00,0.267
2017-04-10 00:00:00+00:00,0.4445
2017-04-11 00:00:00+00:00,0.4819
2017-04-12 00:00:00+00:00,0.5849
2017-04-13 00:00:00+00:00,0.7513
2017-04-14 00:00:00+00:00,0.4806
2017-04-15 00:00:00+00:00,0.281
2017-04-16 00:00:00+00:00,0.2101
2017-04-17 00:00:00+00:00,0.4687
2017-04-18 00:00:00+00:00,0.4708
2017-04-19 00:00:00+00:00,0.5087
2017-04-20 00:00:00+00:00,0.6855
2017-04-21 00:00:00+00:00,0.7148
2017-04-22 00:00:00+00:00,0.4293
2017-04-23 00:00:00+00:00,0.2825
2017-04-24 00:00:00+00:00,0.3459
2017-04-25 00:00:00+00:00,0.4811
2017-04-26 00:00:00+00:00,0.4255
2017-04-27 00:00:00+00:00,0.6046
2017-04-28 00:00:00+00:00,0.643
2017-04-29 00:00:00+00:00,0.2554
2017-04-30 00:00:00+00:00,0.3871
2017-05-01 00:00:00+00:00,0.7009
2017-05-02 00:00:00+00:00,0.6468
2017-05-03 00:00:00+00:00,0.7267
2017-05-04 00:00:00+00:00,0.6533
2017-05-05 00:00:00+00:00,0.6309
2017-05-06 00:00:00+00:00,0.3671
2017-05-07 00:00:00+00:00,0.327
2017-05-08 00:00:00+00:00,0.4927
2017-05-09 00:00:00+00:00,0.5023
2017-05-10 00:00:00+00:00,0.6373
2017-05-11 00:00:00+00:00,0.7169
2017-05-12 00:00:00+00:00,0.5826
2017-05-13 00:00:00+00:00,0.3808
2017-05-14 00:00:00+00:00,0.2851
2017-05-15 00:00:00+00:00,0.4637
2017-05-16 00:00:00+00:00,0.6577
2017-05-17 00:00:00+00:00,0.593
2017-05-18 00:00:00+00:00,0.5924
2017-05-19 00:00:00+00:00,0.4245
2017-05-20 00:00:00+00:00,0.3029
2017-05-21 00:00:00+00:00,0.3179
2017-05-22 00:00:00+00:00,0.4034
2017-05-23 00:00:00+00:00,0.5152
2017-05-24 00:00:00+00:00,0.6278
2017-05-25 00:00:00+00:00,0.5854
2017-05-26 00:00:00+00:00,0.5623
2017-05-27 00:00:00+00:00,0.2125
2017-05-28 00:00:00+00:00,0.1958
2017-05-29 00:00:00+00:00,0.3919
2017-05-30 00:00:00+00:00,0.547
2017-05-31 00:00:00+00:00,0.5602
2017-06-01 00:00:00+00:00,0.5132
2017-06-02 00:00:00+00:00,0.587
2017-06-03 00:00:00+00:00,0.3023
2017-06-04 00:00:00+00:00,0.2725
2017-06-05 00:00:00+00:00,0.5156
2017-06-06 00:00:00+00:00,0.4664
2017-06-07 00:00:00+00:00,0.5776
2017-06-08 00:00:00+00:00,0.6817
2017-06-09 00:00:00+00:00,0.4997
2017-06-10 00:00:00+00:00,0.2168
2017-06-11 00:00:00+00:00,0.2448
2017-06-12 00:00:00+00:00,0.5183
2017-06-13 00:00:00+00:00,0.6637
2017-06-14 00:00:00+00:00,0.8336
2017-06-15 00:00:00+00:00,0.8873
2017-06-16 00:00:00+00:00,0.6144
2017-06-17 00:00:00+00:00,0.2744
2017-06-18 00:00:00+00:00,0.2466
2017-06-19 00:00:00+00:00,0.5129
2017-06-20 00:00:00+00:00,0.5967
2017-06-21 00:00:00+00:00,0.4745
2017-06-22 00:00:00+00:00,0.5807
2017-06-23 00:00:00+00:00,0.6207
2017-06-24 00:00:00+00:00,0.2844
2017-06-25 00:00:00+00:00,0.3628
2017-06-26 00:00:00+00:00,0.5654
2017-06-27 00:00:00+00:00,0.7207
2017-06-28 00:00:00+00:00,0.7987
2017-06-29 00:00:00+00:00,0.9985
2017-06-30 00:00:00+00:00,0.8452
2017-07-01 00:00:00+00:00,0.3309
2017-07-02 00:00:00+00:00,0.3275
2017-07-03 00:00:00+00:00,0.525
2017-07-04 00:00:00+00:00,0.5227
2017-07-05 00:00:00+00:00,0.5903
2017-07-06 00:00:00+00:00,0.5892
2017-07-07 00:00:00+00:00,0.6982
2017-07-08 00:00:00+00:00,0.4479
2017-07-09 00:00:00+00:00,0.404
2017-07-10 00:00:00+00:00,0.641
2017-07-11 00:00:00+00:00,0.6424
2017-07-12 00:00:00+00:00,0.8743
2017-07-13 00:00:00+00:00,0.7801
2017-07-14 00:00:00+00:00,0.774
2017-07-15 00:00:00+00:00,0.3883
2017-07-16 00:00:00+00:00,0.419
2017-07-17 00:00:00+00:00,0.756
2017-07-18 00:00:00+00:00,0.8339
2017-07-19 00:00:00+00:00,0.5068
2017-07-20 00:00:00+00:00,0.6361
2017-07-21 00:00:00+00:00,0.5241
2017-07-22 00:00:00+00:00,0.2784
2017-07-23 00:00:00+00:00,0.3519
2017-07-24 00:00:00+00:00,0.5787
2017-07-25 00:00:00+00:00,0.5883
2017-07-26 00:00:00+00:00,0.7192
2017-07-27 00:00:00+00:00,0.6423
2017-07-28 00:00:00+00:00,0.6003
2017-07-29 00:00:00+00:00,0.3757
2017-07-30 00:00:00+00:00,0.4671
2017-07-31 00:00:00+00:00,0.6504
2017-08-01 00:00:00+00:00,0.7177
2017-08-02 00:00:00+00:00,0.6972
2017-08-03 00:00:00+00:00,0.8265
2017-08-04 00:00:00+00:00,0.6587
2017-08-05 00:00:00+00:00,0.4317
2017-08-06 00:00:00+00:00,0.3027
2017-08-07 00:00:00+00:00,0.5706
2017-08-08 00:00:00+00:00,0.5232
2017-08-09 00:00:00+00:00,0.5455
2017-08-10 00:00:00+00:00,0.5804
2017-08-11 00:00:00+00:00,0.6249
2017-08-12 00:00:00+00:00,0.3046
2017-08-13 00:00:00+00:00,0.3317
2017-08-14 00:00:00+00:00,0.6591
2017-08-15 00:00:00+00:00,0.6841
2017-08-16 00:00:00+00:00,0.6801
2017-08-17 00:00:00+00:00,0.7008
2017-08-18 00:00:00+00:00,0.5304
2017-08-19 00:00:00+00:00,0.2122
2017-08-20 00:00:00+00:00,0.2114
2017-08-21 00:00:00+00:00,0.4927
2017-08-22 00:00:00+00:00,0.4825
2017-08-23 00:00:00+00:00,0.4737
2017-08-24 00:00:00+00:00,1.2768
2017-08-25 00:00:00+00:00,0.7314
2017-08-26 00:00:00+00:00,0.465
2017-08-27 00:00:00+00:00,0.3392
2017-08-28 00:00:00+00:00,0.6704
2017-08-29 00:00:00+00:00,0.4179
2017-08-30 00:00:00+00:00,0.4637
2017-08-31 00:00:00+00:00,0.557
2017-09-01 00:00:00+00:00,0.6479
2017-09-02 00:00:00+00:00,0.3202
2017-09-03 00:00:00+00:00,0.3177
2017-09-04 00:00:00+00:00,0.4374
2017-09-05 00:00:00+00:00,0.4712
2017-09-06 00:00:00+00:00,0.65
2017-09-07 00:00:00+00:00,0.666
2017-09-08 00:00:00+00:00,0.5787
2017-09-09 00:00:00+00:00,0.2672
2017-09-10 00:00:00+00:00,0.2945
2017-09-11 00:00:00+00:00,0.4564
2017-09-12 00:00:00+00:00,0.6852
2017-09-13 00:00:00+00:00,0.5788
2017-09-14 00:00:00+00:00,0.6831
2017-09-15 00:00:00+00:00,0.5869
2017-09-16 00:00:00+00:00,0.2641
2017-09-17 00:00:00+00:00,0.3081
2017-09-18 00:00:00+00:00,0.59
2017-09-19 00:00:00+00:00,0.6278
2017-09-20 00:00:00+00:00,0.8553
2017-09-21 00:00:00+00:00,0.7955
2017-09-22 00:00:00+00:00,0.533
2017-09-23 00:00:00+00:00,0.2598
2017-09-24 00:00:00+00:00,0.2887
2017-09-25 00:00:00+00:00,0.4841
2017-09-26 00:00:00+00:00,0.5488
2017-09-27 00:00:00+00:00,0.5878
2017-09-28 00:00:00+00:00,0.5543
2017-09-29 00:00:00+00:00,0.6336
2017-09-30 00:00:00+00:00,0.3385
2017-10-01 00:00:00+00:00,0.4131
2017-10-02 00:00:00+00:00,0.5253
2017-10-03 00:00:00+00:00,0.5134
2017-10-04 00:00:00+00:00,0.6248
2017-10-05 00:00:00+00:00,0.5818
2017-10-06 00:00:00+00:00,0.6402
2017-10-07 00:00:00+00:00,0.286
2017-10-08 00:00:00+00:00,0.2537
2017-10-09 00:00:00+00:00,0.4737
2017-10-10 00:00:00+00:00,0.4787
2017-10-11 00:00:00+00:00,0.5755
2017-10-12 00:00:00+00:00,0.5709
2017-10-13 00:00:00+00:00,0.7016
2017-10-14 00:00:00+00:00,0.3893
2017-10-15 00:00:00+00:00,0.5656
2017-10-16 00:00:00+00:00,0.6193
2017-10-17 00:00:00+00:00,0.7568
2017-10-18 00:00:00+00:00,0.5917
2017-10-19 00:00:00+00:00,0.4847
2017-10-20 00:00:00+00:00,0.5399
2017-10-21 00:00:00+00:00,0.3594
2017-10-22 00:00:00+00:00,0.4646
2017-10-23 00:00:00+00:00,0.5339
2017-10-24 00:00:00+00:00,0.4919
2017-10-25 00:00:00+00:00,0.6486
2017-10-26 00:00:00+00:00,0.642
2017-10-27 00:00:00+00:00,0.6456
2017-10-28 00:00:00+00:00,0.301
2017-10-29 00:00:00+00:00,0.2411
2017-10-30 00:00:00+00:00,0.6939
2017-10-31 00:00:00+00:00,0.7058
2017-11-01 00:00:00+00:00,0.7327
2017-11-02 00:00:00+00:00,1.0396
2017-11-03 00:00:00+00:00,0.9481
2017-11-04 00:00:00+00:00,0.3233
2017-11-05 00:00:00+00:00,0.3419
2017-11-06 00:00:00+00:00,0.6138
2017-11-07 00:00:00+00:00,0.557
2017-11-08 00:00:00+00:00,0.4817
2017-11-09 00:00:00+00:00,0.51
2017-11-10 00:00:00+00:00,0.4059
2017-11-11 00:00:00+00:00,0.1897
2017-11-12 00:00:00+00:00,0.2407
2017-11-13 00:00:00+00:00,0.5213
2017-11-14 00:00:00+00:00,0.6608
2017-11-15 00:00:00+00:00,0.7016
2017-11-16 00:00:00+00:00,0.7764
2017-11-17 00:00:00+00:00,0.5205
2017-11-18 00:00:00+00:00,0.3086
2017-11-19 00:00:00+00:00,0.3243
2017-11-20 00:00:00+00:00,0.6404
2017-11-21 00:00:00+00:00,0.6294
2017-11-22 00:00:00+00:00,0.7205
2017-11-23 00:00:00+00:00,0.613
2017-11-24 00:00:00+00:00,0.3812
2017-11-25 00:00:00+00:00,0.2491
2017-11-26 00:00:00+00:00,0.3229
2017-11-27 00:00:00+00:00,0.5349
2017-11-28 00:00:00+00:00,0.6513
2017-11-29 00:00:00+00:00,0.6678
2017-11-30 00:00:00+00:00,0.6524
2017-12-03 00:00:00+00:00,0.3263
2017-12-04 00:00:00+00:00,0.5768
2017-12-05 00:00:00+00:00,0.5878
2017-12-06 00:00:00+00:00,0.5621
2017-12-07 00:00:00+00:00,0.5541
2017-12-08 00:00:00+00:00,0.5375
2017-12-09 00:00:00+00:00,0.3257
2017-12-10 00:00:00+00:00,0.3228
2017-12-11 00:00:00+00:00,0.6387
2017-12-12 00:00:00+00:00,0.739
2017-12-13 00:00:00+00:00,0.9119
2017-12-14 00:00:00+00:00,1.1041
2017-12-15 00:00:00+00:00,0.5818
2017-12-16 00:00:00+00:00,0.3569
2017-12-17 00:00:00+00:00,0.4509
2017-12-18 00:00:00+00:00,0.4801
2017-12-19 00:00:00+00:00,0.5303
2017-12-20 00:00:00+00:00,0.5231
2017-12-21 00:00:00+00:00,0.6528
2017-12-22 00:00:00+00:00,0.4554
2017-12-23 00:00:00+00:00,0.2696
2017-12-24 00:00:00+00:00,0.2734
2017-12-25 00:00:00+00:00,0.3282
2017-12-26 00:00:00+00:00,0.4332
2017-12-27 00:00:00+00:00,0.4176
2017-12-28 00:00:00+00:00,0.5087
2017-12-29 00:00:00+00:00,0.5843
2017-12-30 00:00:00+00:00,0.5473
2017-12-31 00:00:00+00:00,0.6911
2018-01-01 00:00:00+00:00,0.6424
2018-01-02 00:00:00+00:00,1.1157
2018-01-03 00:00:00+00:00,0.6626
2018-01-04 00:00:00+00:00,0.629
2018-01-05 00:00:00+00:00,0.6956
2018-01-06 00:00:00+00:00,0.4554
2018-01-07 00:00:00+00:00,0.3818
2018-01-08 00:00:00+00:00,0.5927
2018-01-09 00:00:00+00:00,0.6298
2018-01-10 00:00:00+00:00,0.6064
2018-01-11 00:00:00+00:00,0.5355
2018-01-12 00:00:00+00:00,0.5965
2018-01-13 00:00:00+00:00,0.3132
2018-01-14 00:00:00+00:00,0.3082
2018-01-15 00:00:00+00:00,0.4439
2018-01-16 00:00:00+00:00,0.522
2018-01-17 00:00:00+00:00,0.5494
2018-01-18 00:00:00+00:00,0.5122
2018-01-19 00:00:00+00:00,0.4548
2018-01-20 00:00:00+00:00,0.2248
2018-01-21 00:00:00+00:00,0.3044
2018-01-22 00:00:00+00:00,0.3888
2018-01-23 00:00:00+00:00,0.5254
2018-01-24 00:00:00+00:00,0.5602
2018-01-25 00:00:00+00:00,0.6531
2018-01-26 00:00:00+00:00,0.4881
2018-01-27 00:00:00+00:00,0.3284
2018-01-28 00:00:00+00:00,0.3032
2018-01-29 00:00:00+00:00,0.4965
2018-01-30 00:00:00+00:00,0.7212
2018-01-31 00:00:00+00:00,0.659
2018-02-01 00:00:00+00:00,0.6709
2018-02-02 00:00:00+00:00,0.7905
2018-02-03 00:00:00+00:00,0.6112
2018-02-04 00:00:00+00:00,0.4464
2018-02-05 00:00:00+00:00,1.0108
2018-02-06 00:00:00+00:00,1.4066
2018-02-07 00:00:00+00:00,0.8883
2018-02-08 00:00:00+00:00,0.8791
2018-02-09 00:00:00+00:00,0.9599
2018-02-10 00:00:00+00:00,0.4801
2018-02-11 00:00:00+00:00,0.3911
2018-02-12 00:00:00+00:00,0.8146
2018-02-13 00:00:00+00:00,0.6577
2018-02-14 00:00:00+00:00,0.8638
2018-02-15 00:00:00+00:00,0.8172
2018-02-16 00:00:00+00:00,0.6022
2018-02-17 00:00:00+00:00,0.3493
2018-02-18 00:00:00+00:00,0.4312
2018-02-19 00:00:00+00:00,0.5512
2018-02-20 00:00:00+00:00,0.5883
2018-02-21 00:00:00+00:00,0.7292
2018-02-22 00:00:00+00:00,0.7417
2018-02-23 00:00:00+00:00,0.6278
2018-02-24 00:00:00+00:00,0.3546
2018-02-25 00:00:00+00:00,0.3136
2018-02-26 00:00:00+00:00,0.6936
2018-02-27 00:00:00+00:00,0.6899
2018-02-28 00:00:00+00:00,0.7855
2018-03-01 00:00:00+00:00,0.7482
2018-03-02 00:00:00+00:00,0.6067
2018-03-03 00:00:00+00:00,0.3045
2018-03-04 00:00:00+00:00,0.3278
2018-03-05 00:00:00+00:00,0.5367
2018-03-06 00:00:00+00:00,0.457
2018-03-07 00:00:00+00:00,0.5408
2018-03-08 00:00:00+00:00,0.589
2018-03-09 00:00:00+00:00,0.7737
2018-03-10 00:00:00+00:00,0.3108
2018-03-11 00:00:00+00:00,0.3668
2018-03-12 00:00:00+00:00,0.5362
2018-03-13 00:00:00+00:00,0.6729
2018-03-14 00:00:00+00:00,0.668
2018-03-15 00:00:00+00:00,0.5436
2018-03-16 00:00:00+00:00,0.498
2018-03-17 00:00:00+00:00,0.2685
2018-03-18 00:00:00+00:00,0.2837
2018-03-19 00:00:00+00:00,0.7615
2018-03-20 00:00:00+00:00,0.6799
2018-03-21 00:00:00+00:00,0.763
2018-03-22 00:00:00+00:00,0.8371
2018-03-23 00:00:00+00:00,0.5484
2018-03-24 00:00:00+00:00,0.2873
2018-03-25 00:00:00+00:00,0.3807
2018-03-26 00:00:00+00:00,0.4597
2018-03-27 00:00:00+00:00,0.406
2018-03-28 00:00:00+00:00,0.4115
2018-03-29 00:00:00+00:00,0.5129
2018-03-30 00:00:00+00:00,0.2801
2018-03-31 00:00:00+00:00,0.3213
2018-04-01 00:00:00+00:00,0.3574
2018-04-02 00:00:00+00:00,0.4693
2018-04-03 00:00:00+00:00,0.4442
2018-04-04 00:00:00+00:00,0.4213
2018-04-05 00:00:00+00:00,0.4914
2018-04-06 00:00:00+00:00,0.5875
2018-04-07 00:00:00+00:00,0.3658
2018-04-08 00:00:00+00:00,0.3465
2018-04-09 00:00:00+00:00,0.5382
2018-04-10 00:00:00+00:00,0.4709
2018-04-11 00:00:00+00:00,0.6115
2018-04-12 00:00:00+00:00,0.5488
2018-04-13 00:00:00+00:00,0.5636
2018-04-14 00:00:00+00:00,0.1997
2018-04-15 00:00:00+00:00,0.3153
2018-04-16 00:00:00+00:00,0.524
2018-04-17 00:00:00+00:00,0.5226
2018-04-18 00:00:00+00:00,0.6147
2018-04-19 00:00:00+00:00,0.5211
2018-04-20 00:00:00+00:00,0.6918
2018-04-21 00:00:00+00:00,0.3491
2018-04-22 00:00:00+00:00,0.3364
2018-04-23 00:00:00+00:00,0.6479
2018-04-24 00:00:00+00:00,0.5744
2018-04-25 00:00:00+00:00,0.4879
2018-04-26 00:00:00+00:00,0.5184
2018-04-27 00:00:00+00:00,0.5339
2018-04-28 00:00:00+00:00,0.2236
2018-04-29 00:00:00+00:00,0.424
2018-04-30 00:00:00+00:00,0.6349
2018-05-01 00:00:00+00:00,0.7897
2018-05-02 00:00:00+00:00,0.7156
2018-05-03 00:00:00+00:00,0.6814
2018-05-04 00:00:00+00:00,0.6657
2018-05-05 00:00:00+00:00,0.3704
2018-05-06 00:00:00+00:00,0.3862
2018-05-07 00:00:00+00:00,0.5607
2018-05-08 00:00:00+00:00,0.557
2018-05-09 00:00:00+00:00,0.5103
2018-05-10 00:00:00+00:00,0.6638
2018-05-11 00:00:00+00:00,0.562
2018-05-12 00:00:00+00:00,0.2782
2018-05-13 00:00:00+00:00,0.252
2018-05-14 00:00:00+00:00,0.458
2018-05-15 00:00:00+00:00,0.5618
2018-05-16 00:00:00+00:00,0.6344
2018-05-17 00:00:00+00:00,0.6173
2018-05-18 00:00:00+00:00,0.5075
2018-05-19 00:00:00+00:00,0.2472
2018-05-20 00:00:00+00:00,0.3663
2018-05-21 00:00:00+00:00,0.5034
2018-05-22 00:00:00+00:00,0.4987
2018-05-23 00:00:00+00:00,0.6441
2018-05-24 00:00:00+00:00,0.5365
2018-05-25 00:00:00+00:00,0.4562
2018-05-26 00:00:00+00:00,0.2366
2018-05-27 00:00:00+00:00,0.2169
2018-05-28 00:00:00+00:00,0.3046
2018-05-29 00:00:00+00:00,0.3793
2018-05-30 00:00:00+00:00,0.591
2018-05-31 00:00:00+00:00,0.6311
2018-06-01 00:00:00+00:00,0.6937
2018-06-02 00:00:00+00:00,0.4666
2018-06-03 00:00:00+00:00,0.2547
2018-06-04 00:00:00+00:00,0.4691
2018-06-05 00:00:00+00:00,0.484
2018-06-06 00:00:00+00:00,0.528
2018-06-07 00:00:00+00:00,0.5069
2018-06-08 00:00:00+00:00,0.5676
2018-06-09 00:00:00+00:00,0.2489
2018-06-10 00:00:00+00:00,0.403
2018-06-11 00:00:00+00:00,0.5793
2018-06-12 00:00:00+00:00,0.6419
2018-06-13 00:00:00+00:00,0.7913
2018-06-14 00:00:00+00:00,0.8886
2018-06-15 00:00:00+00:00,0.7561
2018-06-16 00:00:00+00:00,0.3482
2018-06-17 00:00:00+00:00,0.3021
2018-06-18 00:00:00+00:00,0.506
2018-06-19 00:00:00+00:00,0.5263
2018-06-20 00:00:00+00:00,0.4776
2018-06-21 00:00:00+00:00,0.5028
2018-06-22 00:00:00+00:00,0.6191
2018-06-23 00:00:00+00:00,0.2755
2018-06-24 00:00:00+00:00,0.3205
2018-06-25 00:00:00+00:00,0.5267
2018-06-26 00:00:00+00:00,0.4337
2018-06-27 00:00:00+00:00,0.3964
2018-06-28 00:00:00+00:00,0.5137
2018-06-29 00:00:00+00:00,0.5631
2018-06-30 00:00:00+00:00,0.2631
2018-07-01 00:00:00+00:00,0.2834
2018-07-02 00:00:00+00:00,0.4661
2018-07-03 00:00:00+00:00,0.4383
2018-07-04 00:00:00+00:00,0.3998
2018-07-05 00:00:00+00:00,0.4798
2018-07-06 00:00:00+00:00,0.6578
2018-07-07 00:00:00+00:00,0.3
2018-07-08 00:00:00+00:00,0.4081
2018-07-09 00:00:00+00:00,0.5017
2018-07-10 00:00:00+00:00,0.5337
2018-07-11 00:00:00+00:00,0.5466
2018-07-12 00:00:00+00:00,0.5556
2018-07-13 00:00:00+00:00,0.5182
2018-07-14 00:00:00+00:00,0.2288
2018-07-15 00:00:00+00:00,0.2793
2018-07-16 00:00:00+00:00,0.5043
2018-07-17 00:00:00+00:00,0.5778
2018-07-18 00:00:00+00:00,0.6404
2018-07-19 00:00:00+00:00,0.6004
2018-07-20 00:00:00+00:00,0.6896
2018-07-21 00:00:00+00:00,0.3532
2018-07-22 00:00:00+00:00,0.3266
2018-07-23 00:00:00+00:00,0.5613
2018-07-24 00:00:00+00:00,0.5931
2018-07-25 00:00:00+00:00,0.4369
2018-07-26 00:00:00+00:00,0.5067
2018-07-27 00:00:00+00:00,0.5324
2018-07-28 00:00:00+00:00,0.2847
2018-07-29 00:00:00+00:00,0.405
2018-07-30 00:00:00+00:00,0.6112
2018-07-31 00:00:00+00:00,0.7499
2018-08-01 00:00:00+00:00,0.9013
2018-08-02 00:00:00+00:00,0.8057
2018-08-03 00:00:00+00:00,0.6246
2018-08-04 00:00:00+00:00,0.3045
2018-08-05 00:00:00+00:00,0.3698
2018-08-06 00:00:00+00:00,0.5492
2018-08-07 00:00:00+00:00,0.5557
2018-08-08 00:00:00+00:00,0.4926
2018-08-09 00:00:00+00:00,0.4929
2018-08-10 00:00:00+00:00,0.7103
2018-08-11 00:00:00+00:00,0.3428
2018-08-12 00:00:00+00:00,0.3384
2018-08-13 00:00:00+00:00,0.6173
2018-08-14 00:00:00+00:00,0.6508
2018-08-15 00:00:00+00:00,0.6668
2018-08-16 00:00:00+00:00,0.5672
2018-08-17 00:00:00+00:00,0.7801
2018-08-18 00:00:00+00:00,0.3773
2018-08-19 00:00:00+00:00,0.4034
2018-08-20 00:00:00+00:00,0.6032
2018-08-21 00:00:00+00:00,0.5878
2018-08-22 00:00:00+00:00,0.7118
2018-08-23 00:00:00+00:00,0.6524
2018-08-24 00:00:00+00:00,0.7226
2018-08-25 00:00:00+00:00,0.3761
2018-08-26 00:00:00+00:00,0.4358
2018-08-27 00:00:00+00:00,0.4658
2018-08-28 00:00:00+00:00,0.4669
2018-08-29 00:00:00+00:00,0.4448
2018-08-30 00:00:00+00:00,0.4965
2018-08-31 00:00:00+00:00,0.5407
2018-09-01 00:00:00+00:00,0.3089
2018-09-02 00:00:00+00:00,0.2891
2018-09-03 00:00:00+00:00,0.5424
2018-09-04 00:00:00+00:00,0.5137
2018-09-05 00:00:00+00:00,0.4955
2018-09-06 00:00:00+00:00,0.4558
2018-09-07 00:00:00+00:00,0.6414
2018-09-08 00:00:00+00:00,0.3075
2018-09-09 00:00:00+00:00,0.3994
2018-09-10 00:00:00+00:00,0.5319
2018-09-11 00:00:00+00:00,0.5003
2018-09-12 00:00:00+00:00,0.5914
2018-09-13 00:00:00+00:00,0.7646
2018-09-14 00:00:00+00:00,0.7404
2018-09-15 00:00:00+00:00,0.3594
2018-09-16 00:00:00+00:00,0.303
2018-09-17 00:00:00+00:00,0.4363
2018-09-18 00:00:00+00:00,0.4647
2018-09-19 00:00:00+00:00,0.4259
2018-09-20 00:00:00+00:00,0.5915
2018-09-21 00:00:00+00:00,0.426
2018-09-22 00:00:00+00:00,0.3248
2018-09-23 00:00:00+00:00,0.3453
2018-09-24 00:00:00+00:00,0.5166
2018-09-25 00:00:00+00:00,0.6206
2018-09-26 00:00:00+00:00,0.9029
2018-09-27 00:00:00+00:00,0.8335
2018-09-28 00:00:00+00:00,0.6231
2018-09-29 00:00:00+00:00,0.3015
2018-09-30 00:00:00+00:00,0.2747
2018-10-01 00:00:00+00:00,0.5013
2018-10-02 00:00:00+00:00,0.5059
2018-10-03 00:00:00+00:00,0.5394
2018-10-04 00:00:00+00:00,0.5798
2018-10-05 00:00:00+00:00,0.7837
2018-10-06 00:00:00+00:00,0.3798
2018-10-07 00:00:00+00:00,0.4539
2018-10-08 00:00:00+00:00,0.5877
2018-10-09 00:00:00+00:00,0.6335
2018-10-10 00:00:00+00:00,0.5969
2018-10-11 00:00:00+00:00,1.2173
2018-10-12 00:00:00+00:00,0.8264
2018-10-13 00:00:00+00:00,0.7663
2018-10-14 00:00:00+00:00,0.5664
2018-10-15 00:00:00+00:00,0.6073
2018-10-16 00:00:00+00:00,0.6128
2018-10-17 00:00:00+00:00,0.6301
2018-10-18 00:00:00+00:00,0.623
2018-10-19 00:00:00+00:00,0.5291
2018-10-20 00:00:00+00:00,0.3267
2018-10-21 00:00:00+00:00,0.3747
2018-10-22 00:00:00+00:00,0.4518
2018-10-23 00:00:00+00:00,0.5071
2018-10-24 00:00:00+00:00,0.6327
2018-10-25 00:00:00+00:00,0.6949
2018-10-26 00:00:00+00:00,0.6359
2018-10-27 00:00:00+00:00,0.3599
2018-10-28 00:00:00+00:00,0.3491
2018-10-29 00:00:00+00:00,0.6249
2018-10-30 00:00:00+00:00,0.5675
2018-10-31 00:00:00+00:00,0.6045
2018-11-01 00:00:00+00:00,0.5947
2018-11-02 00:00:00+00:00,0.6435
2018-11-03 00:00:00+00:00,0.3276
2018-11-04 00:00:00+00:00,0.3727
2018-11-05 00:00:00+00:00,0.5252
2018-11-06 00:00:00+00:00,0.4942
2018-11-07 00:00:00+00:00,0.552
2018-11-08 00:00:00+00:00,0.7494
2018-11-09 00:00:00+00:00,0.6185
2018-11-10 00:00:00+00:00,0.2961
2018-11-11 00:00:00+00:00,0.2487
2018-11-12 00:00:00+00:00,0.4668
2018-11-13 00:00:00+00:00,0.4685
2018-11-14 00:00:00+00:00,0.5298
2018-11-15 00:00:00+00:00,0.5287
2018-11-16 00:00:00+00:00,0.4695
2018-11-17 00:00:00+00:00,0.2661
2018-11-18 00:00:00+00:00,0.2478
2018-11-19 00:00:00+00:00,0.4572
2018-11-20 00:00:00+00:00,0.487
2018-11-21 00:00:00+00:00,0.4374
2018-11-22 00:00:00+00:00,0.3982
2018-11-23 00:00:00+00:00,0.4067
2018-11-24 00:00:00+00:00,0.2388
2018-11-25 00:00:00+00:00,0.3381
2018-11-26 00:00:00+00:00,0.5291
2018-11-27 00:00:00+00:00,0.4269
2018-11-28 00:00:00+00:00,0.771
2018-11-29 00:00:00+00:00,0.74
2018-11-30 00:00:00+00:00,0.6048
2018-12-01 00:00:00+00:00,0.3235
2018-12-02 00:00:00+00:00,0.2619
2018-12-03 00:00:00+00:00,0.5339
2018-12-04 00:00:00+00:00,0.5073
2018-12-05 00:00:00+00:00,0.6389
2018-12-06 00:00:00+00:00,0.5163
2018-12-07 00:00:00+00:00,0.6542
2018-12-08 00:00:00+00:00,0.3637
2018-12-09 00:00:00+00:00,0.2719
2018-12-10 00:00:00+00:00,0.4987
2018-12-11 00:00:00+00:00,0.5186
2018-12-12 00:00:00+00:00,0.5121
2018-12-13 00:00:00+00:00,0.5629
2018-12-14 00:00:00+00:00,0.5389
2018-12-15 00:00:00+00:00,0.2808
2018-12-16 00:00:00+00:00,0.4063
2018-12-17 00:00:00+00:00,0.8161
2018-12-18 00:00:00+00:00,0.7942
2018-12-19 00:00:00+00:00,1.064
2018-12-20 00:00:00+00:00,0.9849
2018-12-21 00:00:00+00:00,0.8086
2018-12-22 00:00:00+00:00,0.5307
2018-12-23 00:00:00+00:00,0.5728
2018-12-24 00:00:00+00:00,1.1194
2018-12-25 00:00:00+00:00,0.9444
2018-12-26 00:00:00+00:00,1.119
2018-12-27 00:00:00+00:00,0.6943
2018-12-28 00:00:00+00:00,0.5104
2018-12-29 00:00:00+00:00,0.3577
2018-12-30 00:00:00+00:00,0.426
2018-12-31 00:00:00+00:00,0.6633
2019-01-01 00:00:00+00:00,0.4513
2019-01-02 00:00:00+00:00,0.6178
2019-01-03 00:00:00+00:00,0.6404
2019-01-04 00:00:00+00:00,0.8873
2019-01-05 00:00:00+00:00,0.4172
2019-01-06 00:00:00+00:00,0.3435
2019-01-07 00:00:00+00:00,0.6027
2019-01-08 00:00:00+00:00,0.5697
2019-01-09 00:00:00+00:00,0.6076
2019-01-10 00:00:00+00:00,0.5938
2019-01-11 00:00:00+00:00,0.6928
2019-01-12 00:00:00+00:00,0.3581
2019-01-13 00:00:00+00:00,0.3601
2019-01-14 00:00:00+00:00,0.4573
2019-01-15 00:00:00+00:00,0.5621
2019-01-16 00:00:00+00:00,0.5023
2019-01-17 00:00:00+00:00,0.5434
2019-01-18 00:00:00+00:00,0.5766
2019-01-19 00:00:00+00:00,0.332
2019-01-20 00:00:00+00:00,0.3572
2019-01-21 00:00:00+00:00,0.4645
2019-01-22 00:00:00+00:00,0.4801
2019-01-23 00:00:00+00:00,0.6169
2019-01-24 00:00:00+00:00,0.7539
2019-01-25 00:00:00+00:00,0.6284
2019-01-26 00:00:00+00:00,0.3088
2019-01-27 00:00:00+00:00,0.3683
2019-01-28 00:00:00+00:00,0.5205
2019-01-29 00:00:00+00:00,0.5893
2019-01-30 00:00:00+00:00,0.8287
2019-01-31 00:00:00+00:00,0.7587
2019-02-01 00:00:00+00:00,0.8407
2019-02-02 00:00:00+00:00,0.5388
2019-02-03 00:00:00+00:00,0.4079
2019-02-04 00:00:00+00:00,0.5152
2019-02-05 00:00:00+00:00,0.6455
2019-02-06 00:00:00+00:00,0.6533
2019-02-07 00:00:00+00:00,0.7335
2019-02-08 00:00:00+00:00,0.5003
2019-02-09 00:00:00+00:00,0.3079
2019-02-10 00:00:00+00:00,0.3226
2019-02-11 00:00:00+00:00,0.5162
2019-02-12 00:00:00+00:00,0.5766
2019-02-13 00:00:00+00:00,0.6378
2019-02-14 00:00:00+00:00,0.5885
2019-02-15 00:00:00+00:00,0.5802
2019-02-16 00:00:00+00:00,0.3142
2019-02-17 00:00:00+00:00,0.3922
2019-02-18 00:00:00+00:00,0.389
2019-02-19 00:00:00+00:00,0.5322
2019-02-20 00:00:00+00:00,0.5431
2019-02-21 00:00:00+00:00,0.6779
2019-02-22 00:00:00+00:00,0.5721
2019-02-23 00:00:00+00:00,0.3889
2019-02-24 00:00:00+00:00,0.4488
2019-02-25 00:00:00+00:00,0.5289
2019-02-26 00:00:00+00:00,0.5991
2019-02-27 00:00:00+00:00,0.69
2019-02-28 00:00:00+00:00,0.5574
2019-03-01 00:00:00+00:00,0.5828
2019-03-02 00:00:00+00:00,0.3747
2019-03-03 00:00:00+00:00,0.5176
2019-03-04 00:00:00+00:00,0.4554
2019-03-05 00:00:00+00:00,0.4853
2019-03-06 00:00:00+00:00,0.5956
2019-03-07 00:00:00+00:00,0.6167
2019-03-08 00:00:00+00:00,0.6255
2019-03-09 00:00:00+00:00,0.3984
2019-03-10 00:00:00+00:00,0.4603
2019-03-11 00:00:00+00:00,0.6269
2019-03-12 00:00:00+00:00,0.5339
2019-03-13 00:00:00+00:00,0.5196
2019-03-14 00:00:00+00:00,0.4577
2019-03-15 00:00:00+00:00,0.4735
2019-03-16 00:00:00+00:00,0.2349
2019-03-17 00:00:00+00:00,0.2826
2019-03-18 00:00:00+00:00,0.5946
2019-03-19 00:00:00+00:00,0.6076
2019-03-20 00:00:00+00:00,0.8027
2019-03-21 00:00:00+00:00,0.8492
2019-03-22 00:00:00+00:00,0.711
2019-03-23 00:00:00+00:00,0.3553
2019-03-24 00:00:00+00:00,0.291
2019-03-25 00:00:00+00:00,0.5589
2019-03-26 00:00:00+00:00,0.4761
2019-03-27 00:00:00+00:00,0.4614
2019-03-28 00:00:00+00:00,0.5871
2019-03-29 00:00:00+00:00,0.577
2019-03-30 00:00:00+00:00,0.3882
2019-03-31 00:00:00+00:00,0.4576
2019-04-01 00:00:00+00:00,0.6853
2019-04-02 00:00:00+00:00,0.5335
2019-04-03 00:00:00+00:00,0.5188
2019-04-04 00:00:00+00:00,0.5918
2019-04-05 00:00:00+00:00,0.7285
2019-04-06 00:00:00+00:00,0.4103
2019-04-07 00:00:00+00:00,0.4289
2019-04-08 00:00:00+00:00,0.4664
2019-04-09 00:00:00+00:00,0.5093
2019-04-10 00:00:00+00:00,0.5917
2019-04-11 00:00:00+00:00,0.6672
2019-04-12 00:00:00+00:00,0.6215
2019-04-13 00:00:00+00:00,0.3078
2019-04-14 00:00:00+00:00,0.4042
2019-04-15 00:00:00+00:00,0.4894
2019-04-16 00:00:00+00:00,0.5659
2019-04-17 00:00:00+00:00,0.6087
2019-04-18 00:00:00+00:00,0.5355
2019-04-19 00:00:00+00:00,0.2822
2019-04-20 00:00:00+00:00,0.2136
2019-04-21 00:00:00+00:00,0.275
2019-04-22 00:00:00+00:00,0.5991
2019-04-23 00:00:00+00:00,0.5663
2019-04-24 00:00:00+00:00,0.6861
2019-04-25 00:00:00+00:00,0.534
2019-04-26 00:00:00+00:00,0.5768
2019-04-27 00:00:00+00:00,0.2891
2019-04-28 00:00:00+00:00,0.4229
2019-04-29 00:00:00+00:00,0.7585
2019-04-30 00:00:00+00:00,0.8244
2019-05-01 00:00:00+00:00,0.9598
2019-05-02 00:00:00+00:00,0.9499
2019-05-03 00:00:00+00:00,0.8197
2019-05-04 00:00:00+00:00,0.3834
2019-05-05 00:00:00+00:00,0.4427
2019-05-06 00:00:00+00:00,0.5298
2019-05-07 00:00:00+00:00,0.5557
2019-05-08 00:00:00+00:00,0.5208
2019-05-09 00:00:00+00:00,0.5983
2019-05-10 00:00:00+00:00,0.6636
2019-05-11 00:00:00+00:00,0.4397
2019-05-12 00:00:00+00:00,0.4264
2019-05-13 00:00:00+00:00,0.5445
2019-05-14 00:00:00+00:00,0.5692
2019-05-15 00:00:00+00:00,0.51
2019-05-16 00:00:00+00:00,0.4685
2019-05-17 00:00:00+00:00,0.422
2019-05-18 00:00:00+00:00,0.3103
2019-05-19 00:00:00+00:00,0.3458
2019-05-20 00:00:00+00:00,0.4881
2019-05-21 00:00:00+00:00,0.4802
2019-05-22 00:00:00+00:00,0.5713
2019-05-23 00:00:00+00:00,0.4884
2019-05-24 00:00:00+00:00,0.3914
2019-05-25 00:00:00+00:00,0.3222
2019-05-26 00:00:00+00:00,0.3045
2019-05-27 00:00:00+00:00,0.3269
2019-05-28 00:00:00+00:00,0.3486
2019-05-29 00:00:00+00:00,0.4776
2019-05-30 00:00:00+00:00,0.5098
2019-05-31 00:00:00+00:00,0.4912
2019-06-01 00:00:00+00:00,0.2651
2019-06-02 00:00:00+00:00,0.3429
2019-06-03 00:00:00+00:00,0.6103
2019-06-04 00:00:00+00:00,0.7167
2019-06-05 00:00:00+00:00,0.8239
2019-06-06 00:00:00+00:00,0.7687
2019-06-07 00:00:00+00:00,0.9391
2019-06-08 00:00:00+00:00,0.6397
2019-06-09 00:00:00+00:00,0.3792
2019-06-10 00:00:00+00:00,0.573
2019-06-11 00:00:00+00:00,0.538
2019-06-12 00:00:00+00:00,0.5969
2019-06-13 00:00:00+00:00,0.5027
2019-06-14 00:00:00+00:00,0.6565
2019-06-15 00:00:00+00:00,0.4051
2019-06-16 00:00:00+00:00,0.3976
2019-06-17 00:00:00+00:00,0.7305
2019-06-18 00:00:00+00:00,0.7876
2019-06-19 00:00:00+00:00,0.9429
2019-06-20 00:00:00+00:00,0.9078
2019-06-21 00:00:00+00:00,0.7265
2019-06-22 00:00:00+00:00,0.4129
2019-06-23 00:00:00+00:00,0.5794
2019-06-24 00:00:00+00:00,0.7179
2019-06-25 00:00:00+00:00,0.7707
2019-06-26 00:00:00+00:00,0.6267
2019-06-27 00:00:00+00:00,0.566
2019-06-28 00:00:00+00:00,0.6181
2019-06-29 00:00:00+00:00,0.399
2019-06-30 00:00:00+00:00,0.3429
2019-07-01 00:00:00+00:00,0.6924
2019-07-02 00:00:00+00:00,0.6859
2019-07-03 00:00:00+00:00,0.6402
2019-07-04 00:00:00+00:00,0.5538
2019-07-05 00:00:00+00:00,1.0061
2019-07-06 00:00:00+00:00,0.5115
2019-07-07 00:00:00+00:00,0.4723
2019-07-08 00:00:00+00:00,0.7246
2019-07-09 00:00:00+00:00,0.6327
2019-07-10 00:00:00+00:00,0.8954
2019-07-11 00:00:00+00:00,0.7987
2019-07-12 00:00:00+00:00,0.7293
2019-07-13 00:00:00+00:00,0.4462
2019-07-14 00:00:00+00:00,0.3901
2019-07-15 00:00:00+00:00,0.7125
2019-07-16 00:00:00+00:00,0.8638
2019-07-17 00:00:00+00:00,0.7195
2019-07-18 00:00:00+00:00,0.7161
2019-07-19 00:00:00+00:00,0.6858
2019-07-20 00:00:00+00:00,0.4036
2019-07-21 00:00:00+00:00,0.5559
2019-07-22 00:00:00+00:00,0.818
2019-07-23 00:00:00+00:00,0.8042
2019-07-24 00:00:00+00:00,0.5569
2019-07-25 00:00:00+00:00,0.627
2019-07-26 00:00:00+00:00,0.7074
2019-07-27 00:00:00+00:00,0.3963
2019-07-28 00:00:00+00:00,0.385
2019-07-29 00:00:00+00:00,0.7584
2019-07-30 00:00:00+00:00,0.7382
2019-07-31 00:00:00+00:00,1.3137
2019-08-01 00:00:00+00:00,1.1242
2019-08-02 00:00:00+00:00,1.0799
2019-08-03 00:00:00+00:00,0.4358
2019-08-04 00:00:00+00:00,0.3738
2019-08-05 00:00:00+00:00,0.6502
2019-08-06 00:00:00+00:00,0.637
2019-08-07 00:00:00+00:00,0.8784
2019-08-08 00:00:00+00:00,0.6357
2019-08-09 00:00:00+00:00,0.5613
2019-08-10 00:00:00+00:00,0.3826
2019-08-11 00:00:00+00:00,0.3968
2019-08-12 00:00:00+00:00,0.5241
2019-08-13 00:00:00+00:00,0.6736
2019-08-14 00:00:00+00:00,0.8415
2019-08-15 00:00:00+00:00,0.944
2019-08-16 00:00:00+00:00,0.6503
2019-08-17 00:00:00+00:00,0.4645
2019-08-18 00:00:00+00:00,0.5319
2019-08-19 00:00:00+00:00,0.9097
2019-08-20 00:00:00+00:00,0.814
2019-08-21 00:00:00+00:00,0.8756
2019-08-22 00:00:00+00:00,0.7702
2019-08-23 00:00:00+00:00,1.1395
2019-08-24 00:00:00+00:00,0.7818
2019-08-25 00:00:00+00:00,0.5318
2019-08-26 00:00:00+00:00,0.643
2019-08-27 00:00:00+00:00,0.5289
2019-08-28 00:00:00+00:00,0.4363
2019-08-29 00:00:00+00:00,0.4931
2019-08-30 00:00:00+00:00,0.5936
2019-08-31 00:00:00+00:00,0.4891
2019-09-01 00:00:00+00:00,0.4633
2019-09-02 00:00:00+00:00,0.4178
2019-09-03 00:00:00+00:00,0.526
2019-09-04 00:00:00+00:00,0.6767
2019-09-05 00:00:00+00:00,0.4563
2019-09-06 00:00:00+00:00,0.8279
2019-09-07 00:00:00+00:00,0.4342
2019-09-08 00:00:00+00:00,0.2657
2019-09-09 00:00:00+00:00,0.6867
2019-09-10 00:00:00+00:00,0.6269
2019-09-11 00:00:00+00:00,0.6599
2019-09-12 00:00:00+00:00,0.7891
2019-09-13 00:00:00+00:00,0.603
2019-09-14 00:00:00+00:00,0.4115
2019-09-15 00:00:00+00:00,0.4612
2019-09-16 00:00:00+00:00,0.6604
2019-09-17 00:00:00+00:00,0.6972
2019-09-18 00:00:00+00:00,1.1444
2019-09-19 00:00:00+00:00,0.9744
2019-09-20 00:00:00+00:00,0.6627
2019-09-21 00:00:00+00:00,0.2943
2019-09-22 00:00:00+00:00,0.2726
2019-09-23 00:00:00+00:00,0.4972
2019-09-24 00:00:00+00:00,0.4413
2019-09-25 00:00:00+00:00,0.4941
2019-09-26 00:00:00+00:00,0.4899
2019-09-27 00:00:00+00:00,0.5143
2019-09-28 00:00:00+00:00,0.3217
2019-09-29 00:00:00+00:00,0.4272
2019-09-30 00:00:00+00:00,0.5662
2019-10-01 00:00:00+00:00,0.6507
2019-10-02 00:00:00+00:00,0.5053
2019-10-03 00:00:00+00:00,0.5578
2019-10-04 00:00:00+00:00,0.8684
2019-10-05 00:00:00+00:00,0.4158
2019-10-06 00:00:00+00:00,0.3283
2019-10-07 00:00:00+00:00,0.5568
2019-10-08 00:00:00+00:00,0.548
2019-10-09 00:00:00+00:00,0.571
2019-10-10 00:00:00+00:00,0.5641
2019-10-11 00:00:00+00:00,0.5032
2019-10-12 00:00:00+00:00,0.2953
2019-10-13 00:00:00+00:00,0.3989
2019-10-14 00:00:00+00:00,0.4866
2019-10-15 00:00:00+00:00,0.5617
2019-10-16 00:00:00+00:00,0.6244
2019-10-17 00:00:00+00:00,0.4839
2019-10-18 00:00:00+00:00,0.5254
2019-10-19 00:00:00+00:00,0.3979
2019-10-20 00:00:00+00:00,0.332
2019-10-21 00:00:00+00:00,0.4187
2019-10-22 00:00:00+00:00,0.4297
2019-10-23 00:00:00+00:00,0.4685
2019-10-24 00:00:00+00:00,0.6222
2019-10-25 00:00:00+00:00,0.5737
2019-10-26 00:00:00+00:00,0.429
2019-10-27 00:00:00+00:00,0.4832
2019-10-28 00:00:00+00:00,0.7706
2019-10-29 00:00:00+00:00,0.6866
2019-10-30 00:00:00+00:00,1.0561
2019-10-31 00:00:00+00:00,0.939
2019-11-01 00:00:00+00:00,0.6916
2019-11-02 00:00:00+00:00,0.3986
2019-11-03 00:00:00+00:00,0.5567
2019-11-04 00:00:00+00:00,0.5056
2019-11-05 00:00:00+00:00,0.5557
2019-11-06 00:00:00+00:00,0.5374
2019-11-07 00:00:00+00:00,0.5669
2019-11-08 00:00:00+00:00,0.4835
2019-11-09 00:00:00+00:00,0.3478
2019-11-10 00:00:00+00:00,0.3877
2019-11-11 00:00:00+00:00,0.4864
2019-11-12 00:00:00+00:00,0.5302
2019-11-13 00:00:00+00:00,0.7208
2019-11-14 00:00:00+00:00,0.6634
2019-11-15 00:00:00+00:00,0.5983
2019-11-16 00:00:00+00:00,0.3249
2019-11-17 00:00:00+00:00,0.407
2019-11-18 00:00:00+00:00,0.5902
2019-11-19 00:00:00+00:00,0.4819
2019-11-20 00:00:00+00:00,0.4997
2019-11-21 00:00:00+00:00,0.5108
2019-11-22 00:00:00+00:00,0.4599
2019-11-23 00:00:00+00:00,0.2468
2019-11-24 00:00:00+00:00,0.2692
2019-11-25 00:00:00+00:00,0.4052
2019-11-26 00:00:00+00:00,0.4698
2019-11-27 00:00:00+00:00,0.5481
2019-11-28 00:00:00+00:00,0.4736
2019-11-29 00:00:00+00:00,0.4353
2019-11-30 00:00:00+00:00,0.2859
2019-12-01 00:00:00+00:00,0.2981
2019-12-02 00:00:00+00:00,0.5152
2019-12-03 00:00:00+00:00,0.5238
2019-12-04 00:00:00+00:00,0.4188
2019-12-05 00:00:00+00:00,0.582
2019-12-06 00:00:00+00:00,0.6615
2019-12-07 00:00:00+00:00,0.2941
2019-12-08 00:00:00+00:00,0.3883
2019-12-09 00:00:00+00:00,0.6349
2019-12-10 00:00:00+00:00,0.5944
2019-12-11 00:00:00+00:00,0.7529
2019-12-12 00:00:00+00:00,0.8288
2019-12-13 00:00:00+00:00,0.5166
2019-12-14 00:00:00+00:00,0.3013
2019-12-15 00:00:00+00:00,0.3026
2019-12-16 00:00:00+00:00,0.4756
2019-12-17 00:00:00+00:00,0.5811
2019-12-18 00:00:00+00:00,0.625
2019-12-19 00:00:00+00:00,0.6623
2019-12-20 00:00:00+00:00,0.6033
2019-12-21 00:00:00+00:00,0.35
2019-12-22 00:00:00+00:00,0.2866
2019-12-23 00:00:00+00:00,0.4907
2019-12-24 00:00:00+00:00,0.4242
2019-12-25 00:00:00+00:00,0.3317
2019-12-26 00:00:00+00:00,0.3556
2019-12-27 00:00:00+00:00,0.4635
2019-12-28 00:00:00+00:00,0.3405
2019-12-29 00:00:00+00:00,0.3795
2019-12-30 00:00:00+00:00,0.6145
2019-12-31 00:00:00+00:00,0.7539
2020-01-01 00:00:00+00:00,0.4993
2020-01-02 00:00:00+00:00,0.5944
2020-01-03 00:00:00+00:00,0.5024
2020-01-04 00:00:00+00:00,0.299
2020-01-05 00:00:00+00:00,0.3282
2020-01-06 00:00:00+00:00,0.46
2020-01-07 00:00:00+00:00,0.4293
2020-01-08 00:00:00+00:00,0.4179
2020-01-09 00:00:00+00:00,0.4506
2020-01-10 00:00:00+00:00,0.5082
2020-01-11 00:00:00+00:00,0.2725
2020-01-12 00:00:00+00:00,0.4258
2020-01-13 00:00:00+00:00,0.5781
2020-01-14 00:00:00+00:00,0.5794
2020-01-15 00:00:00+00:00,0.5547
2020-01-16 00:00:00+00:00,0.5038
2020-01-17 00:00:00+00:00,0.4896
2020-01-18 00:00:00+00:00,0.2758
2020-01-19 00:00:00+00:00,0.3156
2020-01-20 00:00:00+00:00,0.4889
2020-01-21 00:00:00+00:00,0.48
2020-01-22 00:00:00+00:00,0.5456
2020-01-23 00:00:00+00:00,0.5244
2020-01-24 00:00:00+00:00,0.4617
2020-01-25 00:00:00+00:00,0.2754
2020-01-26 00:00:00+00:00,0.3177
2020-01-27 00:00:00+00:00,0.4647
2020-01-28 00:00:00+00:00,0.4932
2020-01-29 00:00:00+00:00,0.6904
2020-01-30 00:00:00+00:00,0.7888
2020-01-31 00:00:00+00:00,0.5386
2020-02-01 00:00:00+00:00,0.4375
2020-02-02 00:00:00+00:00,0.3378
2020-02-03 00:00:00+00:00,0.5312
2020-02-04 00:00:00+00:00,0.4459
2020-02-05 00:00:00+00:00,0.627
2020-02-06 00:00:00+00:00,0.5199
2020-02-07 00:00:00+00:00,0.5553
2020-02-08 00:00:00+00:00,0.3118
2020-02-09 00:00:00+00:00,0.3239
2020-02-10 00:00:00+00:00,0.6259
2020-02-11 00:00:00+00:00,0.6297
2020-02-12 00:00:00+00:00,0.563
2020-02-13 00:00:00+00:00,0.5577
2020-02-14 00:00:00+00:00,0.5265
2020-02-15 00:00:00+00:00,0.3273
2020-02-16 00:00:00+00:00,0.3876
2020-02-17 00:00:00+00:00,0.5194
2020-02-18 00:00:00+00:00,0.4425
2020-02-19 00:00:00+00:00,0.6193
2020-02-20 00:00:00+00:00,0.5386
2020-02-21 00:00:00+00:00,0.5648
2020-02-22 00:00:00+00:00,0.4377
2020-02-23 00:00:00+00:00,0.3536
2020-02-24 00:00:00+00:00,0.5849
2020-02-25 00:00:00+00:00,0.4931
2020-02-26 00:00:00+00:00,0.512
2020-02-27 00:00:00+00:00,0.5488
2020-02-28 00:00:00+00:00,0.887
2020-02-29 00:00:00+00:00,0.8611
2020-03-01 00:00:00+00:00,0.5512
2020-03-02 00:00:00+00:00,0.7405
2020-03-03 00:00:00+00:00,1.4384
2020-03-04 00:00:00+00:00,1.2938
2020-03-05 00:00:00+00:00,0.8479
2020-03-06 00:00:00+00:00,0.7738
2020-03-07 00:00:00+00:00,0.476
2020-03-08 00:00:00+00:00,0.3867
2020-03-09 00:00:00+00:00,0.9405
2020-03-10 00:00:00+00:00,0.6988
2020-03-11 00:00:00+00:00,1.2021
2020-03-12 00:00:00+00:00,0.8852
2020-03-13 00:00:00+00:00,1.0623
2020-03-14 00:00:00+00:00,0.4354
2020-03-15 00:00:00+00:00,0.6988
2020-03-16 00:00:00+00:00,2.4481
2020-03-17 00:00:00+00:00,1.1862
2020-03-18 00:00:00+00:00,1.0717
2020-03-19 00:00:00+00:00,1.1376
2020-03-20 00:00:00+00:00,0.8991
2020-03-21 00:00:00+00:00,0.6219
2020-03-22 00:00:00+00:00,0.7873
2020-03-23 00:00:00+00:00,1.1853
2020-03-24 00:00:00+00:00,1.2417
2020-03-25 00:00:00+00:00,0.8284
2020-03-26 00:00:00+00:00,0.7839
2020-03-27 00:00:00+00:00,1.0479
2020-03-28 00:00:00+00:00,0.5389
2020-03-29 00:00:00+00:00,0.3628
2020-03-30 00:00:00+00:00,0.6745
2020-03-31 00:00:00+00:00,0.5953
2020-04-01 00:00:00+00:00,0.5498
2020-04-02 00:00:00+00:00,0.5769
2020-04-03 00:00:00+00:00,0.6695
2020-04-04 00:00:00+00:00,0.3543
2020-04-05 00:00:00+00:00,0.3242
2020-04-06 00:00:00+00:00,0.6129
2020-04-07 00:00:00+00:00,0.5435
2020-04-08 00:00:00+00:00,0.4577
2020-04-09 00:00:00+00:00,0.8516
2020-04-10 00:00:00+00:00,0.7863
2020-04-11 00:00:00+00:00,0.3485
2020-04-12 00:00:00+00:00,0.4369
2020-04-13 00:00:00+00:00,0.6203
2020-04-14 00:00:00+00:00,0.6303
2020-04-15 00:00:00+00:00,0.6347
2020-04-16 00:00:00+00:00,0.7015
2020-04-17 00:00:00+00:00,0.6505
2020-04-18 00:00:00+00:00,0.5114
2020-04-19 00:00:00+00:00,0.3233
2020-04-20 00:00:00+00:00,0.5243
2020-04-21 00:00:00+00:00,0.5256
2020-04-22 00:00:00+00:00,0.5074
2020-04-23 00:00:00+00:00,0.5739
2020-04-24 00:00:00+00:00,0.5306
2020-04-25 00:00:00+00:00,0.2929
2020-04-26 00:00:00+00:00,0.2765
2020-04-27 00:00:00+00:00,0.7172
2020-04-28 00:00:00+00:00,0.6257
2020-04-29 00:00:00+00:00,0.7602
2020-04-30 00:00:00+00:00,0.7811
2020-05-01 00:00:00+00:00,0.6458
2020-05-02 00:00:00+00:00,0.2265
2020-05-03 00:00:00+00:00,0.3155
2020-05-04 00:00:00+00:00,0.4625
2020-05-05 00:00:00+00:00,0.6106
2020-05-06 00:00:00+00:00,0.5505
2020-05-07 00:00:00+00:00,0.6031
2020-05-08 00:00:00+00:00,0.7578
2020-05-09 00:00:00+00:00,0.3055
2020-05-10 00:00:00+00:00,0.4636
2020-05-11 00:00:00+00:00,0.5321
2020-05-12 00:00:00+00:00,0.5708
2020-05-13 00:00:00+00:00,0.8045
2020-05-14 00:00:00+00:00,1.0172
2020-05-15 00:00:00+00:00,0.7104
2020-05-16 00:00:00+00:00,0.3589
2020-05-17 00:00:00+00:00,0.3975
2020-05-18 00:00:00+00:00,0.8435
2020-05-19 00:00:00+00:00,0.6747
2020-05-20 00:00:00+00:00,0.6318
2020-05-21 00:00:00+00:00,0.7176
2020-05-22 00:00:00+00:00,0.6414
2020-05-23 00:00:00+00:00,0.2978
2020-05-24 00:00:00+00:00,0.3153
2020-05-25 00:00:00+00:00,0.2382
2020-05-26 00:00:00+00:00,0.445
2020-05-27 00:00:00+00:00,0.4649
2020-05-28 00:00:00+00:00,0.5139
2020-05-29 00:00:00+00:00,0.5244
2020-05-30 00:00:00+00:00,0.2711
2020-05-31 00:00:00+00:00,0.2351
2020-06-01 00:00:00+00:00,0.3711
2020-06-02 00:00:00+00:00,0.3883
2020-06-03 00:00:00+00:00,0.4065
2020-06-04 00:00:00+00:00,0.4606
2020-06-05 00:00:00+00:00,0.4171
2020-06-06 00:00:00+00:00,0.2592
2020-06-07 00:00:00+00:00,0.207
2020-06-08 00:00:00+00:00,0.5486
2020-06-09 00:00:00+00:00,0.497
2020-06-10 00:00:00+00:00,0.9275
2020-06-11 00:00:00+00:00,1.0203
2020-06-12 00:00:00+00:00,0.8065
2020-06-13 00:00:00+00:00,0.3001
2020-06-14 00:00:00+00:00,0.32
2020-06-15 00:00:00+00:00,0.5739
2020-06-16 00:00:00+00:00,0.8236
2020-06-17 00:00:00+00:00,0.675
2020-06-18 00:00:00+00:00,0.6515
2020-06-19 00:00:00+00:00,0.4932
2020-06-20 00:00:00+00:00,0.3545
2020-06-21 00:00:00+00:00,0.2868
2020-06-22 00:00:00+00:00,0.4128
2020-06-23 00:00:00+00:00,0.3551
2020-06-24 00:00:00+00:00,0.3949
2020-06-25 00:00:00+00:00,0.4549
2020-06-26 00:00:00+00:00,0.5822
2020-06-27 00:00:00+00:00,0.3102
2020-06-28 00:00:00+00:00,0.2579
2020-06-29 00:00:00+00:00,0.4991
2020-06-30 00:00:00+00:00,0.5801
2020-07-01 00:00:00+00:00,0.5655
2020-07-02 00:00:00+00:00,0.4622
2020-07-03 00:00:00+00:00,0.2744
2020-07-04 00:00:00+00:00,0.2579
2020-07-05 00:00:00+00:00,0.2618
2020-07-06 00:00:00+00:00,0.5026
2020-07-07 00:00:00+00:00,0.5012
2020-07-08 00:00:00+00:00,0.4605
2020-07-09 00:00:00+00:00,0.4706
2020-07-10 00:00:00+00:00,0.4423
2020-07-11 00:00:00+00:00,0.2789
2020-07-12 00:00:00+00:00,0.2458
2020-07-13 00:00:00+00:00,0.4283
2020-07-14 00:00:00+00:00,0.5142
2020-07-15 00:00:00+00:00,0.612
2020-07-16 00:00:00+00:00,0.615
2020-07-17 00:00:00+00:00,0.4459
2020-07-18 00:00:00+00:00,0.2986
2020-07-19 00:00:00+00:00,0.345
2020-07-20 00:00:00+00:00,0.4028
2020-07-21 00:00:00+00:00,0.6134
2020-07-22 00:00:00+00:00,0.4574
2020-07-23 00:00:00+00:00,0.4801
2020-07-24 00:00:00+00:00,0.4604
2020-07-25 00:00:00+00:00,0.2569
2020-07-26 00:00:00+00:00,0.4692
2020-07-27 00:00:00+00:00,0.5325
2020-07-28 00:00:00+00:00,0.6661
2020-07-29 00:00:00+00:00,0.8317
2020-07-30 00:00:00+00:00,0.978
2020-07-31 00:00:00+00:00,0.5509
2020-08-01 00:00:00+00:00,0.3127
2020-08-02 00:00:00+00:00,0.2724
2020-08-03 00:00:00+00:00,0.4456
2020-08-04 00:00:00+00:00,0.4616
2020-08-05 00:00:00+00:00,0.5292
2020-08-06 00:00:00+00:00,0.7422
2020-08-07 00:00:00+00:00,0.4774
2020-08-08 00:00:00+00:00,0.3109
2020-08-09 00:00:00+00:00,0.2963
2020-08-10 00:00:00+00:00,0.4036
2020-08-11 00:00:00+00:00,0.418
2020-08-12 00:00:00+00:00,0.576
2020-08-13 00:00:00+00:00,0.5475
2020-08-14 00:00:00+00:00,0.4681
2020-08-15 00:00:00+00:00,0.2833
2020-08-16 00:00:00+00:00,0.4726
2020-08-17 00:00:00+00:00,0.5651
2020-08-18 00:00:00+00:00,0.5766
2020-08-19 00:00:00+00:00,0.7417
2020-08-20 00:00:00+00:00,0.7137
2020-08-21 00:00:00+00:00,0.4432
2020-08-22 00:00:00+00:00,0.2225
2020-08-23 00:00:00+00:00,0.2154
2020-08-24 00:00:00+00:00,0.4106
2020-08-25 00:00:00+00:00,0.4578
2020-08-26 00:00:00+00:00,0.6002
2020-08-27 00:00:00+00:00,0.77
2020-08-28 00:00:00+00:00,0.7757
2020-08-29 00:00:00+00:00,0.4413
2020-08-30 00:00:00+00:00,0.4159
2020-08-31 00:00:00+00:00,0.6189
2020-09-01 00:00:00+00:00,0.5094
2020-09-02 00:00:00+00:00,0.5043
2020-09-03 00:00:00+00:00,0.5517
2020-09-04 00:00:00+00:00,0.5607
2020-09-05 00:00:00+00:00,0.3091
2020-09-06 00:00:00+00:00,0.306
2020-09-07 00:00:00+00:00,0.3001
2020-09-08 00:00:00+00:00,0.3557
2020-09-09 00:00:00+00:00,0.4158
2020-09-10 00:00:00+00:00,0.5505
2020-09-11 00:00:00+00:00,0.4963
2020-09-12 00:00:00+00:00,0.341
2020-09-13 00:00:00+00:00,0.3955
2020-09-14 00:00:00+00:00,0.5182
2020-09-15 00:00:00+00:00,0.5893
2020-09-16 00:00:00+00:00,0.7936
2020-09-17 00:00:00+00:00,0.8211
2020-09-18 00:00:00+00:00,0.4963
2020-09-19 00:00:00+00:00,0.2689
2020-09-20 00:00:00+00:00,0.2668
2020-09-21 00:00:00+00:00,0.5534
2020-09-22 00:00:00+00:00,0.486
2020-09-23 00:00:00+00:00,0.497
2020-09-24 00:00:00+00:00,0.6385
2020-09-25 00:00:00+00:00,0.4139
2020-09-26 00:00:00+00:00,0.2609
2020-09-27 00:00:00+00:00,0.2489
2020-09-28 00:00:00+00:00,0.4318
2020-09-29 00:00:00+00:00,0.4057
2020-09-30 00:00:00+00:00,0.4327
2020-10-01 00:00:00+00:00,0.4382
2020-10-02 00:00:00+00:00,0.3407
2020-10-03 00:00:00+00:00,0.2284
2020-10-04 00:00:00+00:00,0.1805
2020-10-05 00:00:00+00:00,0.3588
2020-10-06 00:00:00+00:00,0.7873
2020-10-07 00:00:00+00:00,0.7985
2020-10-08 00:00:00+00:00,0.4831
2020-10-09 00:00:00+00:00,0.6408
2020-10-10 00:00:00+00:00,0.2861
2020-10-11 00:00:00+00:00,0.2916
2020-10-12 00:00:00+00:00,0.5739
2020-10-13 00:00:00+00:00,0.5077
2020-10-14 00:00:00+00:00,0.4662
2020-10-15 00:00:00+00:00,0.4048
2020-10-16 00:00:00+00:00,0.262
2020-10-17 00:00:00+00:00,0.2438
2020-10-18 00:00:00+00:00,0.3055
2020-10-19 00:00:00+00:00,0.3631
2020-10-21 00:00:00+00:00,0.467
2020-10-22 00:00:00+00:00,0.3629
2020-10-23 00:00:00+00:00,0.4259
2020-10-24 00:00:00+00:00,0.2011
2020-10-25 00:00:00+00:00,0.2517
2020-10-26 00:00:00+00:00,0.375
2020-10-27 00:00:00+00:00,0.3868
2020-10-28 00:00:00+00:00,0.4253
2020-10-29 00:00:00+00:00,0.4788
2020-10-30 00:00:00+00:00,0.3676
2020-10-31 00:00:00+00:00,0.2645
2020-11-01 00:00:00+00:00,0.2158
2020-11-02 00:00:00+00:00,0.4649
2020-11-03 00:00:00+00:00,0.5375
2020-11-04 00:00:00+00:00,0.4335
2020-11-05 00:00:00+00:00,0.7728
2020-11-06 00:00:00+00:00,0.7047
2020-11-07 00:00:00+00:00,0.3534
2020-11-08 00:00:00+00:00,0.2705
2020-11-09 00:00:00+00:00,0.5642
2020-11-10 00:00:00+00:00,0.4253
2020-11-11 00:00:00+00:00,0.4958
2020-11-12 00:00:00+00:00,0.4358
2020-11-13 00:00:00+00:00,0.3578
2020-11-14 00:00:00+00:00,0.2114
2020-11-15 00:00:00+00:00,0.2375
2020-11-16 00:00:00+00:00,0.3394
2020-11-17 00:00:00+00:00,0.3816
2020-11-18 00:00:00+00:00,0.6701
2020-11-19 00:00:00+00:00,0.4595
2020-11-20 00:00:00+00:00,0.8203
2020-11-21 00:00:00+00:00,0.3579
2020-11-22 00:00:00+00:00,0.2697
2020-11-23 00:00:00+00:00,0.585
2020-11-24 00:00:00+00:00,1.0617
2020-11-25 00:00:00+00:00,0.7202
2020-11-26 00:00:00+00:00,0.3995
2020-11-27 00:00:00+00:00,0.3266
2020-11-28 00:00:00+00:00,0.2004
2020-11-29 00:00:00+00:00,0.3413
2020-11-30 00:00:00+00:00,0.7564
2020-12-01 00:00:00+00:00,0.7603
2020-12-02 00:00:00+00:00,0.627
2020-12-03 00:00:00+00:00,0.5232
2020-12-04 00:00:00+00:00,0.5582
2020-12-05 00:00:00+00:00,0.3072
2020-12-06 00:00:00+00:00,0.2785
2020-12-07 00:00:00+00:00,0.3361
2020-12-08 00:00:00+00:00,0.3666
2020-12-09 00:00:00+00:00,0.4422
2020-12-10 00:00:00+00:00,0.5252
2020-12-11 00:00:00+00:00,0.4525
2020-12-12 00:00:00+00:00,0.2538
2020-12-13 00:00:00+00:00,0.244
2020-12-14 00:00:00+00:00,0.4459
2020-12-15 00:00:00+00:00,0.4632
2020-12-16 00:00:00+00:00,0.8301
2020-12-17 00:00:00+00:00,0.9816
2020-12-18 00:00:00+00:00,0.727
2020-12-19 00:00:00+00:00,0.804
2020-12-20 00:00:00+00:00,0.8839
2020-12-21 00:00:00+00:00,0.8121
2020-12-22 00:00:00+00:00,0.4194
2020-12-23 00:00:00+00:00,0.3441
2020-12-24 00:00:00+00:00,0.2953
2020-12-25 00:00:00+00:00,0.1978
2020-12-26 00:00:00+00:00,0.2443
2020-12-27 00:00:00+00:00,0.2132
2020-12-28 00:00:00+00:00,0.3537
2020-12-29 00:00:00+00:00,0.3515
2020-12-30 00:00:00+00:00,0.4379
2020-12-31 00:00:00+00:00,0.5708
2021-01-01 00:00:00+00:00,0.4115
2021-01-02 00:00:00+00:00,0.2629
2021-01-03 00:00:00+00:00,0.3352
2021-01-04 00:00:00+00:00,0.5375
2021-01-05 00:00:00+00:00,0.471
2021-01-06 00:00:00+00:00,0.5172
2021-01-07 00:00:00+00:00,0.4912
2021-01-08 00:00:00+00:00,0.5956
2021-01-09 00:00:00+00:00,0.2837
2021-01-10 00:00:00+00:00,0.2156
2021-01-11 00:00:00+00:00,0.4319
2021-01-12 00:00:00+00:00,0.4204
2021-01-13 00:00:00+00:00,0.4675
2021-01-14 00:00:00+00:00,0.5436
2021-01-15 00:00:00+00:00,0.6285
2021-01-16 00:00:00+00:00,0.5808
2021-01-17 00:00:00+00:00,0.3252
2021-01-18 00:00:00+00:00,0.4667
2021-01-19 00:00:00+00:00,0.6807
2021-01-20 00:00:00+00:00,0.5669
2021-01-21 00:00:00+00:00,0.6237
2021-01-22 00:00:00+00:00,0.4584
2021-01-23 00:00:00+00:00,0.2859
2021-01-24 00:00:00+00:00,0.2654
2021-01-25 00:00:00+00:00,0.4556
2021-01-26 00:00:00+00:00,0.6514
2021-01-27 00:00:00+00:00,0.7471
2021-01-28 00:00:00+00:00,0.7524
2021-01-29 00:00:00+00:00,0.6043
2021-01-30 00:00:00+00:00,0.3042
2021-01-31 00:00:00+00:00,0.332
2021-02-01 00:00:00+00:00,0.4656
2021-02-02 00:00:00+00:00,0.4663
2021-02-03 00:00:00+00:00,0.4587
2021-02-04 00:00:00+00:00,0.4973
2021-02-05 00:00:00+00:00,0.5453
2021-02-06 00:00:00+00:00,0.2862
2021-02-07 00:00:00+00:00,0.3881
2021-02-08 00:00:00+00:00,0.4938
2021-02-09 00:00:00+00:00,0.5122
2021-02-10 00:00:00+00:00,0.5563
2021-02-11 00:00:00+00:00,0.6106
2021-02-12 00:00:00+00:00,0.4568
2021-02-13 00:00:00+00:00,0.2776
2021-02-14 00:00:00+00:00,0.3185
2021-02-15 00:00:00+00:00,0.4334
2021-02-16 00:00:00+00:00,0.5108
2021-02-17 00:00:00+00:00,0.7822
2021-02-18 00:00:00+00:00,0.6687
2021-02-19 00:00:00+00:00,0.6402
2021-02-20 00:00:00+00:00,0.403
2021-02-21 00:00:00+00:00,0.3033
2021-02-22 00:00:00+00:00,0.6918
2021-02-23 00:00:00+00:00,0.7584
2021-02-24 00:00:00+00:00,0.6988
2021-02-25 00:00:00+00:00,0.8603
2021-02-26 00:00:00+00:00,0.7364
2021-02-27 00:00:00+00:00,0.4956
2021-02-28 00:00:00+00:00,0.4554
2021-03-01 00:00:00+00:00,0.702
2021-03-02 00:00:00+00:00,0.5966
2021-03-03 00:00:00+00:00,0.7056
2021-03-04 00:00:00+00:00,0.7671
2021-03-05 00:00:00+00:00,1.0974
2021-03-06 00:00:00+00:00,0.5066
2021-03-07 00:00:00+00:00,0.4818
2021-03-08 00:00:00+00:00,0.7891
2021-03-09 00:00:00+00:00,0.7254
2021-03-10 00:00:00+00:00,0.7718
2021-03-11 00:00:00+00:00,0.711
2021-03-12 00:00:00+00:00,0.7105
2021-03-13 00:00:00+00:00,0.4458
2021-03-14 00:00:00+00:00,0.2918
2021-03-15 00:00:00+00:00,0.7017
2021-03-16 00:00:00+00:00,0.6819
2021-03-17 00:00:00+00:00,0.8476
2021-03-18 00:00:00+00:00,0.9123
2021-03-19 00:00:00+00:00,0.7934
2021-03-20 00:00:00+00:00,0.4437
2021-03-21 00:00:00+00:00,0.3272
2021-03-22 00:00:00+00:00,0.6238
2021-03-23 00:00:00+00:00,0.7609
2021-03-24 00:00:00+00:00,0.646
2021-03-25 00:00:00+00:00,0.7642
2021-03-26 00:00:00+00:00,0.5999
2021-03-27 00:00:00+00:00,0.2621
2021-03-28 00:00:00+00:00,0.2614
2021-03-29 00:00:00+00:00,0.4985
2021-03-30 00:00:00+00:00,0.5545
2021-03-31 00:00:00+00:00,0.5217
2021-04-01 00:00:00+00:00,0.5761
2021-04-02 00:00:00+00:00,0.3982
2021-04-03 00:00:00+00:00,0.2271
2021-04-04 00:00:00+00:00,0.3317
2021-04-05 00:00:00+00:00,0.5657
2021-04-06 00:00:00+00:00,0.424
2021-04-07 00:00:00+00:00,0.6064
2021-04-08 00:00:00+00:00,0.5941
2021-04-09 00:00:00+00:00,0.5809
2021-04-10 00:00:00+00:00,0.2587
2021-04-11 00:00:00+00:00,0.2958
2021-04-12 00:00:00+00:00,0.6035
2021-04-13 00:00:00+00:00,0.7088
2021-04-14 00:00:00+00:00,0.6266
2021-04-15 00:00:00+00:00,0.7435
2021-04-16 00:00:00+00:00,0.5672
2021-04-17 00:00:00+00:00,0.3643
2021-04-18 00:00:00+00:00,0.2939
2021-04-19 00:00:00+00:00,0.5368
2021-04-20 00:00:00+00:00,0.4553
2021-04-21 00:00:00+00:00,0.5205
2021-04-22 00:00:00+00:00,0.5125
2021-04-23 00:00:00+00:00,0.476
2021-04-24 00:00:00+00:00,0.2102
2021-04-25 00:00:00+00:00,0.2908
2021-04-26 00:00:00+00:00,0.4546
2021-04-27 00:00:00+00:00,0.7516
2021-04-28 00:00:00+00:00,0.7774
2021-04-29 00:00:00+00:00,0.8026
2021-04-30 00:00:00+00:00,0.581
2021-05-01 00:00:00+00:00,0.4338
2021-05-02 00:00:00+00:00,0.4082
2021-05-03 00:00:00+00:00,0.7245
2021-05-04 00:00:00+00:00,0.5954
2021-05-05 00:00:00+00:00,0.5923
2021-05-06 00:00:00+00:00,0.6562
2021-05-07 00:00:00+00:00,0.8278
2021-05-08 00:00:00+00:00,0.3395
2021-05-09 00:00:00+00:00,0.3985
2021-05-10 00:00:00+00:00,0.6405
2021-05-11 00:00:00+00:00,0.6496
2021-05-12 00:00:00+00:00,0.9561
2021-05-13 00:00:00+00:00,1.0035
2021-05-14 00:00:00+00:00,0.7587
2021-05-15 00:00:00+00:00,0.3864
2021-05-16 00:00:00+00:00,0.3989
2021-05-17 00:00:00+00:00,0.6425
2021-05-18 00:00:00+00:00,0.6553
2021-05-19 00:00:00+00:00,0.753
2021-05-20 00:00:00+00:00,0.7296
2021-05-21 00:00:00+00:00,0.6229
2021-05-22 00:00:00+00:00,0.4105
2021-05-23 00:00:00+00:00,0.3712
2021-05-24 00:00:00+00:00,0.6591
2021-05-25 00:00:00+00:00,0.6406
2021-05-26 00:00:00+00:00,0.6049
2021-05-27 00:00:00+00:00,0.6629
2021-05-28 00:00:00+00:00,0.6311
2021-05-29 00:00:00+00:00,0.4116
2021-05-30 00:00:00+00:00,0.3252
2021-05-31 00:00:00+00:00,0.5346
2021-06-01 00:00:00+00:00,0.7395
2021-06-02 00:00:00+00:00,0.6982
2021-06-03 00:00:00+00:00,0.649
2021-06-04 00:00:00+00:00,0.9477
2021-06-05 00:00:00+00:00,0.433
2021-06-06 00:00:00+00:00,0.2992
2021-06-07 00:00:00+00:00,0.6274
2021-06-08 00:00:00+00:00,0.5732
2021-06-09 00:00:00+00:00,0.7114
2021-06-10 00:00:00+00:00,0.9307
2021-06-11 00:00:00+00:00,0.797
2021-06-12 00:00:00+00:00,0.469
2021-06-13 00:00:00+00:00,0.2992
2021-06-14 00:00:00+00:00,0.7607
2021-06-15 00:00:00+00:00,0.879
2021-06-16 00:00:00+00:00,1.006
2021-06-17 00:00:00+00:00,0.9789
2021-06-18 00:00:00+00:00,0.8467
2021-06-19 00:00:00+00:00,0.5571
2021-06-20 00:00:00+00:00,0.5157
2021-06-21 00:00:00+00:00,0.8751
2021-06-22 00:00:00+00:00,0.8701
2021-06-23 00:00:00+00:00,0.6811
2021-06-24 00:00:00+00:00,1.0141
2021-06-25 00:00:00+00:00,0.7273
2021-06-26 00:00:00+00:00,0.3427
2021-06-27 00:00:00+00:00,0.3347
2021-06-28 00:00:00+00:00,0.6445
2021-06-29 00:00:00+00:00,0.6447
2021-06-30 00:00:00+00:00,0.6171
2021-07-01 00:00:00+00:00,0.6761
2021-07-02 00:00:00+00:00,0.6671
2021-07-03 00:00:00+00:00,0.4112
2021-07-04 00:00:00+00:00,0.2795
2021-07-05 00:00:00+00:00,0.5398
2021-07-06 00:00:00+00:00,0.694
2021-07-07 00:00:00+00:00,0.7949
2021-07-08 00:00:00+00:00,0.884
2021-07-09 00:00:00+00:00,0.7211
2021-07-10 00:00:00+00:00,0.2603
2021-07-11 00:00:00+00:00,0.3039
2021-07-12 00:00:00+00:00,0.6916
2021-07-13 00:00:00+00:00,0.8177
2021-07-14 00:00:00+00:00,1.1166
2021-07-15 00:00:00+00:00,0.9274
2021-07-16 00:00:00+00:00,0.7112
2021-07-17 00:00:00+00:00,0.3979
2021-07-18 00:00:00+00:00,0.4123
2021-07-19 00:00:00+00:00,0.778
2021-07-20 00:00:00+00:00,0.7928
2021-07-21 00:00:00+00:00,0.8139
2021-07-22 00:00:00+00:00,1.0317
2021-07-23 00:00:00+00:00,0.6717
2021-07-24 00:00:00+00:00,0.3554
2021-07-25 00:00:00+00:00,0.317
2021-07-26 00:00:00+00:00,0.6196
2021-07-27 00:00:00+00:00,0.7742
2021-07-28 00:00:00+00:00,0.9084
2021-07-29 00:00:00+00:00,0.939
2021-07-30 00:00:00+00:00,0.7009
2021-07-31 00:00:00+00:00,0.4
2021-08-01 00:00:00+00:00,0.4938
2021-08-02 00:00:00+00:00,0.5593
2021-08-03 00:00:00+00:00,0.548
2021-08-04 00:00:00+00:00,0.5636
2021-08-05 00:00:00+00:00,0.6929
2021-08-06 00:00:00+00:00,0.8571
2021-08-07 00:00:00+00:00,0.2914
2021-08-08 00:00:00+00:00,0.2547
2021-08-09 00:00:00+00:00,0.8109
2021-08-10 00:00:00+00:00,0.7506
2021-08-11 00:00:00+00:00,1.0667
2021-08-12 00:00:00+00:00,0.906
2021-08-13 00:00:00+00:00,0.629
2021-08-14 00:00:00+00:00,0.2737
2021-08-15 00:00:00+00:00,0.2949
2021-08-16 00:00:00+00:00,0.5017
2021-08-17 00:00:00+00:00,0.5647
2021-08-18 00:00:00+00:00,1.066
2021-08-19 00:00:00+00:00,0.7876
2021-08-20 00:00:00+00:00,0.6978
2021-08-21 00:00:00+00:00,0.407
2021-08-22 00:00:00+00:00,0.3363
2021-08-23 00:00:00+00:00,0.6213
2021-08-24 00:00:00+00:00,0.659
2021-08-25 00:00:00+00:00,0.6824
2021-08-26 00:00:00+00:00,0.7249
2021-08-27 00:00:00+00:00,0.9677
2021-08-28 00:00:00+00:00,0.6639
2021-08-29 00:00:00+00:00,0.3928
2021-08-30 00:00:00+00:00,0.7204
2021-08-31 00:00:00+00:00,0.7455
2021-09-01 00:00:00+00:00,0.7748
2021-09-02 00:00:00+00:00,0.7223
2021-09-03 00:00:00+00:00,0.85
2021-09-04 00:00:00+00:00,0.3498
2021-09-05 00:00:00+00:00,0.2806
2021-09-06 00:00:00+00:00,0.5384
2021-09-07 00:00:00+00:00,0.6705
2021-09-08 00:00:00+00:00,0.7273
2021-09-09 00:00:00+00:00,0.8531
2021-09-10 00:00:00+00:00,0.7017
2021-09-11 00:00:00+00:00,0.3243
2021-09-12 00:00:00+00:00,0.3693
2021-09-13 00:00:00+00:00,0.6862
2021-09-14 00:00:00+00:00,0.7571
2021-09-15 00:00:00+00:00,0.7732
2021-09-16 00:00:00+00:00,0.7601
2021-09-17 00:00:00+00:00,0.8077
2021-09-18 00:00:00+00:00,0.4129
2021-09-19 00:00:00+00:00,0.3452
2021-09-20 00:00:00+00:00,0.9012
2021-09-21 00:00:00+00:00,0.8443
2021-09-22 00:00:00+00:00,0.9336
2021-09-23 00:00:00+00:00,0.9631
2021-09-24 00:00:00+00:00,0.5665
2021-09-25 00:00:00+00:00,0.3443
2021-09-26 00:00:00+00:00,0.4498
2021-09-27 00:00:00+00:00,0.6857
2021-09-28 00:00:00+00:00,0.7011
2021-09-29 00:00:00+00:00,0.8282
2021-09-30 00:00:00+00:00,0.8207
2021-10-01 00:00:00+00:00,0.8699
2021-10-02 00:00:00+00:00,0.52
2021-10-03 00:00:00+00:00,0.5848
2021-10-04 00:00:00+00:00,0.7029
2021-10-05 00:00:00+00:00,0.8521
2021-10-06 00:00:00+00:00,0.8654
2021-10-07 00:00:00+00:00,0.6943
2021-10-08 00:00:00+00:00,0.8575
2021-10-09 00:00:00+00:00,0.475
2021-10-10 00:00:00+00:00,0.4887
2021-10-11 00:00:00+00:00,0.718
2021-10-12 00:00:00+00:00,0.8665
2021-10-13 00:00:00+00:00,1.2754
2021-10-14 00:00:00+00:00,1.1401
2021-10-15 00:00:00+00:00,0.7421
2021-10-16 00:00:00+00:00,0.4194
2021-10-17 00:00:00+00:00,0.5587
2021-10-18 00:00:00+00:00,0.8119
2021-10-19 00:00:00+00:00,0.7203
2021-10-20 00:00:00+00:00,0.8895
2021-10-21 00:00:00+00:00,0.9455
2021-10-22 00:00:00+00:00,0.8334
2021-10-23 00:00:00+00:00,0.5044
2021-10-24 00:00:00+00:00,0.447
2021-10-25 00:00:00+00:00,0.8443
2021-10-26 00:00:00+00:00,0.8104
2021-10-27 00:00:00+00:00,1.0802
2021-10-28 00:00:00+00:00,1.0372
2021-10-29 00:00:00+00:00,0.9443
2021-10-30 00:00:00+00:00,0.4782
2021-10-31 00:00:00+00:00,0.6758
2021-11-01 00:00:00+00:00,0.9317
2021-11-02 00:00:00+00:00,0.9061
2021-11-03 00:00:00+00:00,1.2787
2021-11-04 00:00:00+00:00,1.2203
2021-11-05 00:00:00+00:00,0.9572
2021-11-06 00:00:00+00:00,0.5591
2021-11-07 00:00:00+00:00,0.4524
2021-11-08 00:00:00+00:00,0.7377
2021-11-09 00:00:00+00:00,0.9715
2021-11-10 00:00:00+00:00,1.2045
2021-11-11 00:00:00+00:00,1.2243
2021-11-12 00:00:00+00:00,1.0234
2021-11-13 00:00:00+00:00,0.7071
2021-11-14 00:00:00+00:00,0.8125
2021-11-15 00:00:00+00:00,1.2313
2021-11-16 00:00:00+00:00,1.2097
2021-11-17 00:00:00+00:00,1.094
2021-11-18 00:00:00+00:00,1.1479
2021-11-19 00:00:00+00:00,1.2814
2021-11-20 00:00:00+00:00,0.697
2021-11-21 00:00:00+00:00,0.849
2021-11-22 00:00:00+00:00,1.2138
2021-11-23 00:00:00+00:00,1.4
2021-11-24 00:00:00+00:00,1.2474
2021-11-25 00:00:00+00:00,0.8958
2021-11-26 00:00:00+00:00,0.8924
2021-11-27 00:00:00+00:00,0.6814
2021-11-28 00:00:00+00:00,0.5582
2021-11-29 00:00:00+00:00,0.7332
2021-11-30 00:00:00+00:00,1.0349
2021-12-01 00:00:00+00:00,1.12
2021-12-02 00:00:00+00:00,0.9714
2021-12-03 00:00:00+00:00,1.0919
2021-12-04 00:00:00+00:00,0.5815
2021-12-05 00:00:00+00:00,0.4414
2021-12-06 00:00:00+00:00,0.9127
2021-12-07 00:00:00+00:00,0.9164
2021-12-08 00:00:00+00:00,0.917
2021-12-09 00:00:00+00:00,0.8793
2021-12-10 00:00:00+00:00,1.0964
2021-12-11 00:00:00+00:00,0.7083
2021-12-12 00:00:00+00:00,0.7167
2021-12-13 00:00:00+00:00,1.0319
2021-12-14 00:00:00+00:00,1.0323
2021-12-15 00:00:00+00:00,1.1388
2021-12-16 00:00:00+00:00,1.3335
2021-12-17 00:00:00+00:00,1.1603
2021-12-18 00:00:00+00:00,0.7075
2021-12-19 00:00:00+00:00,0.9125
2021-12-20 00:00:00+00:00,1.1402
2021-12-21 00:00:00+00:00,0.8758
2021-12-22 00:00:00+00:00,0.9571
2021-12-23 00:00:00+00:00,0.9084
2021-12-24 00:00:00+00:00,0.6022
2021-12-25 00:00:00+00:00,0.3618
2021-12-26 00:00:00+00:00,0.6887
2021-12-27 00:00:00+00:00,0.7289
2021-12-28 00:00:00+00:00,0.6404
2021-12-29 00:00:00+00:00,0.8528
2021-12-30 00:00:00+00:00,0.7677
2021-12-31 00:00:00+00:00,0.8513
2022-01-01 00:00:00+00:00,0.6967
2022-01-02 00:00:00+00:00,0.7015
2022-01-03 00:00:00+00:00,0.9573
2022-01-04 00:00:00+00:00,0.9776
2022-01-05 00:00:00+00:00,0.9622
2022-01-06 00:00:00+00:00,1.1433
2022-01-07 00:00:00+00:00,1.3493
2022-01-08 00:00:00+00:00,0.7191
2022-01-09 00:00:00+00:00,0.6266
2022-01-10 00:00:00+00:00,1.0356
2022-01-11 00:00:00+00:00,1.1768
2022-01-12 00:00:00+00:00,1.3656
2022-01-13 00:00:00+00:00,1.1666
2022-01-14 00:00:00+00:00,1.3512
2022-01-15 00:00:00+00:00,1.0915
2022-01-16 00:00:00+00:00,0.8441
2022-01-17 00:00:00+00:00,0.9511
2022-01-18 00:00:00+00:00,1.21
2022-01-19 00:00:00+00:00,1.3282
2022-01-20 00:00:00+00:00,1.4342
2022-01-21 00:00:00+00:00,1.2582
2022-01-22 00:00:00+00:00,0.8908
2022-01-23 00:00:00+00:00,0.7873
2022-01-24 00:00:00+00:00,1.2777
2022-01-25 00:00:00+00:00,1.6023
2022-01-26 00:00:00+00:00,1.4364
2022-01-27 00:00:00+00:00,1.6415
2022-01-28 00:00:00+00:00,1.3541
2022-01-29 00:00:00+00:00,0.8638
2022-01-30 00:00:00+00:00,0.719
2022-01-31 00:00:00+00:00,1.1657
2022-02-01 00:00:00+00:00,1.1814
2022-02-02 00:00:00+00:00,1.2718
2022-02-03 00:00:00+00:00,1.364
2022-02-04 00:00:00+00:00,1.3578
2022-02-05 00:00:00+00:00,0.5885
2022-02-06 00:00:00+00:00,0.7127
2022-02-07 00:00:00+00:00,0.906
2022-02-08 00:00:00+00:00,1.0227
2022-02-09 00:00:00+00:00,1.0062
2022-02-10 00:00:00+00:00,1.6077
2022-02-11 00:00:00+00:00,1.2896
2022-02-12 00:00:00+00:00,0.9036
2022-02-13 00:00:00+00:00,0.8514
2022-02-14 00:00:00+00:00,1.1365
2022-02-15 00:00:00+00:00,1.1499
2022-02-16 00:00:00+00:00,1.2943
2022-02-17 00:00:00+00:00,1.0872
2022-02-18 00:00:00+00:00,1.0101
2022-02-19 00:00:00+00:00,0.7278
2022-02-20 00:00:00+00:00,0.5877
2022-02-21 00:00:00+00:00,0.7159
2022-02-22 00:00:00+00:00,1.0821
2022-02-23 00:00:00+00:00,1.1767
2022-02-24 00:00:00+00:00,1.5629
2022-02-25 00:00:00+00:00,1.3876
2022-02-26 00:00:00+00:00,0.8406
2022-02-27 00:00:00+00:00,0.8364
2022-02-28 00:00:00+00:00,1.4521
2022-03-01 00:00:00+00:00,1.5378
2022-03-02 00:00:00+00:00,2.0913
2022-03-03 00:00:00+00:00,1.207
2022-03-04 00:00:00+00:00,1.2554
2022-03-05 00:00:00+00:00,0.7397
2022-03-06 00:00:00+00:00,0.9801
2022-03-07 00:00:00+00:00,1.3104
2022-03-08 00:00:00+00:00,1.6552
2022-03-09 00:00:00+00:00,1.4076
2022-03-10 00:00:00+00:00,1.8169
2022-03-11 00:00:00+00:00,1.7018
2022-03-12 00:00:00+00:00,1.0496
2022-03-13 00:00:00+00:00,0.838
2022-03-14 00:00:00+00:00,1.3834
2022-03-15 00:00:00+00:00,1.49
2022-03-16 00:00:00+00:00,1.5513
2022-03-17 00:00:00+00:00,1.542
2022-03-18 00:00:00+00:00,1.248
2022-03-19 00:00:00+00:00,0.7505
2022-03-20 00:00:00+00:00,0.8849
2022-03-21 00:00:00+00:00,1.3202
2022-03-22 00:00:00+00:00,1.1671
2022-03-23 00:00:00+00:00,1.575
2022-03-24 00:00:00+00:00,1.456
2022-03-25 00:00:00+00:00,1.1161
2022-03-26 00:00:00+00:00,0.8508
2022-03-27 00:00:00+00:00,0.8545
2022-03-28 00:00:00+00:00,1.1106
2022-03-29 00:00:00+00:00,1.2841
2022-03-30 00:00:00+00:00,1.185
2022-03-31 00:00:00+00:00,1.5254
2022-04-01 00:00:00+00:00,1.6554
2022-04-02 00:00:00+00:00,1.0616
2022-04-03 00:00:00+00:00,1.1863
2022-04-04 00:00:00+00:00,1.2734
2022-04-05 00:00:00+00:00,1.4415
2022-04-06 00:00:00+00:00,1.4501
2022-04-07 00:00:00+00:00,1.4106
2022-04-08 00:00:00+00:00,1.4285
2022-04-09 00:00:00+00:00,0.8902
2022-04-10 00:00:00+00:00,1.2311
2022-04-11 00:00:00+00:00,1.4293
2022-04-12 00:00:00+00:00,1.6646
2022-04-13 00:00:00+00:00,1.942
2022-04-14 00:00:00+00:00,1.5196
2022-04-15 00:00:00+00:00,1.1329
2022-04-16 00:00:00+00:00,0.7904
2022-04-17 00:00:00+00:00,0.6856
2022-04-18 00:00:00+00:00,1.2637
2022-04-19 00:00:00+00:00,1.4943
2022-04-20 00:00:00+00:00,1.5348
2022-04-21 00:00:00+00:00,1.5596
2022-04-22 00:00:00+00:00,1.3686
2022-04-23 00:00:00+00:00,0.971
2022-04-24 00:00:00+00:00,0.8899
2022-04-25 00:00:00+00:00,1.3704
2022-04-26 00:00:00+00:00,1.4743
2022-04-27 00:00:00+00:00,1.6449
2022-04-28 00:00:00+00:00,1.725
2022-04-29 00:00:00+00:00,1.8203
2022-04-30 00:00:00+00:00,1.1545
2022-05-01 00:00:00+00:00,1.3964
2022-05-02 00:00:00+00:00,1.6664
2022-05-03 00:00:00+00:00,1.9018
2022-05-04 00:00:00+00:00,2.2485
2022-05-05 00:00:00+00:00,2.3835
2022-05-06 00:00:00+00:00,1.814
2022-05-07 00:00:00+00:00,1.2336
2022-05-08 00:00:00+00:00,1.1175
2022-05-09 00:00:00+00:00,1.7438
2022-05-10 00:00:00+00:00,1.961
2022-05-11 00:00:00+00:00,2.1544
2022-05-12 00:00:00+00:00,2.0879
2022-05-13 00:00:00+00:00,1.7127
2022-05-14 00:00:00+00:00,1.268
2022-05-15 00:00:00+00:00,1.0461
2022-05-16 00:00:00+00:00,1.5519
2022-05-17 00:00:00+00:00,1.7139
2022-05-18 00:00:00+00:00,2.0706
2022-05-19 00:00:00+00:00,2.0217
2022-05-20 00:00:00+00:00,2.0187
2022-05-21 00:00:00+00:00,1.5926
2022-05-22 00:00:00+00:00,1.352
2022-05-23 00:00:00+00:00,1.676
2022-05-24 00:00:00+00:00,1.6597
2022-05-25 00:00:00+00:00,1.5824
2022-05-26 00:00:00+00:00,1.9197
2022-05-27 00:00:00+00:00,1.4408
2022-05-28 00:00:00+00:00,1.0267
2022-05-29 00:00:00+00:00,1.0656
2022-05-30 00:00:00+00:00,1.418
2022-05-31 00:00:00+00:00,1.6004
2022-06-01 00:00:00+00:00,1.6029
2022-06-02 00:00:00+00:00,1.5086
2022-06-03 00:00:00+00:00,1.7331
2022-06-04 00:00:00+00:00,0.9193
2022-06-05 00:00:00+00:00,0.9664
2022-06-06 00:00:00+00:00,1.8475
2022-06-07 00:00:00+00:00,1.8345
2022-06-08 00:00:00+00:00,2.0628
2022-06-09 00:00:00+00:00,1.9969
2022-06-10 00:00:00+00:00,2.1101
2022-06-11 00:00:00+00:00,1.7485
2022-06-12 00:00:00+00:00,1.3231
2022-06-13 00:00:00+00:00,1.9444
2022-06-14 00:00:00+00:00,2.2906
2022-06-15 00:00:00+00:00,2.4419
2022-06-16 00:00:00+00:00,2.2563
2022-06-17 00:00:00+00:00,1.9962
2022-06-18 00:00:00+00:00,1.703
2022-06-19 00:00:00+00:00,1.7131
2022-06-20 00:00:00+00:00,1.894
2022-06-21 00:00:00+00:00,2.0313
2022-06-22 00:00:00+00:00,2.2455
2022-06-23 00:00:00+00:00,2.0112
2022-06-24 00:00:00+00:00,1.6926
2022-06-25 00:00:00+00:00,1.2942
2022-06-26 00:00:00+00:00,1.6784
2022-06-27 00:00:00+00:00,1.7622
2022-06-28 00:00:00+00:00,1.6118
2022-06-29 00:00:00+00:00,1.795
2022-06-30 00:00:00+00:00,1.9346
2022-07-01 00:00:00+00:00,1.764
2022-07-02 00:00:00+00:00,1.1133
2022-07-03 00:00:00+00:00,1.1834
2022-07-04 00:00:00+00:00,1.3615
2022-07-05 00:00:00+00:00,1.8702
2022-07-06 00:00:00+00:00,2.2707
2022-07-07 00:00:00+00:00,2.0663
2022-07-08 00:00:00+00:00,1.9614
2022-07-09 00:00:00+00:00,1.4548
2022-07-10 00:00:00+00:00,1.2734
2022-07-11 00:00:00+00:00,1.7311
2022-07-12 00:00:00+00:00,2.0277
2022-07-13 00:00:00+00:00,2.6169
2022-07-14 00:00:00+00:00,2.4682
2022-07-15 00:00:00+00:00,2.389
2022-07-16 00:00:00+00:00,1.8254
2022-07-17 00:00:00+00:00,1.5602
2022-07-18 00:00:00+00:00,1.9705
2022-07-19 00:00:00+00:00,2.1676
2022-07-20 00:00:00+00:00,2.3111
2022-07-21 00:00:00+00:00,2.3651
2022-07-22 00:00:00+00:00,2.0173
2022-07-23 00:00:00+00:00,1.4899
2022-07-24 00:00:00+00:00,1.3489
2022-07-25 00:00:00+00:00,2.0227
2022-07-26 00:00:00+00:00,2.3735
2022-07-27 00:00:00+00:00,2.8473
2022-07-28 00:00:00+00:00,3.1218
2022-07-29 00:00:00+00:00,2.537
2022-07-30 00:00:00+00:00,1.8817
2022-07-31 00:00:00+00:00,1.4434
2022-08-01 00:00:00+00:00,2.0554
2022-08-02 00:00:00+00:00,1.9433
2022-08-03 00:00:00+00:00,2.2776
2022-08-04 00:00:00+00:00,2.3341
2022-08-05 00:00:00+00:00,2.6374
2022-08-06 00:00:00+00:00,1.8313
2022-08-07 00:00:00+00:00,2.2585
2022-08-08 00:00:00+00:00,2.3518
2022-08-09 00:00:00+00:00,2.2343
2022-08-10 00:00:00+00:00,2.408
2022-08-11 00:00:00+00:00,2.3983
2022-08-12 00:00:00+00:00,2.2919
2022-08-13 00:00:00+00:00,1.769
2022-08-14 00:00:00+00:00,1.3843
2022-08-15 00:00:00+00:00,2.2398
2022-08-16 00:00:00+00:00,2.2995
2022-08-17 00:00:00+00:00,2.5402
2022-08-18 00:00:00+00:00,2.0908
2022-08-19 00:00:00+00:00,2.1314
2022-08-20 00:00:00+00:00,1.4868
2022-08-21 00:00:00+00:00,1.5219
2022-08-22 00:00:00+00:00,2.1709
2022-08-23 00:00:00+00:00,2.2028
2022-08-24 00:00:00+00:00,2.3247
2022-08-25 00:00:00+00:00,2.3713
2022-08-26 00:00:00+00:00,2.4292
2022-08-27 00:00:00+00:00,1.7279
2022-08-28 00:00:00+00:00,1.3932
2022-08-29 00:00:00+00:00,1.8475
2022-08-30 00:00:00+00:00,1.9339
2022-08-31 00:00:00+00:00,2.0136
2022-09-01 00:00:00+00:00,1.9076
2022-09-02 00:00:00+00:00,2.208
2022-09-03 00:00:00+00:00,1.4677
2022-09-04 00:00:00+00:00,1.7951
2022-09-05 00:00:00+00:00,1.9424
2022-09-06 00:00:00+00:00,2.4745
2022-09-07 00:00:00+00:00,1.9647
2022-09-08 00:00:00+00:00,1.9242
2022-09-09 00:00:00+00:00,1.8343
2022-09-10 00:00:00+00:00,1.0762
2022-09-11 00:00:00+00:00,0.9658
2022-09-12 00:00:00+00:00,1.7954
2022-09-13 00:00:00+00:00,2.2813
2022-09-14 00:00:00+00:00,2.6355
2022-09-15 00:00:00+00:00,2.2863
2022-09-16 00:00:00+00:00,1.9099
2022-09-17 00:00:00+00:00,1.3376
2022-09-18 00:00:00+00:00,1.139
2022-09-19 00:00:00+00:00,1.4566
2022-09-20 00:00:00+00:00,1.9608
2022-09-21 00:00:00+00:00,2.4769
2022-09-22 00:00:00+00:00,2.6405
2022-09-23 00:00:00+00:00,2.441
2022-09-24 00:00:00+00:00,1.5216
2022-09-25 00:00:00+00:00,1.5591
2022-09-26 00:00:00+00:00,2.3328
2022-09-27 00:00:00+00:00,2.2516
2022-09-28 00:00:00+00:00,2.2977
2022-09-29 00:00:00+00:00,2.1685
2022-09-30 00:00:00+00:00,2.2063
2022-10-01 00:00:00+00:00,1.5928
2022-10-02 00:00:00+00:00,1.6529
2022-10-03 00:00:00+00:00,2.1554
2022-10-04 00:00:00+00:00,2.0873
2022-10-05 00:00:00+00:00,2.1724
2022-10-06 00:00:00+00:00,2.1455
2022-10-07 00:00:00+00:00,2.1842
2022-10-08 00:00:00+00:00,1.3061
2022-10-09 00:00:00+00:00,1.5217
2022-10-10 00:00:00+00:00,1.9434
2022-10-11 00:00:00+00:00,1.9525
2022-10-12 00:00:00+00:00,2.4174
2022-10-13 00:00:00+00:00,2.691
2022-10-14 00:00:00+00:00,2.3471
2022-10-15 00:00:00+00:00,1.9565
2022-10-16 00:00:00+00:00,1.7179
2022-10-17 00:00:00+00:00,2.0538
2022-10-18 00:00:00+00:00,2.2447
2022-10-19 00:00:00+00:00,2.8856
2022-10-20 00:00:00+00:00,2.3053
2022-10-21 00:00:00+00:00,2.1097
2022-10-22 00:00:00+00:00,1.7367
2022-10-23 00:00:00+00:00,1.8811
2022-10-24 00:00:00+00:00,2.1726
2022-10-25 00:00:00+00:00,2.3353
2022-10-26 00:00:00+00:00,2.304
2022-10-27 00:00:00+00:00,2.8296
2022-10-28 00:00:00+00:00,2.3587
2022-10-29 00:00:00+00:00,1.4898
2022-10-30 00:00:00+00:00,1.6931
2022-10-31 00:00:00+00:00,2.4177
2022-11-01 00:00:00+00:00,2.3278
2022-11-02 00:00:00+00:00,2.822
2022-11-03 00:00:00+00:00,3.1088
2022-11-04 00:00:00+00:00,2.3825
2022-11-05 00:00:00+00:00,1.7951
2022-11-06 00:00:00+00:00,1.9772
2022-11-07 00:00:00+00:00,2.3035
2022-11-08 00:00:00+00:00,2.4379
2022-11-09 00:00:00+00:00,3.641
2022-11-10 00:00:00+00:00,2.9684
2022-11-11 00:00:00+00:00,2.4083
2022-11-12 00:00:00+00:00,2.0032
2022-11-13 00:00:00+00:00,1.8848
2022-11-14 00:00:00+00:00,1.908
2022-11-15 00:00:00+00:00,2.1313
2022-11-16 00:00:00+00:00,2.1958
2022-11-17 00:00:00+00:00,2.4086
2022-11-18 00:00:00+00:00,1.8345
2022-11-19 00:00:00+00:00,1.2015
2022-11-20 00:00:00+00:00,1.4837
2022-11-21 00:00:00+00:00,1.653
2022-11-22 00:00:00+00:00,1.7609
2022-11-23 00:00:00+00:00,1.8069
2022-11-24 00:00:00+00:00,1.8984
2022-11-25 00:00:00+00:00,1.8437
2022-11-26 00:00:00+00:00,1.3334
2022-11-27 00:00:00+00:00,1.0049
2022-11-28 00:00:00+00:00,1.6084
2022-11-29 00:00:00+00:00,1.7008
2022-11-30 00:00:00+00:00,2.0197
2022-12-01 00:00:00+00:00,2.1679
2022-12-02 00:00:00+00:00,2.0676
2022-12-03 00:00:00+00:00,1.392
2022-12-04 00:00:00+00:00,1.0711
2022-12-05 00:00:00+00:00,1.5926
2022-12-06 00:00:00+00:00,1.7562
2022-12-07 00:00:00+00:00,1.894
2022-12-08 00:00:00+00:00,1.5097
2022-12-09 00:00:00+00:00,1.6162
2022-12-10 00:00:00+00:00,1.2884
2022-12-11 00:00:00+00:00,0.8484
2022-12-12 00:00:00+00:00,1.8855
2022-12-13 00:00:00+00:00,1.9786
2022-12-14 00:00:00+00:00,2.1649
2022-12-15 00:00:00+00:00,2.6306
2022-12-16 00:00:00+00:00,2.032
2022-12-17 00:00:00+00:00,1.2756
2022-12-18 00:00:00+00:00,1.2551
2022-12-19 00:00:00+00:00,1.708
2022-12-20 00:00:00+00:00,1.9512
2022-12-21 00:00:00+00:00,1.7613
2022-12-22 00:00:00+00:00,2.0241
2022-12-23 00:00:00+00:00,1.8441
2022-12-24 00:00:00+00:00,1.2804
2022-12-25 00:00:00+00:00,0.8707
2022-12-26 00:00:00+00:00,1.1204
2022-12-27 00:00:00+00:00,1.482
2022-12-28 00:00:00+00:00,1.3428
2022-12-29 00:00:00+00:00,1.4109
2022-12-30 00:00:00+00:00,1.6414
2022-12-31 00:00:00+00:00,1.6099
2023-01-01 00:00:00+00:00,1.6859
2023-01-02 00:00:00+00:00,1.4042
2023-01-03 00:00:00+00:00,1.7797
2023-01-04 00:00:00+00:00,2.1202
2023-01-05 00:00:00+00:00,1.879
2023-01-06 00:00:00+00:00,1.9865
2023-01-07 00:00:00+00:00,1.1698
2023-01-08 00:00:00+00:00,1.0353
2023-01-09 00:00:00+00:00,1.5716
2023-01-10 00:00:00+00:00,1.9493
2023-01-11 00:00:00+00:00,1.9509
2023-01-12 00:00:00+00:00,1.8057
2023-01-13 00:00:00+00:00,1.9733
2023-01-14 00:00:00+00:00,0.9922
2023-01-15 00:00:00+00:00,1.1
2023-01-16 00:00:00+00:00,1.6466
2023-01-17 00:00:00+00:00,1.7346
2023-01-18 00:00:00+00:00,2.0443
2023-01-19 00:00:00+00:00,2.0107
2023-01-20 00:00:00+00:00,1.8423
2023-01-21 00:00:00+00:00,1.2068
2023-01-22 00:00:00+00:00,1.4356
2023-01-23 00:00:00+00:00,1.7379
2023-01-24 00:00:00+00:00,1.5902
2023-01-25 00:00:00+00:00,1.842
2023-01-26 00:00:00+00:00,1.9346
2023-01-27 00:00:00+00:00,1.667
2023-01-28 00:00:00+00:00,1.1103
2023-01-29 00:00:00+00:00,1.0046
2023-01-30 00:00:00+00:00,1.715
2023-01-31 00:00:00+00:00,2.217
2023-02-01 00:00:00+00:00,2.1664
2023-02-02 00:00:00+00:00,2.4225
2023-02-03 00:00:00+00:00,1.801
2023-02-04 00:00:00+00:00,1.2585
2023-02-05 00:00:00+00:00,1.3626
2023-02-06 00:00:00+00:00,1.4804
2023-02-07 00:00:00+00:00,1.8888
2023-02-08 00:00:00+00:00,2.3216
2023-02-09 00:00:00+00:00,1.8827
2023-02-10 00:00:00+00:00,1.8039
2023-02-11 00:00:00+00:00,1.1255
2023-02-12 00:00:00+00:00,1.4676
2023-02-13 00:00:00+00:00,1.5037
2023-02-14 00:00:00+00:00,1.9408
2023-02-15 00:00:00+00:00,2.0836
2023-02-16 00:00:00+00:00,1.6318
2023-02-17 00:00:00+00:00,1.6993
2023-02-18 00:00:00+00:00,1.2392
2023-02-19 00:00:00+00:00,1.1709
2023-02-20 00:00:00+00:00,1.2522
2023-02-21 00:00:00+00:00,1.6517
2023-02-22 00:00:00+00:00,1.8718
2023-02-23 00:00:00+00:00,1.7688
2023-02-24 00:00:00+00:00,1.7705
2023-02-25 00:00:00+00:00,1.4492
2023-02-26 00:00:00+00:00,1.1383
2023-02-27 00:00:00+00:00,1.4431
2023-02-28 00:00:00+00:00,1.7607
2023-03-01 00:00:00+00:00,1.6513
2023-03-02 00:00:00+00:00,1.5829
2023-03-03 00:00:00+00:00,1.4996
2023-03-04 00:00:00+00:00,1.1853
2023-03-05 00:00:00+00:00,1.2181
2023-03-06 00:00:00+00:00,1.5403
2023-03-07 00:00:00+00:00,1.9229
2023-03-08 00:00:00+00:00,1.8732
2023-03-09 00:00:00+00:00,1.6267
2023-03-10 00:00:00+00:00,1.8146
2023-03-11 00:00:00+00:00,1.6529
2023-03-12 00:00:00+00:00,1.3771
2023-03-13 00:00:00+00:00,2.4302
2023-03-14 00:00:00+00:00,2.3541
2023-03-15 00:00:00+00:00,2.4515
2023-03-16 00:00:00+00:00,2.0136
2023-03-17 00:00:00+00:00,1.665
2023-03-18 00:00:00+00:00,1.1855
2023-03-19 00:00:00+00:00,1.2907
2023-03-20 00:00:00+00:00,1.6247
2023-03-21 00:00:00+00:00,1.7111
2023-03-22 00:00:00+00:00,1.5921
2023-03-24 00:00:00+00:00,1.6627
2023-03-25 00:00:00+00:00,1.2072
2023-03-26 00:00:00+00:00,1.2119
2023-03-27 00:00:00+00:00,1.697
2023-03-28 00:00:00+00:00,1.8185
2023-03-29 00:00:00+00:00,1.808
2023-03-30 00:00:00+00:00,1.6207
2023-03-31 00:00:00+00:00,1.7993
2023-04-01 00:00:00+00:00,1.3813
2023-04-02 00:00:00+00:00,1.099
2023-04-03 00:00:00+00:00,1.8432
2023-04-04 00:00:00+00:00,1.7744
2023-04-05 00:00:00+00:00,1.5709
2023-04-06 00:00:00+00:00,1.651
2023-04-07 00:00:00+00:00,1.6136
2023-04-08 00:00:00+00:00,0.9197
2023-04-09 00:00:00+00:00,0.9396
2023-04-10 00:00:00+00:00,1.4959
2023-04-11 00:00:00+00:00,1.9287
2023-04-12 00:00:00+00:00,1.9449
2023-04-13 00:00:00+00:00,1.6815
2023-04-14 00:00:00+00:00,1.7463
2023-04-15 00:00:00+00:00,0.9539
2023-04-16 00:00:00+00:00,1.1608
2023-04-17 00:00:00+00:00,1.6114
2023-04-18 00:00:00+00:00,1.5865
2023-04-19 00:00:00+00:00,1.944
2023-04-20 00:00:00+00:00,1.5762
2023-04-21 00:00:00+00:00,1.4747
2023-04-22 00:00:00+00:00,0.9213
2023-04-23 00:00:00+00:00,0.9983
2023-04-24 00:00:00+00:00,1.4241
2023-04-25 00:00:00+00:00,1.6912
2023-04-26 00:00:00+00:00,1.5791
2023-04-27 00:00:00+00:00,1.6727
2023-04-28 00:00:00+00:00,1.7511
2023-04-29 00:00:00+00:00,0.9808
2023-04-30 00:00:00+00:00,1.1009
2023-05-01 00:00:00+00:00,2.0275
2023-05-02 00:00:00+00:00,1.8702
2023-05-03 00:00:00+00:00,2.0101
2023-05-04 00:00:00+00:00,1.8575
2023-05-05 00:00:00+00:00,1.8209
2023-05-06 00:00:00+00:00,1.0124
2023-05-07 00:00:00+00:00,0.9457
2023-05-08 00:00:00+00:00,1.55
2023-05-09 00:00:00+00:00,1.6139
2023-05-10 00:00:00+00:00,1.7545
2023-05-11 00:00:00+00:00,1.879
2023-05-12 00:00:00+00:00,1.5198
2023-05-13 00:00:00+00:00,1.0996
2023-05-14 00:00:00+00:00,1.1443
2023-05-15 00:00:00+00:00,1.5616
2023-05-16 00:00:00+00:00,1.6469
2023-05-17 00:00:00+00:00,1.421
2023-05-18 00:00:00+00:00,1.4417
2023-05-19 00:00:00+00:00,1.3634
2023-05-20 00:00:00+00:00,0.8558
2023-05-21 00:00:00+00:00,0.7699
2023-05-22 00:00:00+00:00,1.4099
2023-05-23 00:00:00+00:00,1.4414
2023-05-24 00:00:00+00:00,1.7378
2023-05-25 00:00:00+00:00,1.5169
2023-05-26 00:00:00+00:00,1.3215
2023-05-27 00:00:00+00:00,1.0321
2023-05-28 00:00:00+00:00,1.3321
2023-05-29 00:00:00+00:00,1.2943
2023-05-30 00:00:00+00:00,1.1919
2023-05-31 00:00:00+00:00,1.4744
2023-06-01 00:00:00+00:00,1.7637
2023-06-02 00:00:00+00:00,1.7337
2023-06-03 00:00:00+00:00,1.0705
2023-06-04 00:00:00+00:00,0.9672
2023-06-05 00:00:00+00:00,1.388
2023-06-06 00:00:00+00:00,1.6086
2023-06-07 00:00:00+00:00,1.6138
2023-06-08 00:00:00+00:00,1.513
2023-06-09 00:00:00+00:00,1.5096
2023-06-10 00:00:00+00:00,0.7513
2023-06-11 00:00:00+00:00,0.6825
2023-06-12 00:00:00+00:00,1.3863
2023-06-13 00:00:00+00:00,1.6259
2023-06-14 00:00:00+00:00,1.7752
2023-06-15 00:00:00+00:00,1.734
2023-06-16 00:00:00+00:00,1.3973
2023-06-17 00:00:00+00:00,1.1317
2023-06-18 00:00:00+00:00,0.8737
2023-06-19 00:00:00+00:00,1.2817
2023-06-20 00:00:00+00:00,1.2894
2023-06-21 00:00:00+00:00,1.4595
2023-06-22 00:00:00+00:00,1.7757
2023-06-23 00:00:00+00:00,1.5023
2023-06-24 00:00:00+00:00,0.7956
2023-06-25 00:00:00+00:00,0.8858
2023-06-26 00:00:00+00:00,1.1938
2023-06-27 00:00:00+00:00,1.3796
2023-06-28 00:00:00+00:00,1.6089
2023-06-29 00:00:00+00:00,1.58
2023-06-30 00:00:00+00:00,1.5056
2023-07-01 00:00:00+00:00,0.9729
2023-07-02 00:00:00+00:00,0.8175
2023-07-03 00:00:00+00:00,1.2628
2023-07-04 00:00:00+00:00,1.3186
2023-07-05 00:00:00+00:00,1.4659
2023-07-06 00:00:00+00:00,1.484
2023-07-07 00:00:00+00:00,1.5647
2023-07-08 00:00:00+00:00,0.863
2023-07-09 00:00:00+00:00,0.8736
2023-07-10 00:00:00+00:00,1.2246
2023-07-11 00:00:00+00:00,1.226
2023-07-12 00:00:00+00:00,1.7192
2023-07-13 00:00:00+00:00,1.8758
2023-07-14 00:00:00+00:00,1.781
2023-07-15 00:00:00+00:00,0.8829
2023-07-16 00:00:00+00:00,0.8343
2023-07-17 00:00:00+00:00,1.432
2023-07-18 00:00:00+00:00,1.3229
2023-07-19 00:00:00+00:00,1.6488
2023-07-20 00:00:00+00:00,1.5425
2023-07-21 00:00:00+00:00,1.2728
2023-07-22 00:00:00+00:00,0.8924
2023-07-23 00:00:00+00:00,1.22
2023-07-24 00:00:00+00:00,1.5041
2023-07-25 00:00:00+00:00,1.3772
2023-07-26 00:00:00+00:00,1.7347
2023-07-27 00:00:00+00:00,1.6778
2023-07-28 00:00:00+00:00,1.4989
2023-07-29 00:00:00+00:00,0.8888
2023-07-30 00:00:00+00:00,0.8492
2023-07-31 00:00:00+00:00,1.4981
2023-08-01 00:00:00+00:00,1.5938
2023-08-02 00:00:00+00:00,1.5566
2023-08-03 00:00:00+00:00,1.4457
2023-08-04 00:00:00+00:00,1.5079
2023-08-05 00:00:00+00:00,0.9018
2023-08-06 00:00:00+00:00,0.793
2023-08-07 00:00:00+00:00,1.3112
2023-08-08 00:00:00+00:00,1.6555
2023-08-09 00:00:00+00:00,1.4302
2023-08-10 00:00:00+00:00,1.7316
2023-08-11 00:00:00+00:00,1.4488
2023-08-12 00:00:00+00:00,0.583
2023-08-13 00:00:00+00:00,0.7059
2023-08-14 00:00:00+00:00,1.3499
2023-08-15 00:00:00+00:00,1.7689
2023-08-16 00:00:00+00:00,1.8342
2023-08-17 00:00:00+00:00,1.6606
2023-08-18 00:00:00+00:00,1.2768
2023-08-19 00:00:00+00:00,0.7072
2023-08-20 00:00:00+00:00,0.727
2023-08-21 00:00:00+00:00,1.2506
2023-08-22 00:00:00+00:00,1.2585
2023-08-23 00:00:00+00:00,1.2284
2023-08-24 00:00:00+00:00,1.3081
2023-08-25 00:00:00+00:00,1.5124
2023-08-26 00:00:00+00:00,0.7907
2023-08-27 00:00:00+00:00,0.8947
2023-08-28 00:00:00+00:00,1.035
2023-08-29 00:00:00+00:00,1.4715
2023-08-30 00:00:00+00:00,1.3253
2023-08-31 00:00:00+00:00,1.5439
2023-09-01 00:00:00+00:00,1.4861
2023-09-02 00:00:00+00:00,0.7673
2023-09-03 00:00:00+00:00,0.7633
2023-09-04 00:00:00+00:00,0.956
2023-09-05 00:00:00+00:00,1.1861
2023-09-06 00:00:00+00:00,1.1693
2023-09-07 00:00:00+00:00,1.2741
2023-09-08 00:00:00+00:00,1.3302
2023-09-09 00:00:00+00:00,0.8723
2023-09-10 00:00:00+00:00,0.7965
2023-09-11 00:00:00+00:00,1.3574
2023-09-12 00:00:00+00:00,1.6085
2023-09-13 00:00:00+00:00,1.6914
2023-09-14 00:00:00+00:00,1.4085
2023-09-15 00:00:00+00:00,1.544
2023-09-16 00:00:00+00:00,1.0942
2023-09-17 00:00:00+00:00,1.1232
2023-09-18 00:00:00+00:00,1.4497
2023-09-19 00:00:00+00:00,1.4035
2023-09-20 00:00:00+00:00,1.8552
2023-09-21 00:00:00+00:00,1.6056
2023-09-22 00:00:00+00:00,1.4077
2023-09-23 00:00:00+00:00,0.8686
2023-09-24 00:00:00+00:00,0.8533
2023-09-25 00:00:00+00:00,1.3147
2023-09-26 00:00:00+00:00,1.3817
2023-09-27 00:00:00+00:00,1.1925
2023-09-28 00:00:00+00:00,1.4423
2023-09-29 00:00:00+00:00,1.5306
2023-09-30 00:00:00+00:00,0.9392
2023-10-01 00:00:00+00:00,0.949
2023-10-02 00:00:00+00:00,1.3694
2023-10-03 00:00:00+00:00,1.5321
2023-10-04 00:00:00+00:00,1.6004
2023-10-05 00:00:00+00:00,1.301
2023-10-06 00:00:00+00:00,1.4889
2023-10-07 00:00:00+00:00,0.6566
2023-10-08 00:00:00+00:00,0.7149
2023-10-09 00:00:00+00:00,1.1711
2023-10-10 00:00:00+00:00,1.2803
2023-10-11 00:00:00+00:00,1.2218
2023-10-12 00:00:00+00:00,1.6755
2023-10-13 00:00:00+00:00,1.2745
2023-10-14 00:00:00+00:00,0.942
2023-10-15 00:00:00+00:00,0.9425
2023-10-16 00:00:00+00:00,1.2566
2023-10-17 00:00:00+00:00,1.2919
2023-10-18 00:00:00+00:00,1.462
2023-10-19 00:00:00+00:00,1.2023
2023-10-20 00:00:00+00:00,1.3292
2023-10-21 00:00:00+00:00,0.7257
2023-10-22 00:00:00+00:00,1.138
2023-10-23 00:00:00+00:00,1.1827
2023-10-24 00:00:00+00:00,1.2248
2023-10-25 00:00:00+00:00,1.5313
2023-10-26 00:00:00+00:00,1.3954
2023-10-27 00:00:00+00:00,1.2514
2023-10-28 00:00:00+00:00,0.8053
2023-10-29 00:00:00+00:00,0.903
2023-10-30 00:00:00+00:00,1.4818
2023-10-31 00:00:00+00:00,1.6666
2023-11-01 00:00:00+00:00,1.7701
2023-11-02 00:00:00+00:00,1.6734
2023-11-03 00:00:00+00:00,1.4606
2023-11-04 00:00:00+00:00,0.9373
2023-11-05 00:00:00+00:00,0.8529
2023-11-06 00:00:00+00:00,1.3362
2023-11-07 00:00:00+00:00,1.4899
2023-11-08 00:00:00+00:00,1.395
2023-11-09 00:00:00+00:00,1.4264
2023-11-10 00:00:00+00:00,1.2995
2023-11-11 00:00:00+00:00,0.8319
2023-11-12 00:00:00+00:00,0.8375
2023-11-13 00:00:00+00:00,1.2388
2023-11-14 00:00:00+00:00,1.6322
2023-11-15 00:00:00+00:00,1.6398
2023-11-16 00:00:00+00:00,1.3193
2023-11-17 00:00:00+00:00,1.2471
2023-11-18 00:00:00+00:00,0.904
2023-11-19 00:00:00+00:00,1.1138
2023-11-20 00:00:00+00:00,1.6134
2023-11-21 00:00:00+00:00,1.5249
2023-11-22 00:00:00+00:00,1.5165
2023-11-23 00:00:00+00:00,1.2581
2023-11-24 00:00:00+00:00,1.1557
2023-11-25 00:00:00+00:00,0.7915
2023-11-26 00:00:00+00:00,0.8141
2023-11-27 00:00:00+00:00,1.3754
2023-11-28 00:00:00+00:00,1.2931
2023-11-29 00:00:00+00:00,1.4344
2023-11-30 00:00:00+00:00,1.3045
2023-12-01 00:00:00+00:00,1.4362
2023-12-02 00:00:00+00:00,0.905
2023-12-03 00:00:00+00:00,0.893
2023-12-04 00:00:00+00:00,1.3492
2023-12-05 00:00:00+00:00,1.4926
2023-12-06 00:00:00+00:00,1.4042
2023-12-07 00:00:00+00:00,1.355
2023-12-08 00:00:00+00:00,1.48
2023-12-09 00:00:00+00:00,0.9875
2023-12-10 00:00:00+00:00,0.9952
2023-12-11 00:00:00+00:00,1.2881
2023-12-12 00:00:00+00:00,1.3459
2023-12-13 00:00:00+00:00,1.5642
2023-12-14 00:00:00+00:00,1.8209
2023-12-15 00:00:00+00:00,1.4303
2023-12-16 00:00:00+00:00,0.9413
2023-12-17 00:00:00+00:00,0.9539
2023-12-18 00:00:00+00:00,1.1872
2023-12-19 00:00:00+00:00,1.4672
2023-12-20 00:00:00+00:00,1.2803
2023-12-21 00:00:00+00:00,1.4012
2023-12-22 00:00:00+00:00,1.3882
2023-12-23 00:00:00+00:00,1.0493
2023-12-24 00:00:00+00:00,0.7325
2023-12-25 00:00:00+00:00,0.6809
2023-12-26 00:00:00+00:00,1.2278
2023-12-27 00:00:00+00:00,1.2167
2023-12-28 00:00:00+00:00,1.1675
2023-12-29 00:00:00+00:00,1.2311
2023-12-30 00:00:00+00:00,0.7715
2023-12-31 00:00:00+00:00,1.0892
2024-01-01 00:00:00+00:00,1.0674
2024-01-02 00:00:00+00:00,1.3289
2024-01-03 00:00:00+00:00,1.429
2024-01-04 00:00:00+00:00,1.5024
2024-01-05 00:00:00+00:00,1.3424
2024-01-06 00:00:00+00:00,0.7451
2024-01-07 00:00:00+00:00,0.7336
2024-01-08 00:00:00+00:00,1.0745
2024-01-09 00:00:00+00:00,1.2006
2024-01-10 00:00:00+00:00,1.3053
2024-01-11 00:00:00+00:00,1.3038
2024-01-12 00:00:00+00:00,1.3866
2024-01-13 00:00:00+00:00,0.7153
2024-01-14 00:00:00+00:00,0.7535
2024-01-15 00:00:00+00:00,1.2402
2024-01-16 00:00:00+00:00,1.3168
2024-01-17 00:00:00+00:00,1.4244
2024-01-18 00:00:00+00:00,1.1753
2024-01-19 00:00:00+00:00,1.1903
2024-01-20 00:00:00+00:00,0.8178
2024-01-21 00:00:00+00:00,0.7152
2024-01-22 00:00:00+00:00,1.2717
2024-01-23 00:00:00+00:00,1.3863
2024-01-24 00:00:00+00:00,1.2315
2024-01-25 00:00:00+00:00,1.4578
2024-01-26 00:00:00+00:00,1.1716
2024-01-27 00:00:00+00:00,0.8342
2024-01-28 00:00:00+00:00,0.7548
2024-01-29 00:00:00+00:00,1.2171
2024-01-30 00:00:00+00:00,1.3347
2024-01-31 00:00:00+00:00,1.4741
2024-02-01 00:00:00+00:00,1.7172
2024-02-02 00:00:00+00:00,1.3038
2024-02-03 00:00:00+00:00,0.7753
2024-02-04 00:00:00+00:00,0.9326
2024-02-05 00:00:00+00:00,1.2815
2024-02-06 00:00:00+00:00,1.214
2024-02-07 00:00:00+00:00,1.3545
2024-02-08 00:00:00+00:00,1.3204
2024-02-09 00:00:00+00:00,1.259
2024-02-10 00:00:00+00:00,0.8349
2024-02-11 00:00:00+00:00,0.667
2024-02-12 00:00:00+00:00,1.0723
2024-02-13 00:00:00+00:00,1.3744
2024-02-14 00:00:00+00:00,1.4003
2024-02-15 00:00:00+00:00,1.5079
2024-02-16 00:00:00+00:00,1.231
2024-02-17 00:00:00+00:00,0.6746
2024-02-18 00:00:00+00:00,0.6262
2024-02-19 00:00:00+00:00,0.9951
2024-02-20 00:00:00+00:00,1.3027
2024-02-21 00:00:00+00:00,1.3054
2024-02-22 00:00:00+00:00,1.2191
2024-02-23 00:00:00+00:00,1.0658
2024-02-24 00:00:00+00:00,0.6648
2024-02-25 00:00:00+00:00,0.7715
2024-02-26 00:00:00+00:00,1.1689
2024-02-27 00:00:00+00:00,1.4566
2024-02-28 00:00:00+00:00,1.2784
2024-02-29 00:00:00+00:00,1.2272
2024-03-01 00:00:00+00:00,1.3339
2024-03-02 00:00:00+00:00,0.8941
2024-03-03 00:00:00+00:00,0.9285
2024-03-04 00:00:00+00:00,1.2829
2024-03-05 00:00:00+00:00,1.2732
2024-03-06 00:00:00+00:00,1.6145
2024-03-07 00:00:00+00:00,1.5405
2024-03-08 00:00:00+00:00,1.5592
2024-03-09 00:00:00+00:00,0.8351
2024-03-10 00:00:00+00:00,0.8736
2024-03-11 00:00:00+00:00,1.3113
2024-03-12 00:00:00+00:00,1.2601
2024-03-13 00:00:00+00:00,1.5425
2024-03-14 00:00:00+00:00,1.2259
2024-03-15 00:00:00+00:00,1.0774
2024-03-16 00:00:00+00:00,0.553
2024-03-17 00:00:00+00:00,0.8847
2024-03-18 00:00:00+00:00,1.2693
2024-03-19 00:00:00+00:00,1.2882
2024-03-20 00:00:00+00:00,1.5505
2024-03-21 00:00:00+00:00,1.5848
2024-03-22 00:00:00+00:00,1.1457
2024-03-23 00:00:00+00:00,0.7161
2024-03-24 00:00:00+00:00,0.9538
2024-03-25 00:00:00+00:00,1.0535
2024-03-26 00:00:00+00:00,1.1956
2024-03-27 00:00:00+00:00,1.1197
2024-03-28 00:00:00+00:00,1.3286
2024-03-29 00:00:00+00:00,0.943
2024-03-30 00:00:00+00:00,0.8541
2024-03-31 00:00:00+00:00,0.7593
2024-04-01 00:00:00+00:00,1.4001
2024-04-02 00:00:00+00:00,1.2061
2024-04-03 00:00:00+00:00,1.2994
2024-04-04 00:00:00+00:00,1.1446
2024-04-05 00:00:00+00:00,1.456
2024-04-06 00:00:00+00:00,0.6066
2024-04-07 00:00:00+00:00,0.7035
2024-04-08 00:00:00+00:00,1.2443
2024-04-09 00:00:00+00:00,1.0903
2024-04-10 00:00:00+00:00,1.4693
2024-04-11 00:00:00+00:00,1.3773
2024-04-12 00:00:00+00:00,1.3836
2024-04-13 00:00:00+00:00,0.8396
2024-04-14 00:00:00+00:00,0.8311
2024-04-15 00:00:00+00:00,1.0727
2024-04-16 00:00:00+00:00,1.3906
2024-04-17 00:00:00+00:00,1.4357
2024-04-18 00:00:00+00:00,1.1614
2024-04-19 00:00:00+00:00,1.0953
2024-04-20 00:00:00+00:00,0.7005
2024-04-21 00:00:00+00:00,0.7467
2024-04-22 00:00:00+00:00,0.9936
2024-04-23 00:00:00+00:00,1.1459
2024-04-24 00:00:00+00:00,1.1126
2024-04-25 00:00:00+00:00,1.1551
2024-04-26 00:00:00+00:00,1.1353
2024-04-27 00:00:00+00:00,0.6478
2024-04-28 00:00:00+00:00,0.832
2024-04-29 00:00:00+00:00,1.0492
2024-04-30 00:00:00+00:00,1.1672
2024-05-01 00:00:00+00:00,1.526
2024-05-02 00:00:00+00:00,1.3203
2024-05-03 00:00:00+00:00,1.3108
2024-05-04 00:00:00+00:00,0.7392
2024-05-05 00:00:00+00:00,0.6889
2024-05-06 00:00:00+00:00,1.2188
2024-05-07 00:00:00+00:00,1.1998
2024-05-08 00:00:00+00:00,0.9273
2024-05-09 00:00:00+00:00,1.2724
2024-05-10 00:00:00+00:00,1.2476
2024-05-11 00:00:00+00:00,0.9299
2024-05-12 00:00:00+00:00,0.8593
2024-05-13 00:00:00+00:00,1.3398
2024-05-14 00:00:00+00:00,1.466
2024-05-15 00:00:00+00:00,1.5189
2024-05-16 00:00:00+00:00,1.5466
2024-05-17 00:00:00+00:00,1.1228
2024-05-18 00:00:00+00:00,0.7486
2024-05-19 00:00:00+00:00,0.6844
2024-05-20 00:00:00+00:00,0.9888
2024-05-21 00:00:00+00:00,1.1905
2024-05-22 00:00:00+00:00,1.457
2024-05-23 00:00:00+00:00,1.379
2024-05-24 00:00:00+00:00,1.1183
2024-05-25 00:00:00+00:00,0.7272
2024-05-26 00:00:00+00:00,0.9153
2024-05-27 00:00:00+00:00,1.0166
2024-05-28 00:00:00+00:00,1.1191
2024-05-29 00:00:00+00:00,1.057
2024-05-30 00:00:00+00:00,1.3723
2024-05-31 00:00:00+00:00,1.395
2024-06-01 00:00:00+00:00,0.6288
2024-06-02 00:00:00+00:00,0.6671
2024-06-03 00:00:00+00:00,1.1402
2024-06-04 00:00:00+00:00,1.1152
2024-06-05 00:00:00+00:00,1.2279
2024-06-06 00:00:00+00:00,1.1041
2024-06-07 00:00:00+00:00,1.3303
2024-06-08 00:00:00+00:00,0.8358
2024-06-09 00:00:00+00:00,0.6789
2024-06-10 00:00:00+00:00,1.032
2024-06-11 00:00:00+00:00,1.1555
2024-06-12 00:00:00+00:00,1.5404
2024-06-13 00:00:00+00:00,1.2729
2024-06-14 00:00:00+00:00,1.0616
2024-06-15 00:00:00+00:00,0.7654
2024-06-16 00:00:00+00:00,0.8927
2024-06-17 00:00:00+00:00,1.2236
2024-06-18 00:00:00+00:00,1.2905
2024-06-19 00:00:00+00:00,1.1433
2024-06-20 00:00:00+00:00,1.1875
2024-06-21 00:00:00+00:00,1.0429
2024-06-22 00:00:00+00:00,0.7604
2024-06-23 00:00:00+00:00,0.6359
2024-06-24 00:00:00+00:00,1.2057
2024-06-25 00:00:00+00:00,1.2832
2024-06-26 00:00:00+00:00,1.3803
2024-06-27 00:00:00+00:00,1.4301
2024-06-28 00:00:00+00:00,1.9178
2024-06-29 00:00:00+00:00,0.9647
2024-06-30 00:00:00+00:00,0.9884
2024-07-01 00:00:00+00:00,1.1314
2024-07-02 00:00:00+00:00,1.0758
2024-07-03 00:00:00+00:00,1.1875
2024-07-04 00:00:00+00:00,0.9013
2024-07-05 00:00:00+00:00,1.2851
2024-07-06 00:00:00+00:00,0.5112
2024-07-07 00:00:00+00:00,0.5476
2024-07-08 00:00:00+00:00,1.2245
2024-07-09 00:00:00+00:00,1.1001
2024-07-10 00:00:00+00:00,1.0804
2024-07-11 00:00:00+00:00,1.4472
2024-07-12 00:00:00+00:00,1.248
2024-07-13 00:00:00+00:00,0.7505
2024-07-14 00:00:00+00:00,0.5647
2024-07-15 00:00:00+00:00,1.181
2024-07-16 00:00:00+00:00,1.281
2024-07-17 00:00:00+00:00,1.1489
2024-07-18 00:00:00+00:00,1.102
2024-07-19 00:00:00+00:00,1.1057
2024-07-20 00:00:00+00:00,0.625
2024-07-21 00:00:00+00:00,0.8844
2024-07-22 00:00:00+00:00,1.3256
2024-07-23 00:00:00+00:00,1.1519
2024-07-24 00:00:00+00:00,1.2335
2024-07-25 00:00:00+00:00,1.1729
2024-07-26 00:00:00+00:00,1.2117
2024-07-27 00:00:00+00:00,0.6933
2024-07-28 00:00:00+00:00,1.1441
2024-07-29 00:00:00+00:00,1.381
2024-07-30 00:00:00+00:00,1.3389
2024-07-31 00:00:00+00:00,1.4807
2024-08-01 00:00:00+00:00,1.3727
2024-08-02 00:00:00+00:00,1.2477
2024-08-03 00:00:00+00:00,0.7785
2024-08-04 00:00:00+00:00,0.8304
2024-08-05 00:00:00+00:00,1.3552
2024-08-06 00:00:00+00:00,1.3321
2024-08-07 00:00:00+00:00,1.2271
2024-08-08 00:00:00+00:00,1.2688
2024-08-09 00:00:00+00:00,1.0024
2024-08-10 00:00:00+00:00,0.6654
2024-08-11 00:00:00+00:00,0.6899
2024-08-12 00:00:00+00:00,1.1217
2024-08-13 00:00:00+00:00,1.2525
2024-08-14 00:00:00+00:00,1.5805
2024-08-15 00:00:00+00:00,1.851
2024-08-16 00:00:00+00:00,1.79
2024-08-17 00:00:00+00:00,0.8594
2024-08-18 00:00:00+00:00,0.9806
2024-08-19 00:00:00+00:00,1.1133
2024-08-20 00:00:00+00:00,1.264
2024-08-21 00:00:00+00:00,1.326
2024-08-22 00:00:00+00:00,1.1306
2024-08-23 00:00:00+00:00,1.3861
2024-08-24 00:00:00+00:00,0.8156
2024-08-25 00:00:00+00:00,0.8514
2024-08-26 00:00:00+00:00,1.029
2024-08-27 00:00:00+00:00,1.0367
2024-08-28 00:00:00+00:00,1.0846
2024-08-29 00:00:00+00:00,1.0785
2024-08-30 00:00:00+00:00,1.3045
2024-08-31 00:00:00+00:00,0.6747
2024-09-01 00:00:00+00:00,0.6787
2024-09-02 00:00:00+00:00,0.956
2024-09-03 00:00:00+00:00,1.0175
2024-09-04 00:00:00+00:00,1.3174
2024-09-05 00:00:00+00:00,1.2149
2024-09-06 00:00:00+00:00,1.1263
2024-09-07 00:00:00+00:00,0.6283
2024-09-08 00:00:00+00:00,1.035
2024-09-09 00:00:00+00:00,1.0502
2024-09-10 00:00:00+00:00,1.3044
2024-09-11 00:00:00+00:00,1.9272
2024-09-12 00:00:00+00:00,1.408
2024-09-13 00:00:00+00:00,1.1727
2024-09-14 00:00:00+00:00,0.8693
2024-09-15 00:00:00+00:00,0.7135
2024-09-16 00:00:00+00:00,0.9926
2024-09-17 00:00:00+00:00,1.1041
2024-09-18 00:00:00+00:00,1.6393
2024-09-19 00:00:00+00:00,1.515
2024-09-20 00:00:00+00:00,1.2932
2024-09-21 00:00:00+00:00,0.8457
2024-09-22 00:00:00+00:00,0.797
2024-09-23 00:00:00+00:00,1.2578
2024-09-24 00:00:00+00:00,1.1866
2024-09-25 00:00:00+00:00,1.2102
2024-09-26 00:00:00+00:00,1.1484
2024-09-27 00:00:00+00:00,1.1041
2024-09-28 00:00:00+00:00,0.6918
2024-09-29 00:00:00+00:00,0.9762
2024-09-30 00:00:00+00:00,1.4329
2024-10-01 00:00:00+00:00,1.3629
2024-10-02 00:00:00+00:00,1.2593
2024-10-03 00:00:00+00:00,1.2608
2024-10-04 00:00:00+00:00,1.2494
2024-10-05 00:00:00+00:00,0.7402
2024-10-06 00:00:00+00:00,0.5903
2024-10-07 00:00:00+00:00,1.0003
2024-10-08 00:00:00+00:00,1.0177
2024-10-09 00:00:00+00:00,0.9738
2024-10-10 00:00:00+00:00,1.115
2024-10-11 00:00:00+00:00,1.1182
2024-10-12 00:00:00+00:00,0.7651
2024-10-13 00:00:00+00:00,0.9
2024-10-14 00:00:00+00:00,0.9488
2024-10-15 00:00:00+00:00,1.1429
2024-10-16 00:00:00+00:00,1.1681
2024-10-17 00:00:00+00:00,1.0827
2024-10-18 00:00:00+00:00,0.9436
2024-10-19 00:00:00+00:00,0.8043
2024-10-20 00:00:00+00:00,0.7126
2024-10-21 00:00:00+00:00,0.9913
2024-10-22 00:00:00+00:00,1.2237
2024-10-23 00:00:00+00:00,1.3437
2024-10-24 00:00:00+00:00,1.0372
2024-10-25 00:00:00+00:00,1.0491
2024-10-26 00:00:00+00:00,0.6234
2024-10-27 00:00:00+00:00,0.787
2024-10-28 00:00:00+00:00,1.0613
2024-10-29 00:00:00+00:00,1.2315
2024-10-30 00:00:00+00:00,1.3054
2024-10-31 00:00:00+00:00,1.2893
2024-11-01 00:00:00+00:00,1.4166
2024-11-02 00:00:00+00:00,0.9053
2024-11-03 00:00:00+00:00,0.7483
2024-11-04 00:00:00+00:00,1.1853
2024-11-05 00:00:00+00:00,1.3689
2024-11-06 00:00:00+00:00,2.1315
2024-11-07 00:00:00+00:00,2.0671
2024-11-08 00:00:00+00:00,1.5766
2024-11-09 00:00:00+00:00,0.8425
2024-11-10 00:00:00+00:00,0.9766
2024-11-11 00:00:00+00:00,1.0595
2024-11-12 00:00:00+00:00,1.1378
2024-11-13 00:00:00+00:00,1.327
2024-11-14 00:00:00+00:00,1.1302
2024-11-15 00:00:00+00:00,1.2573
2024-11-16 00:00:00+00:00,0.6444
2024-11-17 00:00:00+00:00,0.7269
2024-11-18 00:00:00+00:00,1.0199
2024-11-19 00:00:00+00:00,1.1584
2024-11-20 00:00:00+00:00,1.0659
2024-11-21 00:00:00+00:00,0.9547
2024-11-22 00:00:00+00:00,1.0798
2024-11-23 00:00:00+00:00,0.8486
2024-11-24 00:00:00+00:00,0.7598
2024-11-25 00:00:00+00:00,0.879
2024-11-26 00:00:00+00:00,1.129
2024-11-27 00:00:00+00:00,1.2344
2024-11-28 00:00:00+00:00,0.8962
2024-11-29 00:00:00+00:00,1.0679
2024-11-30 00:00:00+00:00,0.7618
2024-12-01 00:00:00+00:00,0.7736
2024-12-02 00:00:00+00:00,1.0903
2024-12-03 00:00:00+00:00,0.889
2024-12-04 00:00:00+00:00,1.0435
2024-12-05 00:00:00+00:00,1.1617
2024-12-06 00:00:00+00:00,1.0544
2024-12-07 00:00:00+00:00,0.6234
2024-12-08 00:00:00+00:00,0.736
2024-12-09 00:00:00+00:00,0.9741
2024-12-10 00:00:00+00:00,1.1738
2024-12-11 00:00:00+00:00,1.2617
2024-12-12 00:00:00+00:00,1.0801
2024-12-13 00:00:00+00:00,0.9616
2024-12-14 00:00:00+00:00,0.5869
2024-12-15 00:00:00+00:00,0.7371
2024-12-16 00:00:00+00:00,1.0379
2024-12-17 00:00:00+00:00,1.2262
2024-12-18 00:00:00+00:00,1.4688
2024-12-19 00:00:00+00:00,1.4586
2024-12-20 00:00:00+00:00,1.1763
2024-12-21 00:00:00+00:00,0.7108
2024-12-22 00:00:00+00:00,0.6062
2024-12-23 00:00:00+00:00,0.8628
2024-12-24 00:00:00+00:00,0.8035
2024-12-25 00:00:00+00:00,0.486
2024-12-26 00:00:00+00:00,0.9341
2024-12-27 00:00:00+00:00,0.8497
2024-12-28 00:00:00+00:00,0.8086
2024-12-29 00:00:00+00:00,0.8119
2024-12-30 00:00:00+00:00,1.5139
2024-12-31 00:00:00+00:00,1.1599
2025-01-01 00:00:00+00:00,1.0014
2025-01-02 00:00:00+00:00,1.0199
2025-01-03 00:00:00+00:00,0.789
2025-01-04 00:00:00+00:00,0.6147
2025-01-05 00:00:00+00:00,0.5737
2025-01-06 00:00:00+00:00,0.9965
2025-01-07 00:00:00+00:00,1.0784
2025-01-08 00:00:00+00:00,1.1235
2025-01-09 00:00:00+00:00,1.2547
2025-01-10 00:00:00+00:00,1.136
2025-01-11 00:00:00+00:00,0.7509
2025-01-12 00:00:00+00:00,0.7334
2025-01-13 00:00:00+00:00,1.0205
2025-01-14 00:00:00+00:00,1.0765
2025-01-15 00:00:00+00:00,1.348
2025-01-16 00:00:00+00:00,1.271
2025-01-17 00:00:00+00:00,1.2236
2025-01-18 00:00:00+00:00,0.6551
2025-01-19 00:00:00+00:00,0.6006
2025-01-20 00:00:00+00:00,1.2167
2025-01-21 00:00:00+00:00,1.3404
2025-01-22 00:00:00+00:00,0.9585
2025-01-23 00:00:00+00:00,0.9263
2025-01-24 00:00:00+00:00,1.0123
2025-01-25 00:00:00+00:00,0.67
2025-01-26 00:00:00+00:00,0.5999
2025-01-27 00:00:00+00:00,0.8411
2025-01-28 00:00:00+00:00,0.974
2025-01-29 00:00:00+00:00,1.1695
2025-01-30 00:00:00+00:00,1.12
2025-01-31 00:00:00+00:00,1.2696
2025-02-01 00:00:00+00:00,1.1658
2025-02-02 00:00:00+00:00,1.388
2025-02-03 00:00:00+00:00,1.3896
2025-02-04 00:00:00+00:00,1.1243
2025-02-05 00:00:00+00:00,0.9765
2025-02-06 00:00:00+00:00,0.95
2025-02-07 00:00:00+00:00,1.1636
2025-02-08 00:00:00+00:00,0.7428
2025-02-09 00:00:00+00:00,0.7207
2025-02-10 00:00:00+00:00,0.9824
2025-02-11 00:00:00+00:00,1.0202
2025-02-12 00:00:00+00:00,1.3729
2025-02-13 00:00:00+00:00,1.1379
2025-02-14 00:00:00+00:00,1.0135
2025-02-15 00:00:00+00:00,0.6441
2025-02-16 00:00:00+00:00,0.7061
2025-02-17 00:00:00+00:00,0.8324
2025-02-18 00:00:00+00:00,1.1753
2025-02-19 00:00:00+00:00,1.1881
2025-02-20 00:00:00+00:00,0.9789
2025-02-21 00:00:00+00:00,1.2499
2025-02-22 00:00:00+00:00,0.5706
2025-02-23 00:00:00+00:00,0.4767
2025-02-24 00:00:00+00:00,0.8159
2025-02-25 00:00:00+00:00,0.8948
2025-02-26 00:00:00+00:00,0.8184
2025-02-27 00:00:00+00:00,0.9495
2025-02-28 00:00:00+00:00,1.1304
2025-03-01 00:00:00+00:00,0.8456
2025-03-02 00:00:00+00:00,0.6117
2025-03-03 00:00:00+00:00,0.9725
2025-03-04 00:00:00+00:00,1.3035
2025-03-05 00:00:00+00:00,1.5336
2025-03-06 00:00:00+00:00,1.0089
2025-03-07 00:00:00+00:00,1.2277
2025-03-08 00:00:00+00:00,0.6207
2025-03-09 00:00:00+00:00,0.556
2025-03-10 00:00:00+00:00,1.051
2025-03-11 00:00:00+00:00,1.2062
2025-03-12 00:00:00+00:00,1.3752
2025-03-13 00:00:00+00:00,1.213
2025-03-14 00:00:00+00:00,0.9072
2025-03-15 00:00:00+00:00,0.5611
2025-03-16 00:00:00+00:00,0.5619
2025-03-17 00:00:00+00:00,0.9974
2025-03-18 00:00:00+00:00,1.0464
2025-03-19 00:00:00+00:00,1.3575
2025-03-20 00:00:00+00:00,1.0412
2025-03-21 00:00:00+00:00,0.7947
2025-03-22 00:00:00+00:00,0.5339
2025-03-23 00:00:00+00:00,0.6035
2025-03-24 00:00:00+00:00,0.8255
2025-03-25 00:00:00+00:00,0.9485
2025-03-26 00:00:00+00:00,1.0813
2025-03-27 00:00:00+00:00,0.9784
2025-03-28 00:00:00+00:00,1.1782
2025-03-29 00:00:00+00:00,0.5828
2025-03-30 00:00:00+00:00,0.6523
2025-03-31 00:00:00+00:00,1.0076
2025-04-01 00:00:00+00:00,1.1564
2025-04-02 00:00:00+00:00,0.9932
2025-04-03 00:00:00+00:00,1.4206
2025-04-04 00:00:00+00:00,1.5343
2025-04-05 00:00:00+00:00,0.8797
2025-04-06 00:00:00+00:00,0.8996
2025-04-07 00:00:00+00:00,1.5475
2025-04-08 00:00:00+00:00,1.1537
2025-04-09 00:00:00+00:00,1.4667
2025-04-10 00:00:00+00:00,1.217
2025-04-11 00:00:00+00:00,1.0929
2025-04-12 00:00:00+00:00,0.7489
2025-04-13 00:00:00+00:00,0.5256
2025-04-14 00:00:00+00:00,0.884
2025-04-15 00:00:00+00:00,0.8586
2025-04-16 00:00:00+00:00,1.3259
2025-04-17 00:00:00+00:00,1.2334
2025-04-18 00:00:00+00:00,0.9006
2025-04-19 00:00:00+00:00,0.431
2025-04-20 00:00:00+00:00,0.5689
2025-04-21 00:00:00+00:00,0.9304
2025-04-22 00:00:00+00:00,1.1615
2025-04-23 00:00:00+00:00,1.2387
2025-04-24 00:00:00+00:00,0.9371
2025-04-25 00:00:00+00:00,0.9155
2025-04-26 00:00:00+00:00,0.4827
2025-04-27 00:00:00+00:00,0.4982
2025-04-28 00:00:00+00:00,0.7757
2025-04-29 00:00:00+00:00,1.0531
2025-04-30 00:00:00+00:00,1.3197
2025-05-01 00:00:00+00:00,1.1525
2025-05-02 00:00:00+00:00,0.997
2025-05-03 00:00:00+00:00,0.9425
2025-05-04 00:00:00+00:00,0.719
2025-05-05 00:00:00+00:00,0.7926
2025-05-06 00:00:00+00:00,0.8915
2025-05-07 00:00:00+00:00,0.9713
2025-05-08 00:00:00+00:00,1.0615
2025-05-09 00:00:00+00:00,0.8167
2025-05-10 00:00:00+00:00,0.4893
2025-05-11 00:00:00+00:00,0.44
2025-05-12 00:00:00+00:00,0.9395
2025-05-13 00:00:00+00:00,1.0737
2025-05-14 00:00:00+00:00,0.8134
2025-05-15 00:00:00+00:00,0.88
2025-05-16 00:00:00+00:00,0.8763
2025-05-17 00:00:00+00:00,0.5485
2025-05-18 00:00:00+00:00,0.5025
2025-05-19 00:00:00+00:00,0.8142
2025-05-20 00:00:00+00:00,0.9729
2025-05-21 00:00:00+00:00,0.9179
2025-05-22 00:00:00+00:00,1.0124
2025-05-23 00:00:00+00:00,0.9813
2025-05-24 00:00:00+00:00,0.4685
2025-05-25 00:00:00+00:00,0.4672
2025-05-26 00:00:00+00:00,0.4593
2025-05-27 00:00:00+00:00,0.7383
2025-05-28 00:00:00+00:00,0.8052
2025-05-29 00:00:00+00:00,0.9903
2025-05-30 00:00:00+00:00,0.8443
2025-05-31 00:00:00+00:00,0.508
2025-06-01 00:00:00+00:00,0.6344
2025-06-02 00:00:00+00:00,0.7396
2025-06-03 00:00:00+00:00,0.9194
2025-06-04 00:00:00+00:00,1.0808
2025-06-05 00:00:00+00:00,0.9597
2025-06-06 00:00:00+00:00,0.9003
2025-06-07 00:00:00+00:00,0.5192
2025-06-08 00:00:00+00:00,0.433
2025-06-09 00:00:00+00:00,0.825
2025-06-10 00:00:00+00:00,0.8351
2025-06-11 00:00:00+00:00,0.9613
2025-06-12 00:00:00+00:00,0.8193
2025-06-13 00:00:00+00:00,0.7817
2025-06-14 00:00:00+00:00,0.4849
2025-07-02 00:00:00+00:00,0.7768
2025-07-03 00:00:00+00:00,0.9459
2025-07-04 00:00:00+00:00,0.7138
2025-07-05 00:00:00+00:00,0.4522
2025-07-06 00:00:00+00:00,0.6671
2025-07-07 00:00:00+00:00,0.7304
2025-07-08 00:00:00+00:00,0.8906
2025-07-09 00:00:00+00:00,0.7878
2025-07-10 00:00:00+00:00,0.7347
2025-07-11 00:00:00+00:00,0.7128
2025-07-12 00:00:00+00:00,0.4839
2025-07-13 00:00:00+00:00,0.7953
2025-07-14 00:00:00+00:00,0.8468
2025-07-15 00:00:00+00:00,1.1149
2025-07-16 00:00:00+00:00,1.2351
2025-07-17 00:00:00+00:00,1.0884
2025-07-18 00:00:00+00:00,1.0368
2025-07-19 00:00:00+00:00,0.596
2025-07-20 00:00:00+00:00,0.5498
2025-07-21 00:00:00+00:00,0.7356
2025-07-22 00:00:00+00:00,0.8572
2025-07-23 00:00:00+00:00,0.8901
2025-07-24 00:00:00+00:00,1.1765
2025-07-25 00:00:00+00:00,1.1834
2025-07-26 00:00:00+00:00,0.587
2025-07-27 00:00:00+00:00,0.5441
2025-07-28 00:00:00+00:00,0.8217
2025-07-29 00:00:00+00:00,0.9858
2025-07-30 00:00:00+00:00,1.1423
2025-07-31 00:00:00+00:00,1.1689
2025-08-01 00:00:00+00:00,1.554
2025-08-02 00:00:00+00:00,0.8216
2025-08-03 00:00:00+00:00,0.5384
2025-08-04 00:00:00+00:00,0.9822
2025-08-05 00:00:00+00:00,1.0108
2025-08-06 00:00:00+00:00,1.1754
2025-08-07 00:00:00+00:00,1.3291
2025-08-08 00:00:00+00:00,0.97
2025-08-09 00:00:00+00:00,0.6253
2025-08-10 00:00:00+00:00,0.5122
2025-08-11 00:00:00+00:00,0.8831
2025-08-12 00:00:00+00:00,1.3114
2025-08-13 00:00:00+00:00,1.0893
2025-08-14 00:00:00+00:00,1.0223
2025-08-15 00:00:00+00:00,0.9782
2025-08-16 00:00:00+00:00,0.9911
2025-08-17 00:00:00+00:00,0.9234
2025-08-18 00:00:00+00:00,0.9104
2025-08-19 00:00:00+00:00,0.9105
2025-08-20 00:00:00+00:00,1.165
2025-08-21 00:00:00+00:00,1.1618
2025-08-22 00:00:00+00:00,1.0519
2025-08-23 00:00:00+00:00,0.7023
2025-08-24 00:00:00+00:00,0.4507
2025-08-25 00:00:00+00:00,0.8182
2025-08-26 00:00:00+00:00,1.4587
2025-08-27 00:00:00+00:00,0.9984
2025-08-28 00:00:00+00:00,0.9002
2025-08-29 00:00:00+00:00,1.2248
2025-08-30 00:00:00+00:00,0.5949
2025-08-31 00:00:00+00:00,0.5035
2025-09-01 00:00:00+00:00,0.77
2025-09-02 00:00:00+00:00,0.8893
2025-09-03 00:00:00+00:00,0.8011
2025-09-04 00:00:00+00:00,1.0315
2025-09-05 00:00:00+00:00,1.2204
2025-09-06 00:00:00+00:00,0.6697
2025-09-07 00:00:00+00:00,0.5077
2025-09-08 00:00:00+00:00,0.9431
2025-09-09 00:00:00+00:00,1.0022
2025-09-10 00:00:00+00:00,1.0748
2025-09-11 00:00:00+00:00,1.1019
2025-09-12 00:00:00+00:00,1.0215
2025-09-13 00:00:00+00:00,0.7129
2025-09-14 00:00:00+00:00,0.6038
2025-09-15 00:00:00+00:00,1.0617
2025-09-16 00:00:00+00:00,1.377
2025-09-17 00:00:00+00:00,1.341
2025-09-18 00:00:00+00:00,1.2585
2025-09-19 00:00:00+00:00,0.9232
2025-09-20 00:00:00+00:00,0.5534
2025-09-21 00:00:00+00:00,0.7462
2025-09-22 00:00:00+00:00,0.8722
2025-09-23 00:00:00+00:00,0.8553
2025-09-24 00:00:00+00:00,0.8582
2025-09-25 00:00:00+00:00,1.0715
2025-09-26 00:00:00+00:00,1.1788
2025-09-27 00:00:00+00:00,0.5527
2025-09-28 00:00:00+00:00,0.7157
2025-09-29 00:00:00+00:00,0.8459
2025-09-30 00:00:00+00:00,0.9399
2025-10-01 00:00:00+00:00,1.2146
2025-10-02 00:00:00+00:00,0.8312
2025-10-03 00:00:00+00:00,0.8213
2025-10-04 00:00:00+00:00,0.4827
2025-10-05 00:00:00+00:00,0.5079
2025-10-06 00:00:00+00:00,0.9229
2025-10-07 00:00:00+00:00,0.8857
2025-10-08 00:00:00+00:00,0.9105
2025-10-09 00:00:00+00:00,0.8427
2025-10-10 00:00:00+00:00,0.8134
2025-10-11 00:00:00+00:00,0.5912
2025-10-12 00:00:00+00:00,0.4681
2025-10-13 00:00:00+00:00,0.6877
2025-10-14 00:00:00+00:00,1.0695
2025-10-15 00:00:00+00:00,0.9841
2025-10-16 00:00:00+00:00,0.9132
2025-10-17 00:00:00+00:00,0.7974
2025-10-18 00:00:00+00:00,0.5967
2025-10-19 00:00:00+00:00,0.579
2025-10-20 00:00:00+00:00,0.8271
2025-10-21 00:00:00+00:00,0.7546
2025-10-22 00:00:00+00:00,0.9784
2025-10-23 00:00:00+00:00,0.8203
2025-10-24 00:00:00+00:00,1.302
2025-10-25 00:00:00+00:00,0.6202
2025-10-26 00:00:00+00:00,0.6618
2025-10-27 00:00:00+00:00,0.9614
2025-10-28 00:00:00+00:00,0.9834
2025-10-29 00:00:00+00:00,1.2445
2025-10-30 00:00:00+00:00,1.0772
2025-10-31 00:00:00+00:00,0.8813
2025-11-01 00:00:00+00:00,0.4421
2025-11-02 00:00:00+00:00,0.6615
2025-11-03 00:00:00+00:00,0.8529
2025-11-04 00:00:00+00:00,0.9306
2025-11-05 00:00:00+00:00,0.9992
2025-11-06 00:00:00+00:00,1.0793
2025-11-07 00:00:00+00:00,0.8903
2025-11-08 00:00:00+00:00,0.5148
2025-11-09 00:00:00+00:00,0.7071
2025-11-10 00:00:00+00:00,0.7717
2025-11-11 00:00:00+00:00,1.0655
2025-11-12 00:00:00+00:00,0.964
2025-11-13 00:00:00+00:00,0.9835
2025-11-14 00:00:00+00:00,1.017
2025-11-15 00:00:00+00:00,0.8241
2025-11-16 00:00:00+00:00,0.5332
2025-11-17 00:00:00+00:00,1.059
2025-11-18 00:00:00+00:00,0.9519
2025-11-19 00:00:00+00:00,1.0825
2025-11-20 00:00:00+00:00,1.1333
2025-11-21 00:00:00+00:00,1.076
2025-11-22 00:00:00+00:00,0.6629
2025-11-23 00:00:00+00:00,0.7828
2025-11-24 00:00:00+00:00,0.9794
2025-11-25 00:00:00+00:00,0.9355
2025-11-26 00:00:00+00:00,1.4751
2025-11-27 00:00:00+00:00,0.7689
2025-11-28 00:00:00+00:00,0.9904
2025-11-29 00:00:00+00:00,0.7368
2025-11-30 00:00:00+00:00,0.8174
2025-12-01 00:00:00+00:00,0.7695
2025-12-02 00:00:00+00:00,0.7636
2025-12-03 00:00:00+00:00,1.0264
2025-12-04 00:00:00+00:00,0.9434
2025-12-05 00:00:00+00:00,0.885
2025-12-06 00:00:00+00:00,0.2024
2025-12-07 00:00:00+00:00,0.5719
2025-12-08 00:00:00+00:00,1.093
2025-12-09 00:00:00+00:00,1.3018
2025-12-10 00:00:00+00:00,1.379
2025-12-11 00:00:00+00:00,1.28
2025-12-12 00:00:00+00:00,0.9229
2025-12-13 00:00:00+00:00,0.6015
2025-12-14 00:00:00+00:00,0.5375
2025-12-15 00:00:00+00:00,0.7233
2025-12-16 00:00:00+00:00,0.9619
2025-12-17 00:00:00+00:00,0.9874
2025-12-18 00:00:00+00:00,1.2704
2025-12-19 00:00:00+00:00,1.0165
2025-12-20 00:00:00+00:00,0.4957
2025-12-21 00:00:00+00:00,0.447
2025-12-22 00:00:00+00:00,0.7907
2025-12-23 00:00:00+00:00,1.0377
2025-12-24 00:00:00+00:00,0.8873
2025-12-25 00:00:00+00:00,0.51
2025-12-26 00:00:00+00:00,0.7698
2025-12-27 00:00:00+00:00,0.457
2025-12-28 00:00:00+00:00,0.5034
2025-12-29 00:00:00+00:00,0.7225
2025-12-30 00:00:00+00:00,0.8609
2025-12-31 00:00:00+00:00,1.2665
2026-01-01 00:00:00+00:00,1.1184
2026-01-02 00:00:00+00:00,1.119
2026-01-03 00:00:00+00:00,0.7602
2026-01-04 00:00:00+00:00,0.682
2026-01-05 00:00:00+00:00,0.8705
2026-01-06 00:00:00+00:00,0.9068
2026-01-07 00:00:00+00:00,0.9256
2026-01-08 00:00:00+00:00,0.8596
2026-01-09 00:00:00+00:00,0.9091
2026-01-10 00:00:00+00:00,0.7031
2026-01-11 00:00:00+00:00,0.5418
2026-01-12 00:00:00+00:00,1.4155
2026-01-13 00:00:00+00:00,1.4555
2026-01-14 00:00:00+00:00,1.2406
2026-01-15 00:00:00+00:00,0.8777
2026-01-16 00:00:00+00:00,0.8805
2026-01-17 00:00:00+00:00,0.6933
2026-01-18 00:00:00+00:00,0.5336
2026-01-19 00:00:00+00:00,0.7829
2026-01-20 00:00:00+00:00,1.114
2026-01-21 00:00:00+00:00,1.0959
2026-01-22 00:00:00+00:00,1.0251
2026-01-23 00:00:00+00:00,0.893
2026-01-24 00:00:00+00:00,0.4732
2026-01-25 00:00:00+00:00,0.6022
2026-01-26 00:00:00+00:00,0.8886
2026-01-27 00:00:00+00:00,0.7894
2026-01-28 00:00:00+00:00,1.1865
2026-01-29 00:00:00+00:00,1.1415
2026-01-30 00:00:00+00:00,1.2508
2026-01-31 00:00:00+00:00,0.8785
2026-02-01 00:00:00+00:00,1.0143
2026-02-02 00:00:00+00:00,0.9237
2026-02-03 00:00:00+00:00,1.0394
2026-02-04 00:00:00+00:00,1.0151
2026-02-05 00:00:00+00:00,0.9113
2026-02-06 00:00:00+00:00,1.012
2026-02-07 00:00:00+00:00,0.5603
2026-02-08 00:00:00+00:00,0.5912
2026-02-09 00:00:00+00:00,0.7699
2026-02-10 00:00:00+00:00,0.8255
2026-02-11 00:00:00+00:00,0.8882
2026-02-12 00:00:00+00:00,0.8128
2026-02-13 00:00:00+00:00,0.9068
2026-02-14 00:00:00+00:00,0.565
2026-02-15 00:00:00+00:00,0.5427
2026-02-16 00:00:00+00:00,0.8656
2026-02-17 00:00:00+00:00,0.9137
2026-02-18 00:00:00+00:00,1.1074
2026-02-19 00:00:00+00:00,1.0755
2026-02-20 00:00:00+00:00,1.0569
2026-02-21 00:00:00+00:00,0.5962
2026-02-22 00:00:00+00:00,0.6182
2026-02-23 00:00:00+00:00,0.7693
2026-02-24 00:00:00+00:00,0.7649
2026-02-25 00:00:00+00:00,1.3379
2026-02-26 00:00:00+00:00,0.8646
2026-02-27 00:00:00+00:00,0.7363
2026-02-28 00:00:00+00:00,0.3079
2026-03-01 00:00:00+00:00,0.5652
2026-03-02 00:00:00+00:00,1.0487
2026-03-03 00:00:00+00:00,1.309
2026-03-04 00:00:00+00:00,1.2389
2026-03-05 00:00:00+00:00,0.8991
2026-03-06 00:00:00+00:00,0.9425
2026-03-07 00:00:00+00:00,0.726
2026-03-08 00:00:00+00:00,0.6412
2026-03-09 00:00:00+00:00,1.3174
2026-03-10 00:00:00+00:00,1.2237
2026-03-11 00:00:00+00:00,0.9632
2026-03-12 00:00:00+00:00,1.1569
2026-03-13 00:00:00+00:00,1.1432
2026-03-14 00:00:00+00:00,0.7688
2026-03-15 00:00:00+00:00,0.8452
2026-03-16 00:00:00+00:00,0.9398
2026-03-17 00:00:00+00:00,1.0605
2026-03-18 00:00:00+00:00,1.3127
2026-03-19 00:00:00+00:00,1.4826
2026-03-20 00:00:00+00:00,1.0801
2026-03-21 00:00:00+00:00,0.7305
2026-03-22 00:00:00+00:00,0.7632
2026-03-23 00:00:00+00:00,1.098
2026-03-24 00:00:00+00:00,1.1482
2026-03-25 00:00:00+00:00,1.1841
2026-03-26 00:00:00+00:00,1.094
2026-03-27 00:00:00+00:00,1.0818
2026-03-28 00:00:00+00:00,0.6312
2026-03-29 00:00:00+00:00,0.7017
2026-03-30 00:00:00+00:00,1.0631
2026-03-31 00:00:00+00:00,1.092
2026-04-01 00:00:00+00:00,1.1542
2026-04-02 00:00:00+00:00,1.2308
2026-04-03 00:00:00+00:00,0.9294
2026-04-04 00:00:00+00:00,0.6257
2026-04-05 00:00:00+00:00,0.8065
2026-04-06 00:00:00+00:00,1.0756
2026-04-07 00:00:00+00:00,0.8456
2026-04-08 00:00:00+00:00,1.212
2026-04-09 00:00:00+00:00,0.954
2026-04-10 00:00:00+00:00,1.1821
2026-04-11 00:00:00+00:00,0.7558
2026-04-12 00:00:00+00:00,0.6475
2026-04-13 00:00:00+00:00,0.9804
2026-04-14 00:00:00+00:00,1.4177
2026-04-15 00:00:00+00:00,1.4263
2026-04-16 00:00:00+00:00,1.1673
2026-04-17 00:00:00+00:00,0.8689
2026-04-18 00:00:00+00:00,0.5931
2026-04-19 00:00:00+00:00,0.5885
2026-04-20 00:00:00+00:00,0.8058
2026-04-21 00:00:00+00:00,1.0731
2026-04-22 00:00:00+00:00,1.1014
2026-04-23 00:00:00+00:00,0.9048
2026-04-24 00:00:00+00:00,1.0695
2026-04-25 00:00:00+00:00,0.7165
2026-04-26 00:00:00+00:00,0.5853
2026-04-27 00:00:00+00:00,0.8028
2026-04-28 00:00:00+00:00,1.0206
2026-04-29 00:00:00+00:00,1.5357
2026-04-30 00:00:00+00:00,1.5232
2026-05-01 00:00:00+00:00,1.3761
2026-05-02 00:00:00+00:00,0.8796
2026-05-03 00:00:00+00:00,0.7449
2026-05-04 00:00:00+00:00,0.9606
2026-05-05 00:00:00+00:00,1.0667
2026-05-06 00:00:00+00:00,0.9276
2026-05-07 00:00:00+00:00,0.9148
2026-05-08 00:00:00+00:00,0.8106
2026-05-09 00:00:00+00:00,0.5941
2026-05-10 00:00:00+00:00,0.5361
2026-05-11 00:00:00+00:00,0.9503
2026-05-12 00:00:00+00:00,1.4312
2026-05-13 00:00:00+00:00,1.5631
2026-05-14 00:00:00+00:00,1.4282
2026-05-15 00:00:00+00:00,1.1315
2026-05-16 00:00:00+00:00,0.887
2026-05-17 00:00:00+00:00,0.9379
2026-05-18 00:00:00+00:00,1.0856
2026-05-19 00:00:00+00:00,1.1653
2026-05-20 00:00:00+00:00,1.2555
2026-05-21 00:00:00+00:00,1.1943
2026-05-22 00:00:00+00:00,1.0457
2026-05-23 00:00:00+00:00,0.8007
2026-05-24 00:00:00+00:00,0.5756
2026-05-25 00:00:00+00:00,0.7643
2026-05-26 00:00:00+00:00,0.8477
2026-05-27 00:00:00+00:00,0.9792
2026-05-28 00:00:00+00:00,1.2682
2026-05-29 00:00:00+00:00,0.9162
2026-05-30 00:00:00+00:00,0.6056
2026-05-31 00:00:00+00:00,0.6993
2026-06-01 00:00:00+00:00,1.1148
2026-06-02 00:00:00+00:00,1.0879
2026-06-03 00:00:00+00:00,0.9452
2026-06-04 00:00:00+00:00,0.8848
2026-06-05 00:00:00+00:00,1.2594
2026-06-06 00:00:00+00:00,0.7092
2026-06-07 00:00:00+00:00,0.7226
2026-06-08 00:00:00+00:00,0.9466
2026-06-09 00:00:00+00:00,0.9173
2026-06-10 00:00:00+00:00,1.049
2026-06-11 00:00:00+00:00,1.4445
2026-06-12 00:00:00+00:00,0.9738
2026-06-13 00:00:00+00:00,0.7331
2026-06-14 00:00:00+00:00,0.9002
2026-06-15 00:00:00+00:00,1.0238
2026-06-16 00:00:00+00:00,1.1267
2026-06-17 00:00:00+00:00,1.2129
2026-06-18 00:00:00+00:00,1.3424
2026-06-19 00:00:00+00:00,0.915
2026-06-20 00:00:00+00:00,0.5732
2026-06-21 00:00:00+00:00,0.7061
2026-06-22 00:00:00+00:00,1.1253
2026-06-23 00:00:00+00:00,0.9638
2026-06-24 00:00:00+00:00,0.9885
2026-06-25 00:00:00+00:00,0.9401
2026-06-26 00:00:00+00:00,0.7269
2026-06-27 00:00:00+00:00,0.5326
2026-06-28 00:00:00+00:00,0.5417
2026-06-29 00:00:00+00:00,1.067
2026-06-30 00:00:00+00:00,1.007
2026-07-05 00:00:00+00:00,0.4431
2026-07-06 00:00:00+00:00,0.7453
2026-07-07 00:00:00+00:00,0.7848
2026-07-08 00:00:00+00:00,0.8601
2026-07-09 00:00:00+00:00,0.8198
2026-07-10 00:00:00+00:00,0.7109
2026-07-11 00:00:00+00:00,0.3867
2026-07-12 00:00:00+00:00,0.4824
2026-07-13 00:00:00+00:00,0.7458
2026-07-14 00:00:00+00:00,1.0039
2026-07-15 00:00:00+00:00,0.9872
2026-07-16 00:00:00+00:00,0.9769
2026-07-17 00:00:00+00:00,0.7031
2026-07-18 00:00:00+00:00,0.4135
2026-07-19 00:00:00+00:00,0.6159
2026-07-20 00:00:00+00:00,0.8661
2026-07-21 00:00:00+00:00,1.0007
2026-07-22 00:00:00+00:00,0.9606
2026-07-23 00:00:00+00:00,0.9297
2026-07-24 00:00:00+00:00,0.8199
2026-07-25 00:00:00+00:00,0.6545
2026-07-26 00:00:00+00:00,0.5941
2026-07-27 00:00:00+00:00,0.9253
2026-07-28 00:00:00+00:00,0.9572
2026-07-29 00:00:00+00:00,1.253
2026-07-30 00:00:00+00:00,1.5292
2026-07-31 00:00:00+00:00,0.9653
2026-08-01 00:00:00+00:00,0.5224
2026-08-02 00:00:00+00:00,0.7783
2026-08-03 00:00:00+00:00,0.9238
2026-08-04 00:00:00+00:00,0.9326
2026-08-05 00:00:00+00:00,1.028
2026-08-06 00:00:00+00:00,0.9373
2026-08-07 00:00:00+00:00,1.0486
2026-08-08 00:00:00+00:00,0.6966
2026-08-09 00:00:00+00:00,0.9593
2026-08-10 00:00:00+00:00,1.0862
2026-08-11 00:00:00+00:00,1.0317
2026-08-12 00:00:00+00:00,0.996
2026-08-13 00:00:00+00:00,1.0678
2026-08-14 00:00:00+00:00,0.974
2026-08-15 00:00:00+00:00,0.5939
2026-08-16 00:00:00+00:00,0.7096
2026-08-17 00:00:00+00:00,0.7625
2026-08-18 00:00:00+00:00,0.8719
2026-08-19 00:00:00+00:00,0.9828
2026-08-20 00:00:00+00:00,0.8932
2026-08-21 00:00:00+00:00,0.8667
2026-08-22 00:00:00+00:00,0.5636
