time,geopolitics_tone
2017-01-01 00:00:00+00:00,-2.2962
2017-01-02 00:00:00+00:00,-2.6933
2017-01-03 00:00:00+00:00,-2.5176
2017-01-04 00:00:00+00:00,-2.2475
2017-01-05 00:00:00+00:00,-2.2619
2017-01-06 00:00:00+00:00,-2.0049
2017-01-07 00:00:00+00:00,-2.8166
2017-01-08 00:00:00+00:00,-2.9993
2017-01-09 00:00:00+00:00,-2.2458
2017-01-10 00:00:00+00:00,-2.4117
2017-01-11 00:00:00+00:00,-2.5178
2017-01-12 00:00:00+00:00,-2.1876
2017-01-13 00:00:00+00:00,-2.108
2017-01-14 00:00:00+00:00,-1.8539
2017-01-15 00:00:00+00:00,-2.1101
2017-01-16 00:00:00+00:00,-2.0396
2017-01-17 00:00:00+00:00,-2.2119
2017-01-18 00:00:00+00:00,-2.0766
2017-01-19 00:00:00+00:00,-1.7049
2017-01-20 00:00:00+00:00,-1.96
2017-01-21 00:00:00+00:00,-2.0793
2017-01-22 00:00:00+00:00,-2.1833
2017-01-23 00:00:00+00:00,-2.0997
2017-01-24 00:00:00+00:00,-1.5608
2017-01-25 00:00:00+00:00,-1.8911
2017-01-26 00:00:00+00:00,-2.043
2017-01-27 00:00:00+00:00,-2.1337
2017-01-28 00:00:00+00:00,-2.8197
2017-01-29 00:00:00+00:00,-3.1843
2017-01-30 00:00:00+00:00,-3.0179
2017-01-31 00:00:00+00:00,-2.8129
2017-02-01 00:00:00+00:00,-2.5161
2017-02-02 00:00:00+00:00,-2.4084
2017-02-03 00:00:00+00:00,-2.5364
2017-02-04 00:00:00+00:00,-2.4626
2017-02-05 00:00:00+00:00,-2.4004
2017-02-06 00:00:00+00:00,-2.5716
2017-02-07 00:00:00+00:00,-2.8412
2017-02-08 00:00:00+00:00,-2.4166
2017-02-09 00:00:00+00:00,-2.6648
2017-02-10 00:00:00+00:00,-2.281
2017-02-11 00:00:00+00:00,-2.1527
2017-02-12 00:00:00+00:00,-1.9297
2017-02-13 00:00:00+00:00,-2.1491
2017-02-14 00:00:00+00:00,-2.2542
2017-02-15 00:00:00+00:00,-1.8928
2017-02-16 00:00:00+00:00,-2.0963
2017-02-17 00:00:00+00:00,-2.1943
2017-02-18 00:00:00+00:00,-2.5019
2017-02-19 00:00:00+00:00,-2.4301
2017-02-20 00:00:00+00:00,-2.104
2017-02-21 00:00:00+00:00,-2.1984
2017-02-22 00:00:00+00:00,-2.5234
2017-02-23 00:00:00+00:00,-2.1938
2017-02-24 00:00:00+00:00,-2.3618
2017-02-25 00:00:00+00:00,-2.6259
2017-02-26 00:00:00+00:00,-2.2143
2017-02-27 00:00:00+00:00,-1.6771
2017-02-28 00:00:00+00:00,-2.6169
2017-03-01 00:00:00+00:00,-2.1751
2017-03-02 00:00:00+00:00,-2.7011
2017-03-03 00:00:00+00:00,-2.3884
2017-03-04 00:00:00+00:00,-2.9354
2017-03-05 00:00:00+00:00,-2.3624
2017-03-06 00:00:00+00:00,-2.5208
2017-03-07 00:00:00+00:00,-2.6548
2017-03-08 00:00:00+00:00,-2.3461
2017-03-09 00:00:00+00:00,-2.3282
2017-03-10 00:00:00+00:00,-2.3148
2017-03-11 00:00:00+00:00,-2.564
2017-03-12 00:00:00+00:00,-2.6513
2017-03-13 00:00:00+00:00,-2.7499
2017-03-14 00:00:00+00:00,-2.718
2017-03-15 00:00:00+00:00,-2.7922
2017-03-16 00:00:00+00:00,-2.416
2017-03-17 00:00:00+00:00,-2.3637
2017-03-18 00:00:00+00:00,-2.3882
2017-03-19 00:00:00+00:00,-1.9663
2017-03-20 00:00:00+00:00,-1.8869
2017-03-21 00:00:00+00:00,-2.2355
2017-03-22 00:00:00+00:00,-2.4478
2017-03-23 00:00:00+00:00,-2.3173
2017-03-24 00:00:00+00:00,-2.2847
2017-03-25 00:00:00+00:00,-2.4342
2017-03-26 00:00:00+00:00,-2.4648
2017-03-27 00:00:00+00:00,-2.269
2017-03-28 00:00:00+00:00,-2.3266
2017-03-29 00:00:00+00:00,-2.1034
2017-03-30 00:00:00+00:00,-2.3602
2017-03-31 00:00:00+00:00,-2.3881
2017-04-01 00:00:00+00:00,-2.1639
2017-04-02 00:00:00+00:00,-2.0854
2017-04-03 00:00:00+00:00,-2.23
2017-04-04 00:00:00+00:00,-2.8816
2017-04-05 00:00:00+00:00,-3.4485
2017-04-06 00:00:00+00:00,-2.7393
2017-04-07 00:00:00+00:00,-3.737
2017-04-08 00:00:00+00:00,-3.2228
2017-04-09 00:00:00+00:00,-3.0714
2017-04-10 00:00:00+00:00,-2.7136
2017-04-11 00:00:00+00:00,-2.9387
2017-04-12 00:00:00+00:00,-2.8691
2017-04-13 00:00:00+00:00,-2.4995
2017-04-14 00:00:00+00:00,-2.69
2017-04-15 00:00:00+00:00,-2.7733
2017-04-16 00:00:00+00:00,-2.5751
2017-04-17 00:00:00+00:00,-2.0699
2017-04-18 00:00:00+00:00,-1.845
2017-04-19 00:00:00+00:00,-2.4943
2017-04-20 00:00:00+00:00,-2.0958
2017-04-21 00:00:00+00:00,-2.3817
2017-04-22 00:00:00+00:00,-2.6907
2017-04-23 00:00:00+00:00,-2.3898
2017-04-24 00:00:00+00:00,-2.5391
2017-04-25 00:00:00+00:00,-2.4245
2017-04-26 00:00:00+00:00,-2.2283
2017-04-27 00:00:00+00:00,-2.4689
2017-04-28 00:00:00+00:00,-2.4929
2017-04-29 00:00:00+00:00,-2.3537
2017-04-30 00:00:00+00:00,-2.0781
2017-05-01 00:00:00+00:00,-2.1441
2017-05-02 00:00:00+00:00,-2.2941
2017-05-03 00:00:00+00:00,-2.0581
2017-05-04 00:00:00+00:00,-2.0671
2017-05-05 00:00:00+00:00,-2.1973
2017-05-06 00:00:00+00:00,-2.3077
2017-05-07 00:00:00+00:00,-1.7124
2017-05-08 00:00:00+00:00,-2.2798
2017-05-09 00:00:00+00:00,-2.3216
2017-05-10 00:00:00+00:00,-2.3838
2017-05-11 00:00:00+00:00,-1.9791
2017-05-12 00:00:00+00:00,-2.1386
2017-05-13 00:00:00+00:00,-1.9071
2017-05-14 00:00:00+00:00,-1.611
2017-05-15 00:00:00+00:00,-2.2386
2017-05-16 00:00:00+00:00,-2.4874
2017-05-17 00:00:00+00:00,-2.323
2017-05-18 00:00:00+00:00,-2.0193
2017-05-19 00:00:00+00:00,-2.2457
2017-05-20 00:00:00+00:00,-1.8395
2017-05-21 00:00:00+00:00,-2.0493
2017-05-22 00:00:00+00:00,-1.7695
2017-05-23 00:00:00+00:00,-2.2087
2017-05-24 00:00:00+00:00,-1.9433
2017-05-25 00:00:00+00:00,-1.785
2017-05-26 00:00:00+00:00,-2.2281
2017-05-27 00:00:00+00:00,-2.155
2017-05-28 00:00:00+00:00,-1.7447
2017-05-29 00:00:00+00:00,-1.5309
2017-05-30 00:00:00+00:00,-2.4152
2017-05-31 00:00:00+00:00,-2.2167
2017-06-01 00:00:00+00:00,-2.0093
2017-06-02 00:00:00+00:00,-1.9359
2017-06-03 00:00:00+00:00,-2.5851
2017-06-04 00:00:00+00:00,-2.6885
2017-06-05 00:00:00+00:00,-2.3129
2017-06-06 00:00:00+00:00,-2.4046
2017-06-07 00:00:00+00:00,-2.4584
2017-06-08 00:00:00+00:00,-2.3714
2017-06-09 00:00:00+00:00,-2.1534
2017-06-10 00:00:00+00:00,-2.374
2017-06-11 00:00:00+00:00,-2.1302
2017-06-12 00:00:00+00:00,-1.7234
2017-06-13 00:00:00+00:00,-2.0652
2017-06-14 00:00:00+00:00,-2.2483
2017-06-15 00:00:00+00:00,-2.3156
2017-06-16 00:00:00+00:00,-2.1979
2017-06-17 00:00:00+00:00,-2.1515
2017-06-18 00:00:00+00:00,-2.5081
2017-06-19 00:00:00+00:00,-2.6451
2017-06-20 00:00:00+00:00,-2.7946
2017-06-21 00:00:00+00:00,-1.946
2017-06-22 00:00:00+00:00,-2.2627
2017-06-23 00:00:00+00:00,-2.0958
2017-06-24 00:00:00+00:00,-2.4574
2017-06-25 00:00:00+00:00,-2.2049
2017-06-26 00:00:00+00:00,-1.8058
2017-06-27 00:00:00+00:00,-2.5141
2017-06-28 00:00:00+00:00,-2.0723
2017-06-29 00:00:00+00:00,-2.2486
2017-06-30 00:00:00+00:00,-2.3497
2017-07-01 00:00:00+00:00,-2.0938
2017-07-02 00:00:00+00:00,-2.4788
2017-07-03 00:00:00+00:00,-1.8251
2017-07-04 00:00:00+00:00,-1.8773
2017-07-05 00:00:00+00:00,-2.1185
2017-07-06 00:00:00+00:00,-2.3653
2017-07-07 00:00:00+00:00,-2.4689
2017-07-08 00:00:00+00:00,-2.2044
2017-07-09 00:00:00+00:00,-2.2887
2017-07-10 00:00:00+00:00,-2.2828
2017-07-11 00:00:00+00:00,-2.1992
2017-07-12 00:00:00+00:00,-2.2338
2017-07-13 00:00:00+00:00,-1.9914
2017-07-14 00:00:00+00:00,-1.787
2017-07-15 00:00:00+00:00,-2.0738
2017-07-16 00:00:00+00:00,-2.3583
2017-07-17 00:00:00+00:00,-2.4243
2017-07-18 00:00:00+00:00,-2.268
2017-07-19 00:00:00+00:00,-2.1288
2017-07-20 00:00:00+00:00,-2.3339
2017-07-21 00:00:00+00:00,-2.5058
2017-07-22 00:00:00+00:00,-2.3645
2017-07-23 00:00:00+00:00,-2.1585
2017-07-24 00:00:00+00:00,-2.4633
2017-07-25 00:00:00+00:00,-2.1598
2017-07-26 00:00:00+00:00,-2.4144
2017-07-27 00:00:00+00:00,-2.2549
2017-07-28 00:00:00+00:00,-2.5953
2017-07-29 00:00:00+00:00,-2.4661
2017-07-30 00:00:00+00:00,-2.5416
2017-07-31 00:00:00+00:00,-2.4826
2017-08-01 00:00:00+00:00,-2.4083
2017-08-02 00:00:00+00:00,-2.7556
2017-08-03 00:00:00+00:00,-2.3033
2017-08-04 00:00:00+00:00,-2.115
2017-08-05 00:00:00+00:00,-2.6066
2017-08-06 00:00:00+00:00,-2.7532
2017-08-07 00:00:00+00:00,-2.5668
2017-08-08 00:00:00+00:00,-1.9834
2017-08-09 00:00:00+00:00,-2.8478
2017-08-10 00:00:00+00:00,-2.9571
2017-08-11 00:00:00+00:00,-2.7387
2017-08-12 00:00:00+00:00,-3.0169
2017-08-13 00:00:00+00:00,-3.3566
2017-08-14 00:00:00+00:00,-2.8601
2017-08-15 00:00:00+00:00,-2.7883
2017-08-16 00:00:00+00:00,-2.6143
2017-08-17 00:00:00+00:00,-3.0464
2017-08-18 00:00:00+00:00,-2.9137
2017-08-19 00:00:00+00:00,-2.7194
2017-08-20 00:00:00+00:00,-2.3265
2017-08-21 00:00:00+00:00,-2.5906
2017-08-22 00:00:00+00:00,-2.4522
2017-08-23 00:00:00+00:00,-2.4719
2017-08-24 00:00:00+00:00,-2.1773
2017-08-25 00:00:00+00:00,-2.3453
2017-08-26 00:00:00+00:00,-2.8735
2017-08-27 00:00:00+00:00,-2.6978
2017-08-28 00:00:00+00:00,-2.5109
2017-08-29 00:00:00+00:00,-2.6292
2017-08-30 00:00:00+00:00,-2.3925
2017-08-31 00:00:00+00:00,-2.1785
2017-09-01 00:00:00+00:00,-2.2993
2017-09-02 00:00:00+00:00,-2.378
2017-09-03 00:00:00+00:00,-2.1891
2017-09-04 00:00:00+00:00,-2.4165
2017-09-05 00:00:00+00:00,-2.4895
2017-09-06 00:00:00+00:00,-2.3756
2017-09-07 00:00:00+00:00,-2.2999
2017-09-08 00:00:00+00:00,-2.2762
2017-09-09 00:00:00+00:00,-2.5563
2017-09-10 00:00:00+00:00,-2.509
2017-09-11 00:00:00+00:00,-2.5696
2017-09-12 00:00:00+00:00,-2.6767
2017-09-13 00:00:00+00:00,-2.3436
2017-09-14 00:00:00+00:00,-2.4009
2017-09-15 00:00:00+00:00,-2.4383
2017-09-16 00:00:00+00:00,-2.0551
2017-09-17 00:00:00+00:00,-2.3123
2017-09-18 00:00:00+00:00,-2.1007
2017-09-19 00:00:00+00:00,-2.4187
2017-09-20 00:00:00+00:00,-2.3308
2017-09-21 00:00:00+00:00,-2.3859
2017-09-22 00:00:00+00:00,-2.493
2017-09-23 00:00:00+00:00,-2.4609
2017-09-24 00:00:00+00:00,-2.0718
2017-09-25 00:00:00+00:00,-2.3237
2017-09-26 00:00:00+00:00,-2.5964
2017-09-27 00:00:00+00:00,-2.3442
2017-09-28 00:00:00+00:00,-2.2254
2017-09-29 00:00:00+00:00,-2.1306
2017-09-30 00:00:00+00:00,-2.1338
2017-10-01 00:00:00+00:00,-2.2572
2017-10-02 00:00:00+00:00,-2.5705
2017-10-03 00:00:00+00:00,-2.6569
2017-10-04 00:00:00+00:00,-2.4843
2017-10-05 00:00:00+00:00,-2.4113
2017-10-06 00:00:00+00:00,-1.9468
2017-10-07 00:00:00+00:00,-2.4663
2017-10-08 00:00:00+00:00,-2.3148
2017-10-09 00:00:00+00:00,-2.2553
2017-10-10 00:00:00+00:00,-2.1004
2017-10-11 00:00:00+00:00,-2.304
2017-10-12 00:00:00+00:00,-2.1926
2017-10-13 00:00:00+00:00,-2.3419
2017-10-14 00:00:00+00:00,-2.496
2017-10-15 00:00:00+00:00,-2.4987
2017-10-16 00:00:00+00:00,-2.6197
2017-10-17 00:00:00+00:00,-2.5369
2017-10-18 00:00:00+00:00,-2.4493
2017-10-19 00:00:00+00:00,-2.419
2017-10-20 00:00:00+00:00,-2.5913
2017-10-21 00:00:00+00:00,-2.7535
2017-10-22 00:00:00+00:00,-2.3311
2017-10-23 00:00:00+00:00,-2.4265
2017-10-24 00:00:00+00:00,-2.4687
2017-10-25 00:00:00+00:00,-2.3378
2017-10-26 00:00:00+00:00,-1.9749
2017-10-27 00:00:00+00:00,-2.2979
2017-10-28 00:00:00+00:00,-2.4691
2017-10-29 00:00:00+00:00,-2.7102
2017-10-30 00:00:00+00:00,-2.3184
2017-10-31 00:00:00+00:00,-2.2068
2017-11-01 00:00:00+00:00,-2.2949
2017-11-02 00:00:00+00:00,-2.4969
2017-11-03 00:00:00+00:00,-2.3784
2017-11-04 00:00:00+00:00,-2.4523
2017-11-05 00:00:00+00:00,-2.8573
2017-11-06 00:00:00+00:00,-2.283
2017-11-07 00:00:00+00:00,-2.0389
2017-11-08 00:00:00+00:00,-2.1564
2017-11-09 00:00:00+00:00,-1.9281
2017-11-10 00:00:00+00:00,-1.9558
2017-11-11 00:00:00+00:00,-1.7702
2017-11-12 00:00:00+00:00,-2.3875
2017-11-13 00:00:00+00:00,-2.2751
2017-11-14 00:00:00+00:00,-2.2514
2017-11-15 00:00:00+00:00,-1.9024
2017-11-16 00:00:00+00:00,-2.0945
2017-11-17 00:00:00+00:00,-1.9416
2017-11-18 00:00:00+00:00,-2.2312
2017-11-19 00:00:00+00:00,-1.8827
2017-11-20 00:00:00+00:00,-2.9379
2017-11-21 00:00:00+00:00,-2.4051
2017-11-22 00:00:00+00:00,-2.9815
2017-11-23 00:00:00+00:00,-2.0163
2017-11-24 00:00:00+00:00,-2.4297
2017-11-25 00:00:00+00:00,-2.8779
2017-11-26 00:00:00+00:00,-2.6225
2017-11-27 00:00:00+00:00,-2.3068
2017-11-28 00:00:00+00:00,-2.1076
2017-11-29 00:00:00+00:00,-2.734
2017-11-30 00:00:00+00:00,-2.7795
2017-12-03 00:00:00+00:00,-2.4634
2017-12-04 00:00:00+00:00,-2.1788
2017-12-05 00:00:00+00:00,-2.4005
2017-12-06 00:00:00+00:00,-2.0435
2017-12-07 00:00:00+00:00,-2.2414
2017-12-08 00:00:00+00:00,-2.3051
2017-12-09 00:00:00+00:00,-2.5153
2017-12-10 00:00:00+00:00,-2.7424
2017-12-11 00:00:00+00:00,-1.9495
2017-12-12 00:00:00+00:00,-1.9816
2017-12-13 00:00:00+00:00,-1.9981
2017-12-14 00:00:00+00:00,-1.9944
2017-12-15 00:00:00+00:00,-1.8946
2017-12-16 00:00:00+00:00,-2.022
2017-12-17 00:00:00+00:00,-2.1896
2017-12-18 00:00:00+00:00,-1.9429
2017-12-19 00:00:00+00:00,-2.4577
2017-12-20 00:00:00+00:00,-2.3897
2017-12-21 00:00:00+00:00,-2.3835
2017-12-22 00:00:00+00:00,-2.2931
2017-12-23 00:00:00+00:00,-2.1923
2017-12-24 00:00:00+00:00,-2.3284
2017-12-25 00:00:00+00:00,-2.2067
2017-12-26 00:00:00+00:00,-2.1519
2017-12-27 00:00:00+00:00,-2.3296
2017-12-28 00:00:00+00:00,-2.6065
2017-12-29 00:00:00+00:00,-2.4541
2017-12-30 00:00:00+00:00,-2.1543
2017-12-31 00:00:00+00:00,-2.5846
2018-01-01 00:00:00+00:00,-2.4104
2018-01-02 00:00:00+00:00,-2.9268
2018-01-03 00:00:00+00:00,-2.4572
2018-01-04 00:00:00+00:00,-2.6444
2018-01-05 00:00:00+00:00,-2.466
2018-01-06 00:00:00+00:00,-2.0145
2018-01-07 00:00:00+00:00,-2.1844
2018-01-08 00:00:00+00:00,-1.5059
2018-01-09 00:00:00+00:00,-2.047
2018-01-10 00:00:00+00:00,-2.1638
2018-01-11 00:00:00+00:00,-2.3053
2018-01-12 00:00:00+00:00,-2.0871
2018-01-13 00:00:00+00:00,-2.2992
2018-01-14 00:00:00+00:00,-2.5411
2018-01-15 00:00:00+00:00,-2.7166
2018-01-16 00:00:00+00:00,-2.5851
2018-01-17 00:00:00+00:00,-2.2465
2018-01-18 00:00:00+00:00,-2.1948
2018-01-19 00:00:00+00:00,-2.1039
2018-01-20 00:00:00+00:00,-2.0697
2018-01-21 00:00:00+00:00,-2.1064
2018-01-22 00:00:00+00:00,-1.879
2018-01-23 00:00:00+00:00,-1.5385
2018-01-24 00:00:00+00:00,-2.348
2018-01-25 00:00:00+00:00,-2.0576
2018-01-26 00:00:00+00:00,-2.3169
2018-01-27 00:00:00+00:00,-2.8919
2018-01-28 00:00:00+00:00,-2.3532
2018-01-29 00:00:00+00:00,-1.6683
2018-01-30 00:00:00+00:00,-2.6123
2018-01-31 00:00:00+00:00,-2.1983
2018-02-01 00:00:00+00:00,-2.1693
2018-02-02 00:00:00+00:00,-2.1463
2018-02-03 00:00:00+00:00,-2.5463
2018-02-04 00:00:00+00:00,-2.757
2018-02-05 00:00:00+00:00,-2.4505
2018-02-06 00:00:00+00:00,-2.4694
2018-02-07 00:00:00+00:00,-2.154
2018-02-08 00:00:00+00:00,-2.2499
2018-02-09 00:00:00+00:00,-1.6778
2018-02-10 00:00:00+00:00,-2.1338
2018-02-11 00:00:00+00:00,-2.1136
2018-02-12 00:00:00+00:00,-2.1449
2018-02-13 00:00:00+00:00,-2.1207
2018-02-14 00:00:00+00:00,-2.1391
2018-02-15 00:00:00+00:00,-2.6526
2018-02-16 00:00:00+00:00,-2.0485
2018-02-17 00:00:00+00:00,-2.2771
2018-02-18 00:00:00+00:00,-2.6297
2018-02-19 00:00:00+00:00,-2.3307
2018-02-20 00:00:00+00:00,-2.5424
2018-02-21 00:00:00+00:00,-2.4644
2018-02-22 00:00:00+00:00,-2.4227
2018-02-23 00:00:00+00:00,-2.4099
2018-02-24 00:00:00+00:00,-3.2435
2018-02-25 00:00:00+00:00,-1.9712
2018-02-26 00:00:00+00:00,-2.2665
2018-02-27 00:00:00+00:00,-2.3122
2018-02-28 00:00:00+00:00,-2.0477
2018-03-01 00:00:00+00:00,-2.1395
2018-03-02 00:00:00+00:00,-2.5491
2018-03-03 00:00:00+00:00,-2.3255
2018-03-04 00:00:00+00:00,-1.9118
2018-03-05 00:00:00+00:00,-1.4831
2018-03-06 00:00:00+00:00,-2.2407
2018-03-07 00:00:00+00:00,-2.4241
2018-03-08 00:00:00+00:00,-2.1913
2018-03-09 00:00:00+00:00,-1.8001
2018-03-10 00:00:00+00:00,-2.0327
2018-03-11 00:00:00+00:00,-2.3345
2018-03-12 00:00:00+00:00,-2.0261
2018-03-13 00:00:00+00:00,-2.3337
2018-03-14 00:00:00+00:00,-2.7173
2018-03-15 00:00:00+00:00,-3.0975
2018-03-16 00:00:00+00:00,-2.6973
2018-03-17 00:00:00+00:00,-2.7732
2018-03-18 00:00:00+00:00,-2.7367
2018-03-19 00:00:00+00:00,-2.2577
2018-03-20 00:00:00+00:00,-2.2887
2018-03-21 00:00:00+00:00,-2.1546
2018-03-22 00:00:00+00:00,-2.6942
2018-03-23 00:00:00+00:00,-2.5613
2018-03-24 00:00:00+00:00,-2.4943
2018-03-25 00:00:00+00:00,-2.2608
2018-03-26 00:00:00+00:00,-2.5012
2018-03-27 00:00:00+00:00,-2.0178
2018-03-28 00:00:00+00:00,-1.7703
2018-03-29 00:00:00+00:00,-1.8163
2018-03-30 00:00:00+00:00,-2.5359
2018-03-31 00:00:00+00:00,-2.942
2018-04-01 00:00:00+00:00,-2.8128
2018-04-02 00:00:00+00:00,-2.6273
2018-04-03 00:00:00+00:00,-2.3399
2018-04-04 00:00:00+00:00,-2.694
2018-04-05 00:00:00+00:00,-2.304
2018-04-06 00:00:00+00:00,-2.647
2018-04-07 00:00:00+00:00,-2.6145
2018-04-08 00:00:00+00:00,-3.1065
2018-04-09 00:00:00+00:00,-2.9558
2018-04-10 00:00:00+00:00,-2.8294
2018-04-11 00:00:00+00:00,-2.8913
2018-04-12 00:00:00+00:00,-2.6376
2018-04-13 00:00:00+00:00,-2.8862
2018-04-14 00:00:00+00:00,-3.5787
2018-04-15 00:00:00+00:00,-2.5956
2018-04-16 00:00:00+00:00,-2.5719
2018-04-17 00:00:00+00:00,-2.4378
2018-04-18 00:00:00+00:00,-1.7175
2018-04-19 00:00:00+00:00,-1.8164
2018-04-20 00:00:00+00:00,-2.5128
2018-04-21 00:00:00+00:00,-2.2723
2018-04-22 00:00:00+00:00,-1.9636
2018-04-23 00:00:00+00:00,-2.1932
2018-04-24 00:00:00+00:00,-1.7977
2018-04-25 00:00:00+00:00,-1.7602
2018-04-26 00:00:00+00:00,-2.0402
2018-04-27 00:00:00+00:00,-1.6322
2018-04-28 00:00:00+00:00,-2.0381
2018-04-29 00:00:00+00:00,-1.8765
2018-04-30 00:00:00+00:00,-2.1202
2018-05-01 00:00:00+00:00,-1.8367
2018-05-02 00:00:00+00:00,-1.7536
2018-05-03 00:00:00+00:00,-1.9051
2018-05-04 00:00:00+00:00,-1.7772
2018-05-05 00:00:00+00:00,-1.9903
2018-05-06 00:00:00+00:00,-2.4356
2018-05-07 00:00:00+00:00,-1.8402
2018-05-08 00:00:00+00:00,-1.8257
2018-05-09 00:00:00+00:00,-1.9704
2018-05-10 00:00:00+00:00,-2.2185
2018-05-11 00:00:00+00:00,-2.0489
2018-05-12 00:00:00+00:00,-2.2477
2018-05-13 00:00:00+00:00,-1.8707
2018-05-14 00:00:00+00:00,-2.4207
2018-05-15 00:00:00+00:00,-2.7355
2018-05-16 00:00:00+00:00,-2.3188
2018-05-17 00:00:00+00:00,-2.0419
2018-05-18 00:00:00+00:00,-2.2979
2018-05-19 00:00:00+00:00,-1.8625
2018-05-20 00:00:00+00:00,-1.9126
2018-05-21 00:00:00+00:00,-2.0039
2018-05-22 00:00:00+00:00,-2.4803
2018-05-23 00:00:00+00:00,-2.1152
2018-05-24 00:00:00+00:00,-2.0049
2018-05-25 00:00:00+00:00,-2.1275
2018-05-26 00:00:00+00:00,-1.8161
2018-05-27 00:00:00+00:00,-1.831
2018-05-28 00:00:00+00:00,-1.684
2018-05-29 00:00:00+00:00,-2.1548
2018-05-30 00:00:00+00:00,-2.6213
2018-05-31 00:00:00+00:00,-1.939
2018-06-01 00:00:00+00:00,-1.8734
2018-06-02 00:00:00+00:00,-2.227
2018-06-03 00:00:00+00:00,-2.273
2018-06-04 00:00:00+00:00,-2.134
2018-06-05 00:00:00+00:00,-1.8916
2018-06-06 00:00:00+00:00,-2.0153
2018-06-07 00:00:00+00:00,-1.9516
2018-06-08 00:00:00+00:00,-2.1553
2018-06-09 00:00:00+00:00,-1.5662
2018-06-10 00:00:00+00:00,-1.5052
2018-06-11 00:00:00+00:00,-1.7774
2018-06-12 00:00:00+00:00,-1.4639
2018-06-13 00:00:00+00:00,-1.9563
2018-06-14 00:00:00+00:00,-1.877
2018-06-15 00:00:00+00:00,-2.0173
2018-06-16 00:00:00+00:00,-2.0366
2018-06-17 00:00:00+00:00,-2.1776
2018-06-18 00:00:00+00:00,-2.4139
2018-06-19 00:00:00+00:00,-2.2192
2018-06-20 00:00:00+00:00,-2.4552
2018-06-21 00:00:00+00:00,-2.2344
2018-06-22 00:00:00+00:00,-2.1202
2018-06-23 00:00:00+00:00,-2.2255
2018-06-24 00:00:00+00:00,-2.1416
2018-06-25 00:00:00+00:00,-1.891
2018-06-26 00:00:00+00:00,-2.4508
2018-06-27 00:00:00+00:00,-2.1717
2018-06-28 00:00:00+00:00,-2.2889
2018-06-29 00:00:00+00:00,-2.6129
2018-06-30 00:00:00+00:00,-2.0547
2018-07-01 00:00:00+00:00,-2.0244
2018-07-02 00:00:00+00:00,-2.0288
2018-07-03 00:00:00+00:00,-2.007
2018-07-04 00:00:00+00:00,-1.9614
2018-07-05 00:00:00+00:00,-2.1488
2018-07-06 00:00:00+00:00,-2.3746
2018-07-07 00:00:00+00:00,-1.8133
2018-07-08 00:00:00+00:00,-1.6441
2018-07-09 00:00:00+00:00,-1.6936
2018-07-10 00:00:00+00:00,-1.6688
2018-07-11 00:00:00+00:00,-2.0623
2018-07-12 00:00:00+00:00,-1.8523
2018-07-13 00:00:00+00:00,-1.8759
2018-07-14 00:00:00+00:00,-2.4039
2018-07-15 00:00:00+00:00,-2.9522
2018-07-16 00:00:00+00:00,-2.3372
2018-07-17 00:00:00+00:00,-2.3513
2018-07-18 00:00:00+00:00,-2.1138
2018-07-19 00:00:00+00:00,-2.3717
2018-07-20 00:00:00+00:00,-2.2599
2018-07-21 00:00:00+00:00,-2.6879
2018-07-22 00:00:00+00:00,-2.8309
2018-07-23 00:00:00+00:00,-3.2984
2018-07-24 00:00:00+00:00,-2.579
2018-07-25 00:00:00+00:00,-2.5315
2018-07-26 00:00:00+00:00,-2.3906
2018-07-27 00:00:00+00:00,-2.102
2018-07-28 00:00:00+00:00,-2.4899
2018-07-29 00:00:00+00:00,-2.7704
2018-07-30 00:00:00+00:00,-2.6918
2018-07-31 00:00:00+00:00,-2.4231
2018-08-01 00:00:00+00:00,-2.5007
2018-08-02 00:00:00+00:00,-2.5486
2018-08-03 00:00:00+00:00,-2.6914
2018-08-04 00:00:00+00:00,-3.0529
2018-08-05 00:00:00+00:00,-3.1626
2018-08-06 00:00:00+00:00,-3.0901
2018-08-07 00:00:00+00:00,-2.6927
2018-08-08 00:00:00+00:00,-2.6425
2018-08-09 00:00:00+00:00,-3.0503
2018-08-10 00:00:00+00:00,-3.0044
2018-08-11 00:00:00+00:00,-3.027
2018-08-12 00:00:00+00:00,-2.8194
2018-08-13 00:00:00+00:00,-2.6227
2018-08-14 00:00:00+00:00,-2.4117
2018-08-15 00:00:00+00:00,-2.9338
2018-08-16 00:00:00+00:00,-2.4376
2018-08-17 00:00:00+00:00,-2.2708
2018-08-18 00:00:00+00:00,-2.0147
2018-08-19 00:00:00+00:00,-2.292
2018-08-20 00:00:00+00:00,-2.2102
2018-08-21 00:00:00+00:00,-2.8129
2018-08-22 00:00:00+00:00,-2.2376
2018-08-23 00:00:00+00:00,-2.6133
2018-08-24 00:00:00+00:00,-2.5394
2018-08-25 00:00:00+00:00,-2.7756
2018-08-26 00:00:00+00:00,-2.3713
2018-08-27 00:00:00+00:00,-2.4841
2018-08-28 00:00:00+00:00,-2.813
2018-08-29 00:00:00+00:00,-2.4114
2018-08-30 00:00:00+00:00,-2.0916
2018-08-31 00:00:00+00:00,-2.4664
2018-09-01 00:00:00+00:00,-2.2341
2018-09-02 00:00:00+00:00,-2.618
2018-09-03 00:00:00+00:00,-2.4516
2018-09-04 00:00:00+00:00,-2.8358
2018-09-05 00:00:00+00:00,-2.5197
2018-09-06 00:00:00+00:00,-2.4571
2018-09-07 00:00:00+00:00,-2.6663
2018-09-08 00:00:00+00:00,-2.9431
2018-09-09 00:00:00+00:00,-2.82
2018-09-10 00:00:00+00:00,-2.6351
2018-09-11 00:00:00+00:00,-2.8852
2018-09-12 00:00:00+00:00,-2.9663
2018-09-13 00:00:00+00:00,-2.6077
2018-09-14 00:00:00+00:00,-2.5715
2018-09-15 00:00:00+00:00,-2.7607
2018-09-16 00:00:00+00:00,-2.3702
2018-09-17 00:00:00+00:00,-2.1971
2018-09-18 00:00:00+00:00,-1.9877
2018-09-19 00:00:00+00:00,-1.9894
2018-09-20 00:00:00+00:00,-1.7911
2018-09-21 00:00:00+00:00,-2.0682
2018-09-22 00:00:00+00:00,-2.8923
2018-09-23 00:00:00+00:00,-2.7522
2018-09-24 00:00:00+00:00,-2.7463
2018-09-25 00:00:00+00:00,-2.6717
2018-09-26 00:00:00+00:00,-2.5385
2018-09-27 00:00:00+00:00,-2.1916
2018-09-28 00:00:00+00:00,-2.2448
2018-09-29 00:00:00+00:00,-2.6049
2018-09-30 00:00:00+00:00,-2.2951
2018-10-01 00:00:00+00:00,-1.9717
2018-10-02 00:00:00+00:00,-2.4088
2018-10-03 00:00:00+00:00,-2.3081
2018-10-04 00:00:00+00:00,-2.5572
2018-10-05 00:00:00+00:00,-2.252
2018-10-06 00:00:00+00:00,-2.173
2018-10-07 00:00:00+00:00,-2.5267
2018-10-08 00:00:00+00:00,-2.4455
2018-10-09 00:00:00+00:00,-2.0697
2018-10-10 00:00:00+00:00,-2.0949
2018-10-11 00:00:00+00:00,-2.3273
2018-10-12 00:00:00+00:00,-2.5602
2018-10-13 00:00:00+00:00,-2.6472
2018-10-14 00:00:00+00:00,-3.185
2018-10-15 00:00:00+00:00,-2.4582
2018-10-16 00:00:00+00:00,-1.7607
2018-10-17 00:00:00+00:00,-2.6636
2018-10-18 00:00:00+00:00,-2.4633
2018-10-19 00:00:00+00:00,-2.7343
2018-10-20 00:00:00+00:00,-2.336
2018-10-21 00:00:00+00:00,-2.7749
2018-10-22 00:00:00+00:00,-2.4719
2018-10-23 00:00:00+00:00,-2.6527
2018-10-24 00:00:00+00:00,-2.5949
2018-10-25 00:00:00+00:00,-2.5887
2018-10-26 00:00:00+00:00,-2.5904
2018-10-27 00:00:00+00:00,-3.0158
2018-10-28 00:00:00+00:00,-2.4672
2018-10-29 00:00:00+00:00,-2.2353
2018-10-30 00:00:00+00:00,-2.3409
2018-10-31 00:00:00+00:00,-2.0412
2018-11-01 00:00:00+00:00,-2.2042
2018-11-02 00:00:00+00:00,-2.4939
2018-11-03 00:00:00+00:00,-2.6683
2018-11-04 00:00:00+00:00,-2.6666
2018-11-05 00:00:00+00:00,-2.657
2018-11-06 00:00:00+00:00,-2.8502
2018-11-07 00:00:00+00:00,-2.1469
2018-11-08 00:00:00+00:00,-2.1842
2018-11-09 00:00:00+00:00,-2.2907
2018-11-10 00:00:00+00:00,-2.1879
2018-11-11 00:00:00+00:00,-2.2066
2018-11-12 00:00:00+00:00,-2.2477
2018-11-13 00:00:00+00:00,-2.13
2018-11-14 00:00:00+00:00,-2.4413
2018-11-15 00:00:00+00:00,-2.4292
2018-11-16 00:00:00+00:00,-2.5637
2018-11-17 00:00:00+00:00,-2.6684
2018-11-18 00:00:00+00:00,-2.6585
2018-11-19 00:00:00+00:00,-2.3372
2018-11-20 00:00:00+00:00,-2.6722
2018-11-21 00:00:00+00:00,-2.5329
2018-11-22 00:00:00+00:00,-2.5269
2018-11-23 00:00:00+00:00,-2.6413
2018-11-24 00:00:00+00:00,-3.1547
2018-11-25 00:00:00+00:00,-3.1743
2018-11-26 00:00:00+00:00,-3.1621
2018-11-27 00:00:00+00:00,-2.6105
2018-11-28 00:00:00+00:00,-2.5911
2018-11-29 00:00:00+00:00,-2.5382
2018-11-30 00:00:00+00:00,-2.3248
2018-12-01 00:00:00+00:00,-1.6071
2018-12-02 00:00:00+00:00,-2.0042
2018-12-03 00:00:00+00:00,-1.8746
2018-12-04 00:00:00+00:00,-2.0576
2018-12-05 00:00:00+00:00,-2.0612
2018-12-06 00:00:00+00:00,-2.2524
2018-12-07 00:00:00+00:00,-2.3993
2018-12-08 00:00:00+00:00,-2.7244
2018-12-09 00:00:00+00:00,-2.6836
2018-12-10 00:00:00+00:00,-2.7302
2018-12-11 00:00:00+00:00,-2.8612
2018-12-12 00:00:00+00:00,-2.6775
2018-12-13 00:00:00+00:00,-2.3658
2018-12-14 00:00:00+00:00,-2.2725
2018-12-15 00:00:00+00:00,-2.2114
2018-12-16 00:00:00+00:00,-1.9169
2018-12-17 00:00:00+00:00,-2.1577
2018-12-18 00:00:00+00:00,-2.2502
2018-12-19 00:00:00+00:00,-2.7306
2018-12-20 00:00:00+00:00,-2.6537
2018-12-21 00:00:00+00:00,-2.3438
2018-12-22 00:00:00+00:00,-2.349
2018-12-23 00:00:00+00:00,-2.0899
2018-12-24 00:00:00+00:00,-2.2251
2018-12-25 00:00:00+00:00,-2.1828
2018-12-26 00:00:00+00:00,-2.3288
2018-12-27 00:00:00+00:00,-2.3048
2018-12-28 00:00:00+00:00,-2.0445
2018-12-29 00:00:00+00:00,-2.5085
2018-12-30 00:00:00+00:00,-2.3277
2018-12-31 00:00:00+00:00,-2.3703
2019-01-01 00:00:00+00:00,-2.1665
2019-01-02 00:00:00+00:00,-1.9271
2019-01-03 00:00:00+00:00,-2.2041
2019-01-04 00:00:00+00:00,-2.1668
2019-01-05 00:00:00+00:00,-1.94
2019-01-06 00:00:00+00:00,-2.2469
2019-01-07 00:00:00+00:00,-1.6161
2019-01-08 00:00:00+00:00,-2.1074
2019-01-09 00:00:00+00:00,-2.2054
2019-01-10 00:00:00+00:00,-2.188
2019-01-11 00:00:00+00:00,-2.3914
2019-01-12 00:00:00+00:00,-2.1767
2019-01-13 00:00:00+00:00,-2.1354
2019-01-14 00:00:00+00:00,-2.1729
2019-01-15 00:00:00+00:00,-2.2942
2019-01-16 00:00:00+00:00,-2.5961
2019-01-17 00:00:00+00:00,-2.381
2019-01-18 00:00:00+00:00,-2.2361
2019-01-19 00:00:00+00:00,-2.7012
2019-01-20 00:00:00+00:00,-2.7845
2019-01-21 00:00:00+00:00,-2.9589
2019-01-22 00:00:00+00:00,-1.7487
2019-01-23 00:00:00+00:00,-1.934
2019-01-24 00:00:00+00:00,-2.4564
2019-01-25 00:00:00+00:00,-2.2904
2019-01-26 00:00:00+00:00,-2.3868
2019-01-27 00:00:00+00:00,-2.9239
2019-01-28 00:00:00+00:00,-2.312
2019-01-29 00:00:00+00:00,-3.028
2019-01-30 00:00:00+00:00,-2.5503
2019-01-31 00:00:00+00:00,-1.8165
2019-02-01 00:00:00+00:00,-2.3386
2019-02-02 00:00:00+00:00,-2.7968
2019-02-03 00:00:00+00:00,-1.9792
2019-02-04 00:00:00+00:00,-1.8124
2019-02-05 00:00:00+00:00,-1.8023
2019-02-06 00:00:00+00:00,-1.7752
2019-02-07 00:00:00+00:00,-1.9663
2019-02-08 00:00:00+00:00,-1.7657
2019-02-09 00:00:00+00:00,-1.6186
2019-02-10 00:00:00+00:00,-1.9562
2019-02-11 00:00:00+00:00,-1.7757
2019-02-12 00:00:00+00:00,-2.1698
2019-02-13 00:00:00+00:00,-2.0264
2019-02-14 00:00:00+00:00,-2.1189
2019-02-15 00:00:00+00:00,-2.383
2019-02-16 00:00:00+00:00,-2.4949
2019-02-17 00:00:00+00:00,-2.5174
2019-02-18 00:00:00+00:00,-2.1058
2019-02-19 00:00:00+00:00,-1.8976
2019-02-20 00:00:00+00:00,-2.0997
2019-02-21 00:00:00+00:00,-2.234
2019-02-22 00:00:00+00:00,-2.1627
2019-02-23 00:00:00+00:00,-2.2636
2019-02-24 00:00:00+00:00,-2.2667
2019-02-25 00:00:00+00:00,-1.7242
2019-02-26 00:00:00+00:00,-2.3895
2019-02-27 00:00:00+00:00,-2.1751
2019-02-28 00:00:00+00:00,-2.4254
2019-03-01 00:00:00+00:00,-2.6325
2019-03-02 00:00:00+00:00,-2.6456
2019-03-03 00:00:00+00:00,-2.4187
2019-03-04 00:00:00+00:00,-2.3175
2019-03-05 00:00:00+00:00,-2.1111
2019-03-06 00:00:00+00:00,-2.161
2019-03-07 00:00:00+00:00,-2.2321
2019-03-08 00:00:00+00:00,-2.2441
2019-03-09 00:00:00+00:00,-2.1164
2019-03-10 00:00:00+00:00,-2.2451
2019-03-11 00:00:00+00:00,-2.1706
2019-03-12 00:00:00+00:00,-2.1568
2019-03-13 00:00:00+00:00,-2.217
2019-03-14 00:00:00+00:00,-2.6448
2019-03-15 00:00:00+00:00,-2.9655
2019-03-16 00:00:00+00:00,-2.9113
2019-03-17 00:00:00+00:00,-2.433
2019-03-18 00:00:00+00:00,-2.214
2019-03-19 00:00:00+00:00,-2.4317
2019-03-20 00:00:00+00:00,-2.6092
2019-03-21 00:00:00+00:00,-2.342
2019-03-22 00:00:00+00:00,-2.5372
2019-03-23 00:00:00+00:00,-2.5992
2019-03-24 00:00:00+00:00,-2.0791
2019-03-25 00:00:00+00:00,-2.473
2019-03-26 00:00:00+00:00,-2.6135
2019-03-27 00:00:00+00:00,-2.3008
2019-03-28 00:00:00+00:00,-2.1973
2019-03-29 00:00:00+00:00,-2.0036
2019-03-30 00:00:00+00:00,-2.2048
2019-03-31 00:00:00+00:00,-1.843
2019-04-01 00:00:00+00:00,-2.3013
2019-04-02 00:00:00+00:00,-2.1836
2019-04-03 00:00:00+00:00,-2.0362
2019-04-04 00:00:00+00:00,-1.9867
2019-04-05 00:00:00+00:00,-2.2409
2019-04-06 00:00:00+00:00,-2.5725
2019-04-07 00:00:00+00:00,-2.6925
2019-04-08 00:00:00+00:00,-2.4254
2019-04-09 00:00:00+00:00,-2.6891
2019-04-10 00:00:00+00:00,-2.2244
2019-04-11 00:00:00+00:00,-2.7237
2019-04-12 00:00:00+00:00,-2.7101
2019-04-13 00:00:00+00:00,-2.3746
2019-04-14 00:00:00+00:00,-2.2929
2019-04-15 00:00:00+00:00,-2.0669
2019-04-16 00:00:00+00:00,-1.9919
2019-04-17 00:00:00+00:00,-2.7492
2019-04-18 00:00:00+00:00,-2.3621
2019-04-19 00:00:00+00:00,-2.3348
2019-04-20 00:00:00+00:00,-2.7078
2019-04-21 00:00:00+00:00,-4.0827
2019-04-22 00:00:00+00:00,-3.2847
2019-04-23 00:00:00+00:00,-2.6696
2019-04-24 00:00:00+00:00,-2.6569
2019-04-25 00:00:00+00:00,-2.0274
2019-04-26 00:00:00+00:00,-2.168
2019-04-27 00:00:00+00:00,-2.856
2019-04-28 00:00:00+00:00,-2.3848
2019-04-29 00:00:00+00:00,-1.9724
2019-04-30 00:00:00+00:00,-1.8729
2019-05-01 00:00:00+00:00,-2.2923
2019-05-02 00:00:00+00:00,-2.5083
2019-05-03 00:00:00+00:00,-1.8027
2019-05-04 00:00:00+00:00,-2.4748
2019-05-05 00:00:00+00:00,-3.0124
2019-05-06 00:00:00+00:00,-2.7345
2019-05-07 00:00:00+00:00,-2.2968
2019-05-08 00:00:00+00:00,-2.357
2019-05-09 00:00:00+00:00,-2.6166
2019-05-10 00:00:00+00:00,-2.308
2019-05-11 00:00:00+00:00,-2.3538
2019-05-12 00:00:00+00:00,-2.3649
2019-05-13 00:00:00+00:00,-2.7201
2019-05-14 00:00:00+00:00,-2.6093
2019-05-15 00:00:00+00:00,-2.8457
2019-05-16 00:00:00+00:00,-2.6742
2019-05-17 00:00:00+00:00,-2.5643
2019-05-18 00:00:00+00:00,-2.778
2019-05-19 00:00:00+00:00,-2.1509
2019-05-20 00:00:00+00:00,-2.6695
2019-05-21 00:00:00+00:00,-2.6158
2019-05-22 00:00:00+00:00,-2.4725
2019-05-23 00:00:00+00:00,-2.5737
2019-05-24 00:00:00+00:00,-2.4002
2019-05-25 00:00:00+00:00,-1.9691
2019-05-26 00:00:00+00:00,-1.6357
2019-05-27 00:00:00+00:00,-1.7126
2019-05-28 00:00:00+00:00,-2.242
2019-05-29 00:00:00+00:00,-2.6808
2019-05-30 00:00:00+00:00,-2.3195
2019-05-31 00:00:00+00:00,-2.4678
2019-06-01 00:00:00+00:00,-2.6522
2019-06-02 00:00:00+00:00,-2.3458
2019-06-03 00:00:00+00:00,-2.145
2019-06-04 00:00:00+00:00,-2.23
2019-06-05 00:00:00+00:00,-1.9042
2019-06-06 00:00:00+00:00,-1.714
2019-06-07 00:00:00+00:00,-2.0993
2019-06-08 00:00:00+00:00,-2.1986
2019-06-09 00:00:00+00:00,-2.0824
2019-06-10 00:00:00+00:00,-1.9382
2019-06-11 00:00:00+00:00,-2.0703
2019-06-12 00:00:00+00:00,-2.4336
2019-06-13 00:00:00+00:00,-2.671
2019-06-14 00:00:00+00:00,-2.3633
2019-06-15 00:00:00+00:00,-2.6163
2019-06-16 00:00:00+00:00,-2.5029
2019-06-17 00:00:00+00:00,-2.3401
2019-06-18 00:00:00+00:00,-2.7733
2019-06-19 00:00:00+00:00,-2.766
2019-06-20 00:00:00+00:00,-2.7243
2019-06-21 00:00:00+00:00,-3.1544
2019-06-22 00:00:00+00:00,-2.7945
2019-06-23 00:00:00+00:00,-2.9727
2019-06-24 00:00:00+00:00,-2.9414
2019-06-25 00:00:00+00:00,-2.6863
2019-06-26 00:00:00+00:00,-2.3064
2019-06-27 00:00:00+00:00,-2.26
2019-06-28 00:00:00+00:00,-2.2729
2019-06-29 00:00:00+00:00,-1.9644
2019-06-30 00:00:00+00:00,-1.5692
2019-07-01 00:00:00+00:00,-2.0872
2019-07-02 00:00:00+00:00,-2.2249
2019-07-03 00:00:00+00:00,-2.5219
2019-07-04 00:00:00+00:00,-2.2294
2019-07-05 00:00:00+00:00,-1.9417
2019-07-06 00:00:00+00:00,-2.2215
2019-07-07 00:00:00+00:00,-2.4471
2019-07-08 00:00:00+00:00,-2.4425
2019-07-09 00:00:00+00:00,-1.9902
2019-07-10 00:00:00+00:00,-2.2874
2019-07-11 00:00:00+00:00,-2.579
2019-07-12 00:00:00+00:00,-2.2938
2019-07-13 00:00:00+00:00,-2.2747
2019-07-14 00:00:00+00:00,-2.6401
2019-07-15 00:00:00+00:00,-2.4792
2019-07-16 00:00:00+00:00,-2.4883
2019-07-17 00:00:00+00:00,-2.4183
2019-07-18 00:00:00+00:00,-2.5971
2019-07-19 00:00:00+00:00,-2.7816
2019-07-20 00:00:00+00:00,-2.6037
2019-07-21 00:00:00+00:00,-2.147
2019-07-22 00:00:00+00:00,-2.5901
2019-07-23 00:00:00+00:00,-2.6556
2019-07-24 00:00:00+00:00,-2.301
2019-07-25 00:00:00+00:00,-2.4745
2019-07-26 00:00:00+00:00,-2.0955
2019-07-27 00:00:00+00:00,-2.4453
2019-07-28 00:00:00+00:00,-2.3592
2019-07-29 00:00:00+00:00,-2.2431
2019-07-30 00:00:00+00:00,-2.4089
2019-07-31 00:00:00+00:00,-2.3923
2019-08-01 00:00:00+00:00,-2.5818
2019-08-02 00:00:00+00:00,-2.671
2019-08-03 00:00:00+00:00,-2.5766
2019-08-04 00:00:00+00:00,-3.1034
2019-08-05 00:00:00+00:00,-3.0692
2019-08-06 00:00:00+00:00,-2.8846
2019-08-07 00:00:00+00:00,-2.9293
2019-08-08 00:00:00+00:00,-2.7149
2019-08-09 00:00:00+00:00,-2.5061
2019-08-10 00:00:00+00:00,-2.5173
2019-08-11 00:00:00+00:00,-2.6598
2019-08-12 00:00:00+00:00,-2.6907
2019-08-13 00:00:00+00:00,-2.4455
2019-08-14 00:00:00+00:00,-2.7238
2019-08-15 00:00:00+00:00,-2.6684
2019-08-16 00:00:00+00:00,-2.3558
2019-08-17 00:00:00+00:00,-2.5169
2019-08-18 00:00:00+00:00,-3.3851
2019-08-19 00:00:00+00:00,-2.7976
2019-08-20 00:00:00+00:00,-2.7169
2019-08-21 00:00:00+00:00,-2.3884
2019-08-22 00:00:00+00:00,-2.2363
2019-08-23 00:00:00+00:00,-2.6237
2019-08-24 00:00:00+00:00,-2.6465
2019-08-25 00:00:00+00:00,-2.6786
2019-08-26 00:00:00+00:00,-2.4024
2019-08-27 00:00:00+00:00,-2.3789
2019-08-28 00:00:00+00:00,-2.5524
2019-08-29 00:00:00+00:00,-2.2017
2019-08-30 00:00:00+00:00,-2.3567
2019-08-31 00:00:00+00:00,-2.686
2019-09-01 00:00:00+00:00,-3.0943
2019-09-02 00:00:00+00:00,-2.828
2019-09-03 00:00:00+00:00,-2.7657
2019-09-04 00:00:00+00:00,-2.3699
2019-09-05 00:00:00+00:00,-2.2445
2019-09-06 00:00:00+00:00,-2.2765
2019-09-07 00:00:00+00:00,-2.4765
2019-09-08 00:00:00+00:00,-2.6334
2019-09-09 00:00:00+00:00,-2.1257
2019-09-10 00:00:00+00:00,-2.4378
2019-09-11 00:00:00+00:00,-2.5161
2019-09-12 00:00:00+00:00,-1.9149
2019-09-13 00:00:00+00:00,-1.8292
2019-09-14 00:00:00+00:00,-2.9074
2019-09-15 00:00:00+00:00,-3.1112
2019-09-16 00:00:00+00:00,-3.0827
2019-09-17 00:00:00+00:00,-2.7128
2019-09-18 00:00:00+00:00,-2.6747
2019-09-19 00:00:00+00:00,-2.8842
2019-09-20 00:00:00+00:00,-2.617
2019-09-21 00:00:00+00:00,-2.3721
2019-09-22 00:00:00+00:00,-2.3601
2019-09-23 00:00:00+00:00,-2.2049
2019-09-24 00:00:00+00:00,-2.1222
2019-09-25 00:00:00+00:00,-2.3879
2019-09-26 00:00:00+00:00,-2.4762
2019-09-27 00:00:00+00:00,-2.4439
2019-09-28 00:00:00+00:00,-2.9752
2019-09-29 00:00:00+00:00,-2.5596
2019-09-30 00:00:00+00:00,-2.4157
2019-10-01 00:00:00+00:00,-2.1244
2019-10-02 00:00:00+00:00,-2.4461
2019-10-03 00:00:00+00:00,-2.4208
2019-10-04 00:00:00+00:00,-2.3444
2019-10-05 00:00:00+00:00,-2.4147
2019-10-06 00:00:00+00:00,-1.9933
2019-10-07 00:00:00+00:00,-2.0053
2019-10-08 00:00:00+00:00,-2.5191
2019-10-09 00:00:00+00:00,-2.6304
2019-10-10 00:00:00+00:00,-2.4361
2019-10-11 00:00:00+00:00,-1.83
2019-10-12 00:00:00+00:00,-2.5877
2019-10-13 00:00:00+00:00,-2.956
2019-10-14 00:00:00+00:00,-2.4152
2019-10-15 00:00:00+00:00,-2.7799
2019-10-16 00:00:00+00:00,-2.6722
2019-10-17 00:00:00+00:00,-2.242
2019-10-18 00:00:00+00:00,-2.5365
2019-10-19 00:00:00+00:00,-2.5981
2019-10-20 00:00:00+00:00,-2.4961
2019-10-21 00:00:00+00:00,-2.2777
2019-10-22 00:00:00+00:00,-2.1786
2019-10-23 00:00:00+00:00,-2.2012
2019-10-24 00:00:00+00:00,-2.2646
2019-10-25 00:00:00+00:00,-2.3747
2019-10-26 00:00:00+00:00,-2.7806
2019-10-27 00:00:00+00:00,-2.7938
2019-10-28 00:00:00+00:00,-2.1802
2019-10-29 00:00:00+00:00,-2.3218
2019-10-30 00:00:00+00:00,-2.2484
2019-10-31 00:00:00+00:00,-2.2605
2019-11-01 00:00:00+00:00,-2.1243
2019-11-02 00:00:00+00:00,-2.5836
2019-11-03 00:00:00+00:00,-2.2717
2019-11-04 00:00:00+00:00,-2.041
2019-11-05 00:00:00+00:00,-2.2474
2019-11-06 00:00:00+00:00,-2.2025
2019-11-07 00:00:00+00:00,-2.2842
2019-11-08 00:00:00+00:00,-2.0323
2019-11-09 00:00:00+00:00,-1.7141
2019-11-10 00:00:00+00:00,-1.5902
2019-11-11 00:00:00+00:00,-1.5162
2019-11-12 00:00:00+00:00,-1.9375
2019-11-13 00:00:00+00:00,-2.4796
2019-11-14 00:00:00+00:00,-2.3443
2019-11-15 00:00:00+00:00,-2.0313
2019-11-16 00:00:00+00:00,-2.6207
2019-11-17 00:00:00+00:00,-2.8928
2019-11-18 00:00:00+00:00,-2.2197
2019-11-19 00:00:00+00:00,-2.5293
2019-11-20 00:00:00+00:00,-2.476
2019-11-21 00:00:00+00:00,-2.2212
2019-11-22 00:00:00+00:00,-1.7761
2019-11-23 00:00:00+00:00,-2.1427
2019-11-24 00:00:00+00:00,-2.5035
2019-11-25 00:00:00+00:00,-2.3259
2019-11-26 00:00:00+00:00,-2.0081
2019-11-27 00:00:00+00:00,-1.9648
2019-11-28 00:00:00+00:00,-2.4989
2019-11-29 00:00:00+00:00,-2.14
2019-11-30 00:00:00+00:00,-2.3371
2019-12-01 00:00:00+00:00,-1.8886
2019-12-02 00:00:00+00:00,-2.4758
2019-12-03 00:00:00+00:00,-2.378
2019-12-04 00:00:00+00:00,-2.1414
2019-12-05 00:00:00+00:00,-2.5728
2019-12-06 00:00:00+00:00,-2.1961
2019-12-07 00:00:00+00:00,-2.3564
2019-12-08 00:00:00+00:00,-1.9961
2019-12-09 00:00:00+00:00,-2.081
2019-12-10 00:00:00+00:00,-2.0542
2019-12-11 00:00:00+00:00,-2.3217
2019-12-12 00:00:00+00:00,-2.4372
2019-12-13 00:00:00+00:00,-1.7876
2019-12-14 00:00:00+00:00,-2.3137
2019-12-15 00:00:00+00:00,-2.2107
2019-12-16 00:00:00+00:00,-2.1575
2019-12-17 00:00:00+00:00,-2.2037
2019-12-18 00:00:00+00:00,-2.4291
2019-12-19 00:00:00+00:00,-2.2366
2019-12-20 00:00:00+00:00,-1.9318
2019-12-21 00:00:00+00:00,-2.2069
2019-12-22 00:00:00+00:00,-2.1881
2019-12-23 00:00:00+00:00,-2.1954
2019-12-24 00:00:00+00:00,-1.8878
2019-12-25 00:00:00+00:00,-2.0501
2019-12-26 00:00:00+00:00,-1.9928
2019-12-27 00:00:00+00:00,-1.929
2019-12-28 00:00:00+00:00,-2.7286
2019-12-29 00:00:00+00:00,-2.6605
2019-12-30 00:00:00+00:00,-2.572
2019-12-31 00:00:00+00:00,-2.5458
2020-01-01 00:00:00+00:00,-2.72
2020-01-02 00:00:00+00:00,-2.09
2020-01-03 00:00:00+00:00,-4.0999
2020-01-04 00:00:00+00:00,-4.2477
2020-01-05 00:00:00+00:00,-4.1813
2020-01-06 00:00:00+00:00,-2.9218
2020-01-07 00:00:00+00:00,-3.3863
2020-01-08 00:00:00+00:00,-3.7927
2020-01-09 00:00:00+00:00,-3.13
2020-01-10 00:00:00+00:00,-3.0536
2020-01-11 00:00:00+00:00,-2.8697
2020-01-12 00:00:00+00:00,-2.6082
2020-01-13 00:00:00+00:00,-2.0683
2020-01-14 00:00:00+00:00,-2.5344
2020-01-15 00:00:00+00:00,-2.2144
2020-01-16 00:00:00+00:00,-2.1369
2020-01-17 00:00:00+00:00,-2.6876
2020-01-18 00:00:00+00:00,-3.1878
2020-01-19 00:00:00+00:00,-2.5401
2020-01-20 00:00:00+00:00,-2.2446
2020-01-21 00:00:00+00:00,-2.8388
2020-01-22 00:00:00+00:00,-2.7828
2020-01-23 00:00:00+00:00,-2.7843
2020-01-24 00:00:00+00:00,-2.4632
2020-01-25 00:00:00+00:00,-2.3412
2020-01-26 00:00:00+00:00,-1.9173
2020-01-27 00:00:00+00:00,-2.293
2020-01-28 00:00:00+00:00,-2.3923
2020-01-29 00:00:00+00:00,-2.3329
2020-01-30 00:00:00+00:00,-2.3655
2020-01-31 00:00:00+00:00,-2.2396
2020-02-01 00:00:00+00:00,-1.9372
2020-02-02 00:00:00+00:00,-1.5787
2020-02-03 00:00:00+00:00,-1.7807
2020-02-04 00:00:00+00:00,-2.3659
2020-02-05 00:00:00+00:00,-2.0221
2020-02-06 00:00:00+00:00,-1.5745
2020-02-07 00:00:00+00:00,-1.8516
2020-02-08 00:00:00+00:00,-1.5981
2020-02-09 00:00:00+00:00,-1.6406
2020-02-10 00:00:00+00:00,-1.1027
2020-02-11 00:00:00+00:00,-2.4006
2020-02-12 00:00:00+00:00,-2.2384
2020-02-13 00:00:00+00:00,-2.5357
2020-02-14 00:00:00+00:00,-2.4186
2020-02-15 00:00:00+00:00,-2.3352
2020-02-16 00:00:00+00:00,-2.5175
2020-02-17 00:00:00+00:00,-2.4611
2020-02-18 00:00:00+00:00,-2.5771
2020-02-19 00:00:00+00:00,-2.2367
2020-02-20 00:00:00+00:00,-2.4695
2020-02-21 00:00:00+00:00,-2.281
2020-02-22 00:00:00+00:00,-2.5127
2020-02-23 00:00:00+00:00,-2.0934
2020-02-24 00:00:00+00:00,-2.4742
2020-02-25 00:00:00+00:00,-2.187
2020-02-26 00:00:00+00:00,-2.595
2020-02-27 00:00:00+00:00,-2.4264
2020-02-28 00:00:00+00:00,-2.9551
2020-02-29 00:00:00+00:00,-2.5609
2020-03-01 00:00:00+00:00,-2.5172
2020-03-02 00:00:00+00:00,-2.2527
2020-03-03 00:00:00+00:00,-2.3869
2020-03-04 00:00:00+00:00,-2.3649
2020-03-05 00:00:00+00:00,-2.354
2020-03-06 00:00:00+00:00,-2.3172
2020-03-07 00:00:00+00:00,-2.2843
2020-03-08 00:00:00+00:00,-2.1775
2020-03-09 00:00:00+00:00,-3.4363
2020-03-10 00:00:00+00:00,-2.7387
2020-03-11 00:00:00+00:00,-2.5574
2020-03-12 00:00:00+00:00,-3.1715
2020-03-13 00:00:00+00:00,-3.0763
2020-03-14 00:00:00+00:00,-3.3764
2020-03-15 00:00:00+00:00,-3.2433
2020-03-16 00:00:00+00:00,-2.8106
2020-03-17 00:00:00+00:00,-3.0432
2020-03-18 00:00:00+00:00,-3.0621
2020-03-19 00:00:00+00:00,-2.813
2020-03-20 00:00:00+00:00,-2.8402
2020-03-21 00:00:00+00:00,-2.9076
2020-03-22 00:00:00+00:00,-3.2908
2020-03-23 00:00:00+00:00,-2.9364
2020-03-24 00:00:00+00:00,-2.7254
2020-03-25 00:00:00+00:00,-2.8887
2020-03-26 00:00:00+00:00,-2.8213
2020-03-27 00:00:00+00:00,-2.9998
2020-03-28 00:00:00+00:00,-2.7646
2020-03-29 00:00:00+00:00,-3.1228
2020-03-30 00:00:00+00:00,-2.513
2020-03-31 00:00:00+00:00,-2.8005
2020-04-01 00:00:00+00:00,-2.8659
2020-04-02 00:00:00+00:00,-2.8229
2020-04-03 00:00:00+00:00,-2.7247
2020-04-04 00:00:00+00:00,-2.8157
2020-04-05 00:00:00+00:00,-2.4828
2020-04-06 00:00:00+00:00,-2.6782
2020-04-07 00:00:00+00:00,-2.7462
2020-04-08 00:00:00+00:00,-2.6962
2020-04-09 00:00:00+00:00,-2.7457
2020-04-10 00:00:00+00:00,-2.6829
2020-04-11 00:00:00+00:00,-3.0294
2020-04-12 00:00:00+00:00,-2.7401
2020-04-13 00:00:00+00:00,-2.3595
2020-04-14 00:00:00+00:00,-2.3036
2020-04-15 00:00:00+00:00,-2.2457
2020-04-16 00:00:00+00:00,-2.1969
2020-04-17 00:00:00+00:00,-2.1596
2020-04-18 00:00:00+00:00,-2.2965
2020-04-19 00:00:00+00:00,-2.0494
2020-04-20 00:00:00+00:00,-2.4641
2020-04-21 00:00:00+00:00,-2.5855
2020-04-22 00:00:00+00:00,-2.6256
2020-04-23 00:00:00+00:00,-2.4986
2020-04-24 00:00:00+00:00,-2.3486
2020-04-25 00:00:00+00:00,-2.2585
2020-04-26 00:00:00+00:00,-2.4727
2020-04-27 00:00:00+00:00,-2.6051
2020-04-28 00:00:00+00:00,-2.4466
2020-04-29 00:00:00+00:00,-2.352
2020-04-30 00:00:00+00:00,-1.9547
2020-05-01 00:00:00+00:00,-2.1967
2020-05-02 00:00:00+00:00,-2.4917
2020-05-03 00:00:00+00:00,-2.8191
2020-05-04 00:00:00+00:00,-2.2661
2020-05-05 00:00:00+00:00,-2.4783
2020-05-06 00:00:00+00:00,-2.3716
2020-05-07 00:00:00+00:00,-2.5899
2020-05-08 00:00:00+00:00,-2.173
2020-05-09 00:00:00+00:00,-2.392
2020-05-10 00:00:00+00:00,-3.1121
2020-05-11 00:00:00+00:00,-2.1783
2020-05-12 00:00:00+00:00,-2.471
2020-05-13 00:00:00+00:00,-2.543
2020-05-14 00:00:00+00:00,-2.7869
2020-05-15 00:00:00+00:00,-2.5858
2020-05-16 00:00:00+00:00,-2.8171
2020-05-17 00:00:00+00:00,-2.7758
2020-05-18 00:00:00+00:00,-2.6549
2020-05-19 00:00:00+00:00,-2.1035
2020-05-20 00:00:00+00:00,-2.1836
2020-05-21 00:00:00+00:00,-2.4579
2020-05-22 00:00:00+00:00,-2.2741
2020-05-23 00:00:00+00:00,-2.4761
2020-05-24 00:00:00+00:00,-2.4678
2020-05-25 00:00:00+00:00,-2.255
2020-05-26 00:00:00+00:00,-2.1935
2020-05-27 00:00:00+00:00,-2.8758
2020-05-28 00:00:00+00:00,-2.7867
2020-05-29 00:00:00+00:00,-2.4837
2020-05-30 00:00:00+00:00,-2.8429
2020-05-31 00:00:00+00:00,-3.8969
2020-06-01 00:00:00+00:00,-4.0355
2020-06-02 00:00:00+00:00,-3.7058
2020-06-03 00:00:00+00:00,-3.316
2020-06-04 00:00:00+00:00,-3.2535
2020-06-05 00:00:00+00:00,-2.8364
2020-06-06 00:00:00+00:00,-3.0085
2020-06-07 00:00:00+00:00,-2.9483
2020-06-08 00:00:00+00:00,-2.7224
2020-06-09 00:00:00+00:00,-2.9217
2020-06-10 00:00:00+00:00,-2.6991
2020-06-11 00:00:00+00:00,-2.7823
2020-06-12 00:00:00+00:00,-2.8695
2020-06-13 00:00:00+00:00,-3.5973
2020-06-14 00:00:00+00:00,-3.8665
2020-06-15 00:00:00+00:00,-2.7447
2020-06-16 00:00:00+00:00,-3.0041
2020-06-17 00:00:00+00:00,-3.2555
2020-06-18 00:00:00+00:00,-2.2594
2020-06-19 00:00:00+00:00,-2.3024
2020-06-20 00:00:00+00:00,-3.0316
2020-06-21 00:00:00+00:00,-3.2553
2020-06-22 00:00:00+00:00,-3.2301
2020-06-23 00:00:00+00:00,-2.7768
2020-06-24 00:00:00+00:00,-3.2255
2020-06-25 00:00:00+00:00,-2.7292
2020-06-26 00:00:00+00:00,-2.4661
2020-06-27 00:00:00+00:00,-2.4959
2020-06-28 00:00:00+00:00,-2.7336
2020-06-29 00:00:00+00:00,-2.8444
2020-06-30 00:00:00+00:00,-2.2775
2020-07-01 00:00:00+00:00,-2.3376
2020-07-02 00:00:00+00:00,-2.4788
2020-07-03 00:00:00+00:00,-2.4148
2020-07-04 00:00:00+00:00,-2.2771
2020-07-05 00:00:00+00:00,-2.318
2020-07-06 00:00:00+00:00,-2.7651
2020-07-07 00:00:00+00:00,-2.5838
2020-07-08 00:00:00+00:00,-2.545
2020-07-09 00:00:00+00:00,-2.1706
2020-07-10 00:00:00+00:00,-2.1734
2020-07-11 00:00:00+00:00,-2.9798
2020-07-12 00:00:00+00:00,-2.7202
2020-07-13 00:00:00+00:00,-2.8157
2020-07-14 00:00:00+00:00,-2.9932
2020-07-15 00:00:00+00:00,-2.4371
2020-07-16 00:00:00+00:00,-2.5581
2020-07-17 00:00:00+00:00,-2.0861
2020-07-18 00:00:00+00:00,-2.8042
2020-07-19 00:00:00+00:00,-2.7624
2020-07-20 00:00:00+00:00,-2.8209
2020-07-21 00:00:00+00:00,-3.3857
2020-07-22 00:00:00+00:00,-3.9789
2020-07-23 00:00:00+00:00,-3.8617
2020-07-24 00:00:00+00:00,-3.8439
2020-07-25 00:00:00+00:00,-3.7036
2020-07-26 00:00:00+00:00,-2.3549
2020-07-27 00:00:00+00:00,-3.5953
2020-07-28 00:00:00+00:00,-3.9454
2020-07-29 00:00:00+00:00,-3.6866
2020-07-30 00:00:00+00:00,-3.7973
2020-07-31 00:00:00+00:00,-3.9447
2020-08-01 00:00:00+00:00,-2.5731
2020-08-02 00:00:00+00:00,-2.3257
2020-08-03 00:00:00+00:00,-2.2849
2020-08-04 00:00:00+00:00,-2.9437
2020-08-05 00:00:00+00:00,-3.2852
2020-08-06 00:00:00+00:00,-3.2522
2020-08-07 00:00:00+00:00,-2.8749
2020-08-08 00:00:00+00:00,-3.4057
2020-08-09 00:00:00+00:00,-3.1684
2020-08-10 00:00:00+00:00,-3.275
2020-08-11 00:00:00+00:00,-2.6912
2020-08-12 00:00:00+00:00,-2.5864
2020-08-13 00:00:00+00:00,-2.1356
2020-08-14 00:00:00+00:00,-2.3801
2020-08-15 00:00:00+00:00,-2.3932
2020-08-16 00:00:00+00:00,-2.7213
2020-08-17 00:00:00+00:00,-2.6577
2020-08-18 00:00:00+00:00,-2.491
2020-08-19 00:00:00+00:00,-2.3145
2020-08-20 00:00:00+00:00,-2.6071
2020-08-21 00:00:00+00:00,-2.366
2020-08-22 00:00:00+00:00,-2.6415
2020-08-23 00:00:00+00:00,-2.5674
2020-08-24 00:00:00+00:00,-2.1225
2020-08-25 00:00:00+00:00,-2.1801
2020-08-26 00:00:00+00:00,-2.4671
2020-08-27 00:00:00+00:00,-2.6386
2020-08-28 00:00:00+00:00,-2.3889
2020-08-29 00:00:00+00:00,-0.8557
2020-08-30 00:00:00+00:00,-2.443
2020-08-31 00:00:00+00:00,-2.4263
2020-09-01 00:00:00+00:00,-2.6304
2020-09-02 00:00:00+00:00,-2.8611
2020-09-03 00:00:00+00:00,-2.5819
2020-09-04 00:00:00+00:00,-2.7127
2020-09-05 00:00:00+00:00,-3.4707
2020-09-06 00:00:00+00:00,-3.0513
2020-09-07 00:00:00+00:00,-2.9461
2020-09-08 00:00:00+00:00,-2.6278
2020-09-09 00:00:00+00:00,-2.6281
2020-09-10 00:00:00+00:00,-2.5699
2020-09-11 00:00:00+00:00,-2.5883
2020-09-12 00:00:00+00:00,-2.1319
2020-09-13 00:00:00+00:00,-2.4578
2020-09-14 00:00:00+00:00,-2.2326
2020-09-15 00:00:00+00:00,-2.0975
2020-09-16 00:00:00+00:00,-2.2984
2020-09-17 00:00:00+00:00,-2.5513
2020-09-18 00:00:00+00:00,-2.5432
2020-09-19 00:00:00+00:00,-2.4077
2020-09-20 00:00:00+00:00,-3.0544
2020-09-21 00:00:00+00:00,-2.5364
2020-09-22 00:00:00+00:00,-2.552
2020-09-23 00:00:00+00:00,-2.5968
2020-09-24 00:00:00+00:00,-2.8603
2020-09-25 00:00:00+00:00,-2.6305
2020-09-26 00:00:00+00:00,-2.9092
2020-09-27 00:00:00+00:00,-3.4854
2020-09-28 00:00:00+00:00,-2.9844
2020-09-29 00:00:00+00:00,-2.8904
2020-09-30 00:00:00+00:00,-2.7257
2020-10-01 00:00:00+00:00,-2.5524
2020-10-02 00:00:00+00:00,-2.6307
2020-10-03 00:00:00+00:00,-2.7521
2020-10-04 00:00:00+00:00,-2.6507
2020-10-05 00:00:00+00:00,-2.8098
2020-10-06 00:00:00+00:00,-2.5644
2020-10-07 00:00:00+00:00,-2.4106
2020-10-08 00:00:00+00:00,-2.0477
2020-10-09 00:00:00+00:00,-2.469
2020-10-10 00:00:00+00:00,-2.8345
2020-10-11 00:00:00+00:00,-2.9104
2020-10-12 00:00:00+00:00,-2.5071
2020-10-13 00:00:00+00:00,-2.7061
2020-10-14 00:00:00+00:00,-2.4102
2020-10-15 00:00:00+00:00,-2.4222
2020-10-16 00:00:00+00:00,-2.6735
2020-10-17 00:00:00+00:00,-3.3575
2020-10-18 00:00:00+00:00,-3.2317
2020-10-19 00:00:00+00:00,-3.1648
2020-10-21 00:00:00+00:00,-2.4798
2020-10-22 00:00:00+00:00,-2.3329
2020-10-23 00:00:00+00:00,-2.8465
2020-10-24 00:00:00+00:00,-2.8961
2020-10-25 00:00:00+00:00,-2.8046
2020-10-26 00:00:00+00:00,-2.6775
2020-10-27 00:00:00+00:00,-2.5983
2020-10-28 00:00:00+00:00,-2.4646
2020-10-29 00:00:00+00:00,-2.5045
2020-10-30 00:00:00+00:00,-2.6965
2020-10-31 00:00:00+00:00,-2.8853
2020-11-01 00:00:00+00:00,-2.7392
2020-11-02 00:00:00+00:00,-2.4257
2020-11-03 00:00:00+00:00,-2.2029
2020-11-04 00:00:00+00:00,-2.0718
2020-11-05 00:00:00+00:00,-2.5054
2020-11-06 00:00:00+00:00,-2.3663
2020-11-07 00:00:00+00:00,-2.5278
2020-11-08 00:00:00+00:00,-1.2893
2020-11-09 00:00:00+00:00,-1.96
2020-11-10 00:00:00+00:00,-2.274
2020-11-11 00:00:00+00:00,-2.2976
2020-11-12 00:00:00+00:00,-2.3621
2020-11-13 00:00:00+00:00,-2.5536
2020-11-14 00:00:00+00:00,-1.6423
2020-11-15 00:00:00+00:00,-2.8649
2020-11-16 00:00:00+00:00,-2.1637
2020-11-17 00:00:00+00:00,-2.356
2020-11-18 00:00:00+00:00,-2.4615
2020-11-19 00:00:00+00:00,-2.608
2020-11-20 00:00:00+00:00,-2.2762
2020-11-21 00:00:00+00:00,-1.9888
2020-11-22 00:00:00+00:00,-2.5041
2020-11-23 00:00:00+00:00,-1.9381
2020-11-24 00:00:00+00:00,-1.9911
2020-11-25 00:00:00+00:00,-2.3021
2020-11-26 00:00:00+00:00,-2.4822
2020-11-27 00:00:00+00:00,-2.6947
2020-11-28 00:00:00+00:00,-3.2515
2020-11-29 00:00:00+00:00,-3.1519
2020-11-30 00:00:00+00:00,-2.7828
2020-12-01 00:00:00+00:00,-2.6888
2020-12-02 00:00:00+00:00,-2.4498
2020-12-03 00:00:00+00:00,-2.3984
2020-12-04 00:00:00+00:00,-2.2685
2020-12-05 00:00:00+00:00,-2.6277
2020-12-06 00:00:00+00:00,-2.1237
2020-12-07 00:00:00+00:00,-2.3249
2020-12-08 00:00:00+00:00,-1.9928
2020-12-09 00:00:00+00:00,-2.3174
2020-12-10 00:00:00+00:00,-2.2849
2020-12-11 00:00:00+00:00,-2.2619
2020-12-12 00:00:00+00:00,-2.8527
2020-12-13 00:00:00+00:00,-2.2467
2020-12-14 00:00:00+00:00,-2.27
2020-12-15 00:00:00+00:00,-2.11
2020-12-16 00:00:00+00:00,-2.0436
2020-12-17 00:00:00+00:00,-1.7957
2020-12-18 00:00:00+00:00,-2.2058
2020-12-19 00:00:00+00:00,-2.3138
2020-12-20 00:00:00+00:00,-2.6799
2020-12-21 00:00:00+00:00,-2.4436
2020-12-22 00:00:00+00:00,-2.443
2020-12-23 00:00:00+00:00,-2.6532
2020-12-24 00:00:00+00:00,-2.1136
2020-12-25 00:00:00+00:00,-1.9909
2020-12-26 00:00:00+00:00,-2.8759
2020-12-27 00:00:00+00:00,-2.6167
2020-12-28 00:00:00+00:00,-2.2304
2020-12-29 00:00:00+00:00,-2.4021
2020-12-30 00:00:00+00:00,-2.5881
2020-12-31 00:00:00+00:00,-1.9586
2021-01-01 00:00:00+00:00,-2.1554
2021-01-02 00:00:00+00:00,-2.4917
2021-01-03 00:00:00+00:00,-2.9671
2021-01-04 00:00:00+00:00,-2.4677
2021-01-05 00:00:00+00:00,-2.2208
2021-01-06 00:00:00+00:00,-2.1781
2021-01-07 00:00:00+00:00,-3.098
2021-01-08 00:00:00+00:00,-2.9436
2021-01-09 00:00:00+00:00,-2.4421
2021-01-10 00:00:00+00:00,-3.2069
2021-01-11 00:00:00+00:00,-3.0235
2021-01-12 00:00:00+00:00,-3.0644
2021-01-13 00:00:00+00:00,-3.6168
2021-01-14 00:00:00+00:00,-2.9161
2021-01-15 00:00:00+00:00,-2.7679
2021-01-16 00:00:00+00:00,-2.821
2021-01-17 00:00:00+00:00,-2.8691
2021-01-18 00:00:00+00:00,-2.5183
2021-01-19 00:00:00+00:00,-2.4859
2021-01-20 00:00:00+00:00,-2.031
2021-01-21 00:00:00+00:00,-1.7574
2021-01-22 00:00:00+00:00,-2.3164
2021-01-23 00:00:00+00:00,-2.7696
2021-01-24 00:00:00+00:00,-2.3857
2021-01-25 00:00:00+00:00,-2.8653
2021-01-26 00:00:00+00:00,-2.5859
2021-01-27 00:00:00+00:00,-2.3326
2021-01-28 00:00:00+00:00,-2.1733
2021-01-29 00:00:00+00:00,-2.1543
2021-01-30 00:00:00+00:00,-2.1377
2021-01-31 00:00:00+00:00,-2.6667
2021-02-01 00:00:00+00:00,-2.2836
2021-02-02 00:00:00+00:00,-2.0529
2021-02-03 00:00:00+00:00,-1.9045
2021-02-04 00:00:00+00:00,-2.7904
2021-02-05 00:00:00+00:00,-2.6575
2021-02-06 00:00:00+00:00,-2.552
2021-02-07 00:00:00+00:00,-2.3043
2021-02-08 00:00:00+00:00,-2.1852
2021-02-09 00:00:00+00:00,-2.9294
2021-02-10 00:00:00+00:00,-2.9189
2021-02-11 00:00:00+00:00,-2.3377
2021-02-12 00:00:00+00:00,-2.7104
2021-02-13 00:00:00+00:00,-2.6855
2021-02-14 00:00:00+00:00,-3.2338
2021-02-15 00:00:00+00:00,-2.5658
2021-02-16 00:00:00+00:00,-3.0596
2021-02-17 00:00:00+00:00,-2.5704
2021-02-18 00:00:00+00:00,-2.5547
2021-02-19 00:00:00+00:00,-2.5774
2021-02-20 00:00:00+00:00,-3.246
2021-02-21 00:00:00+00:00,-2.6733
2021-02-22 00:00:00+00:00,-2.8281
2021-02-23 00:00:00+00:00,-2.9908
2021-02-24 00:00:00+00:00,-2.5509
2021-02-25 00:00:00+00:00,-2.6698
2021-02-26 00:00:00+00:00,-2.4322
2021-02-27 00:00:00+00:00,-2.083
2021-02-28 00:00:00+00:00,-2.6442
2021-03-01 00:00:00+00:00,-2.5737
2021-03-02 00:00:00+00:00,-2.9613
2021-03-03 00:00:00+00:00,-2.6652
2021-03-04 00:00:00+00:00,-2.8324
2021-03-05 00:00:00+00:00,-2.4031
2021-03-06 00:00:00+00:00,-2.2924
2021-03-07 00:00:00+00:00,-2.9455
2021-03-08 00:00:00+00:00,-2.2606
2021-03-09 00:00:00+00:00,-2.0314
2021-03-10 00:00:00+00:00,-2.1273
2021-03-11 00:00:00+00:00,-2.2062
2021-03-12 00:00:00+00:00,-1.9817
2021-03-13 00:00:00+00:00,-2.4872
2021-03-14 00:00:00+00:00,-2.311
2021-03-15 00:00:00+00:00,-2.3057
2021-03-16 00:00:00+00:00,-2.3111
2021-03-17 00:00:00+00:00,-2.4587
2021-03-18 00:00:00+00:00,-2.7672
2021-03-19 00:00:00+00:00,-2.4944
2021-03-20 00:00:00+00:00,-2.4498
2021-03-21 00:00:00+00:00,-2.7974
2021-03-22 00:00:00+00:00,-3.0862
2021-03-23 00:00:00+00:00,-2.9222
2021-03-24 00:00:00+00:00,-2.4925
2021-03-25 00:00:00+00:00,-2.3678
2021-03-26 00:00:00+00:00,-2.7246
2021-03-27 00:00:00+00:00,-2.9792
2021-03-28 00:00:00+00:00,-3.0777
2021-03-29 00:00:00+00:00,-3.0535
2021-03-30 00:00:00+00:00,-2.2809
2021-03-31 00:00:00+00:00,-2.6358
2021-04-01 00:00:00+00:00,-2.5013
2021-04-02 00:00:00+00:00,-2.5882
2021-04-03 00:00:00+00:00,-2.5271
2021-04-04 00:00:00+00:00,-2.4247
2021-04-05 00:00:00+00:00,-2.5149
2021-04-06 00:00:00+00:00,-2.2142
2021-04-07 00:00:00+00:00,-2.458
2021-04-08 00:00:00+00:00,-2.689
2021-04-09 00:00:00+00:00,-1.1922
2021-04-10 00:00:00+00:00,-1.176
2021-04-11 00:00:00+00:00,-2.597
2021-04-12 00:00:00+00:00,-2.6521
2021-04-13 00:00:00+00:00,-2.6912
2021-04-14 00:00:00+00:00,-2.6967
2021-04-15 00:00:00+00:00,-3.1047
2021-04-16 00:00:00+00:00,-1.9642
2021-04-17 00:00:00+00:00,-1.8637
2021-04-18 00:00:00+00:00,-2.4791
2021-04-19 00:00:00+00:00,-2.1653
2021-04-20 00:00:00+00:00,-2.1583
2021-04-21 00:00:00+00:00,-2.6469
2021-04-22 00:00:00+00:00,-2.2818
2021-04-23 00:00:00+00:00,-2.1917
2021-04-24 00:00:00+00:00,-2.4851
2021-04-25 00:00:00+00:00,-2.9272
2021-04-26 00:00:00+00:00,-2.668
2021-04-27 00:00:00+00:00,-2.5443
2021-04-28 00:00:00+00:00,-2.3121
2021-04-29 00:00:00+00:00,-2.2273
2021-04-30 00:00:00+00:00,-2.5345
2021-05-01 00:00:00+00:00,-2.3361
2021-05-02 00:00:00+00:00,-2.3579
2021-05-03 00:00:00+00:00,-2.1072
2021-05-04 00:00:00+00:00,-2.2197
2021-05-05 00:00:00+00:00,-2.1349
2021-05-06 00:00:00+00:00,-2.5072
2021-05-07 00:00:00+00:00,-2.1605
2021-05-08 00:00:00+00:00,-2.702
2021-05-09 00:00:00+00:00,-3.0271
2021-05-10 00:00:00+00:00,-3.4567
2021-05-11 00:00:00+00:00,-3.2669
2021-05-12 00:00:00+00:00,-3.8284
2021-05-13 00:00:00+00:00,-3.2258
2021-05-14 00:00:00+00:00,-3.9456
2021-05-15 00:00:00+00:00,-3.81
2021-05-16 00:00:00+00:00,-4.2358
2021-05-17 00:00:00+00:00,-3.1219
2021-05-18 00:00:00+00:00,-3.0023
2021-05-19 00:00:00+00:00,-3.0107
2021-05-20 00:00:00+00:00,-2.8678
2021-05-21 00:00:00+00:00,-2.8468
2021-05-22 00:00:00+00:00,-2.5041
2021-05-23 00:00:00+00:00,-2.7622
2021-05-24 00:00:00+00:00,-3.3226
2021-05-25 00:00:00+00:00,-3.0627
2021-05-26 00:00:00+00:00,-2.6202
2021-05-27 00:00:00+00:00,-2.5989
2021-05-28 00:00:00+00:00,-2.4511
2021-05-29 00:00:00+00:00,-2.7793
2021-05-30 00:00:00+00:00,-2.4817
2021-05-31 00:00:00+00:00,-2.0992
2021-06-01 00:00:00+00:00,-2.4265
2021-06-02 00:00:00+00:00,-2.3608
2021-06-03 00:00:00+00:00,-2.2427
2021-06-04 00:00:00+00:00,-2.6136
2021-06-05 00:00:00+00:00,-3.021
2021-06-06 00:00:00+00:00,-2.5556
2021-06-07 00:00:00+00:00,-2.3933
2021-06-08 00:00:00+00:00,-2.648
2021-06-09 00:00:00+00:00,-2.0402
2021-06-10 00:00:00+00:00,-2.0251
2021-06-11 00:00:00+00:00,-2.1332
2021-06-12 00:00:00+00:00,-2.1889
2021-06-13 00:00:00+00:00,-1.9985
2021-06-14 00:00:00+00:00,-2.1978
2021-06-15 00:00:00+00:00,-2.3493
2021-06-16 00:00:00+00:00,-2.6082
2021-06-17 00:00:00+00:00,-2.0769
2021-06-18 00:00:00+00:00,-2.2361
2021-06-19 00:00:00+00:00,-2.2277
2021-06-20 00:00:00+00:00,-2.4562
2021-06-21 00:00:00+00:00,-2.6306
2021-06-22 00:00:00+00:00,-2.7091
2021-06-23 00:00:00+00:00,-2.3207
2021-06-24 00:00:00+00:00,-2.5855
2021-06-25 00:00:00+00:00,-2.4627
2021-06-26 00:00:00+00:00,-2.0379
2021-06-27 00:00:00+00:00,-2.6558
2021-06-28 00:00:00+00:00,-2.5996
2021-06-29 00:00:00+00:00,-2.7518
2021-06-30 00:00:00+00:00,-3.0408
2021-07-01 00:00:00+00:00,-2.4573
2021-07-02 00:00:00+00:00,-2.984
2021-07-03 00:00:00+00:00,-2.5488
2021-07-04 00:00:00+00:00,-1.7283
2021-07-05 00:00:00+00:00,-1.7603
2021-07-06 00:00:00+00:00,-3.2402
2021-07-07 00:00:00+00:00,-2.9727
2021-07-08 00:00:00+00:00,-2.2927
2021-07-09 00:00:00+00:00,-2.4067
2021-07-10 00:00:00+00:00,-2.5109
2021-07-11 00:00:00+00:00,-3.2072
2021-07-12 00:00:00+00:00,-3.0155
2021-07-13 00:00:00+00:00,-3.1073
2021-07-14 00:00:00+00:00,-2.9406
2021-07-15 00:00:00+00:00,-2.5634
2021-07-16 00:00:00+00:00,-2.6971
2021-07-17 00:00:00+00:00,-2.9682
2021-07-18 00:00:00+00:00,-2.6081
2021-07-19 00:00:00+00:00,-2.9193
2021-07-20 00:00:00+00:00,-2.552
2021-07-21 00:00:00+00:00,-2.5924
2021-07-22 00:00:00+00:00,-2.6969
2021-07-23 00:00:00+00:00,-2.7354
2021-07-24 00:00:00+00:00,-2.1856
2021-07-25 00:00:00+00:00,-1.8528
2021-07-26 00:00:00+00:00,-2.8439
2021-07-27 00:00:00+00:00,-2.7313
2021-07-28 00:00:00+00:00,-3.0158
2021-07-29 00:00:00+00:00,-2.182
2021-07-30 00:00:00+00:00,-2.7997
2021-07-31 00:00:00+00:00,-2.7445
2021-08-01 00:00:00+00:00,-2.8578
2021-08-02 00:00:00+00:00,-3.0197
2021-08-03 00:00:00+00:00,-2.685
2021-08-04 00:00:00+00:00,-2.8419
2021-08-05 00:00:00+00:00,-2.5347
2021-08-06 00:00:00+00:00,-2.8479
2021-08-07 00:00:00+00:00,-2.9412
2021-08-08 00:00:00+00:00,-3.1366
2021-08-09 00:00:00+00:00,-3.1087
2021-08-10 00:00:00+00:00,-3.1515
2021-08-11 00:00:00+00:00,-3.1238
2021-08-12 00:00:00+00:00,-2.586
2021-08-13 00:00:00+00:00,-2.9958
2021-08-14 00:00:00+00:00,-3.4828
2021-08-15 00:00:00+00:00,-3.0255
2021-08-16 00:00:00+00:00,-3.0389
2021-08-17 00:00:00+00:00,-3.0688
2021-08-18 00:00:00+00:00,-2.7743
2021-08-19 00:00:00+00:00,-2.6246
2021-08-20 00:00:00+00:00,-2.9527
2021-08-21 00:00:00+00:00,-2.9008
2021-08-22 00:00:00+00:00,-2.7403
2021-08-23 00:00:00+00:00,-2.7504
2021-08-24 00:00:00+00:00,-2.7905
2021-08-25 00:00:00+00:00,-2.7308
2021-08-26 00:00:00+00:00,-3.2758
2021-08-27 00:00:00+00:00,-3.5061
2021-08-28 00:00:00+00:00,-3.0712
2021-08-29 00:00:00+00:00,-3.2835
2021-08-30 00:00:00+00:00,-3.5029
2021-08-31 00:00:00+00:00,-2.9273
2021-09-01 00:00:00+00:00,-2.5519
2021-09-02 00:00:00+00:00,-2.6714
2021-09-03 00:00:00+00:00,-2.8521
2021-09-04 00:00:00+00:00,-2.4191
2021-09-05 00:00:00+00:00,-2.797
2021-09-06 00:00:00+00:00,-2.7928
2021-09-07 00:00:00+00:00,-2.7547
2021-09-08 00:00:00+00:00,-2.9418
2021-09-09 00:00:00+00:00,-2.3944
2021-09-10 00:00:00+00:00,-2.6554
2021-09-11 00:00:00+00:00,-3.1997
2021-09-12 00:00:00+00:00,-2.5089
2021-09-13 00:00:00+00:00,-2.435
2021-09-14 00:00:00+00:00,-2.2604
2021-09-15 00:00:00+00:00,-2.3643
2021-09-16 00:00:00+00:00,-2.1869
2021-09-17 00:00:00+00:00,-2.3082
2021-09-18 00:00:00+00:00,-3.1808
2021-09-19 00:00:00+00:00,-2.2306
2021-09-20 00:00:00+00:00,-2.2595
2021-09-21 00:00:00+00:00,-2.4169
2021-09-22 00:00:00+00:00,-2.2363
2021-09-23 00:00:00+00:00,-2.353
2021-09-24 00:00:00+00:00,-2.2966
2021-09-25 00:00:00+00:00,-3.0631
2021-09-26 00:00:00+00:00,-3.5668
2021-09-27 00:00:00+00:00,-2.6372
2021-09-28 00:00:00+00:00,-2.4458
2021-09-29 00:00:00+00:00,-2.1933
2021-09-30 00:00:00+00:00,-2.601
2021-10-01 00:00:00+00:00,-2.5309
2021-10-02 00:00:00+00:00,-2.615
2021-10-03 00:00:00+00:00,-3.1981
2021-10-04 00:00:00+00:00,-2.3959
2021-10-05 00:00:00+00:00,-2.2278
2021-10-06 00:00:00+00:00,-2.4698
2021-10-07 00:00:00+00:00,-2.3686
2021-10-08 00:00:00+00:00,-1.6253
2021-10-09 00:00:00+00:00,-2.1008
2021-10-10 00:00:00+00:00,-2.373
2021-10-11 00:00:00+00:00,-2.1609
2021-10-12 00:00:00+00:00,-2.0316
2021-10-13 00:00:00+00:00,-2.344
2021-10-14 00:00:00+00:00,-2.4111
2021-10-15 00:00:00+00:00,-2.6147
2021-10-16 00:00:00+00:00,-2.5274
2021-10-17 00:00:00+00:00,-2.2805
2021-10-18 00:00:00+00:00,-2.0132
2021-10-19 00:00:00+00:00,-2.316
2021-10-20 00:00:00+00:00,-2.3935
2021-10-21 00:00:00+00:00,-1.9026
2021-10-22 00:00:00+00:00,-2.2628
2021-10-23 00:00:00+00:00,-1.9543
2021-10-24 00:00:00+00:00,-2.266
2021-10-25 00:00:00+00:00,-2.5497
2021-10-26 00:00:00+00:00,-2.0535
2021-10-27 00:00:00+00:00,-2.3371
2021-10-28 00:00:00+00:00,-2.1488
2021-10-29 00:00:00+00:00,-1.7956
2021-10-30 00:00:00+00:00,-2.3023
2021-10-31 00:00:00+00:00,-2.4353
2021-11-01 00:00:00+00:00,-2.3106
2021-11-02 00:00:00+00:00,-2.1102
2021-11-03 00:00:00+00:00,-2.2948
2021-11-04 00:00:00+00:00,-2.0839
2021-11-05 00:00:00+00:00,-1.7578
2021-11-06 00:00:00+00:00,-2.4648
2021-11-07 00:00:00+00:00,-2.2332
2021-11-08 00:00:00+00:00,-2.585
2021-11-09 00:00:00+00:00,-2.2188
2021-11-10 00:00:00+00:00,-1.9732
2021-11-11 00:00:00+00:00,-1.7481
2021-11-12 00:00:00+00:00,-2.066
2021-11-13 00:00:00+00:00,-2.3038
2021-11-14 00:00:00+00:00,-1.7326
2021-11-15 00:00:00+00:00,-2.6164
2021-11-16 00:00:00+00:00,-2.4137
2021-11-17 00:00:00+00:00,-2.2562
2021-11-18 00:00:00+00:00,-2.463
2021-11-19 00:00:00+00:00,-2.1806
2021-11-20 00:00:00+00:00,-2.6809
2021-11-21 00:00:00+00:00,-2.6828
2021-11-22 00:00:00+00:00,-2.441
2021-11-23 00:00:00+00:00,-2.646
2021-11-24 00:00:00+00:00,-2.3247
2021-11-25 00:00:00+00:00,-2.7093
2021-11-26 00:00:00+00:00,-2.12
2021-11-27 00:00:00+00:00,-2.5635
2021-11-28 00:00:00+00:00,-2.011
2021-11-29 00:00:00+00:00,-1.9009
2021-11-30 00:00:00+00:00,-2.1129
2021-12-01 00:00:00+00:00,-2.3022
2021-12-02 00:00:00+00:00,-2.5703
2021-12-03 00:00:00+00:00,-2.5391
2021-12-04 00:00:00+00:00,-2.9022
2021-12-05 00:00:00+00:00,-2.3958
2021-12-06 00:00:00+00:00,-2.868
2021-12-07 00:00:00+00:00,-2.2625
2021-12-08 00:00:00+00:00,-2.3527
2021-12-09 00:00:00+00:00,-1.9486
2021-12-10 00:00:00+00:00,-2.1813
2021-12-11 00:00:00+00:00,-2.0712
2021-12-12 00:00:00+00:00,-2.2624
2021-12-13 00:00:00+00:00,-2.251
2021-12-14 00:00:00+00:00,-1.9098
2021-12-15 00:00:00+00:00,-2.1138
2021-12-16 00:00:00+00:00,-2.1602
2021-12-17 00:00:00+00:00,-2.2561
2021-12-18 00:00:00+00:00,-1.9643
2021-12-19 00:00:00+00:00,-1.7922
2021-12-20 00:00:00+00:00,-2.3095
2021-12-21 00:00:00+00:00,-2.2572
2021-12-22 00:00:00+00:00,-2.318
2021-12-23 00:00:00+00:00,-2.2646
2021-12-24 00:00:00+00:00,-1.8106
2021-12-25 00:00:00+00:00,-2.4078
2021-12-26 00:00:00+00:00,-2.0255
2021-12-27 00:00:00+00:00,-2.0536
2021-12-28 00:00:00+00:00,-2.4689
2021-12-29 00:00:00+00:00,-2.2463
2021-12-30 00:00:00+00:00,-2.0805
2021-12-31 00:00:00+00:00,-2.4059
2022-01-01 00:00:00+00:00,-1.5401
2022-01-02 00:00:00+00:00,-2.724
2022-01-03 00:00:00+00:00,-2.1787
2022-01-04 00:00:00+00:00,-2.0227
2022-01-05 00:00:00+00:00,-2.5481
2022-01-06 00:00:00+00:00,-2.6544
2022-01-07 00:00:00+00:00,-2.7379
2022-01-08 00:00:00+00:00,-3.213
2022-01-09 00:00:00+00:00,-2.8411
2022-01-10 00:00:00+00:00,-3.1996
2022-01-11 00:00:00+00:00,-2.2393
2022-01-12 00:00:00+00:00,-2.2418
2022-01-13 00:00:00+00:00,-2.6289
2022-01-14 00:00:00+00:00,-2.6954
2022-01-15 00:00:00+00:00,-2.578
2022-01-16 00:00:00+00:00,-3.2061
2022-01-17 00:00:00+00:00,-2.5242
2022-01-18 00:00:00+00:00,-2.4971
2022-01-19 00:00:00+00:00,-2.0987
2022-01-20 00:00:00+00:00,-2.4799
2022-01-21 00:00:00+00:00,-2.7876
2022-01-22 00:00:00+00:00,-2.5988
2022-01-23 00:00:00+00:00,-2.8224
2022-01-24 00:00:00+00:00,-2.8182
2022-01-25 00:00:00+00:00,-2.8936
2022-01-26 00:00:00+00:00,-2.3099
2022-01-27 00:00:00+00:00,-2.342
2022-01-28 00:00:00+00:00,-2.632
2022-01-29 00:00:00+00:00,-2.5488
2022-01-30 00:00:00+00:00,-3.1963
2022-01-31 00:00:00+00:00,-2.6381
2022-02-01 00:00:00+00:00,-2.6262
2022-02-02 00:00:00+00:00,-2.5755
2022-02-03 00:00:00+00:00,-2.6895
2022-02-04 00:00:00+00:00,-2.3063
2022-02-05 00:00:00+00:00,-2.4013
2022-02-06 00:00:00+00:00,-1.6759
2022-02-07 00:00:00+00:00,-2.2227
2022-02-08 00:00:00+00:00,-2.246
2022-02-09 00:00:00+00:00,-2.2322
2022-02-10 00:00:00+00:00,-2.2073
2022-02-11 00:00:00+00:00,-2.4922
2022-02-12 00:00:00+00:00,-2.7336
2022-02-13 00:00:00+00:00,-3.016
2022-02-14 00:00:00+00:00,-2.6798
2022-02-15 00:00:00+00:00,-2.7324
2022-02-16 00:00:00+00:00,-2.7366
2022-02-17 00:00:00+00:00,-2.6656
2022-02-18 00:00:00+00:00,-2.9857
2022-02-19 00:00:00+00:00,-3.3753
2022-02-20 00:00:00+00:00,-3.1776
2022-02-21 00:00:00+00:00,-2.9306
2022-02-22 00:00:00+00:00,-3.334
2022-02-23 00:00:00+00:00,-3.2597
2022-02-24 00:00:00+00:00,-3.993
2022-02-25 00:00:00+00:00,-3.3018
2022-02-26 00:00:00+00:00,-3.2181
2022-02-27 00:00:00+00:00,-3.1593
2022-02-28 00:00:00+00:00,-3.1025
2022-03-01 00:00:00+00:00,-3.0152
2022-03-02 00:00:00+00:00,-2.8615
2022-03-03 00:00:00+00:00,-2.8904
2022-03-04 00:00:00+00:00,-2.9782
2022-03-05 00:00:00+00:00,-3.2469
2022-03-06 00:00:00+00:00,-3.3176
2022-03-07 00:00:00+00:00,-2.9929
2022-03-08 00:00:00+00:00,-2.8995
2022-03-09 00:00:00+00:00,-2.7784
2022-03-10 00:00:00+00:00,-2.7579
2022-03-11 00:00:00+00:00,-2.8233
2022-03-12 00:00:00+00:00,-3.2123
2022-03-13 00:00:00+00:00,-3.0965
2022-03-14 00:00:00+00:00,-2.8468
2022-03-15 00:00:00+00:00,-2.9052
2022-03-16 00:00:00+00:00,-2.4757
2022-03-17 00:00:00+00:00,-2.5604
2022-03-18 00:00:00+00:00,-2.7944
2022-03-19 00:00:00+00:00,-2.6689
2022-03-20 00:00:00+00:00,-3.1021
2022-03-21 00:00:00+00:00,-3.0109
2022-03-22 00:00:00+00:00,-2.963
2022-03-23 00:00:00+00:00,-2.6639
2022-03-24 00:00:00+00:00,-2.5034
2022-03-25 00:00:00+00:00,-2.6005
2022-03-26 00:00:00+00:00,-2.6806
2022-03-27 00:00:00+00:00,-2.6224
2022-03-28 00:00:00+00:00,-2.3389
2022-03-29 00:00:00+00:00,-2.5625
2022-03-30 00:00:00+00:00,-2.3734
2022-03-31 00:00:00+00:00,-2.4364
2022-04-01 00:00:00+00:00,-2.5185
2022-04-02 00:00:00+00:00,-2.816
2022-04-03 00:00:00+00:00,-2.9612
2022-04-04 00:00:00+00:00,-2.7619
2022-04-05 00:00:00+00:00,-3.3256
2022-04-06 00:00:00+00:00,-3.1639
2022-04-07 00:00:00+00:00,-2.9455
2022-04-08 00:00:00+00:00,-2.8843
2022-04-09 00:00:00+00:00,-3.2806
2022-04-10 00:00:00+00:00,-2.8656
2022-04-11 00:00:00+00:00,-2.5674
2022-04-12 00:00:00+00:00,-2.6447
2022-04-13 00:00:00+00:00,-3.099
2022-04-14 00:00:00+00:00,-2.8947
2022-04-15 00:00:00+00:00,-3.1414
2022-04-16 00:00:00+00:00,-3.0171
2022-04-17 00:00:00+00:00,-3.1782
2022-04-18 00:00:00+00:00,-2.8361
2022-04-19 00:00:00+00:00,-2.8629
2022-04-20 00:00:00+00:00,-2.5843
2022-04-21 00:00:00+00:00,-2.6764
2022-04-22 00:00:00+00:00,-2.7217
2022-04-23 00:00:00+00:00,-2.3132
2022-04-24 00:00:00+00:00,-2.5525
2022-04-25 00:00:00+00:00,-1.9957
2022-04-26 00:00:00+00:00,-2.9007
2022-04-27 00:00:00+00:00,-2.5401
2022-04-28 00:00:00+00:00,-2.6717
2022-04-29 00:00:00+00:00,-2.5803
2022-04-30 00:00:00+00:00,-3.1065
2022-05-01 00:00:00+00:00,-2.5481
2022-05-02 00:00:00+00:00,-2.4865
2022-05-03 00:00:00+00:00,-2.2691
2022-05-04 00:00:00+00:00,-2.3329
2022-05-05 00:00:00+00:00,-2.5772
2022-05-06 00:00:00+00:00,-2.4362
2022-05-07 00:00:00+00:00,-2.308
2022-05-08 00:00:00+00:00,-2.6834
2022-05-09 00:00:00+00:00,-2.4889
2022-05-10 00:00:00+00:00,-2.5067
2022-05-11 00:00:00+00:00,-2.3926
2022-05-12 00:00:00+00:00,-2.3199
2022-05-13 00:00:00+00:00,-2.5818
2022-05-14 00:00:00+00:00,-2.5291
2022-05-15 00:00:00+00:00,-2.1148
2022-05-16 00:00:00+00:00,-2.4527
2022-05-17 00:00:00+00:00,-2.603
2022-05-18 00:00:00+00:00,-2.5233
2022-05-19 00:00:00+00:00,-2.6267
2022-05-20 00:00:00+00:00,-2.119
2022-05-21 00:00:00+00:00,-2.2457
2022-05-22 00:00:00+00:00,-2.1683
2022-05-23 00:00:00+00:00,-2.8871
2022-05-24 00:00:00+00:00,-2.2056
2022-05-25 00:00:00+00:00,-2.2531
2022-05-26 00:00:00+00:00,-2.1788
2022-05-27 00:00:00+00:00,-2.2627
2022-05-28 00:00:00+00:00,-2.092
2022-05-29 00:00:00+00:00,-2.3378
2022-05-30 00:00:00+00:00,-1.8485
2022-05-31 00:00:00+00:00,-2.2808
2022-06-01 00:00:00+00:00,-1.9997
2022-06-02 00:00:00+00:00,-1.9995
2022-06-03 00:00:00+00:00,-2.0269
2022-06-04 00:00:00+00:00,-2.4556
2022-06-05 00:00:00+00:00,-2.1824
2022-06-06 00:00:00+00:00,-2.3203
2022-06-07 00:00:00+00:00,-2.5282
2022-06-08 00:00:00+00:00,-2.5122
2022-06-09 00:00:00+00:00,-2.5289
2022-06-10 00:00:00+00:00,-2.7299
2022-06-11 00:00:00+00:00,-2.968
2022-06-12 00:00:00+00:00,-2.332
2022-06-13 00:00:00+00:00,-2.2597
2022-06-14 00:00:00+00:00,-2.7283
2022-06-15 00:00:00+00:00,-2.2547
2022-06-16 00:00:00+00:00,-2.415
2022-06-17 00:00:00+00:00,-2.0795
2022-06-18 00:00:00+00:00,-1.8212
2022-06-19 00:00:00+00:00,-2.0337
2022-06-20 00:00:00+00:00,-2.2406
2022-06-21 00:00:00+00:00,-2.7838
2022-06-22 00:00:00+00:00,-2.243
2022-06-23 00:00:00+00:00,-2.1502
2022-06-24 00:00:00+00:00,-2.3524
2022-06-25 00:00:00+00:00,-2.6285
2022-06-26 00:00:00+00:00,-2.4485
2022-06-27 00:00:00+00:00,-2.352
2022-06-28 00:00:00+00:00,-2.5071
2022-06-29 00:00:00+00:00,-2.2135
2022-06-30 00:00:00+00:00,-2.2536
2022-07-01 00:00:00+00:00,-2.2498
2022-07-02 00:00:00+00:00,-2.3931
2022-07-03 00:00:00+00:00,-2.4173
2022-07-04 00:00:00+00:00,-2.1383
2022-07-05 00:00:00+00:00,-2.1272
2022-07-06 00:00:00+00:00,-2.5318
2022-07-07 00:00:00+00:00,-2.2447
2022-07-08 00:00:00+00:00,-2.3582
2022-07-09 00:00:00+00:00,-2.566
2022-07-10 00:00:00+00:00,-2.4732
2022-07-11 00:00:00+00:00,-2.5759
2022-07-12 00:00:00+00:00,-2.2107
2022-07-13 00:00:00+00:00,-2.1866
2022-07-14 00:00:00+00:00,-1.9689
2022-07-15 00:00:00+00:00,-2.2313
2022-07-16 00:00:00+00:00,-2.5626
2022-07-17 00:00:00+00:00,-2.6197
2022-07-18 00:00:00+00:00,-2.3544
2022-07-19 00:00:00+00:00,-2.4459
2022-07-20 00:00:00+00:00,-2.2454
2022-07-21 00:00:00+00:00,-1.9956
2022-07-22 00:00:00+00:00,-2.527
2022-07-23 00:00:00+00:00,-2.7218
2022-07-24 00:00:00+00:00,-2.4348
2022-07-25 00:00:00+00:00,-2.3984
2022-07-26 00:00:00+00:00,-2.0796
2022-07-27 00:00:00+00:00,-2.0289
2022-07-28 00:00:00+00:00,-2.3012
2022-07-29 00:00:00+00:00,-2.4807
2022-07-30 00:00:00+00:00,-2.95
2022-07-31 00:00:00+00:00,-2.4085
2022-08-01 00:00:00+00:00,-2.3159
2022-08-02 00:00:00+00:00,-3.0161
2022-08-03 00:00:00+00:00,-2.5349
2022-08-04 00:00:00+00:00,-2.5981
2022-08-05 00:00:00+00:00,-2.9992
2022-08-06 00:00:00+00:00,-3.5186
2022-08-07 00:00:00+00:00,-4.1188
2022-08-08 00:00:00+00:00,-3.3052
2022-08-09 00:00:00+00:00,-2.648
2022-08-10 00:00:00+00:00,-2.5244
2022-08-11 00:00:00+00:00,-2.6939
2022-08-12 00:00:00+00:00,-2.3227
2022-08-13 00:00:00+00:00,-2.8102
2022-08-14 00:00:00+00:00,-2.6069
2022-08-15 00:00:00+00:00,-2.6596
2022-08-16 00:00:00+00:00,-2.3955
2022-08-17 00:00:00+00:00,-2.424
2022-08-18 00:00:00+00:00,-2.2752
2022-08-19 00:00:00+00:00,-2.5207
2022-08-20 00:00:00+00:00,-2.5388
2022-08-21 00:00:00+00:00,-2.3893
2022-08-22 00:00:00+00:00,-2.4928
2022-08-23 00:00:00+00:00,-2.9264
2022-08-24 00:00:00+00:00,-2.3755
2022-08-25 00:00:00+00:00,-2.563
2022-08-26 00:00:00+00:00,-2.3393
2022-08-27 00:00:00+00:00,-2.6465
2022-08-28 00:00:00+00:00,-2.8855
2022-08-29 00:00:00+00:00,-2.1629
2022-08-30 00:00:00+00:00,-2.7142
2022-08-31 00:00:00+00:00,-2.2997
2022-09-01 00:00:00+00:00,-2.4209
2022-09-02 00:00:00+00:00,-2.2624
2022-09-03 00:00:00+00:00,-2.3393
2022-09-04 00:00:00+00:00,0.0
2022-09-05 00:00:00+00:00,0.0
2022-09-06 00:00:00+00:00,0.0
2022-09-07 00:00:00+00:00,0.0
2022-09-08 00:00:00+00:00,0.0
2022-09-09 00:00:00+00:00,0.0
2022-09-10 00:00:00+00:00,-1.5767
2022-09-11 00:00:00+00:00,-2.6117
2022-09-12 00:00:00+00:00,-1.9467
2022-09-13 00:00:00+00:00,-2.196
2022-09-14 00:00:00+00:00,-2.3386
2022-09-15 00:00:00+00:00,-2.0119
2022-09-16 00:00:00+00:00,-2.2713
2022-09-17 00:00:00+00:00,-2.2962
2022-09-18 00:00:00+00:00,0.0
2022-09-19 00:00:00+00:00,0.0
2022-09-20 00:00:00+00:00,0.0
2022-09-21 00:00:00+00:00,0.0
2022-09-22 00:00:00+00:00,0.0
2022-09-23 00:00:00+00:00,0.0
2022-09-24 00:00:00+00:00,-3.1822
2022-09-25 00:00:00+00:00,-2.5891
2022-09-26 00:00:00+00:00,-2.5786
2022-09-27 00:00:00+00:00,-2.6709
2022-09-28 00:00:00+00:00,-2.8647
2022-09-29 00:00:00+00:00,-2.3544
2022-09-30 00:00:00+00:00,-2.4884
2022-10-01 00:00:00+00:00,-3.0689
2022-10-02 00:00:00+00:00,-3.2076
2022-10-03 00:00:00+00:00,-2.6438
2022-10-04 00:00:00+00:00,-2.3556
2022-10-05 00:00:00+00:00,-2.5664
2022-10-06 00:00:00+00:00,-2.6496
2022-10-07 00:00:00+00:00,-2.4441
2022-10-08 00:00:00+00:00,-2.62
2022-10-09 00:00:00+00:00,-3.084
2022-10-10 00:00:00+00:00,-3.0516
2022-10-11 00:00:00+00:00,-2.628
2022-10-12 00:00:00+00:00,-2.294
2022-10-13 00:00:00+00:00,-2.3329
2022-10-14 00:00:00+00:00,-2.5079
2022-10-15 00:00:00+00:00,-2.8311
2022-10-16 00:00:00+00:00,-2.7959
2022-10-17 00:00:00+00:00,-2.9061
2022-10-18 00:00:00+00:00,-2.551
2022-10-19 00:00:00+00:00,-2.2662
2022-10-20 00:00:00+00:00,-2.503
2022-10-21 00:00:00+00:00,-2.3052
2022-10-22 00:00:00+00:00,-2.4107
2022-10-23 00:00:00+00:00,-2.856
2022-10-24 00:00:00+00:00,-2.4119
2022-10-25 00:00:00+00:00,-2.5382
2022-10-26 00:00:00+00:00,-2.4073
2022-10-27 00:00:00+00:00,-2.2799
2022-10-28 00:00:00+00:00,-2.2929
2022-10-29 00:00:00+00:00,-3.0457
2022-10-30 00:00:00+00:00,-2.9937
2022-10-31 00:00:00+00:00,-2.6292
2022-11-01 00:00:00+00:00,-2.5226
2022-11-02 00:00:00+00:00,-2.3721
2022-11-03 00:00:00+00:00,-2.4916
2022-11-04 00:00:00+00:00,-2.3097
2022-11-05 00:00:00+00:00,-2.6644
2022-11-06 00:00:00+00:00,-2.706
2022-11-07 00:00:00+00:00,-2.2148
2022-11-08 00:00:00+00:00,-1.7186
2022-11-09 00:00:00+00:00,-1.9231
2022-11-10 00:00:00+00:00,-1.7874
2022-11-11 00:00:00+00:00,-1.6367
2022-11-12 00:00:00+00:00,-1.9948
2022-11-13 00:00:00+00:00,-2.0404
2022-11-14 00:00:00+00:00,-1.7935
2022-11-15 00:00:00+00:00,-2.4833
2022-11-16 00:00:00+00:00,-2.659
2022-11-17 00:00:00+00:00,-2.5799
2022-11-18 00:00:00+00:00,-2.4077
2022-11-19 00:00:00+00:00,-2.1492
2022-11-20 00:00:00+00:00,-2.5304
2022-11-21 00:00:00+00:00,-1.6823
2022-11-22 00:00:00+00:00,-2.4425
2022-11-23 00:00:00+00:00,-2.2697
2022-11-24 00:00:00+00:00,-2.3631
2022-11-25 00:00:00+00:00,-1.8776
2022-11-26 00:00:00+00:00,-2.0889
2022-11-27 00:00:00+00:00,-2.464
2022-11-28 00:00:00+00:00,-2.1096
2022-11-29 00:00:00+00:00,-2.1312
2022-11-30 00:00:00+00:00,-2.0784
2022-12-01 00:00:00+00:00,-1.8185
2022-12-02 00:00:00+00:00,-2.0739
2022-12-03 00:00:00+00:00,-2.0615
2022-12-04 00:00:00+00:00,-2.0215
2022-12-05 00:00:00+00:00,-2.2346
2022-12-06 00:00:00+00:00,-2.3132
2022-12-07 00:00:00+00:00,-1.9789
2022-12-08 00:00:00+00:00,-2.1842
2022-12-09 00:00:00+00:00,-2.3318
2022-12-10 00:00:00+00:00,-2.5871
2022-12-11 00:00:00+00:00,-2.4389
2022-12-12 00:00:00+00:00,-2.648
2022-12-13 00:00:00+00:00,-2.4413
2022-12-14 00:00:00+00:00,-2.1835
2022-12-15 00:00:00+00:00,-2.0813
2022-12-16 00:00:00+00:00,-2.169
2022-12-17 00:00:00+00:00,-2.2169
2022-12-18 00:00:00+00:00,-2.3973
2022-12-19 00:00:00+00:00,-1.9762
2022-12-20 00:00:00+00:00,-2.3893
2022-12-21 00:00:00+00:00,-1.7584
2022-12-22 00:00:00+00:00,-1.8209
2022-12-23 00:00:00+00:00,-1.8519
2022-12-24 00:00:00+00:00,-2.1804
2022-12-25 00:00:00+00:00,-2.5945
2022-12-26 00:00:00+00:00,-2.8466
2022-12-27 00:00:00+00:00,-2.8573
2022-12-28 00:00:00+00:00,-2.5535
2022-12-29 00:00:00+00:00,-2.3394
2022-12-30 00:00:00+00:00,-2.3936
2022-12-31 00:00:00+00:00,-2.1152
2023-01-01 00:00:00+00:00,-1.6987
2023-01-02 00:00:00+00:00,-2.6843
2023-01-03 00:00:00+00:00,-2.2185
2023-01-04 00:00:00+00:00,-2.0373
2023-01-05 00:00:00+00:00,-2.5018
2023-01-06 00:00:00+00:00,-2.5383
2023-01-07 00:00:00+00:00,-2.788
2023-01-08 00:00:00+00:00,-2.5187
2023-01-09 00:00:00+00:00,-2.4587
2023-01-10 00:00:00+00:00,-2.094
2023-01-11 00:00:00+00:00,-1.949
2023-01-12 00:00:00+00:00,-2.1882
2023-01-13 00:00:00+00:00,-2.2883
2023-01-14 00:00:00+00:00,-2.6961
2023-01-15 00:00:00+00:00,-2.2001
2023-01-16 00:00:00+00:00,-2.3748
2023-01-17 00:00:00+00:00,-2.346
2023-01-18 00:00:00+00:00,-2.5871
2023-01-19 00:00:00+00:00,-2.1273
2023-01-20 00:00:00+00:00,-2.051
2023-01-21 00:00:00+00:00,-2.6576
2023-01-22 00:00:00+00:00,-2.1539
2023-01-23 00:00:00+00:00,-2.542
2023-01-24 00:00:00+00:00,-2.2707
2023-01-25 00:00:00+00:00,-2.025
2023-01-26 00:00:00+00:00,-2.3972
2023-01-27 00:00:00+00:00,-2.9703
2023-01-28 00:00:00+00:00,-2.431
2023-01-29 00:00:00+00:00,-3.3104
2023-01-30 00:00:00+00:00,-2.8313
2023-01-31 00:00:00+00:00,-2.2788
2023-02-01 00:00:00+00:00,-2.259
2023-02-02 00:00:00+00:00,-2.4878
2023-02-03 00:00:00+00:00,-2.2349
2023-02-04 00:00:00+00:00,-2.558
2023-02-05 00:00:00+00:00,-2.7595
2023-02-06 00:00:00+00:00,-3.4162
2023-02-07 00:00:00+00:00,-2.7983
2023-02-08 00:00:00+00:00,-2.2934
2023-02-09 00:00:00+00:00,-2.073
2023-02-10 00:00:00+00:00,-2.3397
2023-02-11 00:00:00+00:00,-2.9994
2023-02-12 00:00:00+00:00,-2.6589
2023-02-13 00:00:00+00:00,-2.1847
2023-02-14 00:00:00+00:00,-1.9835
2023-02-15 00:00:00+00:00,-2.2503
2023-02-16 00:00:00+00:00,-2.5119
2023-02-17 00:00:00+00:00,-2.3511
2023-02-18 00:00:00+00:00,-2.5481
2023-02-19 00:00:00+00:00,-1.9431
2023-02-20 00:00:00+00:00,-1.6871
2023-02-21 00:00:00+00:00,-2.2683
2023-02-22 00:00:00+00:00,-2.2589
2023-02-23 00:00:00+00:00,-2.3731
2023-02-24 00:00:00+00:00,-2.3322
2023-02-25 00:00:00+00:00,-2.7606
2023-02-26 00:00:00+00:00,-2.7383
2023-02-27 00:00:00+00:00,-2.4783
2023-02-28 00:00:00+00:00,-2.29
2023-03-01 00:00:00+00:00,-2.1168
2023-03-02 00:00:00+00:00,-2.1308
2023-03-03 00:00:00+00:00,-2.0391
2023-03-04 00:00:00+00:00,-2.12
2023-03-05 00:00:00+00:00,-1.8458
2023-03-06 00:00:00+00:00,-2.3357
2023-03-07 00:00:00+00:00,-2.348
2023-03-08 00:00:00+00:00,-2.0242
2023-03-09 00:00:00+00:00,-2.215
2023-03-10 00:00:00+00:00,-1.9441
2023-03-11 00:00:00+00:00,-1.9073
2023-03-12 00:00:00+00:00,-1.8928
2023-03-13 00:00:00+00:00,-0.9889
2023-03-14 00:00:00+00:00,-2.0399
2023-03-15 00:00:00+00:00,-2.1917
2023-03-16 00:00:00+00:00,-2.0366
2023-03-17 00:00:00+00:00,-2.6267
2023-03-18 00:00:00+00:00,-2.7404
2023-03-19 00:00:00+00:00,-2.7356
2023-03-20 00:00:00+00:00,-2.5513
2023-03-21 00:00:00+00:00,-2.2092
2023-03-22 00:00:00+00:00,-1.7785
2023-03-24 00:00:00+00:00,-2.0504
2023-03-25 00:00:00+00:00,-2.2574
2023-03-26 00:00:00+00:00,-2.3035
2023-03-27 00:00:00+00:00,-2.1934
2023-03-28 00:00:00+00:00,-2.244
2023-03-29 00:00:00+00:00,-1.9325
2023-03-30 00:00:00+00:00,-2.1785
2023-03-31 00:00:00+00:00,-2.4288
2023-04-01 00:00:00+00:00,-2.3462
2023-04-02 00:00:00+00:00,-2.4707
2023-04-03 00:00:00+00:00,-2.2422
2023-04-04 00:00:00+00:00,-1.9712
2023-04-05 00:00:00+00:00,-2.1892
2023-04-06 00:00:00+00:00,-2.107
2023-04-07 00:00:00+00:00,-2.8711
2023-04-08 00:00:00+00:00,-2.7358
2023-04-09 00:00:00+00:00,-2.5314
2023-04-10 00:00:00+00:00,-2.1727
2023-04-11 00:00:00+00:00,-2.2873
2023-04-12 00:00:00+00:00,-1.9567
2023-04-13 00:00:00+00:00,-1.9446
2023-04-14 00:00:00+00:00,-2.1737
2023-04-15 00:00:00+00:00,-2.6243
2023-04-16 00:00:00+00:00,-2.4838
2023-04-17 00:00:00+00:00,-2.553
2023-04-18 00:00:00+00:00,-2.6237
2023-04-19 00:00:00+00:00,-2.3908
2023-04-20 00:00:00+00:00,-2.2617
2023-04-21 00:00:00+00:00,-2.0865
2023-04-22 00:00:00+00:00,-2.3823
2023-04-23 00:00:00+00:00,-2.5186
2023-04-24 00:00:00+00:00,-2.1447
2023-04-25 00:00:00+00:00,-1.907
2023-04-26 00:00:00+00:00,-2.3789
2023-04-27 00:00:00+00:00,-2.1006
2023-04-28 00:00:00+00:00,-2.1352
2023-04-29 00:00:00+00:00,-2.5218
2023-04-30 00:00:00+00:00,-2.1165
2023-05-01 00:00:00+00:00,-1.7941
2023-05-02 00:00:00+00:00,-2.1841
2023-05-03 00:00:00+00:00,-2.5005
2023-05-04 00:00:00+00:00,-2.2732
2023-05-05 00:00:00+00:00,-2.1776
2023-05-06 00:00:00+00:00,-2.0362
2023-05-07 00:00:00+00:00,-2.4067
2023-05-08 00:00:00+00:00,-1.9405
2023-05-09 00:00:00+00:00,-2.0204
2023-05-10 00:00:00+00:00,-2.3253
2023-05-11 00:00:00+00:00,-2.4347
2023-05-12 00:00:00+00:00,-2.0173
2023-05-13 00:00:00+00:00,-2.0321
2023-05-14 00:00:00+00:00,-1.7443
2023-05-15 00:00:00+00:00,-2.0536
2023-05-16 00:00:00+00:00,-2.181
2023-05-17 00:00:00+00:00,-1.8787
2023-05-18 00:00:00+00:00,-1.939
2023-05-19 00:00:00+00:00,-2.2093
2023-05-20 00:00:00+00:00,-1.7699
2023-05-21 00:00:00+00:00,-1.8705
2023-05-22 00:00:00+00:00,-1.8707
2023-05-23 00:00:00+00:00,-2.1761
2023-05-24 00:00:00+00:00,-2.1902
2023-05-25 00:00:00+00:00,-1.9094
2023-05-26 00:00:00+00:00,-2.2314
2023-05-27 00:00:00+00:00,-2.3303
2023-05-28 00:00:00+00:00,-2.5008
2023-05-29 00:00:00+00:00,-2.0526
2023-05-30 00:00:00+00:00,-2.3089
2023-05-31 00:00:00+00:00,-2.4338
2023-06-01 00:00:00+00:00,-2.3503
2023-06-02 00:00:00+00:00,-2.1294
2023-06-03 00:00:00+00:00,-2.2958
2023-06-04 00:00:00+00:00,-2.7383
2023-06-05 00:00:00+00:00,-2.1728
2023-06-06 00:00:00+00:00,-2.3612
2023-06-07 00:00:00+00:00,-2.2233
2023-06-08 00:00:00+00:00,-2.1199
2023-06-09 00:00:00+00:00,-2.2172
2023-06-10 00:00:00+00:00,-2.5424
2023-06-11 00:00:00+00:00,-1.9392
2023-06-12 00:00:00+00:00,-1.8627
2023-06-13 00:00:00+00:00,-2.1656
2023-06-14 00:00:00+00:00,-2.2917
2023-06-15 00:00:00+00:00,-2.1971
2023-06-16 00:00:00+00:00,-2.106
2023-06-17 00:00:00+00:00,-1.7415
2023-06-18 00:00:00+00:00,-2.2466
2023-06-19 00:00:00+00:00,-1.9881
2023-06-20 00:00:00+00:00,-2.0465
2023-06-21 00:00:00+00:00,-2.3162
2023-06-22 00:00:00+00:00,-2.1205
2023-06-23 00:00:00+00:00,-1.9265
2023-06-24 00:00:00+00:00,-3.5892
2023-06-25 00:00:00+00:00,-2.6889
2023-06-26 00:00:00+00:00,-2.6633
2023-06-27 00:00:00+00:00,-2.7006
2023-06-28 00:00:00+00:00,-1.9817
2023-06-29 00:00:00+00:00,-1.9292
2023-06-30 00:00:00+00:00,-1.6153
2023-07-01 00:00:00+00:00,-2.0712
2023-07-02 00:00:00+00:00,-1.9985
2023-07-03 00:00:00+00:00,-2.5521
2023-07-04 00:00:00+00:00,-2.2728
2023-07-05 00:00:00+00:00,-2.3311
2023-07-06 00:00:00+00:00,-2.3939
2023-07-07 00:00:00+00:00,-2.5065
2023-07-08 00:00:00+00:00,-2.5491
2023-07-09 00:00:00+00:00,-2.1692
2023-07-10 00:00:00+00:00,-2.3019
2023-07-11 00:00:00+00:00,-1.8358
2023-07-12 00:00:00+00:00,-1.9141
2023-07-13 00:00:00+00:00,-2.013
2023-07-14 00:00:00+00:00,-1.9302
2023-07-15 00:00:00+00:00,-2.0729
2023-07-16 00:00:00+00:00,-2.4139
2023-07-17 00:00:00+00:00,-2.6197
2023-07-18 00:00:00+00:00,-2.3984
2023-07-19 00:00:00+00:00,-2.3458
2023-07-20 00:00:00+00:00,-2.064
2023-07-21 00:00:00+00:00,-1.7854
2023-07-22 00:00:00+00:00,-2.4187
2023-07-23 00:00:00+00:00,-2.2707
2023-07-24 00:00:00+00:00,-1.9254
2023-07-25 00:00:00+00:00,-2.0622
2023-07-26 00:00:00+00:00,-2.0705
2023-07-27 00:00:00+00:00,-1.9074
2023-07-28 00:00:00+00:00,-2.0677
2023-07-29 00:00:00+00:00,-1.8777
2023-07-30 00:00:00+00:00,-2.9128
2023-07-31 00:00:00+00:00,-2.3634
2023-08-01 00:00:00+00:00,-2.7168
2023-08-02 00:00:00+00:00,-3.0039
2023-08-03 00:00:00+00:00,-2.4666
2023-08-04 00:00:00+00:00,-2.2546
2023-08-05 00:00:00+00:00,-2.0639
2023-08-06 00:00:00+00:00,-2.3181
2023-08-07 00:00:00+00:00,-2.3112
2023-08-08 00:00:00+00:00,-2.3304
2023-08-09 00:00:00+00:00,-2.1263
2023-08-10 00:00:00+00:00,-2.2581
2023-08-11 00:00:00+00:00,-2.1858
2023-08-12 00:00:00+00:00,-2.753
2023-08-13 00:00:00+00:00,-2.6452
2023-08-14 00:00:00+00:00,-2.4585
2023-08-15 00:00:00+00:00,-2.2697
2023-08-16 00:00:00+00:00,-2.5603
2023-08-17 00:00:00+00:00,-2.1145
2023-08-18 00:00:00+00:00,-2.2648
2023-08-19 00:00:00+00:00,-2.0897
2023-08-20 00:00:00+00:00,-2.085
2023-08-21 00:00:00+00:00,-1.9072
2023-08-22 00:00:00+00:00,-2.0958
2023-08-23 00:00:00+00:00,-2.2995
2023-08-24 00:00:00+00:00,-2.4165
2023-08-25 00:00:00+00:00,-2.248
2023-08-26 00:00:00+00:00,-2.0998
2023-08-27 00:00:00+00:00,-1.929
2023-08-28 00:00:00+00:00,-2.0341
2023-08-29 00:00:00+00:00,-2.1545
2023-08-30 00:00:00+00:00,-2.4273
2023-08-31 00:00:00+00:00,-2.2737
2023-09-01 00:00:00+00:00,-2.0054
2023-09-02 00:00:00+00:00,-1.7687
2023-09-03 00:00:00+00:00,-2.0291
2023-09-04 00:00:00+00:00,-1.9855
2023-09-05 00:00:00+00:00,-2.1418
2023-09-06 00:00:00+00:00,-2.2004
2023-09-07 00:00:00+00:00,-1.877
2023-09-08 00:00:00+00:00,-1.6497
2023-09-09 00:00:00+00:00,-1.4747
2023-09-10 00:00:00+00:00,-1.8314
2023-09-11 00:00:00+00:00,-1.7539
2023-09-12 00:00:00+00:00,-2.3294
2023-09-13 00:00:00+00:00,-2.1661
2023-09-14 00:00:00+00:00,-2.0607
2023-09-15 00:00:00+00:00,-2.3196
2023-09-16 00:00:00+00:00,-2.2834
2023-09-17 00:00:00+00:00,-1.9957
2023-09-18 00:00:00+00:00,-2.2428
2023-09-19 00:00:00+00:00,-1.5282
2023-09-20 00:00:00+00:00,-2.1335
2023-09-21 00:00:00+00:00,-1.7204
2023-09-22 00:00:00+00:00,-1.5263
2023-09-23 00:00:00+00:00,-2.0057
2023-09-24 00:00:00+00:00,-2.7173
2023-09-25 00:00:00+00:00,-2.3156
2023-09-26 00:00:00+00:00,-2.1656
2023-09-27 00:00:00+00:00,-2.2258
2023-09-28 00:00:00+00:00,-1.8635
2023-09-29 00:00:00+00:00,-2.1797
2023-09-30 00:00:00+00:00,-2.3161
2023-10-01 00:00:00+00:00,-1.645
2023-10-02 00:00:00+00:00,-1.8779
2023-10-03 00:00:00+00:00,-1.988
2023-10-04 00:00:00+00:00,-2.0307
2023-10-05 00:00:00+00:00,-1.9965
2023-10-06 00:00:00+00:00,-2.4781
2023-10-07 00:00:00+00:00,-4.4916
2023-10-08 00:00:00+00:00,-4.3161
2023-10-09 00:00:00+00:00,-3.9296
2023-10-10 00:00:00+00:00,-3.729
2023-10-11 00:00:00+00:00,-3.5654
2023-10-12 00:00:00+00:00,-3.4749
2023-10-13 00:00:00+00:00,-3.4733
2023-10-14 00:00:00+00:00,-3.5326
2023-10-15 00:00:00+00:00,-3.45
2023-10-16 00:00:00+00:00,-3.4044
2023-10-17 00:00:00+00:00,-3.3137
2023-10-18 00:00:00+00:00,-3.7367
2023-10-19 00:00:00+00:00,-3.1983
2023-10-20 00:00:00+00:00,-3.2919
2023-10-21 00:00:00+00:00,-3.1615
2023-10-22 00:00:00+00:00,-3.549
2023-10-23 00:00:00+00:00,-3.0144
2023-10-24 00:00:00+00:00,-3.0914
2023-10-25 00:00:00+00:00,-3.0533
2023-10-26 00:00:00+00:00,-3.0387
2023-10-27 00:00:00+00:00,-3.1883
2023-10-28 00:00:00+00:00,-3.8147
2023-10-29 00:00:00+00:00,-3.7001
2023-10-30 00:00:00+00:00,-3.1414
2023-10-31 00:00:00+00:00,-3.3682
2023-11-01 00:00:00+00:00,-2.886
2023-11-02 00:00:00+00:00,-3.0059
2023-11-03 00:00:00+00:00,-2.8263
2023-11-04 00:00:00+00:00,-2.8252
2023-11-05 00:00:00+00:00,-3.3111
2023-11-06 00:00:00+00:00,-3.0872
2023-11-07 00:00:00+00:00,-3.2885
2023-11-08 00:00:00+00:00,-2.9056
2023-11-09 00:00:00+00:00,-2.737
2023-11-10 00:00:00+00:00,-2.4435
2023-11-11 00:00:00+00:00,-2.6932
2023-11-12 00:00:00+00:00,-3.3053
2023-11-13 00:00:00+00:00,-2.8962
2023-11-14 00:00:00+00:00,-2.7314
2023-11-15 00:00:00+00:00,-2.7892
2023-11-16 00:00:00+00:00,-2.8224
2023-11-17 00:00:00+00:00,-2.9721
2023-11-18 00:00:00+00:00,-3.277
2023-11-19 00:00:00+00:00,0.0
2023-11-20 00:00:00+00:00,0.0
2023-11-21 00:00:00+00:00,0.0
2023-11-22 00:00:00+00:00,0.0
2023-11-23 00:00:00+00:00,0.0
2023-11-24 00:00:00+00:00,0.0
2023-11-25 00:00:00+00:00,0.0
2023-11-26 00:00:00+00:00,-3.9263
2023-11-27 00:00:00+00:00,-3.1645
2023-11-28 00:00:00+00:00,-2.7799
2023-11-29 00:00:00+00:00,-2.6442
2023-11-30 00:00:00+00:00,-2.453
2023-12-01 00:00:00+00:00,-3.2422
2023-12-02 00:00:00+00:00,-3.0615
2023-12-03 00:00:00+00:00,-3.5922
2023-12-04 00:00:00+00:00,-3.2555
2023-12-05 00:00:00+00:00,-2.7787
2023-12-06 00:00:00+00:00,-2.9022
2023-12-07 00:00:00+00:00,-2.8085
2023-12-08 00:00:00+00:00,-2.775
2023-12-09 00:00:00+00:00,-3.5331
2023-12-10 00:00:00+00:00,-3.4837
2023-12-11 00:00:00+00:00,-2.8505
2023-12-12 00:00:00+00:00,-2.9057
2023-12-13 00:00:00+00:00,-2.6661
2023-12-14 00:00:00+00:00,-2.8089
2023-12-15 00:00:00+00:00,-2.7903
2023-12-16 00:00:00+00:00,-3.3206
2023-12-17 00:00:00+00:00,-3.7002
2023-12-18 00:00:00+00:00,-3.0178
2023-12-19 00:00:00+00:00,-2.7037
2023-12-20 00:00:00+00:00,-2.8504
2023-12-21 00:00:00+00:00,-2.945
2023-12-22 00:00:00+00:00,-2.8617
2023-12-23 00:00:00+00:00,-2.8215
2023-12-24 00:00:00+00:00,-2.672
2023-12-25 00:00:00+00:00,-3.13
2023-12-26 00:00:00+00:00,-3.5336
2023-12-27 00:00:00+00:00,-2.6943
2023-12-28 00:00:00+00:00,-3.0221
2023-12-29 00:00:00+00:00,-3.0859
2023-12-30 00:00:00+00:00,-3.395
2023-12-31 00:00:00+00:00,-2.9184
2024-01-01 00:00:00+00:00,-3.1182
2024-01-02 00:00:00+00:00,-3.4932
2024-01-03 00:00:00+00:00,-3.9016
2024-01-04 00:00:00+00:00,-3.47
2024-01-05 00:00:00+00:00,-3.0135
2024-01-06 00:00:00+00:00,-3.2745
2024-01-07 00:00:00+00:00,0.0
2024-01-08 00:00:00+00:00,0.0
2024-01-09 00:00:00+00:00,0.0
2024-01-10 00:00:00+00:00,0.0
2024-01-11 00:00:00+00:00,0.0
2024-01-12 00:00:00+00:00,0.0
2024-01-13 00:00:00+00:00,0.0
2024-01-14 00:00:00+00:00,-3.155
2024-01-15 00:00:00+00:00,-2.9838
2024-01-16 00:00:00+00:00,-2.3054
2024-01-17 00:00:00+00:00,-2.9512
2024-01-18 00:00:00+00:00,-3.1445
2024-01-19 00:00:00+00:00,-2.693
2024-01-20 00:00:00+00:00,-3.6668
2024-01-21 00:00:00+00:00,-3.7828
2024-01-22 00:00:00+00:00,-2.5893
2024-01-23 00:00:00+00:00,-2.3617
2024-01-24 00:00:00+00:00,-2.6141
2024-01-25 00:00:00+00:00,-2.5173
2024-01-26 00:00:00+00:00,-2.7187
2024-01-27 00:00:00+00:00,-3.3928
2024-01-28 00:00:00+00:00,-3.6336
2024-01-29 00:00:00+00:00,-3.7789
2024-01-30 00:00:00+00:00,-3.3015
2024-01-31 00:00:00+00:00,-3.0764
2024-02-01 00:00:00+00:00,-2.9152
2024-02-02 00:00:00+00:00,-2.8668
2024-02-03 00:00:00+00:00,-2.8312
2024-02-04 00:00:00+00:00,-2.9748
2024-02-05 00:00:00+00:00,-2.3918
2024-02-06 00:00:00+00:00,-2.5476
2024-02-07 00:00:00+00:00,-2.9036
2024-02-08 00:00:00+00:00,-2.6304
2024-02-09 00:00:00+00:00,-2.8335
2024-02-10 00:00:00+00:00,-2.7717
2024-02-11 00:00:00+00:00,-2.6987
2024-02-12 00:00:00+00:00,-2.7974
2024-02-13 00:00:00+00:00,-2.472
2024-02-14 00:00:00+00:00,-2.8124
2024-02-15 00:00:00+00:00,-2.8315
2024-02-16 00:00:00+00:00,-3.0104
2024-02-17 00:00:00+00:00,-3.2062
2024-02-18 00:00:00+00:00,-2.6519
2024-02-19 00:00:00+00:00,-2.8129
2024-02-20 00:00:00+00:00,-3.0174
2024-02-21 00:00:00+00:00,-3.0103
2024-02-22 00:00:00+00:00,-2.9493
2024-02-23 00:00:00+00:00,-2.8817
2024-02-24 00:00:00+00:00,-2.7697
2024-02-25 00:00:00+00:00,-3.0774
2024-02-26 00:00:00+00:00,-2.7827
2024-02-27 00:00:00+00:00,-2.6568
2024-02-28 00:00:00+00:00,-2.3102
2024-02-29 00:00:00+00:00,-2.7242
2024-03-01 00:00:00+00:00,-2.5779
2024-03-02 00:00:00+00:00,-2.8664
2024-03-03 00:00:00+00:00,-2.8729
2024-03-04 00:00:00+00:00,-2.8351
2024-03-05 00:00:00+00:00,-3.0131
2024-03-06 00:00:00+00:00,-2.5804
2024-03-07 00:00:00+00:00,-2.9797
2024-03-08 00:00:00+00:00,-2.5564
2024-03-09 00:00:00+00:00,-2.5953
2024-03-10 00:00:00+00:00,-2.3919
2024-03-11 00:00:00+00:00,-1.3645
2024-03-12 00:00:00+00:00,-2.1324
2024-03-13 00:00:00+00:00,-2.349
2024-03-14 00:00:00+00:00,-2.0493
2024-03-15 00:00:00+00:00,-2.8556
2024-03-16 00:00:00+00:00,-2.9441
2024-03-17 00:00:00+00:00,-3.0078
2024-03-18 00:00:00+00:00,-2.6645
2024-03-19 00:00:00+00:00,-2.8206
2024-03-20 00:00:00+00:00,-2.1635
2024-03-21 00:00:00+00:00,-2.1388
2024-03-22 00:00:00+00:00,-2.6877
2024-03-23 00:00:00+00:00,-4.3347
2024-03-24 00:00:00+00:00,-3.6509
2024-03-25 00:00:00+00:00,-3.4726
2024-03-26 00:00:00+00:00,-2.8387
2024-03-27 00:00:00+00:00,-2.6968
2024-03-28 00:00:00+00:00,-2.3024
2024-03-29 00:00:00+00:00,-2.3239
2024-03-30 00:00:00+00:00,-2.7847
2024-03-31 00:00:00+00:00,-3.1584
2024-04-01 00:00:00+00:00,-3.085
2024-04-02 00:00:00+00:00,-2.8449
2024-04-03 00:00:00+00:00,-2.698
2024-04-04 00:00:00+00:00,-2.5246
2024-04-05 00:00:00+00:00,-2.8846
2024-04-06 00:00:00+00:00,-3.278
2024-04-07 00:00:00+00:00,-3.3601
2024-04-08 00:00:00+00:00,-2.1805
2024-04-09 00:00:00+00:00,-2.4672
2024-04-10 00:00:00+00:00,-2.6488
2024-04-11 00:00:00+00:00,-2.5336
2024-04-12 00:00:00+00:00,-2.551
2024-04-13 00:00:00+00:00,-3.1856
2024-04-14 00:00:00+00:00,-3.7431
2024-04-15 00:00:00+00:00,-3.6762
2024-04-16 00:00:00+00:00,-2.8835
2024-04-17 00:00:00+00:00,-2.8515
2024-04-18 00:00:00+00:00,-2.8462
2024-04-19 00:00:00+00:00,-3.0456
2024-04-20 00:00:00+00:00,-2.5937
2024-04-21 00:00:00+00:00,-3.2195
2024-04-22 00:00:00+00:00,-2.4991
2024-04-23 00:00:00+00:00,-2.4175
2024-04-24 00:00:00+00:00,-2.355
2024-04-25 00:00:00+00:00,-2.5088
2024-04-26 00:00:00+00:00,-3.032
2024-04-27 00:00:00+00:00,-2.9261
2024-04-28 00:00:00+00:00,-3.2112
2024-04-29 00:00:00+00:00,-2.9666
2024-04-30 00:00:00+00:00,-3.0995
2024-05-01 00:00:00+00:00,-3.4198
2024-05-02 00:00:00+00:00,-3.6293
2024-05-03 00:00:00+00:00,-2.8557
2024-05-04 00:00:00+00:00,-2.9326
2024-05-05 00:00:00+00:00,-3.1177
2024-05-06 00:00:00+00:00,-3.2378
2024-05-07 00:00:00+00:00,-3.1177
2024-05-08 00:00:00+00:00,-3.074
2024-05-09 00:00:00+00:00,-2.3657
2024-05-10 00:00:00+00:00,-2.2637
2024-05-11 00:00:00+00:00,-2.5617
2024-05-12 00:00:00+00:00,-2.6653
2024-05-13 00:00:00+00:00,-2.4078
2024-05-14 00:00:00+00:00,-2.3662
2024-05-15 00:00:00+00:00,-2.3437
2024-05-16 00:00:00+00:00,-2.6261
2024-05-17 00:00:00+00:00,-2.2969
2024-05-18 00:00:00+00:00,-2.8195
2024-05-19 00:00:00+00:00,-2.5188
2024-05-20 00:00:00+00:00,-3.0477
2024-05-21 00:00:00+00:00,-3.3389
2024-05-22 00:00:00+00:00,-2.2341
2024-05-23 00:00:00+00:00,-2.2102
2024-05-24 00:00:00+00:00,-2.451
2024-05-25 00:00:00+00:00,-2.083
2024-05-26 00:00:00+00:00,-2.4098
2024-05-27 00:00:00+00:00,-2.5058
2024-05-28 00:00:00+00:00,-2.2728
2024-05-29 00:00:00+00:00,-2.541
2024-05-30 00:00:00+00:00,-2.4138
2024-05-31 00:00:00+00:00,-3.0248
2024-06-01 00:00:00+00:00,-2.6511
2024-06-02 00:00:00+00:00,-2.2283
2024-06-03 00:00:00+00:00,-2.2893
2024-06-04 00:00:00+00:00,-2.1448
2024-06-05 00:00:00+00:00,-2.0707
2024-06-06 00:00:00+00:00,-2.1397
2024-06-07 00:00:00+00:00,-2.1125
2024-06-08 00:00:00+00:00,-2.4226
2024-06-09 00:00:00+00:00,-2.4621
2024-06-10 00:00:00+00:00,-2.5877
2024-06-11 00:00:00+00:00,-2.5276
2024-06-12 00:00:00+00:00,-2.21
2024-06-13 00:00:00+00:00,-2.4336
2024-06-14 00:00:00+00:00,-2.0305
2024-06-15 00:00:00+00:00,-2.5137
2024-06-16 00:00:00+00:00,-2.4288
2024-06-17 00:00:00+00:00,-2.4949
2024-06-18 00:00:00+00:00,-2.189
2024-06-19 00:00:00+00:00,-1.9951
2024-06-20 00:00:00+00:00,-2.0812
2024-06-21 00:00:00+00:00,-2.2823
2024-06-22 00:00:00+00:00,-2.6816
2024-06-23 00:00:00+00:00,-3.0645
2024-06-24 00:00:00+00:00,-2.8804
2024-06-25 00:00:00+00:00,-2.9935
2024-06-26 00:00:00+00:00,-2.7463
2024-06-27 00:00:00+00:00,-2.7337
2024-06-28 00:00:00+00:00,-2.5874
2024-06-29 00:00:00+00:00,-1.9195
2024-06-30 00:00:00+00:00,-2.473
2024-07-01 00:00:00+00:00,-2.1817
2024-07-02 00:00:00+00:00,-2.4586
2024-07-03 00:00:00+00:00,-1.951
2024-07-04 00:00:00+00:00,-2.084
2024-07-05 00:00:00+00:00,-1.8662
2024-07-06 00:00:00+00:00,-2.25
2024-07-07 00:00:00+00:00,-2.4888
2024-07-08 00:00:00+00:00,-2.213
2024-07-09 00:00:00+00:00,-2.407
2024-07-10 00:00:00+00:00,-1.9866
2024-07-11 00:00:00+00:00,-1.9511
2024-07-12 00:00:00+00:00,-2.1352
2024-07-13 00:00:00+00:00,-3.025
2024-07-14 00:00:00+00:00,-3.2164
2024-07-15 00:00:00+00:00,-2.2777
2024-07-16 00:00:00+00:00,-2.3047
2024-07-17 00:00:00+00:00,-2.5856
2024-07-18 00:00:00+00:00,-2.2533
2024-07-19 00:00:00+00:00,-2.6753
2024-07-20 00:00:00+00:00,-2.4032
2024-07-21 00:00:00+00:00,-2.3983
2024-07-22 00:00:00+00:00,-1.403
2024-07-23 00:00:00+00:00,-2.0973
2024-07-24 00:00:00+00:00,-2.6185
2024-07-25 00:00:00+00:00,-2.1155
2024-07-26 00:00:00+00:00,-2.1162
2024-07-27 00:00:00+00:00,-3.035
2024-07-28 00:00:00+00:00,-2.8317
2024-07-29 00:00:00+00:00,-2.7686
2024-07-30 00:00:00+00:00,-3.0246
2024-07-31 00:00:00+00:00,-3.4619
2024-08-01 00:00:00+00:00,-3.5717
2024-08-02 00:00:00+00:00,-2.9843
2024-08-03 00:00:00+00:00,-3.7581
2024-08-04 00:00:00+00:00,-3.9188
2024-08-05 00:00:00+00:00,-3.3029
2024-08-06 00:00:00+00:00,-3.3688
2024-08-07 00:00:00+00:00,-2.8479
2024-08-08 00:00:00+00:00,-2.761
2024-08-09 00:00:00+00:00,-3.0568
2024-08-10 00:00:00+00:00,-3.4409
2024-08-11 00:00:00+00:00,-3.1846
2024-08-12 00:00:00+00:00,-3.1633
2024-08-13 00:00:00+00:00,-2.8537
2024-08-14 00:00:00+00:00,-2.9732
2024-08-15 00:00:00+00:00,-2.6159
2024-08-16 00:00:00+00:00,-2.4094
2024-08-17 00:00:00+00:00,-2.7608
2024-08-18 00:00:00+00:00,-3.0028
2024-08-19 00:00:00+00:00,-2.4292
2024-08-20 00:00:00+00:00,-2.3615
2024-08-21 00:00:00+00:00,-2.5693
2024-08-22 00:00:00+00:00,-2.2452
2024-08-23 00:00:00+00:00,-1.916
2024-08-24 00:00:00+00:00,-2.4593
2024-08-25 00:00:00+00:00,-3.2435
2024-08-26 00:00:00+00:00,-2.889
2024-08-27 00:00:00+00:00,-2.5261
2024-08-28 00:00:00+00:00,-2.7177
2024-08-29 00:00:00+00:00,-2.3503
2024-08-30 00:00:00+00:00,-2.2258
2024-08-31 00:00:00+00:00,-2.9853
2024-09-01 00:00:00+00:00,-3.0719
2024-09-02 00:00:00+00:00,-3.0413
2024-09-03 00:00:00+00:00,-3.1545
2024-09-04 00:00:00+00:00,-2.8385
2024-09-05 00:00:00+00:00,-2.4007
2024-09-06 00:00:00+00:00,-2.3131
2024-09-07 00:00:00+00:00,-2.7603
2024-09-08 00:00:00+00:00,-2.6297
2024-09-09 00:00:00+00:00,-2.2939
2024-09-10 00:00:00+00:00,-2.5917
2024-09-11 00:00:00+00:00,-2.8326
2024-09-12 00:00:00+00:00,-2.8558
2024-09-13 00:00:00+00:00,-2.2834
2024-09-14 00:00:00+00:00,-2.3249
2024-09-15 00:00:00+00:00,-2.8037
2024-09-16 00:00:00+00:00,-2.4042
2024-09-17 00:00:00+00:00,-2.7566
2024-09-18 00:00:00+00:00,-2.9538
2024-09-19 00:00:00+00:00,-2.812
2024-09-20 00:00:00+00:00,-2.7411
2024-09-21 00:00:00+00:00,-2.9861
2024-09-22 00:00:00+00:00,-3.2396
2024-09-23 00:00:00+00:00,-2.6651
2024-09-24 00:00:00+00:00,-2.9235
2024-09-25 00:00:00+00:00,-2.9827
2024-09-26 00:00:00+00:00,-2.6222
2024-09-27 00:00:00+00:00,-2.6286
2024-09-28 00:00:00+00:00,-3.2582
2024-09-29 00:00:00+00:00,-2.9809
2024-09-30 00:00:00+00:00,-2.5334
2024-10-01 00:00:00+00:00,-3.1225
2024-10-02 00:00:00+00:00,-3.6022
2024-10-03 00:00:00+00:00,-2.957
2024-10-04 00:00:00+00:00,-2.898
2024-10-05 00:00:00+00:00,-3.527
2024-10-06 00:00:00+00:00,-3.9472
2024-10-07 00:00:00+00:00,-3.8843
2024-10-08 00:00:00+00:00,-3.1131
2024-10-09 00:00:00+00:00,-2.6586
2024-10-10 00:00:00+00:00,-2.3639
2024-10-11 00:00:00+00:00,-2.4957
2024-10-12 00:00:00+00:00,-2.9677
2024-10-13 00:00:00+00:00,-2.9803
2024-10-14 00:00:00+00:00,-2.9539
2024-10-15 00:00:00+00:00,-2.3619
2024-10-16 00:00:00+00:00,-2.3298
2024-10-17 00:00:00+00:00,-2.6694
2024-10-18 00:00:00+00:00,-3.0147
2024-10-19 00:00:00+00:00,-2.9986
2024-10-20 00:00:00+00:00,-2.6422
2024-10-21 00:00:00+00:00,-2.0778
2024-10-22 00:00:00+00:00,-2.2489
2024-10-23 00:00:00+00:00,-2.1029
2024-10-24 00:00:00+00:00,-2.3841
2024-10-25 00:00:00+00:00,-2.3856
2024-10-26 00:00:00+00:00,-3.4561
2024-10-27 00:00:00+00:00,-3.4802
2024-10-28 00:00:00+00:00,-2.7382
2024-10-29 00:00:00+00:00,-2.7249
2024-10-30 00:00:00+00:00,-2.2735
2024-10-31 00:00:00+00:00,-2.4759
2024-11-01 00:00:00+00:00,-2.1756
2024-11-02 00:00:00+00:00,-2.8357
2024-11-03 00:00:00+00:00,-2.9132
2024-11-04 00:00:00+00:00,-2.0012
2024-11-05 00:00:00+00:00,-2.2292
2024-11-06 00:00:00+00:00,-1.3683
2024-11-07 00:00:00+00:00,-1.5389
2024-11-08 00:00:00+00:00,-1.6917
2024-11-09 00:00:00+00:00,-2.1589
2024-11-10 00:00:00+00:00,-2.0455
2024-11-11 00:00:00+00:00,-1.2294
2024-11-12 00:00:00+00:00,-1.5587
2024-11-13 00:00:00+00:00,-1.701
2024-11-14 00:00:00+00:00,-2.0818
2024-11-15 00:00:00+00:00,-2.0899
2024-11-16 00:00:00+00:00,-2.4611
2024-11-17 00:00:00+00:00,-3.5475
2024-11-18 00:00:00+00:00,-2.4167
2024-11-19 00:00:00+00:00,-2.3641
2024-11-20 00:00:00+00:00,-2.3274
2024-11-21 00:00:00+00:00,-2.9937
2024-11-22 00:00:00+00:00,-2.5891
2024-11-23 00:00:00+00:00,-3.0218
2024-11-24 00:00:00+00:00,-2.8652
2024-11-25 00:00:00+00:00,-2.1211
2024-11-26 00:00:00+00:00,-2.4874
2024-11-27 00:00:00+00:00,-2.5761
2024-11-28 00:00:00+00:00,-2.3843
2024-11-29 00:00:00+00:00,-2.8558
2024-11-30 00:00:00+00:00,-3.6709
2024-12-01 00:00:00+00:00,-3.1154
2024-12-02 00:00:00+00:00,-2.5981
2024-12-03 00:00:00+00:00,-2.104
2024-12-04 00:00:00+00:00,-2.484
2024-12-05 00:00:00+00:00,-2.9676
2024-12-06 00:00:00+00:00,-2.2478
2024-12-07 00:00:00+00:00,-2.1387
2024-12-08 00:00:00+00:00,-3.0573
2024-12-09 00:00:00+00:00,-2.3928
2024-12-10 00:00:00+00:00,-2.6641
2024-12-11 00:00:00+00:00,-2.9222
2024-12-12 00:00:00+00:00,-2.4231
2024-12-13 00:00:00+00:00,-2.5892
2024-12-14 00:00:00+00:00,-2.4864
2024-12-15 00:00:00+00:00,-2.6054
2024-12-16 00:00:00+00:00,-2.4632
2024-12-17 00:00:00+00:00,-2.7032
2024-12-18 00:00:00+00:00,-2.4205
2024-12-19 00:00:00+00:00,-2.2894
2024-12-20 00:00:00+00:00,-2.1561
2024-12-21 00:00:00+00:00,-2.853
2024-12-22 00:00:00+00:00,-3.2062
2024-12-23 00:00:00+00:00,-2.4152
2024-12-24 00:00:00+00:00,-1.9788
2024-12-25 00:00:00+00:00,-2.1886
2024-12-26 00:00:00+00:00,-2.9134
2024-12-27 00:00:00+00:00,-2.6678
2024-12-28 00:00:00+00:00,-2.6346
2024-12-29 00:00:00+00:00,-2.5493
2024-12-30 00:00:00+00:00,-1.4081
2024-12-31 00:00:00+00:00,-1.8772
2025-01-01 00:00:00+00:00,-2.4489
2025-01-02 00:00:00+00:00,-2.9263
2025-01-03 00:00:00+00:00,-2.339
2025-01-04 00:00:00+00:00,-2.725
2025-01-05 00:00:00+00:00,-2.6736
2025-01-06 00:00:00+00:00,-2.1389
2025-01-07 00:00:00+00:00,-2.3342
2025-01-08 00:00:00+00:00,-2.3511
2025-01-09 00:00:00+00:00,-2.2693
2025-01-10 00:00:00+00:00,-2.4035
2025-01-11 00:00:00+00:00,-2.6617
2025-01-12 00:00:00+00:00,-2.698
2025-01-13 00:00:00+00:00,-2.3932
2025-01-14 00:00:00+00:00,-2.7368
2025-01-15 00:00:00+00:00,-2.4797
2025-01-16 00:00:00+00:00,-2.4325
2025-01-17 00:00:00+00:00,-2.4451
2025-01-18 00:00:00+00:00,-2.5704
2025-01-19 00:00:00+00:00,-3.0199
2025-01-20 00:00:00+00:00,-1.8939
2025-01-21 00:00:00+00:00,-2.1303
2025-01-22 00:00:00+00:00,-2.1561
2025-01-23 00:00:00+00:00,-1.9905
2025-01-24 00:00:00+00:00,-2.2244
2025-01-25 00:00:00+00:00,-2.9813
2025-01-26 00:00:00+00:00,-3.0466
2025-01-27 00:00:00+00:00,-3.1223
2025-01-28 00:00:00+00:00,-2.2171
2025-01-29 00:00:00+00:00,-2.4962
2025-01-30 00:00:00+00:00,-2.7734
2025-01-31 00:00:00+00:00,-1.8989
2025-02-01 00:00:00+00:00,-2.6203
2025-02-02 00:00:00+00:00,-2.6204
2025-02-03 00:00:00+00:00,-2.1669
2025-02-04 00:00:00+00:00,-2.1961
2025-02-05 00:00:00+00:00,-2.2531
2025-02-06 00:00:00+00:00,-1.8999
2025-02-07 00:00:00+00:00,-2.4176
2025-02-08 00:00:00+00:00,-3.0395
2025-02-09 00:00:00+00:00,-2.3846
2025-02-10 00:00:00+00:00,-2.306
2025-02-11 00:00:00+00:00,-2.275
2025-02-12 00:00:00+00:00,-1.8833
2025-02-13 00:00:00+00:00,-1.7368
2025-02-14 00:00:00+00:00,-2.0965
2025-02-15 00:00:00+00:00,-2.7678
2025-02-16 00:00:00+00:00,-1.8148
2025-02-17 00:00:00+00:00,-1.6619
2025-02-18 00:00:00+00:00,-2.0558
2025-02-19 00:00:00+00:00,-2.1524
2025-02-20 00:00:00+00:00,-2.4035
2025-02-21 00:00:00+00:00,-2.4728
2025-02-22 00:00:00+00:00,-2.5041
2025-02-23 00:00:00+00:00,-2.5311
2025-02-24 00:00:00+00:00,-1.9781
2025-02-25 00:00:00+00:00,-1.9777
2025-02-26 00:00:00+00:00,-1.8838
2025-02-27 00:00:00+00:00,-2.1115
2025-02-28 00:00:00+00:00,-1.8125
2025-03-01 00:00:00+00:00,-1.8022
2025-03-02 00:00:00+00:00,-1.6291
2025-03-03 00:00:00+00:00,-1.243
2025-03-04 00:00:00+00:00,-1.7715
2025-03-05 00:00:00+00:00,-1.8967
2025-03-06 00:00:00+00:00,-1.9868
2025-03-07 00:00:00+00:00,-1.7361
2025-03-08 00:00:00+00:00,-2.34
2025-03-09 00:00:00+00:00,-2.692
2025-03-10 00:00:00+00:00,-1.9996
2025-03-11 00:00:00+00:00,-2.6566
2025-03-12 00:00:00+00:00,-2.2495
2025-03-13 00:00:00+00:00,-2.2033
2025-03-14 00:00:00+00:00,-2.1911
2025-03-15 00:00:00+00:00,-2.6779
2025-03-16 00:00:00+00:00,-2.8566
2025-03-17 00:00:00+00:00,-2.2564
2025-03-18 00:00:00+00:00,-3.0835
2025-03-19 00:00:00+00:00,-2.3714
2025-03-20 00:00:00+00:00,-2.3237
2025-03-21 00:00:00+00:00,-2.4947
2025-03-22 00:00:00+00:00,-3.2769
2025-03-23 00:00:00+00:00,-3.213
2025-03-24 00:00:00+00:00,-2.6407
2025-03-25 00:00:00+00:00,-2.4566
2025-03-26 00:00:00+00:00,-2.636
2025-03-27 00:00:00+00:00,-2.498
2025-03-28 00:00:00+00:00,-2.5396
2025-03-29 00:00:00+00:00,-2.5978
2025-03-30 00:00:00+00:00,-2.2994
2025-03-31 00:00:00+00:00,-2.5515
2025-04-01 00:00:00+00:00,-2.8369
2025-04-02 00:00:00+00:00,-2.4081
2025-04-03 00:00:00+00:00,-2.3036
2025-04-04 00:00:00+00:00,-2.6486
2025-04-05 00:00:00+00:00,-2.6819
2025-04-06 00:00:00+00:00,-3.3093
2025-04-07 00:00:00+00:00,-2.8569
2025-04-08 00:00:00+00:00,-2.4065
2025-04-09 00:00:00+00:00,-2.2674
2025-04-10 00:00:00+00:00,-2.0298
2025-04-11 00:00:00+00:00,-2.2239
2025-04-12 00:00:00+00:00,-2.2164
2025-04-13 00:00:00+00:00,-2.5696
2025-04-14 00:00:00+00:00,-2.3705
2025-04-15 00:00:00+00:00,-2.5923
2025-04-16 00:00:00+00:00,-2.41
2025-04-17 00:00:00+00:00,-2.1387
2025-04-18 00:00:00+00:00,-2.1237
2025-04-19 00:00:00+00:00,-2.5508
2025-04-20 00:00:00+00:00,-2.3619
2025-04-21 00:00:00+00:00,-1.8161
2025-04-22 00:00:00+00:00,-1.6677
2025-04-23 00:00:00+00:00,-2.0429
2025-04-24 00:00:00+00:00,-2.1605
2025-04-25 00:00:00+00:00,-2.5135
2025-04-26 00:00:00+00:00,-2.5384
2025-04-27 00:00:00+00:00,-3.1842
2025-04-28 00:00:00+00:00,-2.4551
2025-04-29 00:00:00+00:00,-2.027
2025-04-30 00:00:00+00:00,-2.1101
2025-05-01 00:00:00+00:00,-2.0022
2025-05-02 00:00:00+00:00,-2.3089
2025-05-03 00:00:00+00:00,-2.1144
2025-05-04 00:00:00+00:00,-2.1559
2025-05-05 00:00:00+00:00,-1.6081
2025-05-06 00:00:00+00:00,-2.2812
2025-05-07 00:00:00+00:00,-2.7264
2025-05-08 00:00:00+00:00,-1.8625
2025-05-09 00:00:00+00:00,-2.0382
2025-05-10 00:00:00+00:00,-2.6096
2025-05-11 00:00:00+00:00,-1.8075
2025-05-12 00:00:00+00:00,-2.0991
2025-05-13 00:00:00+00:00,-1.9479
2025-05-14 00:00:00+00:00,-1.824
2025-05-15 00:00:00+00:00,-1.7826
2025-05-16 00:00:00+00:00,-1.9192
2025-05-17 00:00:00+00:00,-2.4079
2025-05-18 00:00:00+00:00,-2.3965
2025-05-19 00:00:00+00:00,-1.9338
2025-05-20 00:00:00+00:00,-2.3331
2025-05-21 00:00:00+00:00,-2.351
2025-05-22 00:00:00+00:00,-2.3031
2025-05-23 00:00:00+00:00,-2.282
2025-05-24 00:00:00+00:00,-2.3308
2025-05-25 00:00:00+00:00,-2.4627
2025-05-26 00:00:00+00:00,-2.3703
2025-05-27 00:00:00+00:00,-1.8932
2025-05-28 00:00:00+00:00,-2.4212
2025-05-29 00:00:00+00:00,-2.4646
2025-05-30 00:00:00+00:00,-2.0946
2025-05-31 00:00:00+00:00,-1.9598
2025-06-01 00:00:00+00:00,-3.5075
2025-06-02 00:00:00+00:00,-2.9458
2025-06-03 00:00:00+00:00,-2.7784
2025-06-04 00:00:00+00:00,-2.198
2025-06-05 00:00:00+00:00,-2.5815
2025-06-06 00:00:00+00:00,-2.459
2025-06-07 00:00:00+00:00,-3.1637
2025-06-08 00:00:00+00:00,-2.6941
2025-06-09 00:00:00+00:00,-2.6367
2025-06-10 00:00:00+00:00,-2.5009
2025-06-11 00:00:00+00:00,-2.2022
2025-06-12 00:00:00+00:00,-2.2294
2025-06-13 00:00:00+00:00,-3.0853
2025-06-14 00:00:00+00:00,-3.1704
2025-07-02 00:00:00+00:00,-2.4825
2025-07-03 00:00:00+00:00,-2.0376
2025-07-04 00:00:00+00:00,-2.0756
2025-07-05 00:00:00+00:00,-2.5105
2025-07-06 00:00:00+00:00,-2.9023
2025-07-07 00:00:00+00:00,-2.6785
2025-07-08 00:00:00+00:00,-2.3125
2025-07-09 00:00:00+00:00,-2.6336
2025-07-10 00:00:00+00:00,-2.4716
2025-07-11 00:00:00+00:00,-2.4157
2025-07-12 00:00:00+00:00,-2.941
2025-07-13 00:00:00+00:00,-2.4937
2025-07-14 00:00:00+00:00,-2.1516
2025-07-15 00:00:00+00:00,-2.3479
2025-07-16 00:00:00+00:00,-2.5775
2025-07-17 00:00:00+00:00,-2.6119
2025-07-18 00:00:00+00:00,-2.6107
2025-07-19 00:00:00+00:00,-2.7398
2025-07-20 00:00:00+00:00,-2.9861
2025-07-21 00:00:00+00:00,-3.0106
2025-07-22 00:00:00+00:00,-2.6983
2025-07-23 00:00:00+00:00,-2.4799
2025-07-24 00:00:00+00:00,-2.6578
2025-07-25 00:00:00+00:00,-2.6811
2025-07-26 00:00:00+00:00,-2.6278
2025-07-27 00:00:00+00:00,-2.6316
2025-07-28 00:00:00+00:00,-2.7075
2025-07-29 00:00:00+00:00,-3.0056
2025-07-30 00:00:00+00:00,-2.6889
2025-07-31 00:00:00+00:00,-2.5767
2025-08-01 00:00:00+00:00,-2.4633
2025-08-02 00:00:00+00:00,-2.7633
2025-08-03 00:00:00+00:00,-3.3776
2025-08-04 00:00:00+00:00,-3.1926
2025-08-05 00:00:00+00:00,-2.6998
2025-08-06 00:00:00+00:00,-2.5709
2025-08-07 00:00:00+00:00,-2.1711
2025-08-08 00:00:00+00:00,-2.6403
2025-08-09 00:00:00+00:00,-2.4404
2025-08-10 00:00:00+00:00,-2.5659
2025-08-11 00:00:00+00:00,-2.5529
2025-08-12 00:00:00+00:00,-2.6167
2025-08-13 00:00:00+00:00,-2.1773
2025-08-14 00:00:00+00:00,-2.1717
2025-08-15 00:00:00+00:00,-1.9491
2025-08-16 00:00:00+00:00,-1.5097
2025-08-17 00:00:00+00:00,-2.1123
2025-08-18 00:00:00+00:00,-2.0114
2025-08-19 00:00:00+00:00,-1.7939
2025-08-20 00:00:00+00:00,-2.3578
2025-08-21 00:00:00+00:00,-2.4819
2025-08-22 00:00:00+00:00,-2.6625
2025-08-23 00:00:00+00:00,-2.5244
2025-08-24 00:00:00+00:00,-2.4985
2025-08-25 00:00:00+00:00,-3.1059
2025-08-26 00:00:00+00:00,-2.8112
2025-08-27 00:00:00+00:00,-2.5935
2025-08-28 00:00:00+00:00,-2.6078
2025-08-29 00:00:00+00:00,-2.1747
2025-08-30 00:00:00+00:00,-2.6202
2025-08-31 00:00:00+00:00,-2.5173
2025-09-01 00:00:00+00:00,-2.4358
2025-09-02 00:00:00+00:00,-2.7395
2025-09-03 00:00:00+00:00,-2.1518
2025-09-04 00:00:00+00:00,-2.3214
2025-09-05 00:00:00+00:00,-2.2706
2025-09-06 00:00:00+00:00,-2.5157
2025-09-07 00:00:00+00:00,-3.2046
2025-09-08 00:00:00+00:00,-3.2782
2025-09-09 00:00:00+00:00,-3.2828
2025-09-10 00:00:00+00:00,-3.0627
2025-09-11 00:00:00+00:00,-3.0359
2025-09-12 00:00:00+00:00,-2.9688
2025-09-13 00:00:00+00:00,-2.6453
2025-09-14 00:00:00+00:00,-2.97
2025-09-15 00:00:00+00:00,-2.4599
2025-09-16 00:00:00+00:00,-2.9233
2025-09-17 00:00:00+00:00,-2.1946
2025-09-18 00:00:00+00:00,-2.3741
2025-09-19 00:00:00+00:00,-2.5079
2025-09-20 00:00:00+00:00,-2.8861
2025-09-21 00:00:00+00:00,-2.2609
2025-09-22 00:00:00+00:00,-2.2191
2025-09-23 00:00:00+00:00,-2.4703
2025-09-24 00:00:00+00:00,-2.587
2025-09-25 00:00:00+00:00,-2.5133
2025-09-26 00:00:00+00:00,-2.5219
2025-09-27 00:00:00+00:00,-3.2108
2025-09-28 00:00:00+00:00,-3.1346
2025-09-29 00:00:00+00:00,-2.6408
2025-09-30 00:00:00+00:00,-2.3068
2025-10-01 00:00:00+00:00,-2.2705
2025-10-02 00:00:00+00:00,-2.3081
2025-10-03 00:00:00+00:00,-2.9373
2025-10-04 00:00:00+00:00,-2.6444
2025-10-05 00:00:00+00:00,-3.3575
2025-10-06 00:00:00+00:00,-3.159
2025-10-07 00:00:00+00:00,-2.9106
2025-10-08 00:00:00+00:00,-2.3707
2025-10-09 00:00:00+00:00,-1.6122
2025-10-10 00:00:00+00:00,-1.7944
2025-10-11 00:00:00+00:00,-2.3676
2025-10-12 00:00:00+00:00,-2.6863
2025-10-13 00:00:00+00:00,-2.313
2025-10-14 00:00:00+00:00,-2.3044
2025-10-15 00:00:00+00:00,-2.6803
2025-10-16 00:00:00+00:00,-2.3691
2025-10-17 00:00:00+00:00,-2.5975
2025-10-18 00:00:00+00:00,-2.5972
2025-10-19 00:00:00+00:00,-3.1931
2025-10-20 00:00:00+00:00,-2.2993
2025-10-21 00:00:00+00:00,-2.3273
2025-10-22 00:00:00+00:00,-2.1647
2025-10-23 00:00:00+00:00,-2.8892
2025-10-24 00:00:00+00:00,-2.5854
2025-10-25 00:00:00+00:00,-2.2181
2025-10-26 00:00:00+00:00,-1.912
2025-10-27 00:00:00+00:00,-1.7631
2025-10-28 00:00:00+00:00,-2.1554
2025-10-29 00:00:00+00:00,-2.5891
2025-10-30 00:00:00+00:00,-2.1022
2025-10-31 00:00:00+00:00,-2.1542
2025-11-01 00:00:00+00:00,-2.639
2025-11-02 00:00:00+00:00,-2.8629
2025-11-03 00:00:00+00:00,-2.7746
2025-11-04 00:00:00+00:00,-2.1335
2025-11-05 00:00:00+00:00,-2.1742
2025-11-06 00:00:00+00:00,-1.7408
2025-11-07 00:00:00+00:00,-1.8249
2025-11-08 00:00:00+00:00,-2.3076
2025-11-09 00:00:00+00:00,-2.0186
2025-11-10 00:00:00+00:00,-1.9469
2025-11-11 00:00:00+00:00,-1.6574
2025-11-12 00:00:00+00:00,-1.961
2025-11-13 00:00:00+00:00,-1.7503
2025-11-14 00:00:00+00:00,-2.2876
2025-11-15 00:00:00+00:00,-2.0588
2025-11-16 00:00:00+00:00,-2.1928
2025-11-17 00:00:00+00:00,-2.5549
2025-11-18 00:00:00+00:00,-1.8345
2025-11-19 00:00:00+00:00,-2.2462
2025-11-20 00:00:00+00:00,-2.1983
2025-11-21 00:00:00+00:00,-1.8992
2025-11-22 00:00:00+00:00,-2.0392
2025-11-23 00:00:00+00:00,-2.1313
2025-11-24 00:00:00+00:00,-1.6869
2025-11-25 00:00:00+00:00,-1.8017
2025-11-26 00:00:00+00:00,-1.8496
2025-11-27 00:00:00+00:00,-2.2263
2025-11-28 00:00:00+00:00,-3.0165
2025-11-29 00:00:00+00:00,-2.7471
2025-11-30 00:00:00+00:00,-2.3782
2025-12-01 00:00:00+00:00,-2.196
2025-12-02 00:00:00+00:00,-2.8685
2025-12-03 00:00:00+00:00,-3.0138
2025-12-04 00:00:00+00:00,-2.0452
2025-12-05 00:00:00+00:00,-2.0491
2025-12-06 00:00:00+00:00,-1.7568
2025-12-07 00:00:00+00:00,-2.4092
2025-12-08 00:00:00+00:00,-2.1711
2025-12-09 00:00:00+00:00,-2.127
2025-12-10 00:00:00+00:00,-1.8678
2025-12-11 00:00:00+00:00,-2.1868
2025-12-12 00:00:00+00:00,-2.2462
2025-12-13 00:00:00+00:00,-2.9712
2025-12-14 00:00:00+00:00,-3.227
2025-12-15 00:00:00+00:00,-2.4409
2025-12-16 00:00:00+00:00,-2.4818
2025-12-17 00:00:00+00:00,-2.7245
2025-12-18 00:00:00+00:00,-2.4617
2025-12-19 00:00:00+00:00,-2.2199
2025-12-20 00:00:00+00:00,-2.9145
2025-12-21 00:00:00+00:00,-2.5351
2025-12-22 00:00:00+00:00,-2.2524
2025-12-23 00:00:00+00:00,-2.1999
2025-12-24 00:00:00+00:00,-2.2229
2025-12-25 00:00:00+00:00,-2.1579
2025-12-26 00:00:00+00:00,-2.4527
2025-12-27 00:00:00+00:00,-2.8308
2025-12-28 00:00:00+00:00,-2.1571
2025-12-29 00:00:00+00:00,-1.9568
2025-12-30 00:00:00+00:00,-2.6656
2025-12-31 00:00:00+00:00,-2.1809
2026-01-01 00:00:00+00:00,-2.3663
2026-01-02 00:00:00+00:00,-3.2018
2026-01-03 00:00:00+00:00,-3.3333
2026-01-04 00:00:00+00:00,-2.9347
2026-01-05 00:00:00+00:00,-2.7812
2026-01-06 00:00:00+00:00,-2.6173
2026-01-07 00:00:00+00:00,-2.5425
2026-01-08 00:00:00+00:00,-2.6649
2026-01-09 00:00:00+00:00,-3.1009
2026-01-10 00:00:00+00:00,-2.8239
2026-01-11 00:00:00+00:00,-3.3642
2026-01-12 00:00:00+00:00,-2.9682
2026-01-13 00:00:00+00:00,-2.9925
2026-01-14 00:00:00+00:00,-3.0352
2026-01-15 00:00:00+00:00,-2.9486
2026-01-16 00:00:00+00:00,-2.6505
2026-01-17 00:00:00+00:00,-2.1151
2026-01-18 00:00:00+00:00,-2.5862
2026-01-19 00:00:00+00:00,-2.0485
2026-01-20 00:00:00+00:00,-1.8898
2026-01-21 00:00:00+00:00,-1.6507
2026-01-22 00:00:00+00:00,-1.9485
2026-01-23 00:00:00+00:00,-2.0854
2026-01-24 00:00:00+00:00,-2.4809
2026-01-25 00:00:00+00:00,-2.1663
2026-01-26 00:00:00+00:00,-2.2902
2026-01-27 00:00:00+00:00,-2.42
2026-01-28 00:00:00+00:00,-2.5148
2026-01-29 00:00:00+00:00,-2.1946
2026-01-30 00:00:00+00:00,-2.0238
2026-01-31 00:00:00+00:00,-2.615
2026-02-01 00:00:00+00:00,-2.8467
2026-02-02 00:00:00+00:00,-1.6335
2026-02-03 00:00:00+00:00,-1.7455
2026-02-04 00:00:00+00:00,-2.399
2026-02-05 00:00:00+00:00,-2.0371
2026-02-06 00:00:00+00:00,-2.6271
2026-02-07 00:00:00+00:00,-2.2191
2026-02-08 00:00:00+00:00,-2.2255
2026-02-09 00:00:00+00:00,-2.3833
2026-02-10 00:00:00+00:00,-2.2907
2026-02-11 00:00:00+00:00,-2.3289
2026-02-12 00:00:00+00:00,-2.1856
2026-02-13 00:00:00+00:00,-2.1638
2026-02-14 00:00:00+00:00,-2.2407
2026-02-15 00:00:00+00:00,-2.4406
2026-02-16 00:00:00+00:00,-1.4871
2026-02-17 00:00:00+00:00,-1.4427
2026-02-18 00:00:00+00:00,-2.1293
2026-02-19 00:00:00+00:00,-2.0809
2026-02-20 00:00:00+00:00,-2.0856
2026-02-21 00:00:00+00:00,-2.3591
2026-02-22 00:00:00+00:00,-2.1769
2026-02-23 00:00:00+00:00,-2.3987
2026-02-24 00:00:00+00:00,-2.7255
2026-02-25 00:00:00+00:00,-2.0479
2026-02-26 00:00:00+00:00,-2.0859
2026-02-27 00:00:00+00:00,-2.4392
2026-02-28 00:00:00+00:00,-3.8367
2026-03-01 00:00:00+00:00,-3.6351
2026-03-02 00:00:00+00:00,-3.3877
2026-03-03 00:00:00+00:00,-3.1299
2026-03-04 00:00:00+00:00,-2.8643
2026-03-05 00:00:00+00:00,-3.0235
2026-03-06 00:00:00+00:00,-2.899
2026-03-07 00:00:00+00:00,-3.074
2026-03-08 00:00:00+00:00,-3.0341
2026-03-09 00:00:00+00:00,-3.1283
2026-03-10 00:00:00+00:00,-3.0041
2026-03-11 00:00:00+00:00,-3.0203
2026-03-12 00:00:00+00:00,-3.1494
2026-03-13 00:00:00+00:00,-3.2647
2026-03-14 00:00:00+00:00,-3.1292
2026-03-15 00:00:00+00:00,-2.9028
2026-03-16 00:00:00+00:00,-2.2281
2026-03-17 00:00:00+00:00,-2.8433
2026-03-18 00:00:00+00:00,-2.6603
2026-03-19 00:00:00+00:00,-2.9119
2026-03-20 00:00:00+00:00,-2.6675
2026-03-21 00:00:00+00:00,-2.6491
2026-03-22 00:00:00+00:00,-3.499
2026-03-23 00:00:00+00:00,-2.8033
2026-03-24 00:00:00+00:00,-2.5809
2026-03-25 00:00:00+00:00,-2.3717
2026-03-26 00:00:00+00:00,-2.8211
2026-03-27 00:00:00+00:00,-2.546
2026-03-28 00:00:00+00:00,-2.8048
2026-03-29 00:00:00+00:00,-3.0839
2026-03-30 00:00:00+00:00,-2.9917
2026-03-31 00:00:00+00:00,-2.6552
2026-04-01 00:00:00+00:00,-2.5126
2026-04-02 00:00:00+00:00,-2.6707
2026-04-03 00:00:00+00:00,-2.4543
2026-04-04 00:00:00+00:00,-3.0623
2026-04-05 00:00:00+00:00,-3.0382
2026-04-06 00:00:00+00:00,-3.1544
2026-04-07 00:00:00+00:00,-3.4573
2026-04-08 00:00:00+00:00,-2.7799
2026-04-09 00:00:00+00:00,-2.8238
2026-04-10 00:00:00+00:00,-2.5678
2026-04-11 00:00:00+00:00,-2.2233
2026-04-12 00:00:00+00:00,-2.6905
2026-04-13 00:00:00+00:00,-2.7523
2026-04-14 00:00:00+00:00,-2.466
2026-04-15 00:00:00+00:00,-2.3556
2026-04-16 00:00:00+00:00,-2.4406
2026-04-17 00:00:00+00:00,-2.4271
2026-04-18 00:00:00+00:00,-2.4519
2026-04-19 00:00:00+00:00,-3.1634
2026-04-20 00:00:00+00:00,-2.7404
2026-04-21 00:00:00+00:00,-2.7043
2026-04-22 00:00:00+00:00,-2.6391
2026-04-23 00:00:00+00:00,-2.5117
2026-04-24 00:00:00+00:00,-2.252
2026-04-25 00:00:00+00:00,-2.4824
2026-04-26 00:00:00+00:00,-2.6996
2026-04-27 00:00:00+00:00,-2.171
2026-04-28 00:00:00+00:00,-2.0576
2026-04-29 00:00:00+00:00,-2.4952
2026-04-30 00:00:00+00:00,-2.4054
2026-05-01 00:00:00+00:00,-2.309
2026-05-02 00:00:00+00:00,-2.7398
2026-05-03 00:00:00+00:00,-2.3886
2026-05-04 00:00:00+00:00,-2.4497
2026-05-05 00:00:00+00:00,-2.4717
2026-05-06 00:00:00+00:00,-2.1201
2026-05-07 00:00:00+00:00,-1.9828
2026-05-08 00:00:00+00:00,-2.1412
2026-05-09 00:00:00+00:00,-2.0761
2026-05-10 00:00:00+00:00,-2.201
2026-05-11 00:00:00+00:00,-2.6557
2026-05-12 00:00:00+00:00,-2.61
2026-05-13 00:00:00+00:00,-2.0344
2026-05-14 00:00:00+00:00,-1.986
2026-05-15 00:00:00+00:00,-2.0685
2026-05-16 00:00:00+00:00,-2.4905
2026-05-17 00:00:00+00:00,-2.5613
2026-05-18 00:00:00+00:00,-2.7943
2026-05-19 00:00:00+00:00,-2.2825
2026-05-20 00:00:00+00:00,-2.439
2026-05-21 00:00:00+00:00,-2.1177
2026-05-22 00:00:00+00:00,-1.935
2026-05-23 00:00:00+00:00,-2.1432
2026-05-24 00:00:00+00:00,-2.0212
2026-05-25 00:00:00+00:00,-1.5438
2026-05-26 00:00:00+00:00,-1.952
2026-05-27 00:00:00+00:00,-2.0718
2026-05-28 00:00:00+00:00,-2.5912
2026-05-29 00:00:00+00:00,-2.3544
2026-05-30 00:00:00+00:00,-2.0128
2026-05-31 00:00:00+00:00,-2.3582
2026-06-01 00:00:00+00:00,-2.4478
2026-06-02 00:00:00+00:00,-2.8401
2026-06-03 00:00:00+00:00,-2.5276
2026-06-04 00:00:00+00:00,-2.6693
2026-06-05 00:00:00+00:00,-2.1682
2026-06-06 00:00:00+00:00,-2.7482
2026-06-07 00:00:00+00:00,-2.5432
2026-06-08 00:00:00+00:00,-3.003
2026-06-09 00:00:00+00:00,-2.3665
2026-06-10 00:00:00+00:00,-2.3873
2026-06-11 00:00:00+00:00,-2.6373
2026-06-12 00:00:00+00:00,-2.042
2026-06-13 00:00:00+00:00,-1.9799
2026-06-14 00:00:00+00:00,-1.8853
2026-06-15 00:00:00+00:00,-1.4194
2026-06-16 00:00:00+00:00,-1.8011
2026-06-17 00:00:00+00:00,-1.5493
2026-06-18 00:00:00+00:00,-1.3454
2026-06-19 00:00:00+00:00,-1.8699
2026-06-20 00:00:00+00:00,-2.1861
2026-06-21 00:00:00+00:00,-2.5897
2026-06-22 00:00:00+00:00,-1.9902
2026-06-23 00:00:00+00:00,-1.8041
2026-06-24 00:00:00+00:00,-1.6355
2026-06-25 00:00:00+00:00,-1.8231
2026-06-26 00:00:00+00:00,-1.9156
2026-06-27 00:00:00+00:00,-2.1056
2026-06-28 00:00:00+00:00,-2.6193
2026-06-29 00:00:00+00:00,-2.2261
2026-06-30 00:00:00+00:00,-1.8157
2026-07-05 00:00:00+00:00,-1.7161
2026-07-06 00:00:00+00:00,-1.9963
2026-07-07 00:00:00+00:00,-1.9913
2026-07-08 00:00:00+00:00,-2.4879
2026-07-09 00:00:00+00:00,-2.4735
2026-07-10 00:00:00+00:00,-2.1377
2026-07-11 00:00:00+00:00,-2.6151
2026-07-12 00:00:00+00:00,-2.0802
2026-07-13 00:00:00+00:00,-2.3986
2026-07-14 00:00:00+00:00,-2.3508
2026-07-15 00:00:00+00:00,-2.2161
2026-07-16 00:00:00+00:00,-2.2422
2026-07-17 00:00:00+00:00,-2.3898
2026-07-18 00:00:00+00:00,-3.211
2026-07-19 00:00:00+00:00,-3.1791
2026-07-20 00:00:00+00:00,-3.1175
2026-07-21 00:00:00+00:00,-2.7312
2026-07-22 00:00:00+00:00,-2.92
2026-07-23 00:00:00+00:00,-2.4801
2026-07-24 00:00:00+00:00,-2.7998
2026-07-25 00:00:00+00:00,-2.5697
2026-07-26 00:00:00+00:00,-2.2705
2026-07-27 00:00:00+00:00,-2.2393
2026-07-28 00:00:00+00:00,-1.9277
2026-07-29 00:00:00+00:00,-2.2707
2026-07-30 00:00:00+00:00,-2.3189
2026-07-31 00:00:00+00:00,-1.9687
2026-08-01 00:00:00+00:00,-2.4486
2026-08-02 00:00:00+00:00,-1.951
2026-08-03 00:00:00+00:00,-2.2479
2026-08-04 00:00:00+00:00,-2.4288
2026-08-05 00:00:00+00:00,-2.1864
2026-08-06 00:00:00+00:00,-2.3936
2026-08-07 00:00:00+00:00,-2.2374
2026-08-08 00:00:00+00:00,-2.4372
2026-08-09 00:00:00+00:00,-2.4469
2026-08-10 00:00:00+00:00,-2.4018
2026-08-11 00:00:00+00:00,-2.4304
2026-08-12 00:00:00+00:00,-2.2906
2026-08-13 00:00:00+00:00,-2.3225
2026-08-14 00:00:00+00:00,-2.467
2026-08-15 00:00:00+00:00,-2.711
2026-08-16 00:00:00+00:00,-2.8972
2026-08-17 00:00:00+00:00,-2.581
2026-08-18 00:00:00+00:00,-2.7127
2026-08-19 00:00:00+00:00,-2.2579
2026-08-20 00:00:00+00:00,-2.8281
2026-08-21 00:00:00+00:00,-2.4331
2026-08-22 00:00:00+00:00,-2.7863
