time,macro_tone
2017-01-01 00:00:00+00:00,-1.2017
2017-01-02 00:00:00+00:00,-1.0655
2017-01-03 00:00:00+00:00,-0.6506
2017-01-04 00:00:00+00:00,-0.8106
2017-01-05 00:00:00+00:00,-0.8587
2017-01-06 00:00:00+00:00,-0.9297
2017-01-07 00:00:00+00:00,-1.102
2017-01-08 00:00:00+00:00,-1.3161
2017-01-09 00:00:00+00:00,-0.9454
2017-01-10 00:00:00+00:00,-0.9605
2017-01-11 00:00:00+00:00,-0.9119
2017-01-12 00:00:00+00:00,-0.8838
2017-01-13 00:00:00+00:00,-0.6467
2017-01-14 00:00:00+00:00,-1.0156
2017-01-15 00:00:00+00:00,-0.9173
2017-01-16 00:00:00+00:00,-0.9468
2017-01-17 00:00:00+00:00,-0.4827
2017-01-18 00:00:00+00:00,-0.6748
2017-01-19 00:00:00+00:00,-0.5967
2017-01-20 00:00:00+00:00,-0.7933
2017-01-21 00:00:00+00:00,-1.1272
2017-01-22 00:00:00+00:00,-0.8069
2017-01-23 00:00:00+00:00,-0.8672
2017-01-24 00:00:00+00:00,-0.7248
2017-01-25 00:00:00+00:00,-0.5468
2017-01-26 00:00:00+00:00,-0.3405
2017-01-27 00:00:00+00:00,-0.8687
2017-01-28 00:00:00+00:00,-0.9775
2017-01-29 00:00:00+00:00,-0.8161
2017-01-30 00:00:00+00:00,-1.3342
2017-01-31 00:00:00+00:00,-1.1068
2017-02-01 00:00:00+00:00,-1.1063
2017-02-02 00:00:00+00:00,-0.854
2017-02-03 00:00:00+00:00,-0.8562
2017-02-04 00:00:00+00:00,-1.0344
2017-02-05 00:00:00+00:00,-1.1817
2017-02-06 00:00:00+00:00,-1.0736
2017-02-07 00:00:00+00:00,-0.89
2017-02-08 00:00:00+00:00,-0.9662
2017-02-09 00:00:00+00:00,-0.7291
2017-02-10 00:00:00+00:00,-1.0364
2017-02-11 00:00:00+00:00,-1.113
2017-02-12 00:00:00+00:00,-1.4267
2017-02-13 00:00:00+00:00,-0.9044
2017-02-14 00:00:00+00:00,-0.9452
2017-02-15 00:00:00+00:00,-0.5761
2017-02-16 00:00:00+00:00,-0.8606
2017-02-17 00:00:00+00:00,-0.9614
2017-02-18 00:00:00+00:00,-1.2903
2017-02-19 00:00:00+00:00,-1.6352
2017-02-20 00:00:00+00:00,-1.6738
2017-02-21 00:00:00+00:00,-1.2686
2017-02-22 00:00:00+00:00,-0.7705
2017-02-23 00:00:00+00:00,-0.8232
2017-02-24 00:00:00+00:00,-1.0652
2017-02-25 00:00:00+00:00,-1.1067
2017-02-26 00:00:00+00:00,-0.9394
2017-02-27 00:00:00+00:00,-0.737
2017-02-28 00:00:00+00:00,-0.8036
2017-03-01 00:00:00+00:00,-0.6752
2017-03-02 00:00:00+00:00,-0.5921
2017-03-03 00:00:00+00:00,-0.8376
2017-03-04 00:00:00+00:00,-1.608
2017-03-05 00:00:00+00:00,-1.0778
2017-03-06 00:00:00+00:00,-1.066
2017-03-07 00:00:00+00:00,-0.9353
2017-03-08 00:00:00+00:00,-0.8563
2017-03-09 00:00:00+00:00,-0.8183
2017-03-10 00:00:00+00:00,-0.503
2017-03-11 00:00:00+00:00,-0.9068
2017-03-12 00:00:00+00:00,-0.7732
2017-03-13 00:00:00+00:00,-0.8403
2017-03-14 00:00:00+00:00,-0.7472
2017-03-15 00:00:00+00:00,-0.4354
2017-03-16 00:00:00+00:00,-0.3875
2017-03-17 00:00:00+00:00,-0.6692
2017-03-18 00:00:00+00:00,-1.5019
2017-03-19 00:00:00+00:00,-0.6688
2017-03-20 00:00:00+00:00,-0.8056
2017-03-21 00:00:00+00:00,-0.8397
2017-03-22 00:00:00+00:00,-1.2089
2017-03-23 00:00:00+00:00,-0.9179
2017-03-24 00:00:00+00:00,-0.9184
2017-03-25 00:00:00+00:00,-1.0949
2017-03-26 00:00:00+00:00,-2.2568
2017-03-27 00:00:00+00:00,-1.1205
2017-03-28 00:00:00+00:00,-0.6351
2017-03-29 00:00:00+00:00,-0.5296
2017-03-30 00:00:00+00:00,-0.7201
2017-03-31 00:00:00+00:00,-1.1772
2017-04-01 00:00:00+00:00,-2.1099
2017-04-02 00:00:00+00:00,-1.1321
2017-04-03 00:00:00+00:00,-0.7976
2017-04-04 00:00:00+00:00,-1.1277
2017-04-05 00:00:00+00:00,-0.872
2017-04-06 00:00:00+00:00,-1.2217
2017-04-07 00:00:00+00:00,-1.1428
2017-04-08 00:00:00+00:00,-1.3013
2017-04-09 00:00:00+00:00,-1.5075
2017-04-10 00:00:00+00:00,-1.136
2017-04-11 00:00:00+00:00,-1.2193
2017-04-12 00:00:00+00:00,-1.285
2017-04-13 00:00:00+00:00,-0.9596
2017-04-14 00:00:00+00:00,-1.0029
2017-04-15 00:00:00+00:00,-1.527
2017-04-16 00:00:00+00:00,-0.7842
2017-04-17 00:00:00+00:00,-0.8402
2017-04-18 00:00:00+00:00,-1.0308
2017-04-19 00:00:00+00:00,-1.3015
2017-04-20 00:00:00+00:00,-2.6942
2017-04-21 00:00:00+00:00,-2.4303
2017-04-22 00:00:00+00:00,-2.1442
2017-04-23 00:00:00+00:00,-1.5098
2017-04-24 00:00:00+00:00,-0.7297
2017-04-25 00:00:00+00:00,-1.3402
2017-04-26 00:00:00+00:00,-1.0573
2017-04-27 00:00:00+00:00,-1.3502
2017-04-28 00:00:00+00:00,-1.1875
2017-04-29 00:00:00+00:00,-2.0346
2017-04-30 00:00:00+00:00,-1.8683
2017-05-01 00:00:00+00:00,-1.5365
2017-05-02 00:00:00+00:00,-1.5762
2017-05-03 00:00:00+00:00,-1.2134
2017-05-04 00:00:00+00:00,-0.8387
2017-05-05 00:00:00+00:00,-0.8453
2017-05-06 00:00:00+00:00,-1.5425
2017-05-07 00:00:00+00:00,-1.0883
2017-05-08 00:00:00+00:00,-0.6064
2017-05-09 00:00:00+00:00,-0.9118
2017-05-10 00:00:00+00:00,-1.3106
2017-05-11 00:00:00+00:00,-1.1839
2017-05-12 00:00:00+00:00,-1.3429
2017-05-13 00:00:00+00:00,-1.0173
2017-05-14 00:00:00+00:00,-1.275
2017-05-15 00:00:00+00:00,-0.7706
2017-05-16 00:00:00+00:00,-1.5868
2017-05-17 00:00:00+00:00,-1.7177
2017-05-18 00:00:00+00:00,-1.0445
2017-05-19 00:00:00+00:00,-1.2081
2017-05-20 00:00:00+00:00,-1.8595
2017-05-21 00:00:00+00:00,-1.4223
2017-05-22 00:00:00+00:00,-0.9843
2017-05-23 00:00:00+00:00,-1.177
2017-05-24 00:00:00+00:00,-1.2683
2017-05-25 00:00:00+00:00,-0.8453
2017-05-26 00:00:00+00:00,-0.9046
2017-05-27 00:00:00+00:00,-0.8736
2017-05-28 00:00:00+00:00,-0.6954
2017-05-29 00:00:00+00:00,-0.6926
2017-05-30 00:00:00+00:00,-0.7702
2017-05-31 00:00:00+00:00,-1.0975
2017-06-01 00:00:00+00:00,-1.2159
2017-06-02 00:00:00+00:00,-1.0554
2017-06-03 00:00:00+00:00,-0.8044
2017-06-04 00:00:00+00:00,-1.3383
2017-06-05 00:00:00+00:00,-1.131
2017-06-06 00:00:00+00:00,-1.042
2017-06-07 00:00:00+00:00,-1.2848
2017-06-08 00:00:00+00:00,-1.2636
2017-06-09 00:00:00+00:00,-1.2601
2017-06-10 00:00:00+00:00,-1.1692
2017-06-11 00:00:00+00:00,-1.338
2017-06-12 00:00:00+00:00,-1.2024
2017-06-13 00:00:00+00:00,-0.9624
2017-06-14 00:00:00+00:00,-0.9808
2017-06-15 00:00:00+00:00,-1.3892
2017-06-16 00:00:00+00:00,-1.0923
2017-06-17 00:00:00+00:00,-1.5365
2017-06-18 00:00:00+00:00,-1.4175
2017-06-19 00:00:00+00:00,-0.9078
2017-06-20 00:00:00+00:00,-1.1825
2017-06-21 00:00:00+00:00,-1.2939
2017-06-22 00:00:00+00:00,-1.0811
2017-06-23 00:00:00+00:00,-1.3712
2017-06-24 00:00:00+00:00,-1.3229
2017-06-25 00:00:00+00:00,-1.0698
2017-06-26 00:00:00+00:00,-1.112
2017-06-27 00:00:00+00:00,-1.4209
2017-06-28 00:00:00+00:00,-1.1811
2017-06-29 00:00:00+00:00,-1.0214
2017-06-30 00:00:00+00:00,-1.0708
2017-07-01 00:00:00+00:00,-0.9137
2017-07-02 00:00:00+00:00,-1.2964
2017-07-03 00:00:00+00:00,-0.957
2017-07-04 00:00:00+00:00,-0.9792
2017-07-05 00:00:00+00:00,-1.1496
2017-07-06 00:00:00+00:00,-1.2972
2017-07-07 00:00:00+00:00,-1.12
2017-07-08 00:00:00+00:00,-1.8393
2017-07-09 00:00:00+00:00,-1.832
2017-07-10 00:00:00+00:00,-0.5969
2017-07-11 00:00:00+00:00,-0.8426
2017-07-12 00:00:00+00:00,-0.8371
2017-07-13 00:00:00+00:00,-0.6908
2017-07-14 00:00:00+00:00,-0.7672
2017-07-15 00:00:00+00:00,-0.9927
2017-07-16 00:00:00+00:00,-1.5904
2017-07-17 00:00:00+00:00,-1.4202
2017-07-18 00:00:00+00:00,-1.2794
2017-07-19 00:00:00+00:00,-1.0517
2017-07-20 00:00:00+00:00,-0.6618
2017-07-21 00:00:00+00:00,-1.3795
2017-07-22 00:00:00+00:00,-2.1431
2017-07-23 00:00:00+00:00,-0.7942
2017-07-24 00:00:00+00:00,-0.8454
2017-07-25 00:00:00+00:00,-0.2889
2017-07-26 00:00:00+00:00,-0.4965
2017-07-27 00:00:00+00:00,-0.8269
2017-07-28 00:00:00+00:00,-1.619
2017-07-29 00:00:00+00:00,-1.8902
2017-07-30 00:00:00+00:00,-3.0021
2017-07-31 00:00:00+00:00,-1.7197
2017-08-01 00:00:00+00:00,-1.546
2017-08-02 00:00:00+00:00,-1.3978
2017-08-03 00:00:00+00:00,-1.1631
2017-08-04 00:00:00+00:00,-0.9402
2017-08-05 00:00:00+00:00,-1.2447
2017-08-06 00:00:00+00:00,-1.7788
2017-08-07 00:00:00+00:00,-1.3404
2017-08-08 00:00:00+00:00,-0.755
2017-08-09 00:00:00+00:00,-1.2393
2017-08-10 00:00:00+00:00,-1.0879
2017-08-11 00:00:00+00:00,-1.286
2017-08-12 00:00:00+00:00,-1.4729
2017-08-13 00:00:00+00:00,-1.5667
2017-08-14 00:00:00+00:00,-1.6435
2017-08-15 00:00:00+00:00,-1.0326
2017-08-16 00:00:00+00:00,-1.2177
2017-08-17 00:00:00+00:00,-1.4164
2017-08-18 00:00:00+00:00,-1.4007
2017-08-19 00:00:00+00:00,-1.2056
2017-08-20 00:00:00+00:00,-0.9782
2017-08-21 00:00:00+00:00,-0.9951
2017-08-22 00:00:00+00:00,-0.8886
2017-08-23 00:00:00+00:00,-0.9028
2017-08-24 00:00:00+00:00,-1.1418
2017-08-25 00:00:00+00:00,-1.9822
2017-08-26 00:00:00+00:00,-2.6124
2017-08-27 00:00:00+00:00,-2.2408
2017-08-28 00:00:00+00:00,-1.4909
2017-08-29 00:00:00+00:00,-1.3315
2017-08-30 00:00:00+00:00,-1.0193
2017-08-31 00:00:00+00:00,-1.1328
2017-09-01 00:00:00+00:00,-1.056
2017-09-02 00:00:00+00:00,-0.4835
2017-09-03 00:00:00+00:00,-0.6092
2017-09-04 00:00:00+00:00,-1.0795
2017-09-05 00:00:00+00:00,-1.111
2017-09-06 00:00:00+00:00,-1.3502
2017-09-07 00:00:00+00:00,-1.2261
2017-09-08 00:00:00+00:00,-1.5103
2017-09-09 00:00:00+00:00,-1.3162
2017-09-10 00:00:00+00:00,-1.7601
2017-09-11 00:00:00+00:00,-1.0844
2017-09-12 00:00:00+00:00,-0.9987
2017-09-13 00:00:00+00:00,-1.0538
2017-09-14 00:00:00+00:00,-0.9596
2017-09-15 00:00:00+00:00,-1.2084
2017-09-16 00:00:00+00:00,-1.2032
2017-09-17 00:00:00+00:00,-1.3959
2017-09-18 00:00:00+00:00,-0.7165
2017-09-19 00:00:00+00:00,-0.6523
2017-09-20 00:00:00+00:00,-1.1507
2017-09-21 00:00:00+00:00,-0.885
2017-09-22 00:00:00+00:00,-1.1619
2017-09-23 00:00:00+00:00,-1.3503
2017-09-24 00:00:00+00:00,-0.737
2017-09-25 00:00:00+00:00,-1.0766
2017-09-26 00:00:00+00:00,-1.1453
2017-09-27 00:00:00+00:00,-1.0631
2017-09-28 00:00:00+00:00,-0.8718
2017-09-29 00:00:00+00:00,-1.1366
2017-09-30 00:00:00+00:00,-1.4268
2017-10-01 00:00:00+00:00,-1.2892
2017-10-02 00:00:00+00:00,-0.8784
2017-10-03 00:00:00+00:00,-0.8096
2017-10-04 00:00:00+00:00,-1.0023
2017-10-05 00:00:00+00:00,-0.8375
2017-10-06 00:00:00+00:00,-1.4096
2017-10-07 00:00:00+00:00,-1.3482
2017-10-08 00:00:00+00:00,-1.2845
2017-10-09 00:00:00+00:00,-0.629
2017-10-10 00:00:00+00:00,-0.7578
2017-10-11 00:00:00+00:00,-0.7459
2017-10-12 00:00:00+00:00,-0.636
2017-10-13 00:00:00+00:00,-0.4991
2017-10-14 00:00:00+00:00,-0.8286
2017-10-15 00:00:00+00:00,-1.3444
2017-10-16 00:00:00+00:00,-0.7266
2017-10-17 00:00:00+00:00,-0.8262
2017-10-18 00:00:00+00:00,-0.9624
2017-10-19 00:00:00+00:00,-0.8309
2017-10-20 00:00:00+00:00,-1.0645
2017-10-21 00:00:00+00:00,-0.84
2017-10-22 00:00:00+00:00,-0.6555
2017-10-23 00:00:00+00:00,-0.5546
2017-10-24 00:00:00+00:00,-0.578
2017-10-25 00:00:00+00:00,-0.6772
2017-10-26 00:00:00+00:00,-0.6638
2017-10-27 00:00:00+00:00,-0.9151
2017-10-28 00:00:00+00:00,-0.7801
2017-10-29 00:00:00+00:00,-0.949
2017-10-30 00:00:00+00:00,-0.8305
2017-10-31 00:00:00+00:00,-0.8561
2017-11-01 00:00:00+00:00,-0.6278
2017-11-02 00:00:00+00:00,-0.632
2017-11-03 00:00:00+00:00,-1.0736
2017-11-04 00:00:00+00:00,-1.6347
2017-11-05 00:00:00+00:00,-0.8543
2017-11-06 00:00:00+00:00,-1.122
2017-11-07 00:00:00+00:00,-0.9345
2017-11-08 00:00:00+00:00,-1.1638
2017-11-09 00:00:00+00:00,-0.7678
2017-11-10 00:00:00+00:00,-1.1936
2017-11-11 00:00:00+00:00,-0.9855
2017-11-12 00:00:00+00:00,-0.7188
2017-11-13 00:00:00+00:00,-1.1885
2017-11-14 00:00:00+00:00,-1.2888
2017-11-15 00:00:00+00:00,-1.0578
2017-11-16 00:00:00+00:00,-1.0852
2017-11-17 00:00:00+00:00,-1.2197
2017-11-18 00:00:00+00:00,-1.4396
2017-11-19 00:00:00+00:00,-1.1332
2017-11-20 00:00:00+00:00,-0.9929
2017-11-21 00:00:00+00:00,-1.2124
2017-11-22 00:00:00+00:00,-0.9416
2017-11-23 00:00:00+00:00,-1.1363
2017-11-24 00:00:00+00:00,-0.779
2017-11-25 00:00:00+00:00,-0.937
2017-11-26 00:00:00+00:00,-1.4372
2017-11-27 00:00:00+00:00,-1.098
2017-11-28 00:00:00+00:00,-0.9743
2017-11-29 00:00:00+00:00,-1.1253
2017-11-30 00:00:00+00:00,-1.0107
2017-12-03 00:00:00+00:00,-0.9342
2017-12-04 00:00:00+00:00,-1.2568
2017-12-05 00:00:00+00:00,-0.7525
2017-12-06 00:00:00+00:00,-0.7643
2017-12-07 00:00:00+00:00,-0.8426
2017-12-08 00:00:00+00:00,-0.6136
2017-12-09 00:00:00+00:00,-1.0246
2017-12-10 00:00:00+00:00,-2.627
2017-12-11 00:00:00+00:00,-1.2142
2017-12-12 00:00:00+00:00,-0.9294
2017-12-13 00:00:00+00:00,-0.9392
2017-12-14 00:00:00+00:00,-0.9486
2017-12-15 00:00:00+00:00,-0.9294
2017-12-16 00:00:00+00:00,-1.3196
2017-12-17 00:00:00+00:00,-0.7556
2017-12-18 00:00:00+00:00,-0.6562
2017-12-19 00:00:00+00:00,-1.2254
2017-12-20 00:00:00+00:00,-1.4694
2017-12-21 00:00:00+00:00,-1.3008
2017-12-22 00:00:00+00:00,-0.8257
2017-12-23 00:00:00+00:00,-1.2714
2017-12-24 00:00:00+00:00,-0.9804
2017-12-25 00:00:00+00:00,-2.8592
2017-12-26 00:00:00+00:00,-0.8778
2017-12-27 00:00:00+00:00,-0.7593
2017-12-28 00:00:00+00:00,-0.9666
2017-12-29 00:00:00+00:00,-1.0116
2017-12-30 00:00:00+00:00,-2.9026
2017-12-31 00:00:00+00:00,-3.3656
2018-01-01 00:00:00+00:00,-2.2302
2018-01-02 00:00:00+00:00,-2.7864
2018-01-03 00:00:00+00:00,-1.2772
2018-01-04 00:00:00+00:00,-0.8069
2018-01-05 00:00:00+00:00,-0.791
2018-01-06 00:00:00+00:00,-1.9159
2018-01-07 00:00:00+00:00,-1.0844
2018-01-08 00:00:00+00:00,-1.1662
2018-01-09 00:00:00+00:00,-0.9149
2018-01-10 00:00:00+00:00,-0.9514
2018-01-11 00:00:00+00:00,-0.9603
2018-01-12 00:00:00+00:00,-0.7265
2018-01-13 00:00:00+00:00,-0.835
2018-01-14 00:00:00+00:00,-1.9482
2018-01-15 00:00:00+00:00,-0.7256
2018-01-16 00:00:00+00:00,-0.9002
2018-01-17 00:00:00+00:00,-0.8958
2018-01-18 00:00:00+00:00,-0.7109
2018-01-19 00:00:00+00:00,-1.0965
2018-01-20 00:00:00+00:00,-1.0799
2018-01-21 00:00:00+00:00,-0.3695
2018-01-22 00:00:00+00:00,-0.615
2018-01-23 00:00:00+00:00,-0.8019
2018-01-24 00:00:00+00:00,-0.7695
2018-01-25 00:00:00+00:00,-1.1252
2018-01-26 00:00:00+00:00,-1.1064
2018-01-27 00:00:00+00:00,-1.0002
2018-01-28 00:00:00+00:00,-1.2154
2018-01-29 00:00:00+00:00,-0.4618
2018-01-30 00:00:00+00:00,-0.7991
2018-01-31 00:00:00+00:00,-0.6175
2018-02-01 00:00:00+00:00,-0.6664
2018-02-02 00:00:00+00:00,-0.8529
2018-02-03 00:00:00+00:00,-1.4146
2018-02-04 00:00:00+00:00,-1.4999
2018-02-05 00:00:00+00:00,-2.113
2018-02-06 00:00:00+00:00,-2.0334
2018-02-07 00:00:00+00:00,-1.3663
2018-02-08 00:00:00+00:00,-1.5114
2018-02-09 00:00:00+00:00,-2.1583
2018-02-10 00:00:00+00:00,-2.0002
2018-02-11 00:00:00+00:00,-1.3954
2018-02-12 00:00:00+00:00,-1.4266
2018-02-13 00:00:00+00:00,-0.9174
2018-02-14 00:00:00+00:00,-0.9572
2018-02-15 00:00:00+00:00,-0.8584
2018-02-16 00:00:00+00:00,-0.7832
2018-02-17 00:00:00+00:00,-1.2163
2018-02-18 00:00:00+00:00,-0.2772
2018-02-19 00:00:00+00:00,-0.7965
2018-02-20 00:00:00+00:00,-0.9298
2018-02-21 00:00:00+00:00,-0.6655
2018-02-22 00:00:00+00:00,-1.0523
2018-02-23 00:00:00+00:00,-0.7996
2018-02-24 00:00:00+00:00,-1.7179
2018-02-25 00:00:00+00:00,-0.7523
2018-02-26 00:00:00+00:00,-0.6518
2018-02-27 00:00:00+00:00,-0.4825
2018-02-28 00:00:00+00:00,-0.4676
2018-03-01 00:00:00+00:00,-1.2639
2018-03-02 00:00:00+00:00,-1.6666
2018-03-03 00:00:00+00:00,-1.4168
2018-03-04 00:00:00+00:00,-0.7214
2018-03-05 00:00:00+00:00,-0.9974
2018-03-06 00:00:00+00:00,-0.8183
2018-03-07 00:00:00+00:00,-1.1525
2018-03-08 00:00:00+00:00,-1.3592
2018-03-09 00:00:00+00:00,-1.0601
2018-03-10 00:00:00+00:00,-1.0441
2018-03-11 00:00:00+00:00,-0.7661
2018-03-12 00:00:00+00:00,-0.7453
2018-03-13 00:00:00+00:00,-1.151
2018-03-14 00:00:00+00:00,-1.0935
2018-03-15 00:00:00+00:00,-1.0251
2018-03-16 00:00:00+00:00,-1.219
2018-03-17 00:00:00+00:00,-1.2571
2018-03-18 00:00:00+00:00,-1.2091
2018-03-19 00:00:00+00:00,-1.4344
2018-03-20 00:00:00+00:00,-1.3052
2018-03-21 00:00:00+00:00,-0.8796
2018-03-22 00:00:00+00:00,-1.5622
2018-03-23 00:00:00+00:00,-1.8686
2018-03-24 00:00:00+00:00,-1.7625
2018-03-25 00:00:00+00:00,-0.9808
2018-03-26 00:00:00+00:00,-0.8963
2018-03-27 00:00:00+00:00,-0.9696
2018-03-28 00:00:00+00:00,-1.0917
2018-03-29 00:00:00+00:00,-1.0376
2018-03-30 00:00:00+00:00,-0.8325
2018-03-31 00:00:00+00:00,-0.4936
2018-04-01 00:00:00+00:00,-0.7468
2018-04-02 00:00:00+00:00,-1.0409
2018-04-03 00:00:00+00:00,-0.9807
2018-04-04 00:00:00+00:00,-1.1284
2018-04-05 00:00:00+00:00,-0.8894
2018-04-06 00:00:00+00:00,-1.1686
2018-04-07 00:00:00+00:00,-1.7741
2018-04-08 00:00:00+00:00,-0.7611
2018-04-09 00:00:00+00:00,-1.1719
2018-04-10 00:00:00+00:00,-1.3365
2018-04-11 00:00:00+00:00,-1.1287
2018-04-12 00:00:00+00:00,-1.2395
2018-04-13 00:00:00+00:00,-0.578
2018-04-14 00:00:00+00:00,-0.791
2018-04-15 00:00:00+00:00,-1.3409
2018-04-16 00:00:00+00:00,-1.0871
2018-04-17 00:00:00+00:00,-0.8554
2018-04-18 00:00:00+00:00,-1.1056
2018-04-19 00:00:00+00:00,-1.1887
2018-04-20 00:00:00+00:00,-1.7008
2018-04-21 00:00:00+00:00,-1.3035
2018-04-22 00:00:00+00:00,-1.0573
2018-04-23 00:00:00+00:00,-1.1979
2018-04-24 00:00:00+00:00,-1.0265
2018-04-25 00:00:00+00:00,-0.8294
2018-04-26 00:00:00+00:00,-0.6739
2018-04-27 00:00:00+00:00,-0.8424
2018-04-28 00:00:00+00:00,-0.831
2018-04-29 00:00:00+00:00,-0.549
2018-04-30 00:00:00+00:00,-0.4859
2018-05-01 00:00:00+00:00,-1.23
2018-05-02 00:00:00+00:00,-0.904
2018-05-03 00:00:00+00:00,-1.1784
2018-05-04 00:00:00+00:00,-1.1792
2018-05-05 00:00:00+00:00,-0.9353
2018-05-06 00:00:00+00:00,-1.2873
2018-05-07 00:00:00+00:00,-1.1579
2018-05-08 00:00:00+00:00,-0.9667
2018-05-09 00:00:00+00:00,-1.0059
2018-05-10 00:00:00+00:00,-1.0696
2018-05-11 00:00:00+00:00,-0.933
2018-05-12 00:00:00+00:00,-1.2223
2018-05-13 00:00:00+00:00,-0.5472
2018-05-14 00:00:00+00:00,-0.9595
2018-05-15 00:00:00+00:00,-0.9449
2018-05-16 00:00:00+00:00,-1.0677
2018-05-17 00:00:00+00:00,-1.2311
2018-05-18 00:00:00+00:00,-1.2322
2018-05-19 00:00:00+00:00,-1.0845
2018-05-20 00:00:00+00:00,-1.467
2018-05-21 00:00:00+00:00,-1.4982
2018-05-22 00:00:00+00:00,-1.1197
2018-05-23 00:00:00+00:00,-1.5301
2018-05-24 00:00:00+00:00,-1.1697
2018-05-25 00:00:00+00:00,-0.8985
2018-05-26 00:00:00+00:00,-1.3044
2018-05-27 00:00:00+00:00,-1.2343
2018-05-28 00:00:00+00:00,-1.3471
2018-05-29 00:00:00+00:00,-1.1786
2018-05-30 00:00:00+00:00,-1.4645
2018-05-31 00:00:00+00:00,-1.2734
2018-06-01 00:00:00+00:00,-1.5176
2018-06-02 00:00:00+00:00,-1.7515
2018-06-03 00:00:00+00:00,-1.4592
2018-06-04 00:00:00+00:00,-0.9887
2018-06-05 00:00:00+00:00,-1.062
2018-06-06 00:00:00+00:00,-0.8873
2018-06-07 00:00:00+00:00,-0.8602
2018-06-08 00:00:00+00:00,-1.0892
2018-06-09 00:00:00+00:00,-0.9803
2018-06-10 00:00:00+00:00,-0.7245
2018-06-11 00:00:00+00:00,-1.1783
2018-06-12 00:00:00+00:00,-0.5692
2018-06-13 00:00:00+00:00,-0.8177
2018-06-14 00:00:00+00:00,-0.9753
2018-06-15 00:00:00+00:00,-1.7024
2018-06-16 00:00:00+00:00,-1.4124
2018-06-17 00:00:00+00:00,-1.2454
2018-06-18 00:00:00+00:00,-1.3549
2018-06-19 00:00:00+00:00,-1.9771
2018-06-20 00:00:00+00:00,-1.054
2018-06-21 00:00:00+00:00,-1.1798
2018-06-22 00:00:00+00:00,-1.9078
2018-06-23 00:00:00+00:00,-1.6335
2018-06-24 00:00:00+00:00,-1.525
2018-06-25 00:00:00+00:00,-1.5482
2018-06-26 00:00:00+00:00,-1.2016
2018-06-27 00:00:00+00:00,-1.2811
2018-06-28 00:00:00+00:00,-1.5019
2018-06-29 00:00:00+00:00,-1.4143
2018-06-30 00:00:00+00:00,-1.4812
2018-07-01 00:00:00+00:00,-1.4365
2018-07-02 00:00:00+00:00,-1.4618
2018-07-03 00:00:00+00:00,-1.1767
2018-07-04 00:00:00+00:00,-0.9612
2018-07-05 00:00:00+00:00,-1.2282
2018-07-06 00:00:00+00:00,-1.7085
2018-07-07 00:00:00+00:00,-1.879
2018-07-08 00:00:00+00:00,-0.1388
2018-07-09 00:00:00+00:00,-0.6085
2018-07-10 00:00:00+00:00,-0.6
2018-07-11 00:00:00+00:00,-1.1861
2018-07-12 00:00:00+00:00,-1.2547
2018-07-13 00:00:00+00:00,-1.0559
2018-07-14 00:00:00+00:00,-1.1959
2018-07-15 00:00:00+00:00,-1.2689
2018-07-16 00:00:00+00:00,-1.0992
2018-07-17 00:00:00+00:00,-1.067
2018-07-18 00:00:00+00:00,-1.1933
2018-07-19 00:00:00+00:00,-1.2545
2018-07-20 00:00:00+00:00,-1.6477
2018-07-21 00:00:00+00:00,-1.4848
2018-07-22 00:00:00+00:00,-1.3489
2018-07-23 00:00:00+00:00,-1.5294
2018-07-24 00:00:00+00:00,-1.4258
2018-07-25 00:00:00+00:00,-1.2055
2018-07-26 00:00:00+00:00,-1.0871
2018-07-27 00:00:00+00:00,-1.2847
2018-07-28 00:00:00+00:00,-0.9386
2018-07-29 00:00:00+00:00,-1.1416
2018-07-30 00:00:00+00:00,-1.0331
2018-07-31 00:00:00+00:00,-0.7816
2018-08-01 00:00:00+00:00,-1.1388
2018-08-02 00:00:00+00:00,-1.3933
2018-08-03 00:00:00+00:00,-1.2677
2018-08-04 00:00:00+00:00,-2.3352
2018-08-05 00:00:00+00:00,-2.4036
2018-08-06 00:00:00+00:00,-1.7184
2018-08-07 00:00:00+00:00,-1.5575
2018-08-08 00:00:00+00:00,-1.6059
2018-08-09 00:00:00+00:00,-1.2127
2018-08-10 00:00:00+00:00,-1.8875
2018-08-11 00:00:00+00:00,-1.9568
2018-08-12 00:00:00+00:00,-1.77
2018-08-13 00:00:00+00:00,-1.7773
2018-08-14 00:00:00+00:00,-2.1285
2018-08-15 00:00:00+00:00,-1.9246
2018-08-16 00:00:00+00:00,-1.4488
2018-08-17 00:00:00+00:00,-1.0906
2018-08-18 00:00:00+00:00,-2.3987
2018-08-19 00:00:00+00:00,-1.7235
2018-08-20 00:00:00+00:00,-1.6067
2018-08-21 00:00:00+00:00,-1.5535
2018-08-22 00:00:00+00:00,-1.9079
2018-08-23 00:00:00+00:00,-1.8716
2018-08-24 00:00:00+00:00,-1.3972
2018-08-25 00:00:00+00:00,-1.4671
2018-08-26 00:00:00+00:00,-1.966
2018-08-27 00:00:00+00:00,-1.0787
2018-08-28 00:00:00+00:00,-1.246
2018-08-29 00:00:00+00:00,-1.4495
2018-08-30 00:00:00+00:00,-1.2544
2018-08-31 00:00:00+00:00,-1.6259
2018-09-01 00:00:00+00:00,-0.946
2018-09-02 00:00:00+00:00,-1.1094
2018-09-03 00:00:00+00:00,-2.071
2018-09-04 00:00:00+00:00,-1.6387
2018-09-05 00:00:00+00:00,-1.6625
2018-09-06 00:00:00+00:00,-1.5796
2018-09-07 00:00:00+00:00,-1.4748
2018-09-08 00:00:00+00:00,-1.3995
2018-09-09 00:00:00+00:00,-1.181
2018-09-10 00:00:00+00:00,-1.7228
2018-09-11 00:00:00+00:00,-1.7425
2018-09-12 00:00:00+00:00,-1.4077
2018-09-13 00:00:00+00:00,-1.538
2018-09-14 00:00:00+00:00,-1.4345
2018-09-15 00:00:00+00:00,-1.8372
2018-09-16 00:00:00+00:00,-1.3511
2018-09-17 00:00:00+00:00,-1.4845
2018-09-18 00:00:00+00:00,-1.8435
2018-09-19 00:00:00+00:00,-1.1391
2018-09-20 00:00:00+00:00,-0.7509
2018-09-21 00:00:00+00:00,-0.8963
2018-09-22 00:00:00+00:00,-1.7288
2018-09-23 00:00:00+00:00,-1.5573
2018-09-24 00:00:00+00:00,-0.5775
2018-09-25 00:00:00+00:00,-1.4553
2018-09-26 00:00:00+00:00,-1.2748
2018-09-27 00:00:00+00:00,-1.2698
2018-09-28 00:00:00+00:00,-1.0094
2018-09-29 00:00:00+00:00,-1.086
2018-09-30 00:00:00+00:00,-1.2951
2018-10-01 00:00:00+00:00,-0.7416
2018-10-02 00:00:00+00:00,-0.9924
2018-10-03 00:00:00+00:00,-1.1442
2018-10-04 00:00:00+00:00,-0.999
2018-10-05 00:00:00+00:00,-1.4486
2018-10-06 00:00:00+00:00,-1.3259
2018-10-07 00:00:00+00:00,-1.9014
2018-10-08 00:00:00+00:00,-0.9627
2018-10-09 00:00:00+00:00,-1.5631
2018-10-10 00:00:00+00:00,-1.4744
2018-10-11 00:00:00+00:00,-2.1906
2018-10-12 00:00:00+00:00,-1.7233
2018-10-13 00:00:00+00:00,-2.132
2018-10-14 00:00:00+00:00,-1.6701
2018-10-15 00:00:00+00:00,-1.7643
2018-10-16 00:00:00+00:00,-0.9795
2018-10-17 00:00:00+00:00,-0.9712
2018-10-18 00:00:00+00:00,-1.6248
2018-10-19 00:00:00+00:00,-1.2701
2018-10-20 00:00:00+00:00,-1.5301
2018-10-21 00:00:00+00:00,-1.1759
2018-10-22 00:00:00+00:00,-0.9571
2018-10-23 00:00:00+00:00,-1.5102
2018-10-24 00:00:00+00:00,-1.4637
2018-10-25 00:00:00+00:00,-1.8017
2018-10-26 00:00:00+00:00,-1.3421
2018-10-27 00:00:00+00:00,-1.7698
2018-10-28 00:00:00+00:00,-1.651
2018-10-29 00:00:00+00:00,-1.3307
2018-10-30 00:00:00+00:00,-1.5741
2018-10-31 00:00:00+00:00,-1.2814
2018-11-01 00:00:00+00:00,-1.0119
2018-11-02 00:00:00+00:00,-0.6726
2018-11-03 00:00:00+00:00,-0.944
2018-11-04 00:00:00+00:00,-0.8026
2018-11-05 00:00:00+00:00,-1.0918
2018-11-06 00:00:00+00:00,-0.7191
2018-11-07 00:00:00+00:00,-0.8651
2018-11-08 00:00:00+00:00,-1.0235
2018-11-09 00:00:00+00:00,-1.3334
2018-11-10 00:00:00+00:00,-1.3654
2018-11-11 00:00:00+00:00,-1.0865
2018-11-12 00:00:00+00:00,-1.4233
2018-11-13 00:00:00+00:00,-0.9277
2018-11-14 00:00:00+00:00,-1.1493
2018-11-15 00:00:00+00:00,-1.1608
2018-11-16 00:00:00+00:00,-1.4573
2018-11-17 00:00:00+00:00,-1.0198
2018-11-18 00:00:00+00:00,-1.0556
2018-11-19 00:00:00+00:00,-1.2822
2018-11-20 00:00:00+00:00,-1.2867
2018-11-21 00:00:00+00:00,-1.4305
2018-11-22 00:00:00+00:00,-1.3915
2018-11-23 00:00:00+00:00,-1.2942
2018-11-24 00:00:00+00:00,-1.7436
2018-11-25 00:00:00+00:00,-1.3435
2018-11-26 00:00:00+00:00,-1.3204
2018-11-27 00:00:00+00:00,-1.243
2018-11-28 00:00:00+00:00,-1.8447
2018-11-29 00:00:00+00:00,-1.398
2018-11-30 00:00:00+00:00,-1.3937
2018-12-01 00:00:00+00:00,-1.2203
2018-12-02 00:00:00+00:00,-0.959
2018-12-03 00:00:00+00:00,-1.1608
2018-12-04 00:00:00+00:00,-1.2621
2018-12-05 00:00:00+00:00,-1.5219
2018-12-06 00:00:00+00:00,-1.5981
2018-12-07 00:00:00+00:00,-1.4873
2018-12-08 00:00:00+00:00,-1.3288
2018-12-09 00:00:00+00:00,-1.3709
2018-12-10 00:00:00+00:00,-1.6678
2018-12-11 00:00:00+00:00,-1.6487
2018-12-12 00:00:00+00:00,-1.136
2018-12-13 00:00:00+00:00,-1.2205
2018-12-14 00:00:00+00:00,-1.6386
2018-12-15 00:00:00+00:00,-1.5202
2018-12-16 00:00:00+00:00,-0.9193
2018-12-17 00:00:00+00:00,-1.3957
2018-12-18 00:00:00+00:00,-2.1287
2018-12-19 00:00:00+00:00,-1.429
2018-12-20 00:00:00+00:00,-1.954
2018-12-21 00:00:00+00:00,-2.1531
2018-12-22 00:00:00+00:00,-2.8346
2018-12-23 00:00:00+00:00,-2.7551
2018-12-24 00:00:00+00:00,-2.3995
2018-12-25 00:00:00+00:00,-2.5014
2018-12-26 00:00:00+00:00,-2.2446
2018-12-27 00:00:00+00:00,-1.5686
2018-12-28 00:00:00+00:00,-1.7817
2018-12-29 00:00:00+00:00,-1.6969
2018-12-30 00:00:00+00:00,-1.2738
2018-12-31 00:00:00+00:00,-1.6656
2019-01-01 00:00:00+00:00,-1.6593
2019-01-02 00:00:00+00:00,-1.5254
2019-01-03 00:00:00+00:00,-1.8444
2019-01-04 00:00:00+00:00,-1.7209
2019-01-05 00:00:00+00:00,-1.355
2019-01-06 00:00:00+00:00,-1.6941
2019-01-07 00:00:00+00:00,-1.0748
2019-01-08 00:00:00+00:00,-1.2499
2019-01-09 00:00:00+00:00,-1.3284
2019-01-10 00:00:00+00:00,-1.4573
2019-01-11 00:00:00+00:00,-1.3979
2019-01-12 00:00:00+00:00,-1.482
2019-01-13 00:00:00+00:00,-1.7547
2019-01-14 00:00:00+00:00,-1.3331
2019-01-15 00:00:00+00:00,-1.439
2019-01-16 00:00:00+00:00,-1.3888
2019-01-17 00:00:00+00:00,-1.794
2019-01-18 00:00:00+00:00,-1.2338
2019-01-19 00:00:00+00:00,-2.067
2019-01-20 00:00:00+00:00,-2.0954
2019-01-21 00:00:00+00:00,-1.5674
2019-01-22 00:00:00+00:00,-1.3348
2019-01-23 00:00:00+00:00,-1.8107
2019-01-24 00:00:00+00:00,-2.0907
2019-01-25 00:00:00+00:00,-1.6269
2019-01-26 00:00:00+00:00,-1.6814
2019-01-27 00:00:00+00:00,-1.6604
2019-01-28 00:00:00+00:00,-1.3292
2019-01-29 00:00:00+00:00,-1.8909
2019-01-30 00:00:00+00:00,-1.3325
2019-01-31 00:00:00+00:00,-0.8718
2019-02-01 00:00:00+00:00,-1.0558
2019-02-02 00:00:00+00:00,-2.304
2019-02-03 00:00:00+00:00,-1.5016
2019-02-04 00:00:00+00:00,-0.9818
2019-02-05 00:00:00+00:00,-1.3328
2019-02-06 00:00:00+00:00,-1.1678
2019-02-07 00:00:00+00:00,-1.2368
2019-02-08 00:00:00+00:00,-1.4252
2019-02-09 00:00:00+00:00,-1.2536
2019-02-10 00:00:00+00:00,-1.4895
2019-02-11 00:00:00+00:00,-1.5935
2019-02-12 00:00:00+00:00,-0.8955
2019-02-13 00:00:00+00:00,-1.0206
2019-02-14 00:00:00+00:00,-0.8962
2019-02-15 00:00:00+00:00,-1.8242
2019-02-16 00:00:00+00:00,-1.3911
2019-02-17 00:00:00+00:00,-1.6219
2019-02-18 00:00:00+00:00,-1.1093
2019-02-19 00:00:00+00:00,-1.1129
2019-02-20 00:00:00+00:00,-0.876
2019-02-21 00:00:00+00:00,-1.0748
2019-02-22 00:00:00+00:00,-1.2654
2019-02-23 00:00:00+00:00,-1.1785
2019-02-24 00:00:00+00:00,-2.1038
2019-02-25 00:00:00+00:00,-1.4883
2019-02-26 00:00:00+00:00,-1.348
2019-02-27 00:00:00+00:00,-1.1166
2019-02-28 00:00:00+00:00,-1.0889
2019-03-01 00:00:00+00:00,-1.172
2019-03-02 00:00:00+00:00,-1.9322
2019-03-03 00:00:00+00:00,-1.2811
2019-03-04 00:00:00+00:00,-0.6791
2019-03-05 00:00:00+00:00,-1.0526
2019-03-06 00:00:00+00:00,-1.6188
2019-03-07 00:00:00+00:00,-1.5331
2019-03-08 00:00:00+00:00,-1.592
2019-03-09 00:00:00+00:00,-1.1521
2019-03-10 00:00:00+00:00,-1.5232
2019-03-11 00:00:00+00:00,-1.4239
2019-03-12 00:00:00+00:00,-1.2306
2019-03-13 00:00:00+00:00,-1.2851
2019-03-14 00:00:00+00:00,-0.9679
2019-03-15 00:00:00+00:00,-1.189
2019-03-16 00:00:00+00:00,-1.1136
2019-03-17 00:00:00+00:00,-0.8856
2019-03-18 00:00:00+00:00,-1.1249
2019-03-19 00:00:00+00:00,-1.0506
2019-03-20 00:00:00+00:00,-1.0472
2019-03-21 00:00:00+00:00,-1.0594
2019-03-22 00:00:00+00:00,-1.4543
2019-03-23 00:00:00+00:00,-1.5772
2019-03-24 00:00:00+00:00,-1.32
2019-03-25 00:00:00+00:00,-1.7533
2019-03-26 00:00:00+00:00,-1.1587
2019-03-27 00:00:00+00:00,-1.4732
2019-03-28 00:00:00+00:00,-1.8043
2019-03-29 00:00:00+00:00,-1.4126
2019-03-30 00:00:00+00:00,-1.8377
2019-03-31 00:00:00+00:00,-1.2642
2019-04-01 00:00:00+00:00,-1.2141
2019-04-02 00:00:00+00:00,-1.13
2019-04-03 00:00:00+00:00,-1.0905
2019-04-04 00:00:00+00:00,-1.2121
2019-04-05 00:00:00+00:00,-0.9053
2019-04-06 00:00:00+00:00,-1.2712
2019-04-07 00:00:00+00:00,-1.4718
2019-04-08 00:00:00+00:00,-1.1863
2019-04-09 00:00:00+00:00,-1.4906
2019-04-10 00:00:00+00:00,-1.2107
2019-04-11 00:00:00+00:00,-1.3083
2019-04-12 00:00:00+00:00,-1.1053
2019-04-13 00:00:00+00:00,-1.3628
2019-04-14 00:00:00+00:00,-1.5099
2019-04-15 00:00:00+00:00,-1.1802
2019-04-16 00:00:00+00:00,-1.0756
2019-04-17 00:00:00+00:00,-1.0823
2019-04-18 00:00:00+00:00,-1.3624
2019-04-19 00:00:00+00:00,-0.9528
2019-04-20 00:00:00+00:00,-0.9229
2019-04-21 00:00:00+00:00,-1.0073
2019-04-22 00:00:00+00:00,-1.4897
2019-04-23 00:00:00+00:00,-1.3329
2019-04-24 00:00:00+00:00,-1.0302
2019-04-25 00:00:00+00:00,-0.9351
2019-04-26 00:00:00+00:00,-1.0729
2019-04-27 00:00:00+00:00,-0.959
2019-04-28 00:00:00+00:00,-1.1192
2019-04-29 00:00:00+00:00,-1.2148
2019-04-30 00:00:00+00:00,-0.8153
2019-05-01 00:00:00+00:00,-0.8063
2019-05-02 00:00:00+00:00,-1.5089
2019-05-03 00:00:00+00:00,-0.9205
2019-05-04 00:00:00+00:00,-0.8056
2019-05-05 00:00:00+00:00,-1.0211
2019-05-06 00:00:00+00:00,-1.3283
2019-05-07 00:00:00+00:00,-1.3059
2019-05-08 00:00:00+00:00,-1.4628
2019-05-09 00:00:00+00:00,-1.5173
2019-05-10 00:00:00+00:00,-1.4587
2019-05-11 00:00:00+00:00,-1.2214
2019-05-12 00:00:00+00:00,-0.9262
2019-05-13 00:00:00+00:00,-1.4387
2019-05-14 00:00:00+00:00,-1.351
2019-05-15 00:00:00+00:00,-1.3069
2019-05-16 00:00:00+00:00,-1.2505
2019-05-17 00:00:00+00:00,-1.1485
2019-05-18 00:00:00+00:00,-1.7371
2019-05-19 00:00:00+00:00,-0.9915
2019-05-20 00:00:00+00:00,-1.167
2019-05-21 00:00:00+00:00,-1.4901
2019-05-22 00:00:00+00:00,-1.3498
2019-05-23 00:00:00+00:00,-1.6003
2019-05-24 00:00:00+00:00,-1.4623
2019-05-25 00:00:00+00:00,-1.4466
2019-05-26 00:00:00+00:00,-1.1112
2019-05-27 00:00:00+00:00,-0.8748
2019-05-28 00:00:00+00:00,-0.9594
2019-05-29 00:00:00+00:00,-1.3978
2019-05-30 00:00:00+00:00,-1.4409
2019-05-31 00:00:00+00:00,-1.5337
2019-06-01 00:00:00+00:00,-0.7173
2019-06-02 00:00:00+00:00,-2.0989
2019-06-03 00:00:00+00:00,-1.2147
2019-06-04 00:00:00+00:00,-1.8095
2019-06-05 00:00:00+00:00,-1.9921
2019-06-06 00:00:00+00:00,-1.8842
2019-06-07 00:00:00+00:00,-2.0659
2019-06-08 00:00:00+00:00,-1.7267
2019-06-09 00:00:00+00:00,-1.2133
2019-06-10 00:00:00+00:00,-1.4371
2019-06-11 00:00:00+00:00,-1.3914
2019-06-12 00:00:00+00:00,-1.8428
2019-06-13 00:00:00+00:00,-1.4652
2019-06-14 00:00:00+00:00,-1.9132
2019-06-15 00:00:00+00:00,-1.8661
2019-06-16 00:00:00+00:00,-1.5302
2019-06-17 00:00:00+00:00,-1.8538
2019-06-18 00:00:00+00:00,-1.8203
2019-06-19 00:00:00+00:00,-1.5191
2019-06-20 00:00:00+00:00,-1.3863
2019-06-21 00:00:00+00:00,-1.6005
2019-06-22 00:00:00+00:00,-2.3186
2019-06-23 00:00:00+00:00,-1.629
2019-06-24 00:00:00+00:00,-1.712
2019-06-25 00:00:00+00:00,-1.5577
2019-06-26 00:00:00+00:00,-1.3511
2019-06-27 00:00:00+00:00,-1.1594
2019-06-28 00:00:00+00:00,-1.1958
2019-06-29 00:00:00+00:00,-0.6973
2019-06-30 00:00:00+00:00,-1.6794
2019-07-01 00:00:00+00:00,-1.089
2019-07-02 00:00:00+00:00,-1.3843
2019-07-03 00:00:00+00:00,-1.1197
2019-07-04 00:00:00+00:00,-1.2119
2019-07-05 00:00:00+00:00,-1.816
2019-07-06 00:00:00+00:00,-1.6592
2019-07-07 00:00:00+00:00,-0.7385
2019-07-08 00:00:00+00:00,-1.5597
2019-07-09 00:00:00+00:00,-1.4655
2019-07-10 00:00:00+00:00,-1.773
2019-07-11 00:00:00+00:00,-1.3703
2019-07-12 00:00:00+00:00,-1.5953
2019-07-13 00:00:00+00:00,-1.8146
2019-07-14 00:00:00+00:00,-1.7633
2019-07-15 00:00:00+00:00,-1.1189
2019-07-16 00:00:00+00:00,-1.0145
2019-07-17 00:00:00+00:00,-1.3074
2019-07-18 00:00:00+00:00,-1.5427
2019-07-19 00:00:00+00:00,-1.105
2019-07-20 00:00:00+00:00,-1.1022
2019-07-21 00:00:00+00:00,-0.5385
2019-07-22 00:00:00+00:00,-1.2944
2019-07-23 00:00:00+00:00,-1.6829
2019-07-24 00:00:00+00:00,-0.8404
2019-07-25 00:00:00+00:00,-1.1396
2019-07-26 00:00:00+00:00,-1.1309
2019-07-27 00:00:00+00:00,-1.3715
2019-07-28 00:00:00+00:00,-0.607
2019-07-29 00:00:00+00:00,-1.3669
2019-07-30 00:00:00+00:00,-1.2229
2019-07-31 00:00:00+00:00,-2.0752
2019-08-01 00:00:00+00:00,-2.3603
2019-08-02 00:00:00+00:00,-2.0624
2019-08-03 00:00:00+00:00,-2.137
2019-08-04 00:00:00+00:00,-1.6123
2019-08-05 00:00:00+00:00,-2.258
2019-08-06 00:00:00+00:00,-2.1166
2019-08-07 00:00:00+00:00,-2.1351
2019-08-08 00:00:00+00:00,-1.7102
2019-08-09 00:00:00+00:00,-1.6344
2019-08-10 00:00:00+00:00,-1.2376
2019-08-11 00:00:00+00:00,-2.0248
2019-08-12 00:00:00+00:00,-1.8403
2019-08-13 00:00:00+00:00,-1.6193
2019-08-14 00:00:00+00:00,-2.3973
2019-08-15 00:00:00+00:00,-2.8835
2019-08-16 00:00:00+00:00,-2.7663
2019-08-17 00:00:00+00:00,-2.3607
2019-08-18 00:00:00+00:00,-2.6437
2019-08-19 00:00:00+00:00,-2.103
2019-08-20 00:00:00+00:00,-2.2149
2019-08-21 00:00:00+00:00,-2.3079
2019-08-22 00:00:00+00:00,-2.1532
2019-08-23 00:00:00+00:00,-2.8256
2019-08-24 00:00:00+00:00,-2.2804
2019-08-25 00:00:00+00:00,-1.8035
2019-08-26 00:00:00+00:00,-2.0054
2019-08-27 00:00:00+00:00,-1.5842
2019-08-28 00:00:00+00:00,-1.4004
2019-08-29 00:00:00+00:00,-1.4118
2019-08-30 00:00:00+00:00,-1.595
2019-08-31 00:00:00+00:00,-1.2638
2019-09-01 00:00:00+00:00,-0.0243
2019-09-02 00:00:00+00:00,-1.4472
2019-09-03 00:00:00+00:00,-1.7192
2019-09-04 00:00:00+00:00,-1.7735
2019-09-05 00:00:00+00:00,-1.4868
2019-09-06 00:00:00+00:00,-2.1761
2019-09-07 00:00:00+00:00,-1.7558
2019-09-08 00:00:00+00:00,-1.3913
2019-09-09 00:00:00+00:00,-1.3839
2019-09-10 00:00:00+00:00,-1.347
2019-09-11 00:00:00+00:00,-1.3042
2019-09-12 00:00:00+00:00,-1.3762
2019-09-13 00:00:00+00:00,-1.2962
2019-09-14 00:00:00+00:00,-1.7369
2019-09-15 00:00:00+00:00,-1.9321
2019-09-16 00:00:00+00:00,-2.1577
2019-09-17 00:00:00+00:00,-2.1615
2019-09-18 00:00:00+00:00,-2.2416
2019-09-19 00:00:00+00:00,-1.8822
2019-09-20 00:00:00+00:00,-1.8849
2019-09-21 00:00:00+00:00,-1.2864
2019-09-22 00:00:00+00:00,-1.5502
2019-09-23 00:00:00+00:00,-1.3573
2019-09-24 00:00:00+00:00,-1.3851
2019-09-25 00:00:00+00:00,-1.6146
2019-09-26 00:00:00+00:00,-1.4897
2019-09-27 00:00:00+00:00,-1.6012
2019-09-28 00:00:00+00:00,-1.7777
2019-09-29 00:00:00+00:00,-1.6061
2019-09-30 00:00:00+00:00,-1.7613
2019-10-01 00:00:00+00:00,-1.9197
2019-10-02 00:00:00+00:00,-1.8296
2019-10-03 00:00:00+00:00,-1.7529
2019-10-04 00:00:00+00:00,-2.0542
2019-10-05 00:00:00+00:00,-2.0676
2019-10-06 00:00:00+00:00,-2.0267
2019-10-07 00:00:00+00:00,-1.8045
2019-10-08 00:00:00+00:00,-1.5942
2019-10-09 00:00:00+00:00,-1.6465
2019-10-10 00:00:00+00:00,-1.1902
2019-10-11 00:00:00+00:00,-1.5635
2019-10-12 00:00:00+00:00,-1.5836
2019-10-13 00:00:00+00:00,-1.1143
2019-10-14 00:00:00+00:00,-0.9999
2019-10-15 00:00:00+00:00,-1.3551
2019-10-16 00:00:00+00:00,-1.2988
2019-10-17 00:00:00+00:00,-1.3385
2019-10-18 00:00:00+00:00,-1.4406
2019-10-19 00:00:00+00:00,-1.8734
2019-10-20 00:00:00+00:00,-1.7358
2019-10-21 00:00:00+00:00,-1.1954
2019-10-22 00:00:00+00:00,-1.1164
2019-10-23 00:00:00+00:00,-1.3613
2019-10-24 00:00:00+00:00,-1.7316
2019-10-25 00:00:00+00:00,-1.3963
2019-10-26 00:00:00+00:00,-2.6712
2019-10-27 00:00:00+00:00,-0.7767
2019-10-28 00:00:00+00:00,-1.2884
2019-10-29 00:00:00+00:00,-1.0665
2019-10-30 00:00:00+00:00,-1.7537
2019-10-31 00:00:00+00:00,-1.5651
2019-11-01 00:00:00+00:00,-1.5443
2019-11-02 00:00:00+00:00,-1.2974
2019-11-03 00:00:00+00:00,-1.0754
2019-11-04 00:00:00+00:00,-0.9345
2019-11-05 00:00:00+00:00,-0.7031
2019-11-06 00:00:00+00:00,-0.7728
2019-11-07 00:00:00+00:00,-1.0468
2019-11-08 00:00:00+00:00,-0.9294
2019-11-09 00:00:00+00:00,-1.0885
2019-11-10 00:00:00+00:00,-2.1319
2019-11-11 00:00:00+00:00,-1.6941
2019-11-12 00:00:00+00:00,-1.3418
2019-11-13 00:00:00+00:00,-1.28
2019-11-14 00:00:00+00:00,-1.57
2019-11-15 00:00:00+00:00,-1.3551
2019-11-16 00:00:00+00:00,-1.6173
2019-11-17 00:00:00+00:00,-0.8214
2019-11-18 00:00:00+00:00,-0.8563
2019-11-19 00:00:00+00:00,-1.3889
2019-11-20 00:00:00+00:00,-1.2813
2019-11-21 00:00:00+00:00,-1.1685
2019-11-22 00:00:00+00:00,-1.3171
2019-11-23 00:00:00+00:00,-1.5916
2019-11-24 00:00:00+00:00,-0.8487
2019-11-25 00:00:00+00:00,-0.6619
2019-11-26 00:00:00+00:00,-0.2089
2019-11-27 00:00:00+00:00,-0.8641
2019-11-28 00:00:00+00:00,-1.1449
2019-11-29 00:00:00+00:00,-1.2634
2019-11-30 00:00:00+00:00,-0.6813
2019-12-01 00:00:00+00:00,-1.3199
2019-12-02 00:00:00+00:00,-1.2155
2019-12-03 00:00:00+00:00,-1.7094
2019-12-04 00:00:00+00:00,-1.1364
2019-12-05 00:00:00+00:00,-1.2143
2019-12-06 00:00:00+00:00,-1.3321
2019-12-07 00:00:00+00:00,-1.4419
2019-12-08 00:00:00+00:00,-2.0793
2019-12-09 00:00:00+00:00,-1.4565
2019-12-10 00:00:00+00:00,-1.6468
2019-12-11 00:00:00+00:00,-1.3584
2019-12-12 00:00:00+00:00,-0.8716
2019-12-13 00:00:00+00:00,-0.9365
2019-12-14 00:00:00+00:00,-1.3437
2019-12-15 00:00:00+00:00,-0.8152
2019-12-16 00:00:00+00:00,-0.7304
2019-12-17 00:00:00+00:00,-0.8761
2019-12-18 00:00:00+00:00,-0.7645
2019-12-19 00:00:00+00:00,-1.3431
2019-12-20 00:00:00+00:00,-0.8239
2019-12-21 00:00:00+00:00,-1.2831
2019-12-22 00:00:00+00:00,-0.906
2019-12-23 00:00:00+00:00,-1.0368
2019-12-24 00:00:00+00:00,-0.943
2019-12-25 00:00:00+00:00,-0.3955
2019-12-26 00:00:00+00:00,-0.4156
2019-12-27 00:00:00+00:00,-0.8033
2019-12-28 00:00:00+00:00,-0.8632
2019-12-29 00:00:00+00:00,-1.7102
2019-12-30 00:00:00+00:00,-0.8662
2019-12-31 00:00:00+00:00,-0.5906
2020-01-01 00:00:00+00:00,-1.444
2020-01-02 00:00:00+00:00,-0.9199
2020-01-03 00:00:00+00:00,-1.2108
2020-01-04 00:00:00+00:00,-1.5101
2020-01-05 00:00:00+00:00,-2.0044
2020-01-06 00:00:00+00:00,-1.7487
2020-01-07 00:00:00+00:00,-1.1359
2020-01-08 00:00:00+00:00,-1.1224
2020-01-09 00:00:00+00:00,-1.3549
2020-01-10 00:00:00+00:00,-0.8568
2020-01-11 00:00:00+00:00,-0.952
2020-01-12 00:00:00+00:00,-2.9061
2020-01-13 00:00:00+00:00,-1.9466
2020-01-14 00:00:00+00:00,-0.9535
2020-01-15 00:00:00+00:00,-0.8943
2020-01-16 00:00:00+00:00,-0.6798
2020-01-17 00:00:00+00:00,-0.8572
2020-01-18 00:00:00+00:00,-1.1352
2020-01-19 00:00:00+00:00,-0.9324
2020-01-20 00:00:00+00:00,-0.8682
2020-01-21 00:00:00+00:00,-1.1968
2020-01-22 00:00:00+00:00,-1.4171
2020-01-23 00:00:00+00:00,-0.9634
2020-01-24 00:00:00+00:00,-1.1185
2020-01-25 00:00:00+00:00,-1.0904
2020-01-26 00:00:00+00:00,-1.071
2020-01-27 00:00:00+00:00,-1.1154
2020-01-28 00:00:00+00:00,-1.2755
2020-01-29 00:00:00+00:00,-1.2846
2020-01-30 00:00:00+00:00,-1.8143
2020-01-31 00:00:00+00:00,-1.2768
2020-02-01 00:00:00+00:00,-0.9431
2020-02-02 00:00:00+00:00,-1.333
2020-02-03 00:00:00+00:00,-1.4267
2020-02-04 00:00:00+00:00,-1.3583
2020-02-05 00:00:00+00:00,-0.78
2020-02-06 00:00:00+00:00,-0.7138
2020-02-07 00:00:00+00:00,-1.3912
2020-02-08 00:00:00+00:00,-1.4954
2020-02-09 00:00:00+00:00,-1.2877
2020-02-10 00:00:00+00:00,-1.8098
2020-02-11 00:00:00+00:00,-1.2311
2020-02-12 00:00:00+00:00,-1.3849
2020-02-13 00:00:00+00:00,-1.2597
2020-02-14 00:00:00+00:00,-1.4101
2020-02-15 00:00:00+00:00,-1.5036
2020-02-16 00:00:00+00:00,-1.3027
2020-02-17 00:00:00+00:00,-1.6827
2020-02-18 00:00:00+00:00,-1.0709
2020-02-19 00:00:00+00:00,-1.2604
2020-02-20 00:00:00+00:00,-1.3366
2020-02-21 00:00:00+00:00,-2.0295
2020-02-22 00:00:00+00:00,-2.2171
2020-02-23 00:00:00+00:00,-2.0357
2020-02-24 00:00:00+00:00,-1.9594
2020-02-25 00:00:00+00:00,-1.8681
2020-02-26 00:00:00+00:00,-1.8003
2020-02-27 00:00:00+00:00,-2.0038
2020-02-28 00:00:00+00:00,-3.0629
2020-02-29 00:00:00+00:00,-3.4745
2020-03-01 00:00:00+00:00,-3.0494
2020-03-02 00:00:00+00:00,-2.409
2020-03-03 00:00:00+00:00,-2.6174
2020-03-04 00:00:00+00:00,-2.9125
2020-03-05 00:00:00+00:00,-2.5184
2020-03-06 00:00:00+00:00,-2.7368
2020-03-07 00:00:00+00:00,-2.3285
2020-03-08 00:00:00+00:00,-2.475
2020-03-09 00:00:00+00:00,-3.8454
2020-03-10 00:00:00+00:00,-2.9141
2020-03-11 00:00:00+00:00,-3.138
2020-03-12 00:00:00+00:00,-3.0213
2020-03-13 00:00:00+00:00,-3.1743
2020-03-14 00:00:00+00:00,-2.6223
2020-03-15 00:00:00+00:00,-2.1151
2020-03-16 00:00:00+00:00,-2.961
2020-03-17 00:00:00+00:00,-2.9545
2020-03-18 00:00:00+00:00,-2.4431
2020-03-19 00:00:00+00:00,-2.7058
2020-03-20 00:00:00+00:00,-2.2204
2020-03-21 00:00:00+00:00,-2.2258
2020-03-22 00:00:00+00:00,-2.4747
2020-03-23 00:00:00+00:00,-2.2861
2020-03-24 00:00:00+00:00,-2.2991
2020-03-25 00:00:00+00:00,-2.1471
2020-03-26 00:00:00+00:00,-2.0092
2020-03-27 00:00:00+00:00,-2.1498
2020-03-28 00:00:00+00:00,-2.3361
2020-03-29 00:00:00+00:00,-2.3947
2020-03-30 00:00:00+00:00,-2.388
2020-03-31 00:00:00+00:00,-1.3968
2020-04-01 00:00:00+00:00,-1.7508
2020-04-02 00:00:00+00:00,-1.9583
2020-04-03 00:00:00+00:00,-2.3932
2020-04-04 00:00:00+00:00,-1.9069
2020-04-05 00:00:00+00:00,-2.0686
2020-04-06 00:00:00+00:00,-2.0665
2020-04-07 00:00:00+00:00,-1.6409
2020-04-08 00:00:00+00:00,-1.8709
2020-04-09 00:00:00+00:00,-2.105
2020-04-10 00:00:00+00:00,-2.2988
2020-04-11 00:00:00+00:00,-2.0691
2020-04-12 00:00:00+00:00,-1.8953
2020-04-13 00:00:00+00:00,-1.8925
2020-04-14 00:00:00+00:00,-1.9815
2020-04-15 00:00:00+00:00,-2.4296
2020-04-16 00:00:00+00:00,-2.2678
2020-04-17 00:00:00+00:00,-1.9825
2020-04-18 00:00:00+00:00,-2.3211
2020-04-19 00:00:00+00:00,-2.2483
2020-04-20 00:00:00+00:00,-2.1898
2020-04-21 00:00:00+00:00,-1.8764
2020-04-22 00:00:00+00:00,-1.7054
2020-04-23 00:00:00+00:00,-1.8518
2020-04-24 00:00:00+00:00,-1.3942
2020-04-25 00:00:00+00:00,-1.7376
2020-04-26 00:00:00+00:00,-1.6994
2020-04-27 00:00:00+00:00,-1.8559
2020-04-28 00:00:00+00:00,-1.709
2020-04-29 00:00:00+00:00,-1.5639
2020-04-30 00:00:00+00:00,-1.9046
2020-05-01 00:00:00+00:00,-1.8812
2020-05-02 00:00:00+00:00,-1.4082
2020-05-03 00:00:00+00:00,-1.9248
2020-05-04 00:00:00+00:00,-2.0118
2020-05-05 00:00:00+00:00,-1.7664
2020-05-06 00:00:00+00:00,-2.0287
2020-05-07 00:00:00+00:00,-2.1853
2020-05-08 00:00:00+00:00,-2.4626
2020-05-09 00:00:00+00:00,-1.5345
2020-05-10 00:00:00+00:00,-1.8646
2020-05-11 00:00:00+00:00,-1.8102
2020-05-12 00:00:00+00:00,-1.7677
2020-05-13 00:00:00+00:00,-2.8439
2020-05-14 00:00:00+00:00,-3.238
2020-05-15 00:00:00+00:00,-2.6542
2020-05-16 00:00:00+00:00,-2.7514
2020-05-17 00:00:00+00:00,-2.2243
2020-05-18 00:00:00+00:00,-1.8269
2020-05-19 00:00:00+00:00,-0.8427
2020-05-20 00:00:00+00:00,-1.57
2020-05-21 00:00:00+00:00,-2.1312
2020-05-22 00:00:00+00:00,-2.4507
2020-05-23 00:00:00+00:00,-2.1699
2020-05-24 00:00:00+00:00,-1.8844
2020-05-25 00:00:00+00:00,-1.6645
2020-05-26 00:00:00+00:00,-1.2557
2020-05-27 00:00:00+00:00,-1.2106
2020-05-28 00:00:00+00:00,-1.5731
2020-05-29 00:00:00+00:00,-1.7963
2020-05-30 00:00:00+00:00,-2.082
2020-05-31 00:00:00+00:00,-1.736
2020-06-01 00:00:00+00:00,-1.8195
2020-06-02 00:00:00+00:00,-1.9038
2020-06-03 00:00:00+00:00,-1.7798
2020-06-04 00:00:00+00:00,-1.264
2020-06-05 00:00:00+00:00,-1.4865
2020-06-06 00:00:00+00:00,-1.7492
2020-06-07 00:00:00+00:00,-1.8345
2020-06-08 00:00:00+00:00,-1.6216
2020-06-09 00:00:00+00:00,-1.3502
2020-06-10 00:00:00+00:00,-1.6683
2020-06-11 00:00:00+00:00,-2.0815
2020-06-12 00:00:00+00:00,-2.2213
2020-06-13 00:00:00+00:00,-1.9794
2020-06-14 00:00:00+00:00,-2.2169
2020-06-15 00:00:00+00:00,-1.9733
2020-06-16 00:00:00+00:00,-1.453
2020-06-17 00:00:00+00:00,-1.6498
2020-06-18 00:00:00+00:00,-1.8134
2020-06-19 00:00:00+00:00,-1.5606
2020-06-20 00:00:00+00:00,-3.0909
2020-06-21 00:00:00+00:00,-1.7713
2020-06-22 00:00:00+00:00,-1.3844
2020-06-23 00:00:00+00:00,-0.87
2020-06-24 00:00:00+00:00,-1.6687
2020-06-25 00:00:00+00:00,-1.9481
2020-06-26 00:00:00+00:00,-2.1487
2020-06-27 00:00:00+00:00,-1.6924
2020-06-28 00:00:00+00:00,-1.4987
2020-06-29 00:00:00+00:00,-1.648
2020-06-30 00:00:00+00:00,-1.1411
2020-07-01 00:00:00+00:00,-1.1165
2020-07-02 00:00:00+00:00,-1.5651
2020-07-03 00:00:00+00:00,-1.6665
2020-07-04 00:00:00+00:00,-1.8092
2020-07-05 00:00:00+00:00,-1.4653
2020-07-06 00:00:00+00:00,-1.4755
2020-07-07 00:00:00+00:00,-0.9931
2020-07-08 00:00:00+00:00,-0.7967
2020-07-09 00:00:00+00:00,-1.0891
2020-07-10 00:00:00+00:00,-1.4453
2020-07-11 00:00:00+00:00,-1.5276
2020-07-12 00:00:00+00:00,-1.1424
2020-07-13 00:00:00+00:00,-1.5099
2020-07-14 00:00:00+00:00,-1.3933
2020-07-15 00:00:00+00:00,-1.3618
2020-07-16 00:00:00+00:00,-1.5839
2020-07-17 00:00:00+00:00,-0.8264
2020-07-18 00:00:00+00:00,-1.8198
2020-07-19 00:00:00+00:00,-2.1151
2020-07-20 00:00:00+00:00,-1.2272
2020-07-21 00:00:00+00:00,-0.7356
2020-07-22 00:00:00+00:00,-1.0154
2020-07-23 00:00:00+00:00,-1.1991
2020-07-24 00:00:00+00:00,-1.7821
2020-07-25 00:00:00+00:00,-1.2296
2020-07-26 00:00:00+00:00,-0.0942
2020-07-27 00:00:00+00:00,-0.691
2020-07-28 00:00:00+00:00,-1.0813
2020-07-29 00:00:00+00:00,-1.3388
2020-07-30 00:00:00+00:00,-1.858
2020-07-31 00:00:00+00:00,-1.9927
2020-08-01 00:00:00+00:00,-1.9182
2020-08-02 00:00:00+00:00,-1.3298
2020-08-03 00:00:00+00:00,-1.3425
2020-08-04 00:00:00+00:00,-2.0224
2020-08-05 00:00:00+00:00,-1.2353
2020-08-06 00:00:00+00:00,-1.5542
2020-08-07 00:00:00+00:00,-1.8253
2020-08-08 00:00:00+00:00,-1.9481
2020-08-09 00:00:00+00:00,-2.2104
2020-08-10 00:00:00+00:00,-1.7824
2020-08-11 00:00:00+00:00,-1.0853
2020-08-12 00:00:00+00:00,-1.4637
2020-08-13 00:00:00+00:00,-1.6507
2020-08-14 00:00:00+00:00,-1.5869
2020-08-15 00:00:00+00:00,-2.0543
2020-08-16 00:00:00+00:00,-3.0368
2020-08-17 00:00:00+00:00,-1.5145
2020-08-18 00:00:00+00:00,-1.342
2020-08-19 00:00:00+00:00,-1.1029
2020-08-20 00:00:00+00:00,-1.7072
2020-08-21 00:00:00+00:00,-1.2848
2020-08-22 00:00:00+00:00,-1.1656
2020-08-23 00:00:00+00:00,-1.2513
2020-08-24 00:00:00+00:00,-1.2542
2020-08-25 00:00:00+00:00,-1.1329
2020-08-26 00:00:00+00:00,-1.2066
2020-08-27 00:00:00+00:00,-1.2079
2020-08-28 00:00:00+00:00,-1.0529
2020-08-29 00:00:00+00:00,-1.8826
2020-08-30 00:00:00+00:00,-2.107
2020-08-31 00:00:00+00:00,-1.1078
2020-09-01 00:00:00+00:00,-1.0384
2020-09-02 00:00:00+00:00,-1.4089
2020-09-03 00:00:00+00:00,-1.7985
2020-09-04 00:00:00+00:00,-1.8966
2020-09-05 00:00:00+00:00,-2.2512
2020-09-06 00:00:00+00:00,-1.8219
2020-09-07 00:00:00+00:00,-0.8112
2020-09-08 00:00:00+00:00,-1.0494
2020-09-09 00:00:00+00:00,-1.1535
2020-09-10 00:00:00+00:00,-1.1766
2020-09-11 00:00:00+00:00,-1.5243
2020-09-12 00:00:00+00:00,-1.5618
2020-09-13 00:00:00+00:00,-1.3683
2020-09-14 00:00:00+00:00,-0.8526
2020-09-15 00:00:00+00:00,-0.9102
2020-09-16 00:00:00+00:00,-0.873
2020-09-17 00:00:00+00:00,-1.3617
2020-09-18 00:00:00+00:00,-1.4436
2020-09-19 00:00:00+00:00,-1.6115
2020-09-20 00:00:00+00:00,-1.7417
2020-09-21 00:00:00+00:00,-2.003
2020-09-22 00:00:00+00:00,-1.3782
2020-09-23 00:00:00+00:00,-1.2521
2020-09-24 00:00:00+00:00,-1.5643
2020-09-25 00:00:00+00:00,-1.1198
2020-09-26 00:00:00+00:00,-1.3174
2020-09-27 00:00:00+00:00,-1.3702
2020-09-28 00:00:00+00:00,-0.9696
2020-09-29 00:00:00+00:00,-0.8652
2020-09-30 00:00:00+00:00,-1.3926
2020-10-01 00:00:00+00:00,-1.2515
2020-10-02 00:00:00+00:00,-1.2849
2020-10-03 00:00:00+00:00,-0.7415
2020-10-04 00:00:00+00:00,-1.2983
2020-10-05 00:00:00+00:00,0.0761
2020-10-06 00:00:00+00:00,-0.5009
2020-10-07 00:00:00+00:00,-0.6032
2020-10-08 00:00:00+00:00,-1.3857
2020-10-09 00:00:00+00:00,-1.1343
2020-10-10 00:00:00+00:00,-0.6438
2020-10-11 00:00:00+00:00,-1.1285
2020-10-12 00:00:00+00:00,-0.8397
2020-10-13 00:00:00+00:00,-0.9299
2020-10-14 00:00:00+00:00,-1.3575
2020-10-15 00:00:00+00:00,-1.1152
2020-10-16 00:00:00+00:00,-1.1588
2020-10-17 00:00:00+00:00,-1.6717
2020-10-18 00:00:00+00:00,-1.3864
2020-10-19 00:00:00+00:00,-1.593
2020-10-21 00:00:00+00:00,-1.0605
2020-10-22 00:00:00+00:00,-1.4452
2020-10-23 00:00:00+00:00,-1.5386
2020-10-24 00:00:00+00:00,-1.1252
2020-10-25 00:00:00+00:00,-0.7105
2020-10-26 00:00:00+00:00,-1.3174
2020-10-27 00:00:00+00:00,-1.5633
2020-10-28 00:00:00+00:00,-1.6258
2020-10-29 00:00:00+00:00,-2.0055
2020-10-30 00:00:00+00:00,-1.3817
2020-10-31 00:00:00+00:00,-1.6171
2020-11-01 00:00:00+00:00,-0.6409
2020-11-02 00:00:00+00:00,-1.4491
2020-11-03 00:00:00+00:00,-0.7938
2020-11-04 00:00:00+00:00,-0.943
2020-11-05 00:00:00+00:00,-1.3838
2020-11-06 00:00:00+00:00,-1.7884
2020-11-07 00:00:00+00:00,-1.6817
2020-11-08 00:00:00+00:00,-0.2051
2020-11-09 00:00:00+00:00,-0.9278
2020-11-10 00:00:00+00:00,-1.0034
2020-11-11 00:00:00+00:00,-0.9172
2020-11-12 00:00:00+00:00,-1.2763
2020-11-13 00:00:00+00:00,-0.8802
2020-11-14 00:00:00+00:00,-1.2341
2020-11-15 00:00:00+00:00,-1.0576
2020-11-16 00:00:00+00:00,-0.7315
2020-11-17 00:00:00+00:00,-0.1459
2020-11-18 00:00:00+00:00,-1.382
2020-11-19 00:00:00+00:00,-1.1799
2020-11-20 00:00:00+00:00,-1.1638
2020-11-21 00:00:00+00:00,-1.4919
2020-11-22 00:00:00+00:00,-1.2015
2020-11-23 00:00:00+00:00,-1.112
2020-11-24 00:00:00+00:00,-0.4289
2020-11-25 00:00:00+00:00,-0.2803
2020-11-26 00:00:00+00:00,-0.7801
2020-11-27 00:00:00+00:00,-0.6716
2020-11-28 00:00:00+00:00,-0.585
2020-11-29 00:00:00+00:00,-1.1417
2020-11-30 00:00:00+00:00,-0.4558
2020-12-01 00:00:00+00:00,-0.8298
2020-12-02 00:00:00+00:00,-0.9109
2020-12-03 00:00:00+00:00,-0.7117
2020-12-04 00:00:00+00:00,-0.965
2020-12-05 00:00:00+00:00,-0.9328
2020-12-06 00:00:00+00:00,-1.0593
2020-12-07 00:00:00+00:00,-0.8199
2020-12-08 00:00:00+00:00,-0.7429
2020-12-09 00:00:00+00:00,-0.6265
2020-12-10 00:00:00+00:00,-1.1393
2020-12-11 00:00:00+00:00,-1.6054
2020-12-12 00:00:00+00:00,-1.3328
2020-12-13 00:00:00+00:00,-0.9466
2020-12-14 00:00:00+00:00,-1.0381
2020-12-15 00:00:00+00:00,-0.9202
2020-12-16 00:00:00+00:00,-0.6795
2020-12-17 00:00:00+00:00,-0.9501
2020-12-18 00:00:00+00:00,-0.8218
2020-12-19 00:00:00+00:00,-1.0601
2020-12-20 00:00:00+00:00,-1.2945
2020-12-21 00:00:00+00:00,-0.7437
2020-12-22 00:00:00+00:00,-0.6443
2020-12-23 00:00:00+00:00,-1.4772
2020-12-24 00:00:00+00:00,-0.6908
2020-12-25 00:00:00+00:00,-1.8332
2020-12-26 00:00:00+00:00,-1.681
2020-12-27 00:00:00+00:00,-1.4658
2020-12-28 00:00:00+00:00,-0.4299
2020-12-29 00:00:00+00:00,-0.5263
2020-12-30 00:00:00+00:00,-0.7332
2020-12-31 00:00:00+00:00,-0.6191
2021-01-01 00:00:00+00:00,-0.4371
2021-01-02 00:00:00+00:00,-0.45
2021-01-03 00:00:00+00:00,-0.3421
2021-01-04 00:00:00+00:00,-1.226
2021-01-05 00:00:00+00:00,-0.8448
2021-01-06 00:00:00+00:00,-0.7239
2021-01-07 00:00:00+00:00,-0.5939
2021-01-08 00:00:00+00:00,-0.7761
2021-01-09 00:00:00+00:00,-0.6832
2021-01-10 00:00:00+00:00,-1.4128
2021-01-11 00:00:00+00:00,-0.7221
2021-01-12 00:00:00+00:00,-1.0536
2021-01-13 00:00:00+00:00,-0.9702
2021-01-14 00:00:00+00:00,-0.7047
2021-01-15 00:00:00+00:00,-1.1514
2021-01-16 00:00:00+00:00,-1.7457
2021-01-17 00:00:00+00:00,-1.3137
2021-01-18 00:00:00+00:00,-0.9679
2021-01-19 00:00:00+00:00,-1.046
2021-01-20 00:00:00+00:00,-0.6607
2021-01-21 00:00:00+00:00,-0.925
2021-01-22 00:00:00+00:00,-0.9464
2021-01-23 00:00:00+00:00,-2.2202
2021-01-24 00:00:00+00:00,-1.3049
2021-01-25 00:00:00+00:00,-0.9992
2021-01-26 00:00:00+00:00,-0.4725
2021-01-27 00:00:00+00:00,-1.0439
2021-01-28 00:00:00+00:00,-2.1134
2021-01-29 00:00:00+00:00,-1.6005
2021-01-30 00:00:00+00:00,-1.611
2021-01-31 00:00:00+00:00,-1.6856
2021-02-01 00:00:00+00:00,-0.8273
2021-02-02 00:00:00+00:00,-0.9154
2021-02-03 00:00:00+00:00,-0.637
2021-02-04 00:00:00+00:00,-0.5147
2021-02-05 00:00:00+00:00,-0.2305
2021-02-06 00:00:00+00:00,-0.4601
2021-02-07 00:00:00+00:00,-0.8747
2021-02-08 00:00:00+00:00,-0.2466
2021-02-09 00:00:00+00:00,-0.1189
2021-02-10 00:00:00+00:00,-0.5126
2021-02-11 00:00:00+00:00,-0.9351
2021-02-12 00:00:00+00:00,-0.9543
2021-02-13 00:00:00+00:00,-1.5159
2021-02-14 00:00:00+00:00,-1.0346
2021-02-15 00:00:00+00:00,-0.7617
2021-02-16 00:00:00+00:00,-0.5245
2021-02-17 00:00:00+00:00,-0.6147
2021-02-18 00:00:00+00:00,-0.7436
2021-02-19 00:00:00+00:00,-1.1053
2021-02-20 00:00:00+00:00,-0.4233
2021-02-21 00:00:00+00:00,-1.1708
2021-02-22 00:00:00+00:00,-0.904
2021-02-23 00:00:00+00:00,-0.9151
2021-02-24 00:00:00+00:00,-1.1781
2021-02-25 00:00:00+00:00,-0.4916
2021-02-26 00:00:00+00:00,-1.0213
2021-02-27 00:00:00+00:00,-0.8531
2021-02-28 00:00:00+00:00,-1.527
2021-03-01 00:00:00+00:00,-0.845
2021-03-02 00:00:00+00:00,-0.8125
2021-03-03 00:00:00+00:00,-0.6933
2021-03-04 00:00:00+00:00,-0.9966
2021-03-05 00:00:00+00:00,-0.893
2021-03-06 00:00:00+00:00,-0.9654
2021-03-07 00:00:00+00:00,-1.5573
2021-03-08 00:00:00+00:00,-0.812
2021-03-09 00:00:00+00:00,-0.7705
2021-03-10 00:00:00+00:00,-0.8511
2021-03-11 00:00:00+00:00,-0.7134
2021-03-12 00:00:00+00:00,-0.8703
2021-03-13 00:00:00+00:00,-1.5531
2021-03-14 00:00:00+00:00,-1.1505
2021-03-15 00:00:00+00:00,-0.7693
2021-03-16 00:00:00+00:00,-0.7783
2021-03-17 00:00:00+00:00,-1.2283
2021-03-18 00:00:00+00:00,-0.6119
2021-03-19 00:00:00+00:00,-1.3081
2021-03-20 00:00:00+00:00,-1.9157
2021-03-21 00:00:00+00:00,-1.4939
2021-03-22 00:00:00+00:00,-1.0264
2021-03-23 00:00:00+00:00,-0.7675
2021-03-24 00:00:00+00:00,-1.3879
2021-03-25 00:00:00+00:00,-1.7288
2021-03-26 00:00:00+00:00,-0.966
2021-03-27 00:00:00+00:00,-0.524
2021-03-28 00:00:00+00:00,-0.8153
2021-03-29 00:00:00+00:00,-1.4585
2021-03-30 00:00:00+00:00,-0.9006
2021-03-31 00:00:00+00:00,-0.8789
2021-04-01 00:00:00+00:00,-0.8316
2021-04-02 00:00:00+00:00,-0.443
2021-04-03 00:00:00+00:00,-0.4663
2021-04-04 00:00:00+00:00,-1.2979
2021-04-05 00:00:00+00:00,-1.2042
2021-04-06 00:00:00+00:00,-0.447
2021-04-07 00:00:00+00:00,-0.4679
2021-04-08 00:00:00+00:00,-0.6013
2021-04-09 00:00:00+00:00,-0.524
2021-04-10 00:00:00+00:00,-1.0552
2021-04-11 00:00:00+00:00,-1.5819
2021-04-12 00:00:00+00:00,-1.0146
2021-04-13 00:00:00+00:00,-0.6989
2021-04-14 00:00:00+00:00,-0.4425
2021-04-15 00:00:00+00:00,-0.4846
2021-04-16 00:00:00+00:00,-0.5069
2021-04-17 00:00:00+00:00,-0.7642
2021-04-18 00:00:00+00:00,-1.0451
2021-04-19 00:00:00+00:00,-0.5242
2021-04-20 00:00:00+00:00,-0.6238
2021-04-21 00:00:00+00:00,-0.5721
2021-04-22 00:00:00+00:00,-1.0053
2021-04-23 00:00:00+00:00,-1.2882
2021-04-24 00:00:00+00:00,-0.9913
2021-04-25 00:00:00+00:00,-1.3146
2021-04-26 00:00:00+00:00,-0.6691
2021-04-27 00:00:00+00:00,-0.1208
2021-04-28 00:00:00+00:00,-0.5789
2021-04-29 00:00:00+00:00,-0.4636
2021-04-30 00:00:00+00:00,-0.5781
2021-05-01 00:00:00+00:00,-1.0259
2021-05-02 00:00:00+00:00,-0.7933
2021-05-03 00:00:00+00:00,-0.3606
2021-05-04 00:00:00+00:00,-0.605
2021-05-05 00:00:00+00:00,-0.6066
2021-05-06 00:00:00+00:00,-0.7296
2021-05-07 00:00:00+00:00,-0.4489
2021-05-08 00:00:00+00:00,-0.9589
2021-05-09 00:00:00+00:00,-1.4985
2021-05-10 00:00:00+00:00,-1.0226
2021-05-11 00:00:00+00:00,-1.1739
2021-05-12 00:00:00+00:00,-1.7764
2021-05-13 00:00:00+00:00,-1.9442
2021-05-14 00:00:00+00:00,-1.7368
2021-05-15 00:00:00+00:00,-1.8422
2021-05-16 00:00:00+00:00,-1.7905
2021-05-17 00:00:00+00:00,-1.1923
2021-05-18 00:00:00+00:00,-1.0211
2021-05-19 00:00:00+00:00,-1.2822
2021-05-20 00:00:00+00:00,-1.0087
2021-05-21 00:00:00+00:00,-0.8731
2021-05-22 00:00:00+00:00,-0.9365
2021-05-23 00:00:00+00:00,-1.3004
2021-05-24 00:00:00+00:00,-0.9252
2021-05-25 00:00:00+00:00,-0.5541
2021-05-26 00:00:00+00:00,-0.5505
2021-05-27 00:00:00+00:00,-1.0148
2021-05-28 00:00:00+00:00,-0.8209
2021-05-29 00:00:00+00:00,-1.4223
2021-05-30 00:00:00+00:00,-1.1429
2021-05-31 00:00:00+00:00,-1.0874
2021-06-01 00:00:00+00:00,-1.0142
2021-06-02 00:00:00+00:00,-1.0657
2021-06-03 00:00:00+00:00,-0.8118
2021-06-04 00:00:00+00:00,-1.087
2021-06-05 00:00:00+00:00,-0.9043
2021-06-06 00:00:00+00:00,-1.2564
2021-06-07 00:00:00+00:00,-0.7438
2021-06-08 00:00:00+00:00,-1.061
2021-06-09 00:00:00+00:00,-0.9692
2021-06-10 00:00:00+00:00,-1.086
2021-06-11 00:00:00+00:00,-0.9806
2021-06-12 00:00:00+00:00,-1.3406
2021-06-13 00:00:00+00:00,-1.4714
2021-06-14 00:00:00+00:00,-0.9236
2021-06-15 00:00:00+00:00,-0.7483
2021-06-16 00:00:00+00:00,-0.7572
2021-06-17 00:00:00+00:00,-0.7673
2021-06-18 00:00:00+00:00,-1.308
2021-06-19 00:00:00+00:00,-1.3605
2021-06-20 00:00:00+00:00,-2.5793
2021-06-21 00:00:00+00:00,-1.2268
2021-06-22 00:00:00+00:00,-0.8356
2021-06-23 00:00:00+00:00,-0.8627
2021-06-24 00:00:00+00:00,-0.5032
2021-06-25 00:00:00+00:00,-0.5033
2021-06-26 00:00:00+00:00,-0.4776
2021-06-27 00:00:00+00:00,-0.8921
2021-06-28 00:00:00+00:00,-0.682
2021-06-29 00:00:00+00:00,-0.8355
2021-06-30 00:00:00+00:00,-0.9477
2021-07-01 00:00:00+00:00,-1.18
2021-07-02 00:00:00+00:00,-1.261
2021-07-03 00:00:00+00:00,-0.9419
2021-07-04 00:00:00+00:00,-1.0829
2021-07-05 00:00:00+00:00,-1.0786
2021-07-06 00:00:00+00:00,-0.5253
2021-07-07 00:00:00+00:00,-1.8719
2021-07-08 00:00:00+00:00,-2.0817
2021-07-09 00:00:00+00:00,-1.1481
2021-07-10 00:00:00+00:00,-1.0391
2021-07-11 00:00:00+00:00,-0.9583
2021-07-12 00:00:00+00:00,-0.8024
2021-07-13 00:00:00+00:00,-0.8636
2021-07-14 00:00:00+00:00,-0.8481
2021-07-15 00:00:00+00:00,-0.9414
2021-07-16 00:00:00+00:00,-1.0298
2021-07-17 00:00:00+00:00,-1.213
2021-07-18 00:00:00+00:00,-1.7711
2021-07-19 00:00:00+00:00,-1.3845
2021-07-20 00:00:00+00:00,-1.0977
2021-07-21 00:00:00+00:00,-1.2215
2021-07-22 00:00:00+00:00,-1.3117
2021-07-23 00:00:00+00:00,-1.4268
2021-07-24 00:00:00+00:00,-1.4308
2021-07-25 00:00:00+00:00,-1.3353
2021-07-26 00:00:00+00:00,-1.0458
2021-07-27 00:00:00+00:00,-0.699
2021-07-28 00:00:00+00:00,-0.852
2021-07-29 00:00:00+00:00,-0.5021
2021-07-30 00:00:00+00:00,-0.8037
2021-07-31 00:00:00+00:00,-1.5883
2021-08-01 00:00:00+00:00,-0.9088
2021-08-02 00:00:00+00:00,-1.0968
2021-08-03 00:00:00+00:00,-0.8824
2021-08-04 00:00:00+00:00,-0.898
2021-08-05 00:00:00+00:00,-1.3011
2021-08-06 00:00:00+00:00,-0.6345
2021-08-07 00:00:00+00:00,-0.5318
2021-08-08 00:00:00+00:00,-1.4706
2021-08-09 00:00:00+00:00,-1.0555
2021-08-10 00:00:00+00:00,-0.8143
2021-08-11 00:00:00+00:00,-1.017
2021-08-12 00:00:00+00:00,-0.8964
2021-08-13 00:00:00+00:00,-0.8721
2021-08-14 00:00:00+00:00,-1.1464
2021-08-15 00:00:00+00:00,-1.4584
2021-08-16 00:00:00+00:00,-1.039
2021-08-17 00:00:00+00:00,-1.5301
2021-08-18 00:00:00+00:00,-1.4754
2021-08-19 00:00:00+00:00,-1.4106
2021-08-20 00:00:00+00:00,-1.4509
2021-08-21 00:00:00+00:00,-1.9881
2021-08-22 00:00:00+00:00,-1.7074
2021-08-23 00:00:00+00:00,-1.2435
2021-08-24 00:00:00+00:00,-0.8977
2021-08-25 00:00:00+00:00,-0.7269
2021-08-26 00:00:00+00:00,-1.3069
2021-08-27 00:00:00+00:00,-1.1839
2021-08-28 00:00:00+00:00,-1.9379
2021-08-29 00:00:00+00:00,-2.1052
2021-08-30 00:00:00+00:00,-1.366
2021-08-31 00:00:00+00:00,-1.3328
2021-09-01 00:00:00+00:00,-1.4471
2021-09-02 00:00:00+00:00,-1.1843
2021-09-03 00:00:00+00:00,-1.4012
2021-09-04 00:00:00+00:00,-1.3048
2021-09-05 00:00:00+00:00,-1.5456
2021-09-06 00:00:00+00:00,-1.0682
2021-09-07 00:00:00+00:00,-1.442
2021-09-08 00:00:00+00:00,-1.2677
2021-09-09 00:00:00+00:00,-1.7942
2021-09-10 00:00:00+00:00,-1.3342
2021-09-11 00:00:00+00:00,-1.4956
2021-09-12 00:00:00+00:00,-1.4535
2021-09-13 00:00:00+00:00,-1.492
2021-09-14 00:00:00+00:00,-1.207
2021-09-15 00:00:00+00:00,-1.4317
2021-09-16 00:00:00+00:00,-1.0907
2021-09-17 00:00:00+00:00,-1.4434
2021-09-18 00:00:00+00:00,-1.454
2021-09-19 00:00:00+00:00,-1.387
2021-09-20 00:00:00+00:00,-2.4133
2021-09-21 00:00:00+00:00,-2.0751
2021-09-22 00:00:00+00:00,-1.4242
2021-09-23 00:00:00+00:00,-1.0306
2021-09-24 00:00:00+00:00,-1.5129
2021-09-25 00:00:00+00:00,-1.6628
2021-09-26 00:00:00+00:00,-1.5965
2021-09-27 00:00:00+00:00,-1.1951
2021-09-28 00:00:00+00:00,-1.4496
2021-09-29 00:00:00+00:00,-1.413
2021-09-30 00:00:00+00:00,-1.4757
2021-10-01 00:00:00+00:00,-1.5583
2021-10-02 00:00:00+00:00,-1.9656
2021-10-03 00:00:00+00:00,-2.0405
2021-10-04 00:00:00+00:00,-1.7859
2021-10-05 00:00:00+00:00,-1.6473
2021-10-06 00:00:00+00:00,-1.7576
2021-10-07 00:00:00+00:00,-1.3011
2021-10-08 00:00:00+00:00,-1.3825
2021-10-09 00:00:00+00:00,-1.6489
2021-10-10 00:00:00+00:00,-1.6419
2021-10-11 00:00:00+00:00,-1.4441
2021-10-12 00:00:00+00:00,-1.416
2021-10-13 00:00:00+00:00,-1.0145
2021-10-14 00:00:00+00:00,-1.1318
2021-10-15 00:00:00+00:00,-0.6914
2021-10-16 00:00:00+00:00,-1.0727
2021-10-17 00:00:00+00:00,-1.3246
2021-10-18 00:00:00+00:00,-1.2579
2021-10-19 00:00:00+00:00,-1.0499
2021-10-20 00:00:00+00:00,-0.9464
2021-10-21 00:00:00+00:00,-1.5817
2021-10-22 00:00:00+00:00,-1.5529
2021-10-23 00:00:00+00:00,-1.165
2021-10-24 00:00:00+00:00,-1.8502
2021-10-25 00:00:00+00:00,-1.2775
2021-10-26 00:00:00+00:00,-0.9697
2021-10-27 00:00:00+00:00,-1.0424
2021-10-28 00:00:00+00:00,-1.224
2021-10-29 00:00:00+00:00,-1.1038
2021-10-30 00:00:00+00:00,-1.0859
2021-10-31 00:00:00+00:00,-1.4748
2021-11-01 00:00:00+00:00,-0.7345
2021-11-02 00:00:00+00:00,-0.6909
2021-11-03 00:00:00+00:00,-0.7566
2021-11-04 00:00:00+00:00,-1.1645
2021-11-05 00:00:00+00:00,-0.9597
2021-11-06 00:00:00+00:00,-0.9121
2021-11-07 00:00:00+00:00,-1.0311
2021-11-08 00:00:00+00:00,-0.954
2021-11-09 00:00:00+00:00,-1.1456
2021-11-10 00:00:00+00:00,-1.4311
2021-11-11 00:00:00+00:00,-1.3496
2021-11-12 00:00:00+00:00,-1.203
2021-11-13 00:00:00+00:00,-1.469
2021-11-14 00:00:00+00:00,-1.5365
2021-11-15 00:00:00+00:00,-1.1343
2021-11-16 00:00:00+00:00,-0.8346
2021-11-17 00:00:00+00:00,-0.9986
2021-11-18 00:00:00+00:00,-0.9124
2021-11-19 00:00:00+00:00,-1.3264
2021-11-20 00:00:00+00:00,-1.0951
2021-11-21 00:00:00+00:00,-1.403
2021-11-22 00:00:00+00:00,-1.0595
2021-11-23 00:00:00+00:00,-1.1563
2021-11-24 00:00:00+00:00,-1.1307
2021-11-25 00:00:00+00:00,-1.0454
2021-11-26 00:00:00+00:00,-1.6197
2021-11-27 00:00:00+00:00,-1.8773
2021-11-28 00:00:00+00:00,-1.523
2021-11-29 00:00:00+00:00,-1.5026
2021-11-30 00:00:00+00:00,-1.673
2021-12-01 00:00:00+00:00,-1.5995
2021-12-02 00:00:00+00:00,-1.5918
2021-12-03 00:00:00+00:00,-1.7256
2021-12-04 00:00:00+00:00,-1.5296
2021-12-05 00:00:00+00:00,-1.5998
2021-12-06 00:00:00+00:00,-1.5402
2021-12-07 00:00:00+00:00,-0.855
2021-12-08 00:00:00+00:00,-1.1233
2021-12-09 00:00:00+00:00,-0.8205
2021-12-10 00:00:00+00:00,-1.2299
2021-12-11 00:00:00+00:00,-1.2712
2021-12-12 00:00:00+00:00,-1.2387
2021-12-13 00:00:00+00:00,-0.7987
2021-12-14 00:00:00+00:00,-1.3439
2021-12-15 00:00:00+00:00,-1.2413
2021-12-16 00:00:00+00:00,-1.3817
2021-12-17 00:00:00+00:00,-1.4716
2021-12-18 00:00:00+00:00,-1.423
2021-12-19 00:00:00+00:00,-1.7338
2021-12-20 00:00:00+00:00,-1.586
2021-12-21 00:00:00+00:00,-1.5012
2021-12-22 00:00:00+00:00,-1.374
2021-12-23 00:00:00+00:00,-1.1488
2021-12-24 00:00:00+00:00,-0.8929
2021-12-25 00:00:00+00:00,-0.9132
2021-12-26 00:00:00+00:00,-1.2087
2021-12-27 00:00:00+00:00,-1.2673
2021-12-28 00:00:00+00:00,-1.0665
2021-12-29 00:00:00+00:00,-1.7187
2021-12-30 00:00:00+00:00,-1.4206
2021-12-31 00:00:00+00:00,-1.3012
2022-01-01 00:00:00+00:00,-1.5624
2022-01-02 00:00:00+00:00,-1.7985
2022-01-03 00:00:00+00:00,-1.1736
2022-01-04 00:00:00+00:00,-1.1418
2022-01-05 00:00:00+00:00,-1.1411
2022-01-06 00:00:00+00:00,-1.4658
2022-01-07 00:00:00+00:00,-1.7854
2022-01-08 00:00:00+00:00,-1.6722
2022-01-09 00:00:00+00:00,-1.8984
2022-01-10 00:00:00+00:00,-1.4032
2022-01-11 00:00:00+00:00,-1.2908
2022-01-12 00:00:00+00:00,-1.2474
2022-01-13 00:00:00+00:00,-1.1434
2022-01-14 00:00:00+00:00,-1.5224
2022-01-15 00:00:00+00:00,-1.4724
2022-01-16 00:00:00+00:00,-1.958
2022-01-17 00:00:00+00:00,-1.5581
2022-01-18 00:00:00+00:00,-1.1289
2022-01-19 00:00:00+00:00,-1.2911
2022-01-20 00:00:00+00:00,-1.5141
2022-01-21 00:00:00+00:00,-1.495
2022-01-22 00:00:00+00:00,-1.4836
2022-01-23 00:00:00+00:00,-1.5064
2022-01-24 00:00:00+00:00,-1.7681
2022-01-25 00:00:00+00:00,-1.9598
2022-01-26 00:00:00+00:00,-1.6476
2022-01-27 00:00:00+00:00,-1.4642
2022-01-28 00:00:00+00:00,-1.4133
2022-01-29 00:00:00+00:00,-1.3379
2022-01-30 00:00:00+00:00,-1.3263
2022-01-31 00:00:00+00:00,-1.4936
2022-02-01 00:00:00+00:00,-1.2587
2022-02-02 00:00:00+00:00,-1.2363
2022-02-03 00:00:00+00:00,-1.3113
2022-02-04 00:00:00+00:00,-1.2407
2022-02-05 00:00:00+00:00,-1.2923
2022-02-06 00:00:00+00:00,-1.2878
2022-02-07 00:00:00+00:00,-1.1269
2022-02-08 00:00:00+00:00,-1.4364
2022-02-09 00:00:00+00:00,-0.9838
2022-02-10 00:00:00+00:00,-0.9115
2022-02-11 00:00:00+00:00,-1.1734
2022-02-12 00:00:00+00:00,-1.3903
2022-02-13 00:00:00+00:00,-2.1102
2022-02-14 00:00:00+00:00,-1.1796
2022-02-15 00:00:00+00:00,-1.3538
2022-02-16 00:00:00+00:00,-1.3325
2022-02-17 00:00:00+00:00,-1.352
2022-02-18 00:00:00+00:00,-1.5264
2022-02-19 00:00:00+00:00,-1.1723
2022-02-20 00:00:00+00:00,-1.326
2022-02-21 00:00:00+00:00,-1.2526
2022-02-22 00:00:00+00:00,-1.88
2022-02-23 00:00:00+00:00,-1.6437
2022-02-24 00:00:00+00:00,-2.6641
2022-02-25 00:00:00+00:00,-2.0807
2022-02-26 00:00:00+00:00,-1.7976
2022-02-27 00:00:00+00:00,-2.4588
2022-02-28 00:00:00+00:00,-2.6478
2022-03-01 00:00:00+00:00,-1.8937
2022-03-02 00:00:00+00:00,-1.9431
2022-03-03 00:00:00+00:00,-1.7331
2022-03-04 00:00:00+00:00,-2.1923
2022-03-05 00:00:00+00:00,-1.6959
2022-03-06 00:00:00+00:00,-2.6801
2022-03-07 00:00:00+00:00,-2.2051
2022-03-08 00:00:00+00:00,-2.3494
2022-03-09 00:00:00+00:00,-2.1042
2022-03-10 00:00:00+00:00,-1.8232
2022-03-11 00:00:00+00:00,-1.984
2022-03-12 00:00:00+00:00,-1.7031
2022-03-13 00:00:00+00:00,-2.1884
2022-03-14 00:00:00+00:00,-2.139
2022-03-15 00:00:00+00:00,-1.9623
2022-03-16 00:00:00+00:00,-1.7284
2022-03-17 00:00:00+00:00,-1.6463
2022-03-18 00:00:00+00:00,-1.7727
2022-03-19 00:00:00+00:00,-1.8761
2022-03-20 00:00:00+00:00,-1.9795
2022-03-21 00:00:00+00:00,-1.668
2022-03-22 00:00:00+00:00,-1.443
2022-03-23 00:00:00+00:00,-1.6028
2022-03-24 00:00:00+00:00,-1.9483
2022-03-25 00:00:00+00:00,-1.7047
2022-03-26 00:00:00+00:00,-1.9746
2022-03-27 00:00:00+00:00,-1.8395
2022-03-28 00:00:00+00:00,-1.6971
2022-03-29 00:00:00+00:00,-1.5841
2022-03-30 00:00:00+00:00,-1.5499
2022-03-31 00:00:00+00:00,-1.6139
2022-04-01 00:00:00+00:00,-1.6983
2022-04-02 00:00:00+00:00,-1.6029
2022-04-03 00:00:00+00:00,-2.6288
2022-04-04 00:00:00+00:00,-1.2598
2022-04-05 00:00:00+00:00,-2.1883
2022-04-06 00:00:00+00:00,-1.9762
2022-04-07 00:00:00+00:00,-1.9179
2022-04-08 00:00:00+00:00,-1.8056
2022-04-09 00:00:00+00:00,-2.3346
2022-04-10 00:00:00+00:00,-2.2291
2022-04-11 00:00:00+00:00,-2.2317
2022-04-12 00:00:00+00:00,-1.7967
2022-04-13 00:00:00+00:00,-1.8541
2022-04-14 00:00:00+00:00,-1.6125
2022-04-15 00:00:00+00:00,-1.7592
2022-04-16 00:00:00+00:00,-1.6426
2022-04-17 00:00:00+00:00,-1.7821
2022-04-18 00:00:00+00:00,-1.7762
2022-04-19 00:00:00+00:00,-1.5328
2022-04-20 00:00:00+00:00,-1.9102
2022-04-21 00:00:00+00:00,-1.3468
2022-04-22 00:00:00+00:00,-1.4139
2022-04-23 00:00:00+00:00,-1.5936
2022-04-24 00:00:00+00:00,-1.7126
2022-04-25 00:00:00+00:00,-1.7314
2022-04-26 00:00:00+00:00,-1.6464
2022-04-27 00:00:00+00:00,-1.431
2022-04-28 00:00:00+00:00,-1.5466
2022-04-29 00:00:00+00:00,-1.5267
2022-04-30 00:00:00+00:00,-1.46
2022-05-01 00:00:00+00:00,-1.5512
2022-05-02 00:00:00+00:00,-1.6035
2022-05-03 00:00:00+00:00,-1.4042
2022-05-04 00:00:00+00:00,-1.4196
2022-05-05 00:00:00+00:00,-1.5835
2022-05-06 00:00:00+00:00,-1.8409
2022-05-07 00:00:00+00:00,-1.3271
2022-05-08 00:00:00+00:00,-1.6902
2022-05-09 00:00:00+00:00,-2.2011
2022-05-10 00:00:00+00:00,-1.8378
2022-05-11 00:00:00+00:00,-1.6947
2022-05-12 00:00:00+00:00,-1.9718
2022-05-13 00:00:00+00:00,-1.8257
2022-05-14 00:00:00+00:00,-1.9872
2022-05-15 00:00:00+00:00,-2.0211
2022-05-16 00:00:00+00:00,-1.6025
2022-05-17 00:00:00+00:00,-1.6984
2022-05-18 00:00:00+00:00,-1.6966
2022-05-19 00:00:00+00:00,-1.8875
2022-05-20 00:00:00+00:00,-1.9115
2022-05-21 00:00:00+00:00,-1.7264
2022-05-22 00:00:00+00:00,-1.9067
2022-05-23 00:00:00+00:00,-1.9188
2022-05-24 00:00:00+00:00,-1.9946
2022-05-25 00:00:00+00:00,-1.7549
2022-05-26 00:00:00+00:00,-1.8816
2022-05-27 00:00:00+00:00,-1.3846
2022-05-28 00:00:00+00:00,-1.4949
2022-05-29 00:00:00+00:00,-1.7176
2022-05-30 00:00:00+00:00,-1.4846
2022-05-31 00:00:00+00:00,-1.4415
2022-06-01 00:00:00+00:00,-1.3918
2022-06-02 00:00:00+00:00,-1.4579
2022-06-03 00:00:00+00:00,-1.6229
2022-06-04 00:00:00+00:00,-1.2064
2022-06-05 00:00:00+00:00,-1.5659
2022-06-06 00:00:00+00:00,-1.5602
2022-06-07 00:00:00+00:00,-1.6343
2022-06-08 00:00:00+00:00,-1.7312
2022-06-09 00:00:00+00:00,-1.5727
2022-06-10 00:00:00+00:00,-1.8896
2022-06-11 00:00:00+00:00,-1.854
2022-06-12 00:00:00+00:00,-1.7575
2022-06-13 00:00:00+00:00,-2.0515
2022-06-14 00:00:00+00:00,-2.0819
2022-06-15 00:00:00+00:00,-1.9708
2022-06-16 00:00:00+00:00,-1.8286
2022-06-17 00:00:00+00:00,-1.865
2022-06-18 00:00:00+00:00,-2.1556
2022-06-19 00:00:00+00:00,-2.2264
2022-06-20 00:00:00+00:00,-1.8696
2022-06-21 00:00:00+00:00,-1.6408
2022-06-22 00:00:00+00:00,-1.9015
2022-06-23 00:00:00+00:00,-1.9267
2022-06-24 00:00:00+00:00,-1.8212
2022-06-25 00:00:00+00:00,-2.1168
2022-06-26 00:00:00+00:00,-1.8746
2022-06-27 00:00:00+00:00,-1.1036
2022-06-28 00:00:00+00:00,-1.4296
2022-06-29 00:00:00+00:00,-1.6017
2022-06-30 00:00:00+00:00,-1.8721
2022-07-01 00:00:00+00:00,-1.8044
2022-07-02 00:00:00+00:00,-2.0408
2022-07-03 00:00:00+00:00,-2.2344
2022-07-04 00:00:00+00:00,-1.7152
2022-07-05 00:00:00+00:00,-1.6684
2022-07-06 00:00:00+00:00,-1.9454
2022-07-07 00:00:00+00:00,-1.7979
2022-07-08 00:00:00+00:00,-1.928
2022-07-09 00:00:00+00:00,-2.1674
2022-07-10 00:00:00+00:00,-2.2364
2022-07-11 00:00:00+00:00,-1.6801
2022-07-12 00:00:00+00:00,-1.4595
2022-07-13 00:00:00+00:00,-1.7213
2022-07-14 00:00:00+00:00,-1.6328
2022-07-15 00:00:00+00:00,-1.5787
2022-07-16 00:00:00+00:00,-1.4706
2022-07-17 00:00:00+00:00,-2.1216
2022-07-18 00:00:00+00:00,-1.5057
2022-07-19 00:00:00+00:00,-1.4548
2022-07-20 00:00:00+00:00,-1.147
2022-07-21 00:00:00+00:00,-1.3889
2022-07-22 00:00:00+00:00,-1.521
2022-07-23 00:00:00+00:00,-1.9132
2022-07-24 00:00:00+00:00,-1.8145
2022-07-25 00:00:00+00:00,-1.538
2022-07-26 00:00:00+00:00,-1.5017
2022-07-27 00:00:00+00:00,-1.627
2022-07-28 00:00:00+00:00,-1.67
2022-07-29 00:00:00+00:00,-1.2979
2022-07-30 00:00:00+00:00,-1.7096
2022-07-31 00:00:00+00:00,-1.7079
2022-08-01 00:00:00+00:00,-1.4524
2022-08-02 00:00:00+00:00,-1.3478
2022-08-03 00:00:00+00:00,-1.4601
2022-08-04 00:00:00+00:00,-1.7355
2022-08-05 00:00:00+00:00,-1.6817
2022-08-06 00:00:00+00:00,-1.6666
2022-08-07 00:00:00+00:00,-1.732
2022-08-08 00:00:00+00:00,-1.4549
2022-08-09 00:00:00+00:00,-1.2075
2022-08-10 00:00:00+00:00,-1.201
2022-08-11 00:00:00+00:00,-1.3632
2022-08-12 00:00:00+00:00,-0.9928
2022-08-13 00:00:00+00:00,-0.857
2022-08-14 00:00:00+00:00,-1.1006
2022-08-15 00:00:00+00:00,-1.5631
2022-08-16 00:00:00+00:00,-0.9515
2022-08-17 00:00:00+00:00,-0.9299
2022-08-18 00:00:00+00:00,-1.354
2022-08-19 00:00:00+00:00,-1.4263
2022-08-20 00:00:00+00:00,-1.5186
2022-08-21 00:00:00+00:00,-1.8905
2022-08-22 00:00:00+00:00,-1.7147
2022-08-23 00:00:00+00:00,-1.568
2022-08-24 00:00:00+00:00,-1.3829
2022-08-25 00:00:00+00:00,-1.2393
2022-08-26 00:00:00+00:00,-1.6726
2022-08-27 00:00:00+00:00,-1.5975
2022-08-28 00:00:00+00:00,-1.5528
2022-08-29 00:00:00+00:00,-1.4751
2022-08-30 00:00:00+00:00,-1.4876
2022-08-31 00:00:00+00:00,-1.5592
2022-09-01 00:00:00+00:00,-1.4651
2022-09-02 00:00:00+00:00,-1.4483
2022-09-03 00:00:00+00:00,-1.9611
2022-09-04 00:00:00+00:00,-1.8418
2022-09-05 00:00:00+00:00,-1.6696
2022-09-06 00:00:00+00:00,-1.1096
2022-09-07 00:00:00+00:00,-1.246
2022-09-08 00:00:00+00:00,-1.2014
2022-09-09 00:00:00+00:00,-1.0852
2022-09-10 00:00:00+00:00,-1.0183
2022-09-11 00:00:00+00:00,-1.262
2022-09-12 00:00:00+00:00,-1.046
2022-09-13 00:00:00+00:00,-1.0766
2022-09-14 00:00:00+00:00,-1.6127
2022-09-15 00:00:00+00:00,-1.2925
2022-09-16 00:00:00+00:00,-1.6709
2022-09-17 00:00:00+00:00,-1.3755
2022-09-18 00:00:00+00:00,-1.4667
2022-09-19 00:00:00+00:00,-1.5009
2022-09-20 00:00:00+00:00,-1.315
2022-09-21 00:00:00+00:00,-1.7054
2022-09-22 00:00:00+00:00,-1.5448
2022-09-23 00:00:00+00:00,-1.9923
2022-09-24 00:00:00+00:00,-1.9427
2022-09-25 00:00:00+00:00,-1.9528
2022-09-26 00:00:00+00:00,-2.1475
2022-09-27 00:00:00+00:00,-1.6838
2022-09-28 00:00:00+00:00,-1.9384
2022-09-29 00:00:00+00:00,-1.7142
2022-09-30 00:00:00+00:00,-1.6755
2022-10-01 00:00:00+00:00,-1.9092
2022-10-02 00:00:00+00:00,-2.1678
2022-10-03 00:00:00+00:00,-1.8245
2022-10-04 00:00:00+00:00,-1.4233
2022-10-05 00:00:00+00:00,-1.6657
2022-10-06 00:00:00+00:00,-1.4782
2022-10-07 00:00:00+00:00,-1.7067
2022-10-08 00:00:00+00:00,-1.4087
2022-10-09 00:00:00+00:00,-1.7104
2022-10-10 00:00:00+00:00,-1.3366
2022-10-11 00:00:00+00:00,-1.8703
2022-10-12 00:00:00+00:00,-1.7758
2022-10-13 00:00:00+00:00,-1.1274
2022-10-14 00:00:00+00:00,-1.5905
2022-10-15 00:00:00+00:00,-1.7765
2022-10-16 00:00:00+00:00,-2.3102
2022-10-17 00:00:00+00:00,-1.5832
2022-10-18 00:00:00+00:00,-1.3765
2022-10-19 00:00:00+00:00,-1.5874
2022-10-20 00:00:00+00:00,-1.5582
2022-10-21 00:00:00+00:00,-1.4965
2022-10-22 00:00:00+00:00,-1.8298
2022-10-23 00:00:00+00:00,-1.8157
2022-10-24 00:00:00+00:00,-1.5021
2022-10-25 00:00:00+00:00,-1.2539
2022-10-26 00:00:00+00:00,-1.2343
2022-10-27 00:00:00+00:00,-1.4051
2022-10-28 00:00:00+00:00,-1.4085
2022-10-29 00:00:00+00:00,-1.4536
2022-10-30 00:00:00+00:00,-1.9334
2022-10-31 00:00:00+00:00,-1.2446
2022-11-01 00:00:00+00:00,-1.2124
2022-11-02 00:00:00+00:00,-1.184
2022-11-03 00:00:00+00:00,-1.3155
2022-11-04 00:00:00+00:00,-1.1569
2022-11-05 00:00:00+00:00,-1.26
2022-11-06 00:00:00+00:00,-1.4436
2022-11-07 00:00:00+00:00,-1.3392
2022-11-08 00:00:00+00:00,-1.4267
2022-11-09 00:00:00+00:00,-1.4431
2022-11-10 00:00:00+00:00,-1.27
2022-11-11 00:00:00+00:00,-1.1003
2022-11-12 00:00:00+00:00,-1.4491
2022-11-13 00:00:00+00:00,-1.5193
2022-11-14 00:00:00+00:00,-1.4026
2022-11-15 00:00:00+00:00,-1.0546
2022-11-16 00:00:00+00:00,-1.2964
2022-11-17 00:00:00+00:00,-1.2419
2022-11-18 00:00:00+00:00,-1.3327
2022-11-19 00:00:00+00:00,-0.8375
2022-11-20 00:00:00+00:00,-1.2072
2022-11-21 00:00:00+00:00,-1.0162
2022-11-22 00:00:00+00:00,-1.0448
2022-11-23 00:00:00+00:00,-0.8193
2022-11-24 00:00:00+00:00,-1.0123
2022-11-25 00:00:00+00:00,-1.1809
2022-11-26 00:00:00+00:00,-1.1028
2022-11-27 00:00:00+00:00,-1.3238
2022-11-28 00:00:00+00:00,-1.2267
2022-11-29 00:00:00+00:00,-0.8666
2022-11-30 00:00:00+00:00,-0.7746
2022-12-01 00:00:00+00:00,-0.588
2022-12-02 00:00:00+00:00,-1.2352
2022-12-03 00:00:00+00:00,-1.1851
2022-12-04 00:00:00+00:00,-1.3619
2022-12-05 00:00:00+00:00,-1.0725
2022-12-06 00:00:00+00:00,-1.1092
2022-12-07 00:00:00+00:00,-1.3214
2022-12-08 00:00:00+00:00,-1.0759
2022-12-09 00:00:00+00:00,-0.6856
2022-12-10 00:00:00+00:00,-1.0986
2022-12-11 00:00:00+00:00,-1.0996
2022-12-12 00:00:00+00:00,-1.1883
2022-12-13 00:00:00+00:00,-1.1405
2022-12-14 00:00:00+00:00,-0.9776
2022-12-15 00:00:00+00:00,-0.9893
2022-12-16 00:00:00+00:00,-1.1804
2022-12-17 00:00:00+00:00,-1.2311
2022-12-18 00:00:00+00:00,-1.1479
2022-12-19 00:00:00+00:00,-1.2069
2022-12-20 00:00:00+00:00,-1.3716
2022-12-21 00:00:00+00:00,-1.1383
2022-12-22 00:00:00+00:00,-0.9481
2022-12-23 00:00:00+00:00,-1.1128
2022-12-24 00:00:00+00:00,-1.2833
2022-12-25 00:00:00+00:00,-0.9022
2022-12-26 00:00:00+00:00,-0.9717
2022-12-27 00:00:00+00:00,-1.0797
2022-12-28 00:00:00+00:00,-1.2656
2022-12-29 00:00:00+00:00,-1.2404
2022-12-30 00:00:00+00:00,-1.6119
2022-12-31 00:00:00+00:00,-1.5522
2023-01-01 00:00:00+00:00,-1.3648
2023-01-02 00:00:00+00:00,-1.3722
2023-01-03 00:00:00+00:00,-1.4191
2023-01-04 00:00:00+00:00,-1.3596
2023-01-05 00:00:00+00:00,-1.1517
2023-01-06 00:00:00+00:00,-1.1673
2023-01-07 00:00:00+00:00,-1.5263
2023-01-08 00:00:00+00:00,-1.1754
2023-01-09 00:00:00+00:00,-0.7144
2023-01-10 00:00:00+00:00,-1.2879
2023-01-11 00:00:00+00:00,-1.4238
2023-01-12 00:00:00+00:00,-0.9055
2023-01-13 00:00:00+00:00,-1.1119
2023-01-14 00:00:00+00:00,-0.8673
2023-01-15 00:00:00+00:00,-1.1287
2023-01-16 00:00:00+00:00,-1.1863
2023-01-17 00:00:00+00:00,-1.1785
2023-01-18 00:00:00+00:00,-1.1739
2023-01-19 00:00:00+00:00,-1.3283
2023-01-20 00:00:00+00:00,-1.119
2023-01-21 00:00:00+00:00,-1.5031
2023-01-22 00:00:00+00:00,-1.1947
2023-01-23 00:00:00+00:00,-1.0833
2023-01-24 00:00:00+00:00,-1.142
2023-01-25 00:00:00+00:00,-1.1107
2023-01-26 00:00:00+00:00,-1.3116
2023-01-27 00:00:00+00:00,-1.1424
2023-01-28 00:00:00+00:00,-0.909
2023-01-29 00:00:00+00:00,-1.1166
2023-01-30 00:00:00+00:00,-1.1595
2023-01-31 00:00:00+00:00,-1.0726
2023-02-01 00:00:00+00:00,-1.0952
2023-02-02 00:00:00+00:00,-1.3027
2023-02-03 00:00:00+00:00,-1.0553
2023-02-04 00:00:00+00:00,-1.0049
2023-02-05 00:00:00+00:00,-1.9292
2023-02-06 00:00:00+00:00,-1.217
2023-02-07 00:00:00+00:00,-1.0354
2023-02-08 00:00:00+00:00,-1.2611
2023-02-09 00:00:00+00:00,-1.2097
2023-02-10 00:00:00+00:00,-1.004
2023-02-11 00:00:00+00:00,-1.2832
2023-02-12 00:00:00+00:00,-1.902
2023-02-13 00:00:00+00:00,-1.0826
2023-02-14 00:00:00+00:00,-1.0284
2023-02-15 00:00:00+00:00,-1.0732
2023-02-16 00:00:00+00:00,-0.9762
2023-02-17 00:00:00+00:00,-1.804
2023-02-18 00:00:00+00:00,-1.7325
2023-02-19 00:00:00+00:00,-1.6085
2023-02-20 00:00:00+00:00,-0.9868
2023-02-21 00:00:00+00:00,-0.725
2023-02-22 00:00:00+00:00,-0.999
2023-02-23 00:00:00+00:00,-1.0397
2023-02-24 00:00:00+00:00,-0.992
2023-02-25 00:00:00+00:00,-1.8135
2023-02-26 00:00:00+00:00,-1.5897
2023-02-27 00:00:00+00:00,-1.0355
2023-02-28 00:00:00+00:00,-0.806
2023-03-01 00:00:00+00:00,-0.9449
2023-03-02 00:00:00+00:00,-0.8737
2023-03-03 00:00:00+00:00,-0.7317
2023-03-04 00:00:00+00:00,-0.7298
2023-03-05 00:00:00+00:00,-1.1579
2023-03-06 00:00:00+00:00,-0.7205
2023-03-07 00:00:00+00:00,-0.9183
2023-03-08 00:00:00+00:00,-0.7911
2023-03-09 00:00:00+00:00,-1.2946
2023-03-10 00:00:00+00:00,-1.4895
2023-03-11 00:00:00+00:00,-1.2833
2023-03-12 00:00:00+00:00,-1.5569
2023-03-13 00:00:00+00:00,-1.5411
2023-03-14 00:00:00+00:00,-1.5454
2023-03-15 00:00:00+00:00,-1.5655
2023-03-16 00:00:00+00:00,-1.3683
2023-03-17 00:00:00+00:00,-1.5686
2023-03-18 00:00:00+00:00,-1.6295
2023-03-19 00:00:00+00:00,-1.311
2023-03-20 00:00:00+00:00,-1.3398
2023-03-21 00:00:00+00:00,-1.1153
2023-03-22 00:00:00+00:00,-0.9728
2023-03-24 00:00:00+00:00,-1.0598
2023-03-25 00:00:00+00:00,-0.8717
2023-03-26 00:00:00+00:00,-1.5546
2023-03-27 00:00:00+00:00,-1.1926
2023-03-28 00:00:00+00:00,-1.1091
2023-03-29 00:00:00+00:00,-0.9933
2023-03-30 00:00:00+00:00,-1.0807
2023-03-31 00:00:00+00:00,-1.102
2023-04-01 00:00:00+00:00,-1.3524
2023-04-02 00:00:00+00:00,-1.1875
2023-04-03 00:00:00+00:00,-1.2211
2023-04-04 00:00:00+00:00,-0.9972
2023-04-05 00:00:00+00:00,-1.1534
2023-04-06 00:00:00+00:00,-1.0733
2023-04-07 00:00:00+00:00,-1.053
2023-04-08 00:00:00+00:00,-1.0927
2023-04-09 00:00:00+00:00,-0.836
2023-04-10 00:00:00+00:00,-0.9581
2023-04-11 00:00:00+00:00,-1.2243
2023-04-12 00:00:00+00:00,-1.1174
2023-04-13 00:00:00+00:00,-1.1323
2023-04-14 00:00:00+00:00,-1.0906
2023-04-15 00:00:00+00:00,-1.2534
2023-04-16 00:00:00+00:00,-1.6226
2023-04-17 00:00:00+00:00,-0.8444
2023-04-18 00:00:00+00:00,-0.9651
2023-04-19 00:00:00+00:00,-0.8635
2023-04-20 00:00:00+00:00,-1.2707
2023-04-21 00:00:00+00:00,-1.0572
2023-04-22 00:00:00+00:00,-0.8604
2023-04-23 00:00:00+00:00,-1.3123
2023-04-24 00:00:00+00:00,-0.6337
2023-04-25 00:00:00+00:00,-0.7451
2023-04-26 00:00:00+00:00,-0.9373
2023-04-27 00:00:00+00:00,-1.0783
2023-04-28 00:00:00+00:00,-1.2593
2023-04-29 00:00:00+00:00,-1.1826
2023-04-30 00:00:00+00:00,-1.0401
2023-05-01 00:00:00+00:00,-1.2287
2023-05-02 00:00:00+00:00,-1.1178
2023-05-03 00:00:00+00:00,-1.3247
2023-05-04 00:00:00+00:00,-1.0809
2023-05-05 00:00:00+00:00,-1.0187
2023-05-06 00:00:00+00:00,-0.7702
2023-05-07 00:00:00+00:00,-0.6646
2023-05-08 00:00:00+00:00,-0.7806
2023-05-09 00:00:00+00:00,-1.0339
2023-05-10 00:00:00+00:00,-1.1569
2023-05-11 00:00:00+00:00,-1.28
2023-05-12 00:00:00+00:00,-1.6484
2023-05-13 00:00:00+00:00,-1.4912
2023-05-14 00:00:00+00:00,-1.0944
2023-05-15 00:00:00+00:00,-1.1263
2023-05-16 00:00:00+00:00,-1.1144
2023-05-17 00:00:00+00:00,-1.0842
2023-05-18 00:00:00+00:00,-1.033
2023-05-19 00:00:00+00:00,-0.9661
2023-05-20 00:00:00+00:00,-1.5681
2023-05-21 00:00:00+00:00,-1.3732
2023-05-22 00:00:00+00:00,-1.1038
2023-05-23 00:00:00+00:00,-1.1541
2023-05-24 00:00:00+00:00,-1.1199
2023-05-25 00:00:00+00:00,-1.5343
2023-05-26 00:00:00+00:00,-1.0641
2023-05-27 00:00:00+00:00,-1.3211
2023-05-28 00:00:00+00:00,-1.384
2023-05-29 00:00:00+00:00,-1.2312
2023-05-30 00:00:00+00:00,-1.0756
2023-05-31 00:00:00+00:00,-1.0773
2023-06-01 00:00:00+00:00,-1.3619
2023-06-02 00:00:00+00:00,-1.0754
2023-06-03 00:00:00+00:00,-1.1265
2023-06-04 00:00:00+00:00,-1.4611
2023-06-05 00:00:00+00:00,-1.08
2023-06-06 00:00:00+00:00,-1.0469
2023-06-07 00:00:00+00:00,-0.8934
2023-06-08 00:00:00+00:00,-0.9354
2023-06-09 00:00:00+00:00,-1.1255
2023-06-10 00:00:00+00:00,-1.4857
2023-06-11 00:00:00+00:00,-1.3702
2023-06-12 00:00:00+00:00,-1.0747
2023-06-13 00:00:00+00:00,-1.1111
2023-06-14 00:00:00+00:00,-1.241
2023-06-15 00:00:00+00:00,-0.8131
2023-06-16 00:00:00+00:00,-0.7376
2023-06-17 00:00:00+00:00,-0.912
2023-06-18 00:00:00+00:00,-1.2695
2023-06-19 00:00:00+00:00,-0.84
2023-06-20 00:00:00+00:00,-0.8676
2023-06-21 00:00:00+00:00,-0.9816
2023-06-22 00:00:00+00:00,-1.3631
2023-06-23 00:00:00+00:00,-1.4034
2023-06-24 00:00:00+00:00,-0.8438
2023-06-25 00:00:00+00:00,-1.2408
2023-06-26 00:00:00+00:00,-1.2778
2023-06-27 00:00:00+00:00,-0.6943
2023-06-28 00:00:00+00:00,-0.9786
2023-06-29 00:00:00+00:00,-0.8759
2023-06-30 00:00:00+00:00,-0.7728
2023-07-01 00:00:00+00:00,-0.3828
2023-07-02 00:00:00+00:00,-1.2555
2023-07-03 00:00:00+00:00,-0.5454
2023-07-04 00:00:00+00:00,-0.915
2023-07-05 00:00:00+00:00,-0.8458
2023-07-06 00:00:00+00:00,-0.9204
2023-07-07 00:00:00+00:00,-0.6476
2023-07-08 00:00:00+00:00,-0.7622
2023-07-09 00:00:00+00:00,-0.8231
2023-07-10 00:00:00+00:00,-0.775
2023-07-11 00:00:00+00:00,-0.7801
2023-07-12 00:00:00+00:00,-0.9461
2023-07-13 00:00:00+00:00,-0.9496
2023-07-14 00:00:00+00:00,-0.7133
2023-07-15 00:00:00+00:00,-0.8165
2023-07-16 00:00:00+00:00,-0.9345
2023-07-17 00:00:00+00:00,-0.8773
2023-07-18 00:00:00+00:00,-0.7442
2023-07-19 00:00:00+00:00,-0.9851
2023-07-20 00:00:00+00:00,-0.7443
2023-07-21 00:00:00+00:00,-0.5331
2023-07-22 00:00:00+00:00,-0.7814
2023-07-23 00:00:00+00:00,-0.1876
2023-07-24 00:00:00+00:00,-0.6674
2023-07-25 00:00:00+00:00,-0.5833
2023-07-26 00:00:00+00:00,-0.6872
2023-07-27 00:00:00+00:00,-0.848
2023-07-28 00:00:00+00:00,-0.6091
2023-07-29 00:00:00+00:00,-0.9087
2023-07-30 00:00:00+00:00,-0.9265
2023-07-31 00:00:00+00:00,-0.418
2023-08-01 00:00:00+00:00,-1.1374
2023-08-02 00:00:00+00:00,-1.0027
2023-08-03 00:00:00+00:00,-0.5671
2023-08-04 00:00:00+00:00,-0.8233
2023-08-05 00:00:00+00:00,-0.3556
2023-08-06 00:00:00+00:00,-0.888
2023-08-07 00:00:00+00:00,-0.6383
2023-08-08 00:00:00+00:00,-1.1177
2023-08-09 00:00:00+00:00,-1.2655
2023-08-10 00:00:00+00:00,-0.9605
2023-08-11 00:00:00+00:00,-0.9622
2023-08-12 00:00:00+00:00,-0.7807
2023-08-13 00:00:00+00:00,-0.8347
2023-08-14 00:00:00+00:00,-1.0882
2023-08-15 00:00:00+00:00,-0.8338
2023-08-16 00:00:00+00:00,-0.8254
2023-08-17 00:00:00+00:00,-0.8833
2023-08-18 00:00:00+00:00,-1.0602
2023-08-19 00:00:00+00:00,-0.8046
2023-08-20 00:00:00+00:00,-1.0252
2023-08-21 00:00:00+00:00,-1.222
2023-08-22 00:00:00+00:00,-0.9521
2023-08-23 00:00:00+00:00,-1.061
2023-08-24 00:00:00+00:00,-1.1058
2023-08-25 00:00:00+00:00,-1.1206
2023-08-26 00:00:00+00:00,-1.1531
2023-08-27 00:00:00+00:00,-1.5484
2023-08-28 00:00:00+00:00,-0.8651
2023-08-29 00:00:00+00:00,-0.8478
2023-08-30 00:00:00+00:00,-0.809
2023-08-31 00:00:00+00:00,-0.8915
2023-09-01 00:00:00+00:00,-0.9997
2023-09-02 00:00:00+00:00,-1.4517
2023-09-03 00:00:00+00:00,-1.2221
2023-09-04 00:00:00+00:00,-0.5333
2023-09-05 00:00:00+00:00,-1.0149
2023-09-06 00:00:00+00:00,-1.0437
2023-09-07 00:00:00+00:00,-1.1238
2023-09-08 00:00:00+00:00,-1.3794
2023-09-09 00:00:00+00:00,-1.2326
2023-09-10 00:00:00+00:00,-1.027
2023-09-11 00:00:00+00:00,-0.9415
2023-09-12 00:00:00+00:00,-0.9549
2023-09-13 00:00:00+00:00,-1.1981
2023-09-14 00:00:00+00:00,-0.9718
2023-09-15 00:00:00+00:00,-0.9061
2023-09-16 00:00:00+00:00,-1.2547
2023-09-17 00:00:00+00:00,-0.629
2023-09-18 00:00:00+00:00,-1.141
2023-09-19 00:00:00+00:00,-1.0874
2023-09-20 00:00:00+00:00,-0.722
2023-09-21 00:00:00+00:00,-1.2088
2023-09-22 00:00:00+00:00,-0.8847
2023-09-23 00:00:00+00:00,-1.0286
2023-09-24 00:00:00+00:00,-1.3077
2023-09-25 00:00:00+00:00,-1.0826
2023-09-26 00:00:00+00:00,-1.0928
2023-09-27 00:00:00+00:00,-1.0396
2023-09-28 00:00:00+00:00,-1.4224
2023-09-29 00:00:00+00:00,-0.958
2023-09-30 00:00:00+00:00,-0.9606
2023-10-01 00:00:00+00:00,-0.9463
2023-10-02 00:00:00+00:00,-1.222
2023-10-03 00:00:00+00:00,-1.135
2023-10-04 00:00:00+00:00,-1.2801
2023-10-05 00:00:00+00:00,-0.8701
2023-10-06 00:00:00+00:00,-0.8876
2023-10-07 00:00:00+00:00,-1.2382
2023-10-08 00:00:00+00:00,-0.9062
2023-10-09 00:00:00+00:00,-0.9209
2023-10-10 00:00:00+00:00,-0.9188
2023-10-11 00:00:00+00:00,-0.7372
2023-10-12 00:00:00+00:00,-0.778
2023-10-13 00:00:00+00:00,-1.0278
2023-10-14 00:00:00+00:00,-0.7469
2023-10-15 00:00:00+00:00,-0.458
2023-10-16 00:00:00+00:00,-0.822
2023-10-17 00:00:00+00:00,-0.7667
2023-10-18 00:00:00+00:00,-1.0567
2023-10-19 00:00:00+00:00,-0.8312
2023-10-20 00:00:00+00:00,-0.9955
2023-10-21 00:00:00+00:00,-1.4171
2023-10-22 00:00:00+00:00,-1.4501
2023-10-23 00:00:00+00:00,-1.0288
2023-10-24 00:00:00+00:00,-1.0987
2023-10-25 00:00:00+00:00,-0.8443
2023-10-26 00:00:00+00:00,-0.6842
2023-10-27 00:00:00+00:00,-0.6082
2023-10-28 00:00:00+00:00,-0.679
2023-10-29 00:00:00+00:00,-0.4722
2023-10-30 00:00:00+00:00,-0.7317
2023-10-31 00:00:00+00:00,-0.6463
2023-11-01 00:00:00+00:00,-0.6596
2023-11-02 00:00:00+00:00,-0.4051
2023-11-03 00:00:00+00:00,-0.6853
2023-11-04 00:00:00+00:00,-0.3584
2023-11-05 00:00:00+00:00,-0.5187
2023-11-06 00:00:00+00:00,-0.5332
2023-11-07 00:00:00+00:00,-0.9838
2023-11-08 00:00:00+00:00,-0.8412
2023-11-09 00:00:00+00:00,-0.7199
2023-11-10 00:00:00+00:00,-0.6742
2023-11-11 00:00:00+00:00,-0.8678
2023-11-12 00:00:00+00:00,-0.9083
2023-11-13 00:00:00+00:00,-0.8743
2023-11-14 00:00:00+00:00,-0.7477
2023-11-15 00:00:00+00:00,-0.6982
2023-11-16 00:00:00+00:00,-0.4094
2023-11-17 00:00:00+00:00,-0.5529
2023-11-18 00:00:00+00:00,-1.0398
2023-11-19 00:00:00+00:00,-1.5482
2023-11-20 00:00:00+00:00,-1.0273
2023-11-21 00:00:00+00:00,-0.9155
2023-11-22 00:00:00+00:00,-0.763
2023-11-23 00:00:00+00:00,-0.8106
2023-11-24 00:00:00+00:00,-0.5765
2023-11-25 00:00:00+00:00,-1.0361
2023-11-26 00:00:00+00:00,-0.6856
2023-11-27 00:00:00+00:00,-0.4083
2023-11-28 00:00:00+00:00,-0.4055
2023-11-29 00:00:00+00:00,-0.749
2023-11-30 00:00:00+00:00,-0.7614
2023-12-01 00:00:00+00:00,-0.8071
2023-12-02 00:00:00+00:00,-0.5983
2023-12-03 00:00:00+00:00,-0.5807
2023-12-04 00:00:00+00:00,-0.9664
2023-12-05 00:00:00+00:00,-0.5127
2023-12-06 00:00:00+00:00,-0.5466
2023-12-07 00:00:00+00:00,-0.7325
2023-12-08 00:00:00+00:00,-0.8048
2023-12-09 00:00:00+00:00,-0.8726
2023-12-10 00:00:00+00:00,-1.5174
2023-12-11 00:00:00+00:00,-1.011
2023-12-12 00:00:00+00:00,-0.9111
2023-12-13 00:00:00+00:00,-0.9164
2023-12-14 00:00:00+00:00,-0.7974
2023-12-15 00:00:00+00:00,-0.6107
2023-12-16 00:00:00+00:00,-0.6713
2023-12-17 00:00:00+00:00,-1.3979
2023-12-18 00:00:00+00:00,-0.8567
2023-12-19 00:00:00+00:00,-0.8556
2023-12-20 00:00:00+00:00,-0.8778
2023-12-21 00:00:00+00:00,-1.2508
2023-12-22 00:00:00+00:00,-0.6616
2023-12-23 00:00:00+00:00,-0.4267
2023-12-24 00:00:00+00:00,-0.8012
2023-12-25 00:00:00+00:00,-0.2373
2023-12-26 00:00:00+00:00,-0.1475
2023-12-27 00:00:00+00:00,-1.0854
2023-12-28 00:00:00+00:00,-0.8993
2023-12-29 00:00:00+00:00,-0.9588
2023-12-30 00:00:00+00:00,-1.0016
2023-12-31 00:00:00+00:00,-0.6807
2024-01-01 00:00:00+00:00,-0.5963
2024-01-02 00:00:00+00:00,-0.8814
2024-01-03 00:00:00+00:00,-1.1083
2024-01-04 00:00:00+00:00,-1.0232
2024-01-05 00:00:00+00:00,-1.1883
2024-01-06 00:00:00+00:00,-1.5015
2024-01-07 00:00:00+00:00,-1.4987
2024-01-08 00:00:00+00:00,-0.9047
2024-01-09 00:00:00+00:00,-0.8787
2024-01-10 00:00:00+00:00,-0.9935
2024-01-11 00:00:00+00:00,-1.0405
2024-01-12 00:00:00+00:00,-1.5917
2024-01-13 00:00:00+00:00,-1.2295
2024-01-14 00:00:00+00:00,-0.3278
2024-01-15 00:00:00+00:00,-1.0955
2024-01-16 00:00:00+00:00,-0.9504
2024-01-17 00:00:00+00:00,-1.0138
2024-01-18 00:00:00+00:00,-1.1312
2024-01-19 00:00:00+00:00,-0.8261
2024-01-20 00:00:00+00:00,-1.0707
2024-01-21 00:00:00+00:00,-1.2618
2024-01-22 00:00:00+00:00,-1.233
2024-01-23 00:00:00+00:00,-1.0102
2024-01-24 00:00:00+00:00,-1.0078
2024-01-25 00:00:00+00:00,-0.9619
2024-01-26 00:00:00+00:00,-0.8526
2024-01-27 00:00:00+00:00,-0.7981
2024-01-28 00:00:00+00:00,-0.8974
2024-01-29 00:00:00+00:00,-1.147
2024-01-30 00:00:00+00:00,-0.7059
2024-01-31 00:00:00+00:00,-0.82
2024-02-01 00:00:00+00:00,-1.1501
2024-02-02 00:00:00+00:00,-1.02
2024-02-03 00:00:00+00:00,-0.916
2024-02-04 00:00:00+00:00,-1.8161
2024-02-05 00:00:00+00:00,-1.535
2024-02-06 00:00:00+00:00,-1.0856
2024-02-07 00:00:00+00:00,-0.9873
2024-02-08 00:00:00+00:00,-0.8848
2024-02-09 00:00:00+00:00,-0.7064
2024-02-10 00:00:00+00:00,-0.7045
2024-02-11 00:00:00+00:00,-0.8882
2024-02-12 00:00:00+00:00,-1.1387
2024-02-13 00:00:00+00:00,-0.9291
2024-02-14 00:00:00+00:00,-0.8365
2024-02-15 00:00:00+00:00,-1.293
2024-02-16 00:00:00+00:00,-1.1369
2024-02-17 00:00:00+00:00,-1.115
2024-02-18 00:00:00+00:00,-0.8453
2024-02-19 00:00:00+00:00,-0.7349
2024-02-20 00:00:00+00:00,-0.707
2024-02-21 00:00:00+00:00,-0.9302
2024-02-22 00:00:00+00:00,-0.9676
2024-02-23 00:00:00+00:00,-0.7798
2024-02-24 00:00:00+00:00,-0.604
2024-02-25 00:00:00+00:00,-1.2199
2024-02-26 00:00:00+00:00,-0.8708
2024-02-27 00:00:00+00:00,-0.5033
2024-02-28 00:00:00+00:00,-0.6265
2024-02-29 00:00:00+00:00,-0.6816
2024-03-01 00:00:00+00:00,-0.7221
2024-03-02 00:00:00+00:00,-0.9905
2024-03-03 00:00:00+00:00,-1.7068
2024-03-04 00:00:00+00:00,-0.755
2024-03-05 00:00:00+00:00,-0.915
2024-03-06 00:00:00+00:00,-1.1783
2024-03-07 00:00:00+00:00,-0.9198
2024-03-08 00:00:00+00:00,-0.9441
2024-03-09 00:00:00+00:00,-0.7141
2024-03-10 00:00:00+00:00,-1.4238
2024-03-11 00:00:00+00:00,-1.0326
2024-03-12 00:00:00+00:00,-0.992
2024-03-13 00:00:00+00:00,-1.075
2024-03-14 00:00:00+00:00,-0.6941
2024-03-15 00:00:00+00:00,-0.982
2024-03-16 00:00:00+00:00,-0.9666
2024-03-17 00:00:00+00:00,-1.0688
2024-03-18 00:00:00+00:00,-1.2286
2024-03-19 00:00:00+00:00,-0.9727
2024-03-20 00:00:00+00:00,-0.9911
2024-03-21 00:00:00+00:00,-0.7834
2024-03-22 00:00:00+00:00,-0.7551
2024-03-23 00:00:00+00:00,-0.6052
2024-03-24 00:00:00+00:00,-1.3799
2024-03-25 00:00:00+00:00,-0.4829
2024-03-26 00:00:00+00:00,-0.7408
2024-03-27 00:00:00+00:00,-0.8459
2024-03-28 00:00:00+00:00,-0.7242
2024-03-29 00:00:00+00:00,-0.7277
2024-03-30 00:00:00+00:00,-0.9768
2024-03-31 00:00:00+00:00,-0.617
2024-04-01 00:00:00+00:00,-0.7993
2024-04-02 00:00:00+00:00,-0.8464
2024-04-03 00:00:00+00:00,-0.88
2024-04-04 00:00:00+00:00,-0.7345
2024-04-05 00:00:00+00:00,-1.1031
2024-04-06 00:00:00+00:00,-0.8717
2024-04-07 00:00:00+00:00,-0.5512
2024-04-08 00:00:00+00:00,-0.6962
2024-04-09 00:00:00+00:00,-0.6687
2024-04-10 00:00:00+00:00,-0.9768
2024-04-11 00:00:00+00:00,-1.0382
2024-04-12 00:00:00+00:00,-1.0697
2024-04-13 00:00:00+00:00,-1.6812
2024-04-14 00:00:00+00:00,-1.0448
2024-04-15 00:00:00+00:00,-1.6949
2024-04-16 00:00:00+00:00,-1.3707
2024-04-17 00:00:00+00:00,-1.2757
2024-04-18 00:00:00+00:00,-1.0696
2024-04-19 00:00:00+00:00,-1.4668
2024-04-20 00:00:00+00:00,-1.3738
2024-04-21 00:00:00+00:00,-1.0784
2024-04-22 00:00:00+00:00,-0.6212
2024-04-23 00:00:00+00:00,-0.5576
2024-04-24 00:00:00+00:00,-0.6967
2024-04-25 00:00:00+00:00,-0.8501
2024-04-26 00:00:00+00:00,-0.7736
2024-04-27 00:00:00+00:00,-1.1728
2024-04-28 00:00:00+00:00,-0.3275
2024-04-29 00:00:00+00:00,-0.6976
2024-04-30 00:00:00+00:00,-0.4831
2024-05-01 00:00:00+00:00,-0.5485
2024-05-02 00:00:00+00:00,-0.9237
2024-05-03 00:00:00+00:00,-0.7695
2024-05-04 00:00:00+00:00,-0.942
2024-05-05 00:00:00+00:00,-0.8788
2024-05-06 00:00:00+00:00,-0.6752
2024-05-07 00:00:00+00:00,-0.5084
2024-05-08 00:00:00+00:00,-1.0415
2024-05-09 00:00:00+00:00,-1.0601
2024-05-10 00:00:00+00:00,-0.9745
2024-05-11 00:00:00+00:00,-0.7028
2024-05-12 00:00:00+00:00,-0.9938
2024-05-13 00:00:00+00:00,-0.5981
2024-05-14 00:00:00+00:00,-0.7349
2024-05-15 00:00:00+00:00,-0.6071
2024-05-16 00:00:00+00:00,-0.8466
2024-05-17 00:00:00+00:00,-0.8517
2024-05-18 00:00:00+00:00,-0.9218
2024-05-19 00:00:00+00:00,-1.1622
2024-05-20 00:00:00+00:00,-0.834
2024-05-21 00:00:00+00:00,-0.896
2024-05-22 00:00:00+00:00,-1.0661
2024-05-23 00:00:00+00:00,-0.9031
2024-05-24 00:00:00+00:00,-0.9174
2024-05-25 00:00:00+00:00,-1.0352
2024-05-26 00:00:00+00:00,-0.5496
2024-05-27 00:00:00+00:00,-0.7357
2024-05-28 00:00:00+00:00,-0.7249
2024-05-29 00:00:00+00:00,-0.8606
2024-05-30 00:00:00+00:00,-1.0065
2024-05-31 00:00:00+00:00,-1.5888
2024-06-01 00:00:00+00:00,-0.5844
2024-06-02 00:00:00+00:00,-0.9394
2024-06-03 00:00:00+00:00,-0.4803
2024-06-04 00:00:00+00:00,-0.8231
2024-06-05 00:00:00+00:00,-1.1413
2024-06-06 00:00:00+00:00,-0.8949
2024-06-07 00:00:00+00:00,-1.2139
2024-06-08 00:00:00+00:00,-0.6865
2024-06-09 00:00:00+00:00,-1.0197
2024-06-10 00:00:00+00:00,-1.0577
2024-06-11 00:00:00+00:00,-1.0414
2024-06-12 00:00:00+00:00,-1.1281
2024-06-13 00:00:00+00:00,-0.9911
2024-06-14 00:00:00+00:00,-0.9817
2024-06-15 00:00:00+00:00,-0.6444
2024-06-16 00:00:00+00:00,-1.378
2024-06-17 00:00:00+00:00,-1.1648
2024-06-18 00:00:00+00:00,-0.9237
2024-06-19 00:00:00+00:00,-1.1118
2024-06-20 00:00:00+00:00,-1.1653
2024-06-21 00:00:00+00:00,-1.085
2024-06-22 00:00:00+00:00,-1.2455
2024-06-23 00:00:00+00:00,-1.4381
2024-06-24 00:00:00+00:00,-1.0329
2024-06-25 00:00:00+00:00,-1.333
2024-06-26 00:00:00+00:00,-0.7768
2024-06-27 00:00:00+00:00,-1.2664
2024-06-28 00:00:00+00:00,-2.4019
2024-06-29 00:00:00+00:00,-1.1007
2024-06-30 00:00:00+00:00,-1.2108
2024-07-01 00:00:00+00:00,-0.8816
2024-07-02 00:00:00+00:00,-0.9599
2024-07-03 00:00:00+00:00,-1.0032
2024-07-04 00:00:00+00:00,-0.6591
2024-07-05 00:00:00+00:00,-0.9093
2024-07-06 00:00:00+00:00,-0.8764
2024-07-07 00:00:00+00:00,-0.5497
2024-07-08 00:00:00+00:00,-0.476
2024-07-09 00:00:00+00:00,-0.8445
2024-07-10 00:00:00+00:00,-0.9289
2024-07-11 00:00:00+00:00,-0.7501
2024-07-12 00:00:00+00:00,-0.6946
2024-07-13 00:00:00+00:00,-0.5248
2024-07-14 00:00:00+00:00,-0.8465
2024-07-15 00:00:00+00:00,-0.7846
2024-07-16 00:00:00+00:00,-0.5848
2024-07-17 00:00:00+00:00,-0.6753
2024-07-18 00:00:00+00:00,-0.8667
2024-07-19 00:00:00+00:00,-1.2313
2024-07-20 00:00:00+00:00,-1.4792
2024-07-21 00:00:00+00:00,-1.0972
2024-07-22 00:00:00+00:00,-0.9832
2024-07-23 00:00:00+00:00,-0.6377
2024-07-24 00:00:00+00:00,-0.721
2024-07-25 00:00:00+00:00,-0.6818
2024-07-26 00:00:00+00:00,-0.8793
2024-07-27 00:00:00+00:00,-0.8973
2024-07-28 00:00:00+00:00,-1.1133
2024-07-29 00:00:00+00:00,-1.1627
2024-07-30 00:00:00+00:00,-0.8139
2024-07-31 00:00:00+00:00,-1.0593
2024-08-01 00:00:00+00:00,-1.0482
2024-08-02 00:00:00+00:00,-1.675
2024-08-03 00:00:00+00:00,-1.851
2024-08-04 00:00:00+00:00,-1.3123
2024-08-05 00:00:00+00:00,-2.5194
2024-08-06 00:00:00+00:00,-1.8269
2024-08-07 00:00:00+00:00,-1.2629
2024-08-08 00:00:00+00:00,-0.9421
2024-08-09 00:00:00+00:00,-1.3105
2024-08-10 00:00:00+00:00,-1.0559
2024-08-11 00:00:00+00:00,-0.9982
2024-08-12 00:00:00+00:00,-1.2371
2024-08-13 00:00:00+00:00,-1.0226
2024-08-14 00:00:00+00:00,-0.9025
2024-08-15 00:00:00+00:00,-0.7579
2024-08-16 00:00:00+00:00,-1.2406
2024-08-17 00:00:00+00:00,-1.2076
2024-08-18 00:00:00+00:00,-1.0923
2024-08-19 00:00:00+00:00,-0.864
2024-08-20 00:00:00+00:00,-1.2176
2024-08-21 00:00:00+00:00,-0.746
2024-08-22 00:00:00+00:00,-0.5497
2024-08-23 00:00:00+00:00,-1.1715
2024-08-24 00:00:00+00:00,-0.954
2024-08-25 00:00:00+00:00,-0.8613
2024-08-26 00:00:00+00:00,-0.8576
2024-08-27 00:00:00+00:00,-0.9226
2024-08-28 00:00:00+00:00,-0.6857
2024-08-29 00:00:00+00:00,-0.7802
2024-08-30 00:00:00+00:00,-0.9265
2024-08-31 00:00:00+00:00,-0.9816
2024-09-01 00:00:00+00:00,-0.9603
2024-09-02 00:00:00+00:00,-0.6563
2024-09-03 00:00:00+00:00,-0.8237
2024-09-04 00:00:00+00:00,-1.19
2024-09-05 00:00:00+00:00,-1.0658
2024-09-06 00:00:00+00:00,-1.2772
2024-09-07 00:00:00+00:00,-1.2568
2024-09-08 00:00:00+00:00,-1.4871
2024-09-09 00:00:00+00:00,-1.3354
2024-09-10 00:00:00+00:00,-1.3003
2024-09-11 00:00:00+00:00,-2.4263
2024-09-12 00:00:00+00:00,-1.616
2024-09-13 00:00:00+00:00,-1.1396
2024-09-14 00:00:00+00:00,-0.5209
2024-09-15 00:00:00+00:00,-1.1322
2024-09-16 00:00:00+00:00,-0.969
2024-09-17 00:00:00+00:00,-0.9722
2024-09-18 00:00:00+00:00,-1.3805
2024-09-19 00:00:00+00:00,-1.4348
2024-09-20 00:00:00+00:00,-1.0874
2024-09-21 00:00:00+00:00,-0.9982
2024-09-22 00:00:00+00:00,-1.2133
2024-09-23 00:00:00+00:00,-0.9952
2024-09-24 00:00:00+00:00,-0.9199
2024-09-25 00:00:00+00:00,-0.7728
2024-09-26 00:00:00+00:00,-1.0347
2024-09-27 00:00:00+00:00,-0.5569
2024-09-28 00:00:00+00:00,-0.8093
2024-09-29 00:00:00+00:00,-0.5914
2024-09-30 00:00:00+00:00,-0.5224
2024-10-01 00:00:00+00:00,-1.1451
2024-10-02 00:00:00+00:00,-1.5869
2024-10-03 00:00:00+00:00,-0.9781
2024-10-04 00:00:00+00:00,-1.164
2024-10-05 00:00:00+00:00,-1.0766
2024-10-06 00:00:00+00:00,-0.7557
2024-10-07 00:00:00+00:00,-1.1182
2024-10-08 00:00:00+00:00,-0.7968
2024-10-09 00:00:00+00:00,-1.0112
2024-10-10 00:00:00+00:00,-0.7466
2024-10-11 00:00:00+00:00,-0.9884
2024-10-12 00:00:00+00:00,-0.7159
2024-10-13 00:00:00+00:00,-0.9377
2024-10-14 00:00:00+00:00,-0.7148
2024-10-15 00:00:00+00:00,-0.7936
2024-10-16 00:00:00+00:00,-0.7828
2024-10-17 00:00:00+00:00,-1.017
2024-10-18 00:00:00+00:00,-0.5208
2024-10-19 00:00:00+00:00,-1.3224
2024-10-20 00:00:00+00:00,-1.1789
2024-10-21 00:00:00+00:00,-0.9546
2024-10-22 00:00:00+00:00,-1.1149
2024-10-23 00:00:00+00:00,-1.3193
2024-10-24 00:00:00+00:00,-1.0017
2024-10-25 00:00:00+00:00,-1.0002
2024-10-26 00:00:00+00:00,-0.7485
2024-10-27 00:00:00+00:00,-1.0164
2024-10-28 00:00:00+00:00,-0.7341
2024-10-29 00:00:00+00:00,-0.6316
2024-10-30 00:00:00+00:00,-0.8848
2024-10-31 00:00:00+00:00,-0.9085
2024-11-01 00:00:00+00:00,-1.1933
2024-11-02 00:00:00+00:00,-1.5226
2024-11-03 00:00:00+00:00,-0.9235
2024-11-04 00:00:00+00:00,-0.8592
2024-11-05 00:00:00+00:00,-1.0598
2024-11-06 00:00:00+00:00,-1.0653
2024-11-07 00:00:00+00:00,-1.1844
2024-11-08 00:00:00+00:00,-1.0182
2024-11-09 00:00:00+00:00,-0.8969
2024-11-10 00:00:00+00:00,-0.5544
2024-11-11 00:00:00+00:00,-0.7319
2024-11-12 00:00:00+00:00,-0.7457
2024-11-13 00:00:00+00:00,-0.7336
2024-11-14 00:00:00+00:00,-0.76
2024-11-15 00:00:00+00:00,-1.0311
2024-11-16 00:00:00+00:00,-0.5588
2024-11-17 00:00:00+00:00,-0.5568
2024-11-18 00:00:00+00:00,-0.8527
2024-11-19 00:00:00+00:00,-0.6471
2024-11-20 00:00:00+00:00,-0.549
2024-11-21 00:00:00+00:00,-0.8629
2024-11-22 00:00:00+00:00,-0.3857
2024-11-23 00:00:00+00:00,-0.6299
2024-11-24 00:00:00+00:00,-0.9742
2024-11-25 00:00:00+00:00,-0.5665
2024-11-26 00:00:00+00:00,-0.9358
2024-11-27 00:00:00+00:00,-1.1595
2024-11-28 00:00:00+00:00,-0.7594
2024-11-29 00:00:00+00:00,-0.7474
2024-11-30 00:00:00+00:00,-0.6519
2024-12-01 00:00:00+00:00,-0.6373
2024-12-02 00:00:00+00:00,-0.5404
2024-12-03 00:00:00+00:00,-0.3799
2024-12-04 00:00:00+00:00,-0.661
2024-12-05 00:00:00+00:00,-0.6695
2024-12-06 00:00:00+00:00,-0.8472
2024-12-07 00:00:00+00:00,-1.0315
2024-12-08 00:00:00+00:00,-0.8654
2024-12-09 00:00:00+00:00,-0.8767
2024-12-10 00:00:00+00:00,-0.7667
2024-12-11 00:00:00+00:00,-1.205
2024-12-12 00:00:00+00:00,-0.99
2024-12-13 00:00:00+00:00,-0.7536
2024-12-14 00:00:00+00:00,-0.984
2024-12-15 00:00:00+00:00,-1.7579
2024-12-16 00:00:00+00:00,-0.8715
2024-12-17 00:00:00+00:00,-1.1858
2024-12-18 00:00:00+00:00,-1.2026
2024-12-19 00:00:00+00:00,-1.4816
2024-12-20 00:00:00+00:00,-1.5233
2024-12-21 00:00:00+00:00,-1.4222
2024-12-22 00:00:00+00:00,-1.4988
2024-12-23 00:00:00+00:00,-0.7095
2024-12-24 00:00:00+00:00,-0.5471
2024-12-25 00:00:00+00:00,-1.0656
2024-12-26 00:00:00+00:00,-0.496
2024-12-27 00:00:00+00:00,-0.648
2024-12-28 00:00:00+00:00,-0.5733
2024-12-29 00:00:00+00:00,-0.5527
2024-12-30 00:00:00+00:00,-0.7824
2024-12-31 00:00:00+00:00,-0.8405
2025-01-01 00:00:00+00:00,-0.3149
2025-01-02 00:00:00+00:00,-0.7382
2025-01-03 00:00:00+00:00,-0.5043
2025-01-04 00:00:00+00:00,-0.337
2025-01-05 00:00:00+00:00,-0.4888
2025-01-06 00:00:00+00:00,-0.837
2025-01-07 00:00:00+00:00,-0.7121
2025-01-08 00:00:00+00:00,-0.8795
2025-01-09 00:00:00+00:00,-0.7712
2025-01-10 00:00:00+00:00,-1.1553
2025-01-11 00:00:00+00:00,-0.9406
2025-01-12 00:00:00+00:00,-0.9707
2025-01-13 00:00:00+00:00,-1.1717
2025-01-14 00:00:00+00:00,-0.9362
2025-01-15 00:00:00+00:00,-1.2969
2025-01-16 00:00:00+00:00,-0.8467
2025-01-17 00:00:00+00:00,-0.9645
2025-01-18 00:00:00+00:00,-1.2544
2025-01-19 00:00:00+00:00,-0.9033
2025-01-20 00:00:00+00:00,-0.7276
2025-01-21 00:00:00+00:00,-0.9801
2025-01-22 00:00:00+00:00,-0.7929
2025-01-23 00:00:00+00:00,-0.7571
2025-01-24 00:00:00+00:00,-0.642
2025-01-25 00:00:00+00:00,-0.5687
2025-01-26 00:00:00+00:00,-0.667
2025-01-27 00:00:00+00:00,-1.0171
2025-01-28 00:00:00+00:00,-0.8774
2025-01-29 00:00:00+00:00,-1.2845
2025-01-30 00:00:00+00:00,-1.0179
2025-01-31 00:00:00+00:00,-1.064
2025-02-01 00:00:00+00:00,-1.161
2025-02-02 00:00:00+00:00,-1.8284
2025-02-03 00:00:00+00:00,-1.746
2025-02-04 00:00:00+00:00,-1.5057
2025-02-05 00:00:00+00:00,-1.0912
2025-02-06 00:00:00+00:00,-1.1878
2025-02-07 00:00:00+00:00,-1.1535
2025-02-08 00:00:00+00:00,-1.0896
2025-02-09 00:00:00+00:00,-0.934
2025-02-10 00:00:00+00:00,-1.3296
2025-02-11 00:00:00+00:00,-1.1222
2025-02-12 00:00:00+00:00,-1.2948
2025-02-13 00:00:00+00:00,-1.2028
2025-02-14 00:00:00+00:00,-0.856
2025-02-15 00:00:00+00:00,-1.1298
2025-02-16 00:00:00+00:00,-0.6334
2025-02-17 00:00:00+00:00,-1.3252
2025-02-18 00:00:00+00:00,-1.272
2025-02-19 00:00:00+00:00,-1.0398
2025-02-20 00:00:00+00:00,-1.0075
2025-02-21 00:00:00+00:00,-1.6592
2025-02-22 00:00:00+00:00,-1.2161
2025-02-23 00:00:00+00:00,-0.8379
2025-02-24 00:00:00+00:00,-0.8647
2025-02-25 00:00:00+00:00,-0.8167
2025-02-26 00:00:00+00:00,-0.7216
2025-02-27 00:00:00+00:00,-1.1749
2025-02-28 00:00:00+00:00,-1.3417
2025-03-01 00:00:00+00:00,-1.1599
2025-03-02 00:00:00+00:00,-1.1658
2025-03-03 00:00:00+00:00,-0.9313
2025-03-04 00:00:00+00:00,-1.5539
2025-03-05 00:00:00+00:00,-1.4026
2025-03-06 00:00:00+00:00,-1.2905
2025-03-07 00:00:00+00:00,-1.3433
2025-03-08 00:00:00+00:00,-1.2997
2025-03-09 00:00:00+00:00,-0.9651
2025-03-10 00:00:00+00:00,-1.8329
2025-03-11 00:00:00+00:00,-2.0808
2025-03-12 00:00:00+00:00,-1.5246
2025-03-13 00:00:00+00:00,-1.2864
2025-03-14 00:00:00+00:00,-1.2902
2025-03-15 00:00:00+00:00,-1.4144
2025-03-16 00:00:00+00:00,-1.2322
2025-03-17 00:00:00+00:00,-1.1758
2025-03-18 00:00:00+00:00,-0.9956
2025-03-19 00:00:00+00:00,-1.2997
2025-03-20 00:00:00+00:00,-1.1694
2025-03-21 00:00:00+00:00,-1.1729
2025-03-22 00:00:00+00:00,-0.7969
2025-03-23 00:00:00+00:00,-1.0187
2025-03-24 00:00:00+00:00,-0.9623
2025-03-25 00:00:00+00:00,-1.0068
2025-03-26 00:00:00+00:00,-1.1573
2025-03-27 00:00:00+00:00,-1.0994
2025-03-28 00:00:00+00:00,-1.4007
2025-03-29 00:00:00+00:00,-0.9257
2025-03-30 00:00:00+00:00,-0.9094
2025-03-31 00:00:00+00:00,-1.4711
2025-04-01 00:00:00+00:00,-0.9865
2025-04-02 00:00:00+00:00,-1.0055
2025-04-03 00:00:00+00:00,-1.7699
2025-04-04 00:00:00+00:00,-1.9755
2025-04-05 00:00:00+00:00,-1.8175
2025-04-06 00:00:00+00:00,-1.1723
2025-04-07 00:00:00+00:00,-2.4622
2025-04-08 00:00:00+00:00,-1.6965
2025-04-09 00:00:00+00:00,-1.6813
2025-04-10 00:00:00+00:00,-1.3962
2025-04-11 00:00:00+00:00,-1.3405
2025-04-12 00:00:00+00:00,-1.3659
2025-04-13 00:00:00+00:00,-1.3607
2025-04-14 00:00:00+00:00,-0.9634
2025-04-15 00:00:00+00:00,-1.0511
2025-04-16 00:00:00+00:00,-1.4412
2025-04-17 00:00:00+00:00,-1.6642
2025-04-18 00:00:00+00:00,-1.6644
2025-04-19 00:00:00+00:00,-1.3116
2025-04-20 00:00:00+00:00,-1.8175
2025-04-21 00:00:00+00:00,-1.4218
2025-04-22 00:00:00+00:00,-1.4965
2025-04-23 00:00:00+00:00,-1.4632
2025-04-24 00:00:00+00:00,-1.3429
2025-04-25 00:00:00+00:00,-1.2235
2025-04-26 00:00:00+00:00,-1.1937
2025-04-27 00:00:00+00:00,-0.9706
2025-04-28 00:00:00+00:00,-1.1044
2025-04-29 00:00:00+00:00,-0.7709
2025-04-30 00:00:00+00:00,-1.4431
2025-05-01 00:00:00+00:00,-1.2715
2025-05-02 00:00:00+00:00,-1.2113
2025-05-03 00:00:00+00:00,-1.2822
2025-05-04 00:00:00+00:00,-1.2591
2025-05-05 00:00:00+00:00,-1.2088
2025-05-06 00:00:00+00:00,-0.6634
2025-05-07 00:00:00+00:00,-1.0572
2025-05-08 00:00:00+00:00,-0.9546
2025-05-09 00:00:00+00:00,-0.7488
2025-05-10 00:00:00+00:00,-0.6682
2025-05-11 00:00:00+00:00,-0.424
2025-05-12 00:00:00+00:00,-0.7002
2025-05-13 00:00:00+00:00,-0.7985
2025-05-14 00:00:00+00:00,-0.732
2025-05-15 00:00:00+00:00,-0.6362
2025-05-16 00:00:00+00:00,-1.3203
2025-05-17 00:00:00+00:00,-0.9766
2025-05-18 00:00:00+00:00,-1.5256
2025-05-19 00:00:00+00:00,-1.6162
2025-05-20 00:00:00+00:00,-1.3067
2025-05-21 00:00:00+00:00,-1.1682
2025-05-22 00:00:00+00:00,-1.3567
2025-05-23 00:00:00+00:00,-1.2276
2025-05-24 00:00:00+00:00,-0.7702
2025-05-25 00:00:00+00:00,-0.7541
2025-05-26 00:00:00+00:00,-1.1064
2025-05-27 00:00:00+00:00,-0.8119
2025-05-28 00:00:00+00:00,-0.7545
2025-05-29 00:00:00+00:00,-1.4026
2025-05-30 00:00:00+00:00,-0.7447
2025-05-31 00:00:00+00:00,-1.0846
2025-06-01 00:00:00+00:00,-0.8989
2025-06-02 00:00:00+00:00,-1.0883
2025-06-03 00:00:00+00:00,-1.1346
2025-06-04 00:00:00+00:00,-1.5361
2025-06-05 00:00:00+00:00,-1.3896
2025-06-06 00:00:00+00:00,-1.0467
2025-06-07 00:00:00+00:00,-1.2425
2025-06-08 00:00:00+00:00,-0.643
2025-06-09 00:00:00+00:00,-1.1054
2025-06-10 00:00:00+00:00,-0.9265
2025-06-11 00:00:00+00:00,-1.0218
2025-06-12 00:00:00+00:00,-1.2694
2025-06-13 00:00:00+00:00,-1.8345
2025-06-14 00:00:00+00:00,-1.5813
2025-07-02 00:00:00+00:00,-0.9864
2025-07-03 00:00:00+00:00,-1.6509
2025-07-04 00:00:00+00:00,-1.2222
2025-07-05 00:00:00+00:00,-1.0982
2025-07-06 00:00:00+00:00,-1.1306
2025-07-07 00:00:00+00:00,-1.1868
2025-07-08 00:00:00+00:00,-1.0552
2025-07-09 00:00:00+00:00,-1.0072
2025-07-10 00:00:00+00:00,-1.0874
2025-07-11 00:00:00+00:00,-1.4802
2025-07-12 00:00:00+00:00,-1.0379
2025-07-13 00:00:00+00:00,-1.698
2025-07-14 00:00:00+00:00,-1.1451
2025-07-15 00:00:00+00:00,-1.0011
2025-07-16 00:00:00+00:00,-1.3727
2025-07-17 00:00:00+00:00,-1.3153
2025-07-18 00:00:00+00:00,-0.8677
2025-07-19 00:00:00+00:00,-0.9633
2025-07-20 00:00:00+00:00,-1.4407
2025-07-21 00:00:00+00:00,-1.0628
2025-07-22 00:00:00+00:00,-0.8586
2025-07-23 00:00:00+00:00,-0.8995
2025-07-24 00:00:00+00:00,-1.0592
2025-07-25 00:00:00+00:00,-1.1498
2025-07-26 00:00:00+00:00,-0.7697
2025-07-27 00:00:00+00:00,-0.6663
2025-07-28 00:00:00+00:00,-0.6098
2025-07-29 00:00:00+00:00,-0.8276
2025-07-30 00:00:00+00:00,-1.1042
2025-07-31 00:00:00+00:00,-1.0867
2025-08-01 00:00:00+00:00,-1.3474
2025-08-02 00:00:00+00:00,-1.5897
2025-08-03 00:00:00+00:00,-1.2594
2025-08-04 00:00:00+00:00,-1.2893
2025-08-05 00:00:00+00:00,-0.8327
2025-08-06 00:00:00+00:00,-1.0309
2025-08-07 00:00:00+00:00,-0.9827
2025-08-08 00:00:00+00:00,-0.7347
2025-08-09 00:00:00+00:00,-0.6781
2025-08-10 00:00:00+00:00,-1.2778
2025-08-11 00:00:00+00:00,-0.9588
2025-08-12 00:00:00+00:00,-0.9201
2025-08-13 00:00:00+00:00,-0.8297
2025-08-14 00:00:00+00:00,-0.9053
2025-08-15 00:00:00+00:00,-1.0727
2025-08-16 00:00:00+00:00,-1.2953
2025-08-17 00:00:00+00:00,-1.598
2025-08-18 00:00:00+00:00,-0.9769
2025-08-19 00:00:00+00:00,-0.884
2025-08-20 00:00:00+00:00,-0.9925
2025-08-21 00:00:00+00:00,-1.3687
2025-08-22 00:00:00+00:00,-1.4831
2025-08-23 00:00:00+00:00,-1.6037
2025-08-24 00:00:00+00:00,-1.3249
2025-08-25 00:00:00+00:00,-0.9138
2025-08-26 00:00:00+00:00,-2.253
2025-08-27 00:00:00+00:00,-1.6622
2025-08-28 00:00:00+00:00,-1.7852
2025-08-29 00:00:00+00:00,-1.82
2025-08-30 00:00:00+00:00,-1.6571
2025-08-31 00:00:00+00:00,-1.1567
2025-09-01 00:00:00+00:00,-1.5735
2025-09-02 00:00:00+00:00,-0.9385
2025-09-03 00:00:00+00:00,-0.9819
2025-09-04 00:00:00+00:00,-1.2227
2025-09-05 00:00:00+00:00,-1.5438
2025-09-06 00:00:00+00:00,-1.3207
2025-09-07 00:00:00+00:00,-1.2994
2025-09-08 00:00:00+00:00,-1.2863
2025-09-09 00:00:00+00:00,-0.9981
2025-09-10 00:00:00+00:00,-1.3855
2025-09-11 00:00:00+00:00,-1.2132
2025-09-12 00:00:00+00:00,-0.7578
2025-09-13 00:00:00+00:00,-1.3771
2025-09-14 00:00:00+00:00,-1.5827
2025-09-15 00:00:00+00:00,-0.5762
2025-09-16 00:00:00+00:00,-1.3066
2025-09-17 00:00:00+00:00,-1.4526
2025-09-18 00:00:00+00:00,-1.4765
2025-09-19 00:00:00+00:00,-1.182
2025-09-20 00:00:00+00:00,-1.0458
2025-09-21 00:00:00+00:00,0.542
2025-09-22 00:00:00+00:00,-0.7974
2025-09-23 00:00:00+00:00,-1.1644
2025-09-24 00:00:00+00:00,-1.1796
2025-09-25 00:00:00+00:00,-0.9753
2025-09-26 00:00:00+00:00,-1.8699
2025-09-27 00:00:00+00:00,-1.7933
2025-09-28 00:00:00+00:00,-2.0992
2025-09-29 00:00:00+00:00,-1.0789
2025-09-30 00:00:00+00:00,-0.9846
2025-10-01 00:00:00+00:00,-1.53
2025-10-02 00:00:00+00:00,-0.9875
2025-10-03 00:00:00+00:00,-1.1195
2025-10-04 00:00:00+00:00,-0.6352
2025-10-05 00:00:00+00:00,-0.9246
2025-10-06 00:00:00+00:00,-0.8862
2025-10-07 00:00:00+00:00,-0.6358
2025-10-08 00:00:00+00:00,-0.9334
2025-10-09 00:00:00+00:00,-0.8397
2025-10-10 00:00:00+00:00,-1.3067
2025-10-11 00:00:00+00:00,-1.0173
2025-10-12 00:00:00+00:00,-1.7435
2025-10-13 00:00:00+00:00,-0.8499
2025-10-14 00:00:00+00:00,-0.6627
2025-10-15 00:00:00+00:00,-1.1007
2025-10-16 00:00:00+00:00,-0.6071
2025-10-17 00:00:00+00:00,-0.9728
2025-10-18 00:00:00+00:00,-0.8772
2025-10-19 00:00:00+00:00,-0.9142
2025-10-20 00:00:00+00:00,-0.39
2025-10-21 00:00:00+00:00,-0.6195
2025-10-22 00:00:00+00:00,-0.4101
2025-10-23 00:00:00+00:00,-0.8265
2025-10-24 00:00:00+00:00,-0.9964
2025-10-25 00:00:00+00:00,-0.8778
2025-10-26 00:00:00+00:00,-1.2445
2025-10-27 00:00:00+00:00,-0.2558
2025-10-28 00:00:00+00:00,-0.4783
2025-10-29 00:00:00+00:00,-1.2192
2025-10-30 00:00:00+00:00,-0.8576
2025-10-31 00:00:00+00:00,-0.5827
2025-11-01 00:00:00+00:00,-0.4807
2025-11-02 00:00:00+00:00,-1.4691
2025-11-03 00:00:00+00:00,-0.8826
2025-11-04 00:00:00+00:00,-1.1729
2025-11-05 00:00:00+00:00,-0.9847
2025-11-06 00:00:00+00:00,-0.9523
2025-11-07 00:00:00+00:00,-1.2383
2025-11-08 00:00:00+00:00,-0.9583
2025-11-09 00:00:00+00:00,-0.775
2025-11-10 00:00:00+00:00,-0.3954
2025-11-11 00:00:00+00:00,-0.8975
2025-11-12 00:00:00+00:00,-0.6041
2025-11-13 00:00:00+00:00,-0.9551
2025-11-14 00:00:00+00:00,-1.3445
2025-11-15 00:00:00+00:00,-1.491
2025-11-16 00:00:00+00:00,-0.8479
2025-11-17 00:00:00+00:00,-0.9821
2025-11-18 00:00:00+00:00,-1.123
2025-11-19 00:00:00+00:00,-1.061
2025-11-20 00:00:00+00:00,-0.9073
2025-11-21 00:00:00+00:00,-1.2731
2025-11-22 00:00:00+00:00,-0.8259
2025-11-23 00:00:00+00:00,-1.2319
2025-11-24 00:00:00+00:00,-0.9321
2025-11-25 00:00:00+00:00,-0.4066
2025-11-26 00:00:00+00:00,-1.2348
2025-11-27 00:00:00+00:00,-0.2942
2025-11-28 00:00:00+00:00,-0.39
2025-11-29 00:00:00+00:00,-0.9626
2025-11-30 00:00:00+00:00,-1.1859
2025-12-01 00:00:00+00:00,-0.9183
2025-12-02 00:00:00+00:00,-0.5761
2025-12-03 00:00:00+00:00,-0.8635
2025-12-04 00:00:00+00:00,-0.734
2025-12-05 00:00:00+00:00,-0.4506
2025-12-06 00:00:00+00:00,1.3514
2025-12-07 00:00:00+00:00,-0.2395
2025-12-08 00:00:00+00:00,-1.1094
2025-12-09 00:00:00+00:00,-0.8271
2025-12-10 00:00:00+00:00,-1.1686
2025-12-11 00:00:00+00:00,-1.1654
2025-12-12 00:00:00+00:00,-0.5208
2025-12-13 00:00:00+00:00,-0.6773
2025-12-14 00:00:00+00:00,-0.3406
2025-12-15 00:00:00+00:00,-0.851
2025-12-16 00:00:00+00:00,-1.3111
2025-12-17 00:00:00+00:00,-0.9945
2025-12-18 00:00:00+00:00,-1.1
2025-12-19 00:00:00+00:00,-0.7362
2025-12-20 00:00:00+00:00,-0.9104
2025-12-21 00:00:00+00:00,-0.5778
2025-12-22 00:00:00+00:00,-0.5231
2025-12-23 00:00:00+00:00,-0.4061
2025-12-24 00:00:00+00:00,-0.3808
2025-12-25 00:00:00+00:00,-0.4005
2025-12-26 00:00:00+00:00,-0.1357
2025-12-27 00:00:00+00:00,-0.5722
2025-12-28 00:00:00+00:00,-0.378
2025-12-29 00:00:00+00:00,-1.0228
2025-12-30 00:00:00+00:00,-1.3256
2025-12-31 00:00:00+00:00,-1.2939
2026-01-01 00:00:00+00:00,-1.8811
2026-01-02 00:00:00+00:00,-1.4556
2026-01-03 00:00:00+00:00,-2.3872
2026-01-04 00:00:00+00:00,-1.4474
2026-01-05 00:00:00+00:00,-1.1415
2026-01-06 00:00:00+00:00,-0.7219
2026-01-07 00:00:00+00:00,-1.2283
2026-01-08 00:00:00+00:00,-1.2856
2026-01-09 00:00:00+00:00,-1.4869
2026-01-10 00:00:00+00:00,-1.4217
2026-01-11 00:00:00+00:00,-1.5074
2026-01-12 00:00:00+00:00,-2.7086
2026-01-13 00:00:00+00:00,-2.1385
2026-01-14 00:00:00+00:00,-1.5428
2026-01-15 00:00:00+00:00,-1.3264
2026-01-16 00:00:00+00:00,-1.1391
2026-01-17 00:00:00+00:00,-1.9882
2026-01-18 00:00:00+00:00,-1.5457
2026-01-19 00:00:00+00:00,-1.2261
2026-01-20 00:00:00+00:00,-1.3538
2026-01-21 00:00:00+00:00,-1.5265
2026-01-22 00:00:00+00:00,-1.0953
2026-01-23 00:00:00+00:00,-0.8721
2026-01-24 00:00:00+00:00,-0.8714
2026-01-25 00:00:00+00:00,-0.1017
2026-01-26 00:00:00+00:00,-0.0476
2026-01-27 00:00:00+00:00,-0.552
2026-01-28 00:00:00+00:00,-1.2591
2026-01-29 00:00:00+00:00,-0.7585
2026-01-30 00:00:00+00:00,-0.7674
2026-01-31 00:00:00+00:00,-1.5058
2026-02-01 00:00:00+00:00,-1.2715
2026-02-02 00:00:00+00:00,-1.2058
2026-02-03 00:00:00+00:00,-0.6134
2026-02-04 00:00:00+00:00,-0.5795
2026-02-05 00:00:00+00:00,-1.0233
2026-02-06 00:00:00+00:00,-0.9514
2026-02-07 00:00:00+00:00,-0.4657
2026-02-08 00:00:00+00:00,-0.8168
2026-02-09 00:00:00+00:00,-0.5108
2026-02-10 00:00:00+00:00,-0.704
2026-02-11 00:00:00+00:00,-1.3786
2026-02-12 00:00:00+00:00,-0.6935
2026-02-13 00:00:00+00:00,-0.9614
2026-02-14 00:00:00+00:00,-1.4381
2026-02-15 00:00:00+00:00,-0.5839
2026-02-16 00:00:00+00:00,-0.4598
2026-02-17 00:00:00+00:00,-0.7865
2026-02-18 00:00:00+00:00,-0.4894
2026-02-19 00:00:00+00:00,-0.8132
2026-02-20 00:00:00+00:00,-0.9582
2026-02-21 00:00:00+00:00,-1.0977
2026-02-22 00:00:00+00:00,-1.2037
2026-02-23 00:00:00+00:00,-0.8024
2026-02-24 00:00:00+00:00,-0.7005
2026-02-25 00:00:00+00:00,-0.9965
2026-02-26 00:00:00+00:00,-0.4285
2026-02-27 00:00:00+00:00,-0.4672
2026-02-28 00:00:00+00:00,-0.9299
2026-03-01 00:00:00+00:00,-1.4229
2026-03-02 00:00:00+00:00,-2.247
2026-03-03 00:00:00+00:00,-1.9857
2026-03-04 00:00:00+00:00,-1.9449
2026-03-05 00:00:00+00:00,-1.5332
2026-03-06 00:00:00+00:00,-2.1293
2026-03-07 00:00:00+00:00,-2.6921
2026-03-08 00:00:00+00:00,-1.8817
2026-03-09 00:00:00+00:00,-2.8039
2026-03-10 00:00:00+00:00,-2.4334
2026-03-11 00:00:00+00:00,-1.9449
2026-03-12 00:00:00+00:00,-2.3592
2026-03-13 00:00:00+00:00,-2.6289
2026-03-14 00:00:00+00:00,-2.8662
2026-03-15 00:00:00+00:00,-2.6808
2026-03-16 00:00:00+00:00,-2.0008
2026-03-17 00:00:00+00:00,-2.1088
2026-03-18 00:00:00+00:00,-2.0765
2026-03-19 00:00:00+00:00,-2.4177
2026-03-20 00:00:00+00:00,-2.4529
2026-03-21 00:00:00+00:00,-2.6097
2026-03-22 00:00:00+00:00,-2.5179
2026-03-23 00:00:00+00:00,-2.4732
2026-03-24 00:00:00+00:00,-1.7911
2026-03-25 00:00:00+00:00,-1.7404
2026-03-26 00:00:00+00:00,-1.9996
2026-03-27 00:00:00+00:00,-1.7689
2026-03-28 00:00:00+00:00,-2.2727
2026-03-29 00:00:00+00:00,-1.7261
2026-03-30 00:00:00+00:00,-2.3809
2026-03-31 00:00:00+00:00,-1.985
2026-04-01 00:00:00+00:00,-1.813
2026-04-02 00:00:00+00:00,-2.0813
2026-04-03 00:00:00+00:00,-2.1879
2026-04-04 00:00:00+00:00,-2.2411
2026-04-05 00:00:00+00:00,-2.3549
2026-04-06 00:00:00+00:00,-2.0745
2026-04-07 00:00:00+00:00,-2.0602
2026-04-08 00:00:00+00:00,-2.1606
2026-04-09 00:00:00+00:00,-1.8033
2026-04-10 00:00:00+00:00,-2.1072
2026-04-11 00:00:00+00:00,-1.7042
2026-04-12 00:00:00+00:00,-2.0572
2026-04-13 00:00:00+00:00,-2.1438
2026-04-14 00:00:00+00:00,-1.9783
2026-04-15 00:00:00+00:00,-2.1007
2026-04-16 00:00:00+00:00,-1.7446
2026-04-17 00:00:00+00:00,-1.5319
2026-04-18 00:00:00+00:00,-1.2443
2026-04-19 00:00:00+00:00,-1.5727
2026-04-20 00:00:00+00:00,-1.6335
2026-04-21 00:00:00+00:00,-1.6044
2026-04-22 00:00:00+00:00,-1.3943
2026-04-23 00:00:00+00:00,-1.6648
2026-04-24 00:00:00+00:00,-2.2751
2026-04-25 00:00:00+00:00,-1.7557
2026-04-26 00:00:00+00:00,-1.9736
2026-04-27 00:00:00+00:00,-1.3994
2026-04-28 00:00:00+00:00,-1.6688
2026-04-29 00:00:00+00:00,-2.1505
2026-04-30 00:00:00+00:00,-1.8765
2026-05-01 00:00:00+00:00,-1.5532
2026-05-02 00:00:00+00:00,-1.9533
2026-05-03 00:00:00+00:00,-1.7315
2026-05-04 00:00:00+00:00,-1.2949
2026-05-05 00:00:00+00:00,-1.4134
2026-05-06 00:00:00+00:00,-1.1347
2026-05-07 00:00:00+00:00,-0.9822
2026-05-08 00:00:00+00:00,-1.0828
2026-05-09 00:00:00+00:00,-1.1746
2026-05-10 00:00:00+00:00,-1.5821
2026-05-11 00:00:00+00:00,-1.2646
2026-05-12 00:00:00+00:00,-1.9056
2026-05-13 00:00:00+00:00,-1.5428
2026-05-14 00:00:00+00:00,-1.4805
2026-05-15 00:00:00+00:00,-1.3973
2026-05-16 00:00:00+00:00,-1.9445
2026-05-17 00:00:00+00:00,-2.0416
2026-05-18 00:00:00+00:00,-2.0047
2026-05-19 00:00:00+00:00,-1.6639
2026-05-20 00:00:00+00:00,-1.6353
2026-05-21 00:00:00+00:00,-1.5648
2026-05-22 00:00:00+00:00,-1.343
2026-05-23 00:00:00+00:00,-1.3066
2026-05-24 00:00:00+00:00,-1.8942
2026-05-25 00:00:00+00:00,-1.2816
2026-05-26 00:00:00+00:00,-1.1413
2026-05-27 00:00:00+00:00,-1.0963
2026-05-28 00:00:00+00:00,-1.539
2026-05-29 00:00:00+00:00,-1.4033
2026-05-30 00:00:00+00:00,-1.2805
2026-05-31 00:00:00+00:00,-1.7652
2026-06-01 00:00:00+00:00,-1.0642
2026-06-02 00:00:00+00:00,-1.1903
2026-06-03 00:00:00+00:00,-1.4209
2026-06-04 00:00:00+00:00,-1.437
2026-06-05 00:00:00+00:00,-1.5528
2026-06-06 00:00:00+00:00,-1.1658
2026-06-07 00:00:00+00:00,-2.0374
2026-06-08 00:00:00+00:00,-1.299
2026-06-09 00:00:00+00:00,-1.4557
2026-06-10 00:00:00+00:00,-1.4686
2026-06-11 00:00:00+00:00,-1.3009
2026-06-12 00:00:00+00:00,-1.2713
2026-06-13 00:00:00+00:00,-1.2998
2026-06-14 00:00:00+00:00,-1.7528
2026-06-15 00:00:00+00:00,-0.869
2026-06-16 00:00:00+00:00,-1.1308
2026-06-17 00:00:00+00:00,-0.9172
2026-06-18 00:00:00+00:00,-1.1551
2026-06-19 00:00:00+00:00,-1.1091
2026-06-20 00:00:00+00:00,-1.6882
2026-06-21 00:00:00+00:00,-1.3328
2026-06-22 00:00:00+00:00,-1.3495
2026-06-23 00:00:00+00:00,-1.0441
2026-06-24 00:00:00+00:00,-0.8321
2026-06-25 00:00:00+00:00,-1.023
2026-06-26 00:00:00+00:00,-0.5776
2026-06-27 00:00:00+00:00,-1.0508
2026-06-28 00:00:00+00:00,-1.0652
2026-06-29 00:00:00+00:00,-1.7053
2026-06-30 00:00:00+00:00,-1.2163
2026-07-05 00:00:00+00:00,-0.9734
2026-07-06 00:00:00+00:00,-0.4927
2026-07-07 00:00:00+00:00,-1.5194
2026-07-08 00:00:00+00:00,-2.0264
2026-07-09 00:00:00+00:00,-1.2827
2026-07-10 00:00:00+00:00,-0.5567
2026-07-11 00:00:00+00:00,-1.108
2026-07-12 00:00:00+00:00,-1.6387
2026-07-13 00:00:00+00:00,-1.0297
2026-07-14 00:00:00+00:00,-1.3729
2026-07-15 00:00:00+00:00,-0.7879
2026-07-16 00:00:00+00:00,-0.9904
2026-07-17 00:00:00+00:00,-0.9923
2026-07-18 00:00:00+00:00,-1.08
2026-07-19 00:00:00+00:00,-1.9398
2026-07-20 00:00:00+00:00,-1.3871
2026-07-21 00:00:00+00:00,-1.3109
2026-07-22 00:00:00+00:00,-0.8673
2026-07-23 00:00:00+00:00,-1.6541
2026-07-24 00:00:00+00:00,-1.421
2026-07-25 00:00:00+00:00,-1.6619
2026-07-26 00:00:00+00:00,-1.5227
2026-07-27 00:00:00+00:00,-1.1957
2026-07-28 00:00:00+00:00,-0.9243
2026-07-29 00:00:00+00:00,-1.2145
2026-07-30 00:00:00+00:00,-1.3487
2026-07-31 00:00:00+00:00,-1.0334
2026-08-01 00:00:00+00:00,-1.2033
2026-08-02 00:00:00+00:00,-1.3825
2026-08-03 00:00:00+00:00,-1.0375
2026-08-04 00:00:00+00:00,-0.6207
2026-08-05 00:00:00+00:00,-0.4714
2026-08-06 00:00:00+00:00,-0.7841
2026-08-07 00:00:00+00:00,-1.059
2026-08-08 00:00:00+00:00,-1.2609
2026-08-09 00:00:00+00:00,-1.1505
2026-08-10 00:00:00+00:00,-1.0558
2026-08-11 00:00:00+00:00,-1.3799
2026-08-12 00:00:00+00:00,-1.0666
2026-08-13 00:00:00+00:00,-0.5117
2026-08-14 00:00:00+00:00,-1.1294
2026-08-15 00:00:00+00:00,-1.6848
2026-08-16 00:00:00+00:00,-1.231
2026-08-17 00:00:00+00:00,-1.1942
2026-08-18 00:00:00+00:00,-1.6011
2026-08-19 00:00:00+00:00,-1.3324
2026-08-20 00:00:00+00:00,-1.2971
2026-08-21 00:00:00+00:00,-1.241
2026-08-22 00:00:00+00:00,-0.9627
