time,geopolitics_vol
2017-01-01 00:00:00+00:00,4.0404
2017-01-02 00:00:00+00:00,3.0494
2017-01-03 00:00:00+00:00,2.6611
2017-01-04 00:00:00+00:00,2.5511
2017-01-05 00:00:00+00:00,2.7588
2017-01-06 00:00:00+00:00,3.2432
2017-01-07 00:00:00+00:00,2.9643
2017-01-08 00:00:00+00:00,3.3006
2017-01-09 00:00:00+00:00,2.7342
2017-01-10 00:00:00+00:00,2.7924
2017-01-11 00:00:00+00:00,3.1422
2017-01-12 00:00:00+00:00,3.0884
2017-01-13 00:00:00+00:00,3.0865
2017-01-14 00:00:00+00:00,3.0863
2017-01-15 00:00:00+00:00,3.2862
2017-01-16 00:00:00+00:00,3.074
2017-01-17 00:00:00+00:00,2.9447
2017-01-18 00:00:00+00:00,3.033
2017-01-19 00:00:00+00:00,2.9528
2017-01-20 00:00:00+00:00,3.0444
2017-01-21 00:00:00+00:00,2.9474
2017-01-22 00:00:00+00:00,3.3952
2017-01-23 00:00:00+00:00,3.0678
2017-01-24 00:00:00+00:00,2.9462
2017-01-25 00:00:00+00:00,2.7836
2017-01-26 00:00:00+00:00,3.3615
2017-01-27 00:00:00+00:00,3.5473
2017-01-28 00:00:00+00:00,4.5897
2017-01-29 00:00:00+00:00,4.8351
2017-01-30 00:00:00+00:00,3.8475
2017-01-31 00:00:00+00:00,3.5871
2017-02-01 00:00:00+00:00,2.9842
2017-02-02 00:00:00+00:00,3.0674
2017-02-03 00:00:00+00:00,3.7728
2017-02-04 00:00:00+00:00,3.4265
2017-02-05 00:00:00+00:00,3.5001
2017-02-06 00:00:00+00:00,3.0154
2017-02-07 00:00:00+00:00,3.008
2017-02-08 00:00:00+00:00,3.0217
2017-02-09 00:00:00+00:00,3.0306
2017-02-10 00:00:00+00:00,3.2334
2017-02-11 00:00:00+00:00,2.9207
2017-02-12 00:00:00+00:00,3.2579
2017-02-13 00:00:00+00:00,2.9333
2017-02-14 00:00:00+00:00,3.6544
2017-02-15 00:00:00+00:00,3.5444
2017-02-16 00:00:00+00:00,3.1825
2017-02-17 00:00:00+00:00,3.2645
2017-02-18 00:00:00+00:00,3.6176
2017-02-19 00:00:00+00:00,3.7728
2017-02-20 00:00:00+00:00,3.2541
2017-02-21 00:00:00+00:00,2.9885
2017-02-22 00:00:00+00:00,2.7108
2017-02-23 00:00:00+00:00,2.4846
2017-02-24 00:00:00+00:00,3.1201
2017-02-25 00:00:00+00:00,3.4495
2017-02-26 00:00:00+00:00,3.2118
2017-02-27 00:00:00+00:00,3.5181
2017-02-28 00:00:00+00:00,2.763
2017-03-01 00:00:00+00:00,2.8962
2017-03-02 00:00:00+00:00,3.0292
2017-03-03 00:00:00+00:00,2.8667
2017-03-04 00:00:00+00:00,2.9461
2017-03-05 00:00:00+00:00,2.7777
2017-03-06 00:00:00+00:00,2.9609
2017-03-07 00:00:00+00:00,2.6453
2017-03-08 00:00:00+00:00,2.7561
2017-03-09 00:00:00+00:00,2.8576
2017-03-10 00:00:00+00:00,3.0979
2017-03-11 00:00:00+00:00,3.0154
2017-03-12 00:00:00+00:00,3.0215
2017-03-13 00:00:00+00:00,2.7117
2017-03-14 00:00:00+00:00,2.5645
2017-03-15 00:00:00+00:00,2.9002
2017-03-16 00:00:00+00:00,2.9483
2017-03-17 00:00:00+00:00,3.1367
2017-03-18 00:00:00+00:00,3.0461
2017-03-19 00:00:00+00:00,2.9369
2017-03-20 00:00:00+00:00,2.7096
2017-03-21 00:00:00+00:00,2.8389
2017-03-22 00:00:00+00:00,2.6816
2017-03-23 00:00:00+00:00,2.644
2017-03-24 00:00:00+00:00,2.8986
2017-03-25 00:00:00+00:00,2.8791
2017-03-26 00:00:00+00:00,2.7663
2017-03-27 00:00:00+00:00,2.4113
2017-03-28 00:00:00+00:00,2.8297
2017-03-29 00:00:00+00:00,2.825
2017-03-30 00:00:00+00:00,2.8926
2017-03-31 00:00:00+00:00,3.0099
2017-04-01 00:00:00+00:00,3.0522
2017-04-02 00:00:00+00:00,2.9854
2017-04-03 00:00:00+00:00,2.886
2017-04-04 00:00:00+00:00,3.184
2017-04-05 00:00:00+00:00,3.2618
2017-04-06 00:00:00+00:00,3.41
2017-04-07 00:00:00+00:00,5.0315
2017-04-08 00:00:00+00:00,4.0986
2017-04-09 00:00:00+00:00,3.8245
2017-04-10 00:00:00+00:00,3.315
2017-04-11 00:00:00+00:00,3.5002
2017-04-12 00:00:00+00:00,3.4249
2017-04-13 00:00:00+00:00,3.4101
2017-04-14 00:00:00+00:00,3.7177
2017-04-15 00:00:00+00:00,3.7392
2017-04-16 00:00:00+00:00,4.7976
2017-04-17 00:00:00+00:00,3.4175
2017-04-18 00:00:00+00:00,3.1412
2017-04-19 00:00:00+00:00,3.0603
2017-04-20 00:00:00+00:00,3.0445
2017-04-21 00:00:00+00:00,3.0843
2017-04-22 00:00:00+00:00,3.387
2017-04-23 00:00:00+00:00,3.3154
2017-04-24 00:00:00+00:00,3.7867
2017-04-25 00:00:00+00:00,3.2516
2017-04-26 00:00:00+00:00,2.9277
2017-04-27 00:00:00+00:00,3.023
2017-04-28 00:00:00+00:00,3.5512
2017-04-29 00:00:00+00:00,3.5041
2017-04-30 00:00:00+00:00,3.3677
2017-05-01 00:00:00+00:00,3.6945
2017-05-02 00:00:00+00:00,3.42
2017-05-03 00:00:00+00:00,3.1444
2017-05-04 00:00:00+00:00,2.9836
2017-05-05 00:00:00+00:00,3.063
2017-05-06 00:00:00+00:00,3.1541
2017-05-07 00:00:00+00:00,3.165
2017-05-08 00:00:00+00:00,3.2968
2017-05-09 00:00:00+00:00,3.1974
2017-05-10 00:00:00+00:00,3.1144
2017-05-11 00:00:00+00:00,3.0373
2017-05-12 00:00:00+00:00,2.8572
2017-05-13 00:00:00+00:00,2.8633
2017-05-14 00:00:00+00:00,3.4879
2017-05-15 00:00:00+00:00,2.8832
2017-05-16 00:00:00+00:00,3.1022
2017-05-17 00:00:00+00:00,2.7842
2017-05-18 00:00:00+00:00,2.4131
2017-05-19 00:00:00+00:00,3.1187
2017-05-20 00:00:00+00:00,3.3785
2017-05-21 00:00:00+00:00,3.0531
2017-05-22 00:00:00+00:00,2.9878
2017-05-23 00:00:00+00:00,2.4778
2017-05-24 00:00:00+00:00,2.7672
2017-05-25 00:00:00+00:00,3.0957
2017-05-26 00:00:00+00:00,3.3139
2017-05-27 00:00:00+00:00,3.6799
2017-05-28 00:00:00+00:00,3.0522
2017-05-29 00:00:00+00:00,3.3713
2017-05-30 00:00:00+00:00,3.5229
2017-05-31 00:00:00+00:00,2.8099
2017-06-01 00:00:00+00:00,2.7402
2017-06-02 00:00:00+00:00,2.9289
2017-06-03 00:00:00+00:00,2.8552
2017-06-04 00:00:00+00:00,2.6282
2017-06-05 00:00:00+00:00,3.1122
2017-06-06 00:00:00+00:00,2.7957
2017-06-07 00:00:00+00:00,2.9797
2017-06-08 00:00:00+00:00,2.6664
2017-06-09 00:00:00+00:00,2.452
2017-06-10 00:00:00+00:00,2.8283
2017-06-11 00:00:00+00:00,2.9312
2017-06-12 00:00:00+00:00,3.0159
2017-06-13 00:00:00+00:00,3.0669
2017-06-14 00:00:00+00:00,2.9015
2017-06-15 00:00:00+00:00,2.8617
2017-06-16 00:00:00+00:00,2.891
2017-06-17 00:00:00+00:00,2.7797
2017-06-18 00:00:00+00:00,2.816
2017-06-19 00:00:00+00:00,2.8532
2017-06-20 00:00:00+00:00,3.057
2017-06-21 00:00:00+00:00,3.0088
2017-06-22 00:00:00+00:00,2.9159
2017-06-23 00:00:00+00:00,3.1216
2017-06-24 00:00:00+00:00,3.0733
2017-06-25 00:00:00+00:00,2.7425
2017-06-26 00:00:00+00:00,2.411
2017-06-27 00:00:00+00:00,2.7585
2017-06-28 00:00:00+00:00,2.5918
2017-06-29 00:00:00+00:00,2.7442
2017-06-30 00:00:00+00:00,3.0699
2017-07-01 00:00:00+00:00,2.8658
2017-07-02 00:00:00+00:00,3.0437
2017-07-03 00:00:00+00:00,2.6737
2017-07-04 00:00:00+00:00,3.0327
2017-07-05 00:00:00+00:00,3.3889
2017-07-06 00:00:00+00:00,3.5534
2017-07-07 00:00:00+00:00,3.7554
2017-07-08 00:00:00+00:00,3.6869
2017-07-09 00:00:00+00:00,3.5734
2017-07-10 00:00:00+00:00,3.28
2017-07-11 00:00:00+00:00,2.9486
2017-07-12 00:00:00+00:00,3.1916
2017-07-13 00:00:00+00:00,3.1146
2017-07-14 00:00:00+00:00,3.0784
2017-07-15 00:00:00+00:00,2.9505
2017-07-16 00:00:00+00:00,3.1643
2017-07-17 00:00:00+00:00,3.3097
2017-07-18 00:00:00+00:00,3.289
2017-07-19 00:00:00+00:00,3.2346
2017-07-20 00:00:00+00:00,3.4792
2017-07-21 00:00:00+00:00,3.6546
2017-07-22 00:00:00+00:00,3.527
2017-07-23 00:00:00+00:00,3.4666
2017-07-24 00:00:00+00:00,2.9895
2017-07-25 00:00:00+00:00,2.9859
2017-07-26 00:00:00+00:00,3.3993
2017-07-27 00:00:00+00:00,2.8355
2017-07-28 00:00:00+00:00,3.3551
2017-07-29 00:00:00+00:00,3.4701
2017-07-30 00:00:00+00:00,3.5466
2017-07-31 00:00:00+00:00,3.8048
2017-08-01 00:00:00+00:00,3.4028
2017-08-02 00:00:00+00:00,3.5453
2017-08-03 00:00:00+00:00,3.2724
2017-08-04 00:00:00+00:00,3.1196
2017-08-05 00:00:00+00:00,3.7272
2017-08-06 00:00:00+00:00,3.8299
2017-08-07 00:00:00+00:00,3.3414
2017-08-08 00:00:00+00:00,3.3166
2017-08-09 00:00:00+00:00,3.5753
2017-08-10 00:00:00+00:00,3.634
2017-08-11 00:00:00+00:00,3.7953
2017-08-12 00:00:00+00:00,4.1284
2017-08-13 00:00:00+00:00,3.6654
2017-08-14 00:00:00+00:00,3.5366
2017-08-15 00:00:00+00:00,3.975
2017-08-16 00:00:00+00:00,3.4092
2017-08-17 00:00:00+00:00,3.5996
2017-08-18 00:00:00+00:00,3.6266
2017-08-19 00:00:00+00:00,3.5904
2017-08-20 00:00:00+00:00,3.9741
2017-08-21 00:00:00+00:00,3.4535
2017-08-22 00:00:00+00:00,3.9423
2017-08-23 00:00:00+00:00,3.4288
2017-08-24 00:00:00+00:00,7.1973
2017-08-25 00:00:00+00:00,3.415
2017-08-26 00:00:00+00:00,2.8945
2017-08-27 00:00:00+00:00,2.3465
2017-08-28 00:00:00+00:00,3.5473
2017-08-29 00:00:00+00:00,2.8497
2017-08-30 00:00:00+00:00,2.8251
2017-08-31 00:00:00+00:00,2.9084
2017-09-01 00:00:00+00:00,2.7322
2017-09-02 00:00:00+00:00,2.7648
2017-09-03 00:00:00+00:00,3.7489
2017-09-04 00:00:00+00:00,3.2778
2017-09-05 00:00:00+00:00,3.2875
2017-09-06 00:00:00+00:00,2.877
2017-09-07 00:00:00+00:00,3.0477
2017-09-08 00:00:00+00:00,2.6333
2017-09-09 00:00:00+00:00,2.797
2017-09-10 00:00:00+00:00,2.5648
2017-09-11 00:00:00+00:00,3.0203
2017-09-12 00:00:00+00:00,3.0118
2017-09-13 00:00:00+00:00,2.8008
2017-09-14 00:00:00+00:00,2.7447
2017-09-15 00:00:00+00:00,3.4016
2017-09-16 00:00:00+00:00,3.3496
2017-09-17 00:00:00+00:00,2.9655
2017-09-18 00:00:00+00:00,2.9588
2017-09-19 00:00:00+00:00,3.1086
2017-09-20 00:00:00+00:00,2.8302
2017-09-21 00:00:00+00:00,3.1196
2017-09-22 00:00:00+00:00,3.5693
2017-09-23 00:00:00+00:00,3.7427
2017-09-24 00:00:00+00:00,3.3313
2017-09-25 00:00:00+00:00,3.4071
2017-09-26 00:00:00+00:00,3.1178
2017-09-27 00:00:00+00:00,2.7921
2017-09-28 00:00:00+00:00,2.6832
2017-09-29 00:00:00+00:00,2.6369
2017-09-30 00:00:00+00:00,3.104
2017-10-01 00:00:00+00:00,2.8817
2017-10-02 00:00:00+00:00,2.6477
2017-10-03 00:00:00+00:00,2.8125
2017-10-04 00:00:00+00:00,2.7419
2017-10-05 00:00:00+00:00,2.6238
2017-10-06 00:00:00+00:00,3.0709
2017-10-07 00:00:00+00:00,2.817
2017-10-08 00:00:00+00:00,2.8907
2017-10-09 00:00:00+00:00,2.949
2017-10-10 00:00:00+00:00,2.9724
2017-10-11 00:00:00+00:00,3.0025
2017-10-12 00:00:00+00:00,2.7453
2017-10-13 00:00:00+00:00,3.2484
2017-10-14 00:00:00+00:00,3.4508
2017-10-15 00:00:00+00:00,2.7253
2017-10-16 00:00:00+00:00,3.1142
2017-10-17 00:00:00+00:00,3.0628
2017-10-18 00:00:00+00:00,2.8821
2017-10-19 00:00:00+00:00,2.886
2017-10-20 00:00:00+00:00,3.0351
2017-10-21 00:00:00+00:00,3.1327
2017-10-22 00:00:00+00:00,2.7247
2017-10-23 00:00:00+00:00,3.0947
2017-10-24 00:00:00+00:00,2.8487
2017-10-25 00:00:00+00:00,2.6475
2017-10-26 00:00:00+00:00,2.371
2017-10-27 00:00:00+00:00,2.7589
2017-10-28 00:00:00+00:00,2.5918
2017-10-29 00:00:00+00:00,2.6385
2017-10-30 00:00:00+00:00,2.4625
2017-10-31 00:00:00+00:00,2.7342
2017-11-01 00:00:00+00:00,2.5312
2017-11-02 00:00:00+00:00,2.7503
2017-11-03 00:00:00+00:00,3.0228
2017-11-04 00:00:00+00:00,3.4229
2017-11-05 00:00:00+00:00,3.5812
2017-11-06 00:00:00+00:00,2.9439
2017-11-07 00:00:00+00:00,3.0822
2017-11-08 00:00:00+00:00,3.2537
2017-11-09 00:00:00+00:00,3.1592
2017-11-10 00:00:00+00:00,3.7883
2017-11-11 00:00:00+00:00,4.5704
2017-11-12 00:00:00+00:00,4.8733
2017-11-13 00:00:00+00:00,3.2882
2017-11-14 00:00:00+00:00,3.1257
2017-11-15 00:00:00+00:00,2.841
2017-11-16 00:00:00+00:00,3.0057
2017-11-17 00:00:00+00:00,2.7575
2017-11-18 00:00:00+00:00,3.5921
2017-11-19 00:00:00+00:00,3.6568
2017-11-20 00:00:00+00:00,3.8319
2017-11-21 00:00:00+00:00,3.4629
2017-11-22 00:00:00+00:00,3.3258
2017-11-23 00:00:00+00:00,2.7258
2017-11-24 00:00:00+00:00,2.9249
2017-11-25 00:00:00+00:00,2.9672
2017-11-26 00:00:00+00:00,2.5413
2017-11-27 00:00:00+00:00,2.5225
2017-11-28 00:00:00+00:00,2.9594
2017-11-29 00:00:00+00:00,3.592
2017-11-30 00:00:00+00:00,3.0963
2017-12-03 00:00:00+00:00,3.2181
2017-12-04 00:00:00+00:00,3.2525
2017-12-05 00:00:00+00:00,3.0892
2017-12-06 00:00:00+00:00,3.4653
2017-12-07 00:00:00+00:00,3.5582
2017-12-08 00:00:00+00:00,3.1402
2017-12-09 00:00:00+00:00,3.1655
2017-12-10 00:00:00+00:00,3.2038
2017-12-11 00:00:00+00:00,3.2508
2017-12-12 00:00:00+00:00,2.2736
2017-12-13 00:00:00+00:00,2.6849
2017-12-14 00:00:00+00:00,2.7679
2017-12-15 00:00:00+00:00,3.002
2017-12-16 00:00:00+00:00,3.143
2017-12-17 00:00:00+00:00,2.8179
2017-12-18 00:00:00+00:00,2.6534
2017-12-19 00:00:00+00:00,2.7858
2017-12-20 00:00:00+00:00,2.7005
2017-12-21 00:00:00+00:00,3.1976
2017-12-22 00:00:00+00:00,3.0044
2017-12-23 00:00:00+00:00,2.9688
2017-12-24 00:00:00+00:00,2.9044
2017-12-25 00:00:00+00:00,3.3598
2017-12-26 00:00:00+00:00,2.745
2017-12-27 00:00:00+00:00,2.9339
2017-12-28 00:00:00+00:00,2.6873
2017-12-29 00:00:00+00:00,2.8695
2017-12-30 00:00:00+00:00,3.3049
2017-12-31 00:00:00+00:00,3.2731
2018-01-01 00:00:00+00:00,2.9041
2018-01-02 00:00:00+00:00,3.1585
2018-01-03 00:00:00+00:00,3.2855
2018-01-04 00:00:00+00:00,2.9683
2018-01-05 00:00:00+00:00,2.9757
2018-01-06 00:00:00+00:00,2.6689
2018-01-07 00:00:00+00:00,2.4652
2018-01-08 00:00:00+00:00,2.3671
2018-01-09 00:00:00+00:00,2.483
2018-01-10 00:00:00+00:00,2.6003
2018-01-11 00:00:00+00:00,2.6122
2018-01-12 00:00:00+00:00,2.564
2018-01-13 00:00:00+00:00,2.6481
2018-01-14 00:00:00+00:00,2.8963
2018-01-15 00:00:00+00:00,2.4951
2018-01-16 00:00:00+00:00,2.523
2018-01-17 00:00:00+00:00,2.7167
2018-01-18 00:00:00+00:00,2.5142
2018-01-19 00:00:00+00:00,2.5355
2018-01-20 00:00:00+00:00,2.9966
2018-01-21 00:00:00+00:00,3.2798
2018-01-22 00:00:00+00:00,2.7356
2018-01-23 00:00:00+00:00,2.5482
2018-01-24 00:00:00+00:00,2.5846
2018-01-25 00:00:00+00:00,2.6333
2018-01-26 00:00:00+00:00,2.6645
2018-01-27 00:00:00+00:00,2.7177
2018-01-28 00:00:00+00:00,2.9652
2018-01-29 00:00:00+00:00,2.7999
2018-01-30 00:00:00+00:00,2.8747
2018-01-31 00:00:00+00:00,3.1069
2018-02-01 00:00:00+00:00,2.6885
2018-02-02 00:00:00+00:00,2.5046
2018-02-03 00:00:00+00:00,2.9588
2018-02-04 00:00:00+00:00,2.9166
2018-02-05 00:00:00+00:00,2.627
2018-02-06 00:00:00+00:00,2.9145
2018-02-07 00:00:00+00:00,2.7642
2018-02-08 00:00:00+00:00,2.8572
2018-02-09 00:00:00+00:00,2.8021
2018-02-10 00:00:00+00:00,3.2685
2018-02-11 00:00:00+00:00,2.6699
2018-02-12 00:00:00+00:00,2.6854
2018-02-13 00:00:00+00:00,2.5842
2018-02-14 00:00:00+00:00,2.7216
2018-02-15 00:00:00+00:00,2.7392
2018-02-16 00:00:00+00:00,2.6816
2018-02-17 00:00:00+00:00,2.7894
2018-02-18 00:00:00+00:00,3.2552
2018-02-19 00:00:00+00:00,2.5808
2018-02-20 00:00:00+00:00,2.7213
2018-02-21 00:00:00+00:00,3.0544
2018-02-22 00:00:00+00:00,2.9661
2018-02-23 00:00:00+00:00,3.075
2018-02-24 00:00:00+00:00,3.3778
2018-02-25 00:00:00+00:00,3.2845
2018-02-26 00:00:00+00:00,2.4593
2018-02-27 00:00:00+00:00,2.7413
2018-02-28 00:00:00+00:00,2.488
2018-03-01 00:00:00+00:00,2.7041
2018-03-02 00:00:00+00:00,3.4495
2018-03-03 00:00:00+00:00,3.1181
2018-03-04 00:00:00+00:00,3.6976
2018-03-05 00:00:00+00:00,4.0143
2018-03-06 00:00:00+00:00,3.3298
2018-03-07 00:00:00+00:00,3.8374
2018-03-08 00:00:00+00:00,3.5596
2018-03-09 00:00:00+00:00,4.3256
2018-03-10 00:00:00+00:00,3.686
2018-03-11 00:00:00+00:00,3.5487
2018-03-12 00:00:00+00:00,3.061
2018-03-13 00:00:00+00:00,3.081
2018-03-14 00:00:00+00:00,3.216
2018-03-15 00:00:00+00:00,3.6245
2018-03-16 00:00:00+00:00,3.6483
2018-03-17 00:00:00+00:00,4.019
2018-03-18 00:00:00+00:00,3.8069
2018-03-19 00:00:00+00:00,3.1419
2018-03-20 00:00:00+00:00,2.9083
2018-03-21 00:00:00+00:00,2.8052
2018-03-22 00:00:00+00:00,3.1234
2018-03-23 00:00:00+00:00,3.8695
2018-03-24 00:00:00+00:00,3.1105
2018-03-25 00:00:00+00:00,3.5219
2018-03-26 00:00:00+00:00,3.5567
2018-03-27 00:00:00+00:00,3.2728
2018-03-28 00:00:00+00:00,2.8345
2018-03-29 00:00:00+00:00,3.1024
2018-03-30 00:00:00+00:00,3.1007
2018-03-31 00:00:00+00:00,2.9663
2018-04-01 00:00:00+00:00,3.3088
2018-04-02 00:00:00+00:00,2.9771
2018-04-03 00:00:00+00:00,3.2667
2018-04-04 00:00:00+00:00,3.9307
2018-04-05 00:00:00+00:00,3.3816
2018-04-06 00:00:00+00:00,3.9342
2018-04-07 00:00:00+00:00,3.475
2018-04-08 00:00:00+00:00,3.5981
2018-04-09 00:00:00+00:00,3.9464
2018-04-10 00:00:00+00:00,3.4823
2018-04-11 00:00:00+00:00,3.6244
2018-04-12 00:00:00+00:00,3.6765
2018-04-13 00:00:00+00:00,3.7686
2018-04-14 00:00:00+00:00,5.8925
2018-04-15 00:00:00+00:00,3.9612
2018-04-16 00:00:00+00:00,3.6951
2018-04-17 00:00:00+00:00,3.3304
2018-04-18 00:00:00+00:00,3.7895
2018-04-19 00:00:00+00:00,3.2987
2018-04-20 00:00:00+00:00,3.4057
2018-04-21 00:00:00+00:00,3.2875
2018-04-22 00:00:00+00:00,2.9966
2018-04-23 00:00:00+00:00,3.3556
2018-04-24 00:00:00+00:00,3.6773
2018-04-25 00:00:00+00:00,4.0346
2018-04-26 00:00:00+00:00,3.3229
2018-04-27 00:00:00+00:00,4.3956
2018-04-28 00:00:00+00:00,3.9181
2018-04-29 00:00:00+00:00,4.3119
2018-04-30 00:00:00+00:00,4.5345
2018-05-01 00:00:00+00:00,4.119
2018-05-02 00:00:00+00:00,3.1707
2018-05-03 00:00:00+00:00,3.1458
2018-05-04 00:00:00+00:00,3.3545
2018-05-05 00:00:00+00:00,3.2492
2018-05-06 00:00:00+00:00,3.8733
2018-05-07 00:00:00+00:00,3.6381
2018-05-08 00:00:00+00:00,4.1897
2018-05-09 00:00:00+00:00,4.6397
2018-05-10 00:00:00+00:00,3.8732
2018-05-11 00:00:00+00:00,3.4645
2018-05-12 00:00:00+00:00,3.3622
2018-05-13 00:00:00+00:00,3.1106
2018-05-14 00:00:00+00:00,3.7013
2018-05-15 00:00:00+00:00,3.8881
2018-05-16 00:00:00+00:00,3.4543
2018-05-17 00:00:00+00:00,3.0873
2018-05-18 00:00:00+00:00,3.0982
2018-05-19 00:00:00+00:00,2.7594
2018-05-20 00:00:00+00:00,3.5006
2018-05-21 00:00:00+00:00,3.696
2018-05-22 00:00:00+00:00,3.233
2018-05-23 00:00:00+00:00,2.9558
2018-05-24 00:00:00+00:00,3.3108
2018-05-25 00:00:00+00:00,3.3266
2018-05-26 00:00:00+00:00,3.3589
2018-05-27 00:00:00+00:00,3.8884
2018-05-28 00:00:00+00:00,3.0238
2018-05-29 00:00:00+00:00,2.9328
2018-05-30 00:00:00+00:00,3.2776
2018-05-31 00:00:00+00:00,3.3577
2018-06-01 00:00:00+00:00,3.4537
2018-06-02 00:00:00+00:00,3.6622
2018-06-03 00:00:00+00:00,3.0526
2018-06-04 00:00:00+00:00,3.1314
2018-06-05 00:00:00+00:00,2.9366
2018-06-06 00:00:00+00:00,3.0745
2018-06-07 00:00:00+00:00,3.4107
2018-06-08 00:00:00+00:00,3.7386
2018-06-09 00:00:00+00:00,3.5927
2018-06-10 00:00:00+00:00,3.8632
2018-06-11 00:00:00+00:00,3.8246
2018-06-12 00:00:00+00:00,4.2264
2018-06-13 00:00:00+00:00,3.5709
2018-06-14 00:00:00+00:00,3.1317
2018-06-15 00:00:00+00:00,3.2197
2018-06-16 00:00:00+00:00,3.091
2018-06-17 00:00:00+00:00,3.2319
2018-06-18 00:00:00+00:00,3.5172
2018-06-19 00:00:00+00:00,4.1131
2018-06-20 00:00:00+00:00,3.6322
2018-06-21 00:00:00+00:00,2.9543
2018-06-22 00:00:00+00:00,3.4762
2018-06-23 00:00:00+00:00,3.1204
2018-06-24 00:00:00+00:00,2.9619
2018-06-25 00:00:00+00:00,3.1223
2018-06-26 00:00:00+00:00,3.3912
2018-06-27 00:00:00+00:00,3.3234
2018-06-28 00:00:00+00:00,3.6898
2018-06-29 00:00:00+00:00,3.6022
2018-06-30 00:00:00+00:00,3.3394
2018-07-01 00:00:00+00:00,3.3512
2018-07-02 00:00:00+00:00,2.9961
2018-07-03 00:00:00+00:00,2.8262
2018-07-04 00:00:00+00:00,3.0622
2018-07-05 00:00:00+00:00,3.3003
2018-07-06 00:00:00+00:00,4.0858
2018-07-07 00:00:00+00:00,3.3728
2018-07-08 00:00:00+00:00,4.0973
2018-07-09 00:00:00+00:00,3.2242
2018-07-10 00:00:00+00:00,3.0178
2018-07-11 00:00:00+00:00,3.4687
2018-07-12 00:00:00+00:00,3.5368
2018-07-13 00:00:00+00:00,3.3159
2018-07-14 00:00:00+00:00,3.0626
2018-07-15 00:00:00+00:00,3.1313
2018-07-16 00:00:00+00:00,3.5943
2018-07-17 00:00:00+00:00,3.1597
2018-07-18 00:00:00+00:00,3.0729
2018-07-19 00:00:00+00:00,3.3703
2018-07-20 00:00:00+00:00,3.8925
2018-07-21 00:00:00+00:00,3.8152
2018-07-22 00:00:00+00:00,3.6424
2018-07-23 00:00:00+00:00,3.2595
2018-07-24 00:00:00+00:00,2.9876
2018-07-25 00:00:00+00:00,3.02
2018-07-26 00:00:00+00:00,3.4738
2018-07-27 00:00:00+00:00,3.4637
2018-07-28 00:00:00+00:00,2.948
2018-07-29 00:00:00+00:00,3.2441
2018-07-30 00:00:00+00:00,2.8545
2018-07-31 00:00:00+00:00,2.9404
2018-08-01 00:00:00+00:00,3.2712
2018-08-02 00:00:00+00:00,3.3904
2018-08-03 00:00:00+00:00,3.4591
2018-08-04 00:00:00+00:00,3.2527
2018-08-05 00:00:00+00:00,3.0557
2018-08-06 00:00:00+00:00,3.4885
2018-08-07 00:00:00+00:00,3.2384
2018-08-08 00:00:00+00:00,3.2969
2018-08-09 00:00:00+00:00,3.7188
2018-08-10 00:00:00+00:00,3.5014
2018-08-11 00:00:00+00:00,3.0658
2018-08-12 00:00:00+00:00,2.9456
2018-08-13 00:00:00+00:00,3.2023
2018-08-14 00:00:00+00:00,2.9797
2018-08-15 00:00:00+00:00,3.321
2018-08-16 00:00:00+00:00,2.8497
2018-08-17 00:00:00+00:00,3.5519
2018-08-18 00:00:00+00:00,3.5444
2018-08-19 00:00:00+00:00,2.7508
2018-08-20 00:00:00+00:00,3.2394
2018-08-21 00:00:00+00:00,3.5011
2018-08-22 00:00:00+00:00,2.9967
2018-08-23 00:00:00+00:00,3.0898
2018-08-24 00:00:00+00:00,3.3734
2018-08-25 00:00:00+00:00,3.25
2018-08-26 00:00:00+00:00,5.6988
2018-08-27 00:00:00+00:00,3.9943
2018-08-28 00:00:00+00:00,3.338
2018-08-29 00:00:00+00:00,3.2476
2018-08-30 00:00:00+00:00,3.4855
2018-08-31 00:00:00+00:00,3.5901
2018-09-01 00:00:00+00:00,3.8822
2018-09-02 00:00:00+00:00,3.7021
2018-09-03 00:00:00+00:00,2.799
2018-09-04 00:00:00+00:00,2.6746
2018-09-05 00:00:00+00:00,2.9577
2018-09-06 00:00:00+00:00,3.1493
2018-09-07 00:00:00+00:00,3.1914
2018-09-08 00:00:00+00:00,3.1668
2018-09-09 00:00:00+00:00,3.3371
2018-09-10 00:00:00+00:00,2.9119
2018-09-11 00:00:00+00:00,3.5584
2018-09-12 00:00:00+00:00,3.0867
2018-09-13 00:00:00+00:00,2.9143
2018-09-14 00:00:00+00:00,2.5835
2018-09-15 00:00:00+00:00,2.9146
2018-09-16 00:00:00+00:00,2.5196
2018-09-17 00:00:00+00:00,2.4271
2018-09-18 00:00:00+00:00,3.2983
2018-09-19 00:00:00+00:00,3.1583
2018-09-20 00:00:00+00:00,3.0051
2018-09-21 00:00:00+00:00,2.8349
2018-09-22 00:00:00+00:00,3.3769
2018-09-23 00:00:00+00:00,3.594
2018-09-24 00:00:00+00:00,3.1233
2018-09-25 00:00:00+00:00,3.2942
2018-09-26 00:00:00+00:00,3.2445
2018-09-27 00:00:00+00:00,3.0563
2018-09-28 00:00:00+00:00,2.6735
2018-09-29 00:00:00+00:00,3.0695
2018-09-30 00:00:00+00:00,2.9866
2018-10-01 00:00:00+00:00,2.7678
2018-10-02 00:00:00+00:00,2.6219
2018-10-03 00:00:00+00:00,2.9215
2018-10-04 00:00:00+00:00,3.2395
2018-10-05 00:00:00+00:00,3.4434
2018-10-06 00:00:00+00:00,3.1418
2018-10-07 00:00:00+00:00,2.9651
2018-10-08 00:00:00+00:00,2.6235
2018-10-09 00:00:00+00:00,3.021
2018-10-10 00:00:00+00:00,2.72
2018-10-11 00:00:00+00:00,2.955
2018-10-12 00:00:00+00:00,3.2238
2018-10-13 00:00:00+00:00,3.2914
2018-10-14 00:00:00+00:00,3.8859
2018-10-15 00:00:00+00:00,3.4333
2018-10-16 00:00:00+00:00,3.036
2018-10-17 00:00:00+00:00,3.1593
2018-10-18 00:00:00+00:00,2.8201
2018-10-19 00:00:00+00:00,2.9629
2018-10-20 00:00:00+00:00,3.4506
2018-10-21 00:00:00+00:00,3.0249
2018-10-22 00:00:00+00:00,2.653
2018-10-23 00:00:00+00:00,2.952
2018-10-24 00:00:00+00:00,3.0259
2018-10-25 00:00:00+00:00,2.9489
2018-10-26 00:00:00+00:00,2.7234
2018-10-27 00:00:00+00:00,3.4662
2018-10-28 00:00:00+00:00,3.2171
2018-10-29 00:00:00+00:00,2.4573
2018-10-30 00:00:00+00:00,2.9113
2018-10-31 00:00:00+00:00,3.0545
2018-11-01 00:00:00+00:00,3.2592
2018-11-02 00:00:00+00:00,3.6278
2018-11-03 00:00:00+00:00,3.4639
2018-11-04 00:00:00+00:00,4.2461
2018-11-05 00:00:00+00:00,3.5608
2018-11-06 00:00:00+00:00,3.3665
2018-11-07 00:00:00+00:00,3.3126
2018-11-08 00:00:00+00:00,3.4472
2018-11-09 00:00:00+00:00,3.9849
2018-11-10 00:00:00+00:00,5.1391
2018-11-11 00:00:00+00:00,7.1256
2018-11-12 00:00:00+00:00,4.5593
2018-11-13 00:00:00+00:00,3.8665
2018-11-14 00:00:00+00:00,3.1803
2018-11-15 00:00:00+00:00,3.1064
2018-11-16 00:00:00+00:00,3.1295
2018-11-17 00:00:00+00:00,3.6288
2018-11-18 00:00:00+00:00,3.9426
2018-11-19 00:00:00+00:00,3.102
2018-11-20 00:00:00+00:00,3.2002
2018-11-21 00:00:00+00:00,3.1212
2018-11-22 00:00:00+00:00,2.652
2018-11-23 00:00:00+00:00,2.526
2018-11-24 00:00:00+00:00,3.0135
2018-11-25 00:00:00+00:00,2.7851
2018-11-26 00:00:00+00:00,2.8358
2018-11-27 00:00:00+00:00,2.8681
2018-11-28 00:00:00+00:00,3.3559
2018-11-29 00:00:00+00:00,3.3616
2018-11-30 00:00:00+00:00,3.1285
2018-12-01 00:00:00+00:00,6.2074
2018-12-02 00:00:00+00:00,4.2768
2018-12-03 00:00:00+00:00,4.0779
2018-12-04 00:00:00+00:00,4.0763
2018-12-05 00:00:00+00:00,3.7633
2018-12-06 00:00:00+00:00,3.873
2018-12-07 00:00:00+00:00,3.5743
2018-12-08 00:00:00+00:00,2.7515
2018-12-09 00:00:00+00:00,2.7415
2018-12-10 00:00:00+00:00,2.6873
2018-12-11 00:00:00+00:00,2.8254
2018-12-12 00:00:00+00:00,2.9863
2018-12-13 00:00:00+00:00,3.0532
2018-12-14 00:00:00+00:00,2.6394
2018-12-15 00:00:00+00:00,2.549
2018-12-16 00:00:00+00:00,2.8147
2018-12-17 00:00:00+00:00,2.6409
2018-12-18 00:00:00+00:00,2.7362
2018-12-19 00:00:00+00:00,3.0712
2018-12-20 00:00:00+00:00,3.1313
2018-12-21 00:00:00+00:00,3.3455
2018-12-22 00:00:00+00:00,2.7935
2018-12-23 00:00:00+00:00,2.705
2018-12-24 00:00:00+00:00,2.5053
2018-12-25 00:00:00+00:00,2.5654
2018-12-26 00:00:00+00:00,2.8809
2018-12-27 00:00:00+00:00,2.7715
2018-12-28 00:00:00+00:00,3.1042
2018-12-29 00:00:00+00:00,2.7861
2018-12-30 00:00:00+00:00,2.9508
2018-12-31 00:00:00+00:00,3.3792
2019-01-01 00:00:00+00:00,2.7758
2019-01-02 00:00:00+00:00,2.5615
2019-01-03 00:00:00+00:00,2.7563
2019-01-04 00:00:00+00:00,2.8085
2019-01-05 00:00:00+00:00,2.5071
2019-01-06 00:00:00+00:00,2.6945
2019-01-07 00:00:00+00:00,2.5865
2019-01-08 00:00:00+00:00,2.7347
2019-01-09 00:00:00+00:00,2.7785
2019-01-10 00:00:00+00:00,2.5389
2019-01-11 00:00:00+00:00,2.397
2019-01-12 00:00:00+00:00,2.3065
2019-01-13 00:00:00+00:00,2.474
2019-01-14 00:00:00+00:00,2.5999
2019-01-15 00:00:00+00:00,2.4438
2019-01-16 00:00:00+00:00,2.3033
2019-01-17 00:00:00+00:00,2.21
2019-01-18 00:00:00+00:00,2.5898
2019-01-19 00:00:00+00:00,2.7298
2019-01-20 00:00:00+00:00,2.6365
2019-01-21 00:00:00+00:00,2.5725
2019-01-22 00:00:00+00:00,2.6653
2019-01-23 00:00:00+00:00,2.7397
2019-01-24 00:00:00+00:00,2.701
2019-01-25 00:00:00+00:00,2.4281
2019-01-26 00:00:00+00:00,2.5527
2019-01-27 00:00:00+00:00,2.8846
2019-01-28 00:00:00+00:00,2.8293
2019-01-29 00:00:00+00:00,3.1197
2019-01-30 00:00:00+00:00,3.0108
2019-01-31 00:00:00+00:00,3.0012
2019-02-01 00:00:00+00:00,2.9975
2019-02-02 00:00:00+00:00,3.0731
2019-02-03 00:00:00+00:00,2.8993
2019-02-04 00:00:00+00:00,2.8199
2019-02-05 00:00:00+00:00,2.6776
2019-02-06 00:00:00+00:00,3.5376
2019-02-07 00:00:00+00:00,2.6182
2019-02-08 00:00:00+00:00,2.7543
2019-02-09 00:00:00+00:00,2.4505
2019-02-10 00:00:00+00:00,2.7727
2019-02-11 00:00:00+00:00,2.8906
2019-02-12 00:00:00+00:00,2.7245
2019-02-13 00:00:00+00:00,2.9255
2019-02-14 00:00:00+00:00,2.8063
2019-02-15 00:00:00+00:00,3.0239
2019-02-16 00:00:00+00:00,2.9295
2019-02-17 00:00:00+00:00,2.695
2019-02-18 00:00:00+00:00,2.661
2019-02-19 00:00:00+00:00,2.8385
2019-02-20 00:00:00+00:00,2.995
2019-02-21 00:00:00+00:00,2.7274
2019-02-22 00:00:00+00:00,2.7498
2019-02-23 00:00:00+00:00,2.682
2019-02-24 00:00:00+00:00,3.0918
2019-02-25 00:00:00+00:00,3.3509
2019-02-26 00:00:00+00:00,3.3609
2019-02-27 00:00:00+00:00,3.4706
2019-02-28 00:00:00+00:00,3.746
2019-03-01 00:00:00+00:00,3.8288
2019-03-02 00:00:00+00:00,3.1601
2019-03-03 00:00:00+00:00,2.8589
2019-03-04 00:00:00+00:00,2.9439
2019-03-05 00:00:00+00:00,2.8232
2019-03-06 00:00:00+00:00,2.807
2019-03-07 00:00:00+00:00,2.8805
2019-03-08 00:00:00+00:00,3.0141
2019-03-09 00:00:00+00:00,2.8632
2019-03-10 00:00:00+00:00,2.6007
2019-03-11 00:00:00+00:00,2.4496
2019-03-12 00:00:00+00:00,2.2712
2019-03-13 00:00:00+00:00,2.0025
2019-03-14 00:00:00+00:00,2.6395
2019-03-15 00:00:00+00:00,2.961
2019-03-16 00:00:00+00:00,2.5495
2019-03-17 00:00:00+00:00,2.5906
2019-03-18 00:00:00+00:00,2.2759
2019-03-19 00:00:00+00:00,2.4675
2019-03-20 00:00:00+00:00,2.8938
2019-03-21 00:00:00+00:00,3.0172
2019-03-22 00:00:00+00:00,3.2502
2019-03-23 00:00:00+00:00,3.2031
2019-03-24 00:00:00+00:00,2.4591
2019-03-25 00:00:00+00:00,2.728
2019-03-26 00:00:00+00:00,2.5256
2019-03-27 00:00:00+00:00,2.5019
2019-03-28 00:00:00+00:00,2.3061
2019-03-29 00:00:00+00:00,2.4126
2019-03-30 00:00:00+00:00,2.5183
2019-03-31 00:00:00+00:00,2.6572
2019-04-01 00:00:00+00:00,2.5658
2019-04-02 00:00:00+00:00,2.2934
2019-04-03 00:00:00+00:00,2.4152
2019-04-04 00:00:00+00:00,2.5767
2019-04-05 00:00:00+00:00,2.4953
2019-04-06 00:00:00+00:00,3.2025
2019-04-07 00:00:00+00:00,3.1654
2019-04-08 00:00:00+00:00,2.7669
2019-04-09 00:00:00+00:00,2.7254
2019-04-10 00:00:00+00:00,2.4572
2019-04-11 00:00:00+00:00,2.7952
2019-04-12 00:00:00+00:00,2.7444
2019-04-13 00:00:00+00:00,3.111
2019-04-14 00:00:00+00:00,2.7229
2019-04-15 00:00:00+00:00,2.8871
2019-04-16 00:00:00+00:00,2.7159
2019-04-17 00:00:00+00:00,2.9039
2019-04-18 00:00:00+00:00,2.7696
2019-04-19 00:00:00+00:00,2.306
2019-04-20 00:00:00+00:00,2.5143
2019-04-21 00:00:00+00:00,3.6384
2019-04-22 00:00:00+00:00,4.141
2019-04-23 00:00:00+00:00,3.6387
2019-04-24 00:00:00+00:00,3.5798
2019-04-25 00:00:00+00:00,3.5306
2019-04-26 00:00:00+00:00,3.0309
2019-04-27 00:00:00+00:00,2.9291
2019-04-28 00:00:00+00:00,3.166
2019-04-29 00:00:00+00:00,3.144
2019-04-30 00:00:00+00:00,3.0528
2019-05-01 00:00:00+00:00,3.7307
2019-05-02 00:00:00+00:00,3.0163
2019-05-03 00:00:00+00:00,2.9016
2019-05-04 00:00:00+00:00,3.2122
2019-05-05 00:00:00+00:00,3.6241
2019-05-06 00:00:00+00:00,3.3908
2019-05-07 00:00:00+00:00,3.0598
2019-05-08 00:00:00+00:00,3.2129
2019-05-09 00:00:00+00:00,3.6146
2019-05-10 00:00:00+00:00,3.6058
2019-05-11 00:00:00+00:00,3.2319
2019-05-12 00:00:00+00:00,3.4404
2019-05-13 00:00:00+00:00,3.6875
2019-05-14 00:00:00+00:00,3.8869
2019-05-15 00:00:00+00:00,3.543
2019-05-16 00:00:00+00:00,3.7305
2019-05-17 00:00:00+00:00,3.7511
2019-05-18 00:00:00+00:00,3.3956
2019-05-19 00:00:00+00:00,3.818
2019-05-20 00:00:00+00:00,3.639
2019-05-21 00:00:00+00:00,3.1728
2019-05-22 00:00:00+00:00,2.9827
2019-05-23 00:00:00+00:00,3.6665
2019-05-24 00:00:00+00:00,3.4353
2019-05-25 00:00:00+00:00,3.3473
2019-05-26 00:00:00+00:00,3.1401
2019-05-27 00:00:00+00:00,3.1866
2019-05-28 00:00:00+00:00,3.1906
2019-05-29 00:00:00+00:00,3.2136
2019-05-30 00:00:00+00:00,3.4662
2019-05-31 00:00:00+00:00,3.2812
2019-06-01 00:00:00+00:00,3.6191
2019-06-02 00:00:00+00:00,3.402
2019-06-03 00:00:00+00:00,3.563
2019-06-04 00:00:00+00:00,3.7723
2019-06-05 00:00:00+00:00,3.5898
2019-06-06 00:00:00+00:00,4.2807
2019-06-07 00:00:00+00:00,3.4396
2019-06-08 00:00:00+00:00,2.7703
2019-06-09 00:00:00+00:00,2.9488
2019-06-10 00:00:00+00:00,2.8157
2019-06-11 00:00:00+00:00,2.3994
2019-06-12 00:00:00+00:00,2.8517
2019-06-13 00:00:00+00:00,2.9435
2019-06-14 00:00:00+00:00,3.3475
2019-06-15 00:00:00+00:00,3.159
2019-06-16 00:00:00+00:00,3.0746
2019-06-17 00:00:00+00:00,3.1536
2019-06-18 00:00:00+00:00,3.0337
2019-06-19 00:00:00+00:00,3.4906
2019-06-20 00:00:00+00:00,3.8873
2019-06-21 00:00:00+00:00,4.0615
2019-06-22 00:00:00+00:00,3.9993
2019-06-23 00:00:00+00:00,4.1884
2019-06-24 00:00:00+00:00,3.5767
2019-06-25 00:00:00+00:00,3.6972
2019-06-26 00:00:00+00:00,3.5458
2019-06-27 00:00:00+00:00,3.368
2019-06-28 00:00:00+00:00,3.2604
2019-06-29 00:00:00+00:00,3.8471
2019-06-30 00:00:00+00:00,4.0878
2019-07-01 00:00:00+00:00,3.0115
2019-07-02 00:00:00+00:00,2.9054
2019-07-03 00:00:00+00:00,3.4305
2019-07-04 00:00:00+00:00,3.1821
2019-07-05 00:00:00+00:00,2.9321
2019-07-06 00:00:00+00:00,2.7565
2019-07-07 00:00:00+00:00,3.3963
2019-07-08 00:00:00+00:00,2.747
2019-07-09 00:00:00+00:00,2.8827
2019-07-10 00:00:00+00:00,3.0415
2019-07-11 00:00:00+00:00,2.8749
2019-07-12 00:00:00+00:00,2.8008
2019-07-13 00:00:00+00:00,2.963
2019-07-14 00:00:00+00:00,2.9309
2019-07-15 00:00:00+00:00,3.0474
2019-07-16 00:00:00+00:00,2.7664
2019-07-17 00:00:00+00:00,2.8398
2019-07-18 00:00:00+00:00,2.8455
2019-07-19 00:00:00+00:00,2.8634
2019-07-20 00:00:00+00:00,3.3251
2019-07-21 00:00:00+00:00,3.2599
2019-07-22 00:00:00+00:00,3.2788
2019-07-23 00:00:00+00:00,2.9077
2019-07-24 00:00:00+00:00,2.7406
2019-07-25 00:00:00+00:00,2.7351
2019-07-26 00:00:00+00:00,3.0474
2019-07-27 00:00:00+00:00,2.7027
2019-07-28 00:00:00+00:00,2.8375
2019-07-29 00:00:00+00:00,2.602
2019-07-30 00:00:00+00:00,2.6417
2019-07-31 00:00:00+00:00,3.181
2019-08-01 00:00:00+00:00,3.2453
2019-08-02 00:00:00+00:00,3.6673
2019-08-03 00:00:00+00:00,2.8752
2019-08-04 00:00:00+00:00,2.971
2019-08-05 00:00:00+00:00,3.3271
2019-08-06 00:00:00+00:00,4.0373
2019-08-07 00:00:00+00:00,3.0424
2019-08-08 00:00:00+00:00,2.8167
2019-08-09 00:00:00+00:00,3.103
2019-08-10 00:00:00+00:00,2.8699
2019-08-11 00:00:00+00:00,3.1157
2019-08-12 00:00:00+00:00,2.7226
2019-08-13 00:00:00+00:00,2.8069
2019-08-14 00:00:00+00:00,2.9853
2019-08-15 00:00:00+00:00,3.9003
2019-08-16 00:00:00+00:00,3.3862
2019-08-17 00:00:00+00:00,3.4415
2019-08-18 00:00:00+00:00,3.8227
2019-08-19 00:00:00+00:00,3.2953
2019-08-20 00:00:00+00:00,2.9375
2019-08-21 00:00:00+00:00,3.2861
2019-08-22 00:00:00+00:00,2.9515
2019-08-23 00:00:00+00:00,3.6545
2019-08-24 00:00:00+00:00,3.6698
2019-08-25 00:00:00+00:00,4.2242
2019-08-26 00:00:00+00:00,3.6687
2019-08-27 00:00:00+00:00,3.073
2019-08-28 00:00:00+00:00,2.7948
2019-08-29 00:00:00+00:00,3.0138
2019-08-30 00:00:00+00:00,3.1512
2019-08-31 00:00:00+00:00,2.9884
2019-09-01 00:00:00+00:00,3.2865
2019-09-02 00:00:00+00:00,2.7398
2019-09-03 00:00:00+00:00,2.802
2019-09-04 00:00:00+00:00,2.7837
2019-09-05 00:00:00+00:00,2.9389
2019-09-06 00:00:00+00:00,3.4136
2019-09-07 00:00:00+00:00,3.3715
2019-09-08 00:00:00+00:00,3.6028
2019-09-09 00:00:00+00:00,3.0999
2019-09-10 00:00:00+00:00,3.3548
2019-09-11 00:00:00+00:00,3.5125
2019-09-12 00:00:00+00:00,2.8616
2019-09-13 00:00:00+00:00,3.3973
2019-09-14 00:00:00+00:00,3.1798
2019-09-15 00:00:00+00:00,3.4929
2019-09-16 00:00:00+00:00,3.5681
2019-09-17 00:00:00+00:00,3.1216
2019-09-18 00:00:00+00:00,3.2993
2019-09-19 00:00:00+00:00,2.9432
2019-09-20 00:00:00+00:00,3.258
2019-09-21 00:00:00+00:00,3.1147
2019-09-22 00:00:00+00:00,2.8812
2019-09-23 00:00:00+00:00,3.0651
2019-09-24 00:00:00+00:00,2.8432
2019-09-25 00:00:00+00:00,3.0045
2019-09-26 00:00:00+00:00,2.9009
2019-09-27 00:00:00+00:00,3.3326
2019-09-28 00:00:00+00:00,3.7731
2019-09-29 00:00:00+00:00,2.9267
2019-09-30 00:00:00+00:00,3.2391
2019-10-01 00:00:00+00:00,3.2533
2019-10-02 00:00:00+00:00,3.0911
2019-10-03 00:00:00+00:00,3.107
2019-10-04 00:00:00+00:00,3.0718
2019-10-05 00:00:00+00:00,2.6932
2019-10-06 00:00:00+00:00,3.1235
2019-10-07 00:00:00+00:00,3.2809
2019-10-08 00:00:00+00:00,2.9659
2019-10-09 00:00:00+00:00,2.9581
2019-10-10 00:00:00+00:00,3.3683
2019-10-11 00:00:00+00:00,3.7279
2019-10-12 00:00:00+00:00,3.3766
2019-10-13 00:00:00+00:00,3.3712
2019-10-14 00:00:00+00:00,3.3427
2019-10-15 00:00:00+00:00,3.3277
2019-10-16 00:00:00+00:00,3.4624
2019-10-17 00:00:00+00:00,3.3153
2019-10-18 00:00:00+00:00,3.5101
2019-10-19 00:00:00+00:00,3.6671
2019-10-20 00:00:00+00:00,3.1991
2019-10-21 00:00:00+00:00,2.6623
2019-10-22 00:00:00+00:00,2.693
2019-10-23 00:00:00+00:00,2.9249
2019-10-24 00:00:00+00:00,2.8326
2019-10-25 00:00:00+00:00,2.9538
2019-10-26 00:00:00+00:00,2.9822
2019-10-27 00:00:00+00:00,3.123
2019-10-28 00:00:00+00:00,2.4442
2019-10-29 00:00:00+00:00,2.6577
2019-10-30 00:00:00+00:00,2.8783
2019-10-31 00:00:00+00:00,2.8303
2019-11-01 00:00:00+00:00,2.9142
2019-11-02 00:00:00+00:00,3.241
2019-11-03 00:00:00+00:00,3.208
2019-11-04 00:00:00+00:00,2.7201
2019-11-05 00:00:00+00:00,2.7795
2019-11-06 00:00:00+00:00,2.7931
2019-11-07 00:00:00+00:00,3.3643
2019-11-08 00:00:00+00:00,2.8728
2019-11-09 00:00:00+00:00,3.2159
2019-11-10 00:00:00+00:00,3.6934
2019-11-11 00:00:00+00:00,4.0493
2019-11-12 00:00:00+00:00,3.4324
2019-11-13 00:00:00+00:00,3.1099
2019-11-14 00:00:00+00:00,2.6816
2019-11-15 00:00:00+00:00,2.7309
2019-11-16 00:00:00+00:00,3.0698
2019-11-17 00:00:00+00:00,2.9438
2019-11-18 00:00:00+00:00,2.787
2019-11-19 00:00:00+00:00,3.0301
2019-11-20 00:00:00+00:00,2.8586
2019-11-21 00:00:00+00:00,2.878
2019-11-22 00:00:00+00:00,2.8903
2019-11-23 00:00:00+00:00,2.7807
2019-11-24 00:00:00+00:00,2.519
2019-11-25 00:00:00+00:00,2.6913
2019-11-26 00:00:00+00:00,2.4013
2019-11-27 00:00:00+00:00,2.3985
2019-11-28 00:00:00+00:00,2.7974
2019-11-29 00:00:00+00:00,2.3789
2019-11-30 00:00:00+00:00,1.9468
2019-12-01 00:00:00+00:00,2.2803
2019-12-02 00:00:00+00:00,2.7772
2019-12-03 00:00:00+00:00,3.0426
2019-12-04 00:00:00+00:00,2.713
2019-12-05 00:00:00+00:00,2.8778
2019-12-06 00:00:00+00:00,2.6404
2019-12-07 00:00:00+00:00,3.0317
2019-12-08 00:00:00+00:00,2.8048
2019-12-09 00:00:00+00:00,3.0416
2019-12-10 00:00:00+00:00,2.8474
2019-12-11 00:00:00+00:00,2.8619
2019-12-12 00:00:00+00:00,2.7558
2019-12-13 00:00:00+00:00,2.8839
2019-12-14 00:00:00+00:00,2.865
2019-12-15 00:00:00+00:00,2.4316
2019-12-16 00:00:00+00:00,2.4707
2019-12-17 00:00:00+00:00,2.3128
2019-12-18 00:00:00+00:00,2.272
2019-12-19 00:00:00+00:00,2.6447
2019-12-20 00:00:00+00:00,2.8715
2019-12-21 00:00:00+00:00,2.6625
2019-12-22 00:00:00+00:00,2.8715
2019-12-23 00:00:00+00:00,2.6825
2019-12-24 00:00:00+00:00,2.7115
2019-12-25 00:00:00+00:00,2.7822
2019-12-26 00:00:00+00:00,2.3748
2019-12-27 00:00:00+00:00,2.3285
2019-12-28 00:00:00+00:00,2.3571
2019-12-29 00:00:00+00:00,2.7482
2019-12-30 00:00:00+00:00,2.9552
2019-12-31 00:00:00+00:00,3.7072
2020-01-01 00:00:00+00:00,3.7559
2020-01-02 00:00:00+00:00,2.4407
2020-01-03 00:00:00+00:00,4.638
2020-01-04 00:00:00+00:00,4.7673
2020-01-05 00:00:00+00:00,5.221
2020-01-06 00:00:00+00:00,4.7121
2020-01-07 00:00:00+00:00,4.3832
2020-01-08 00:00:00+00:00,4.9513
2020-01-09 00:00:00+00:00,4.1226
2020-01-10 00:00:00+00:00,4.0256
2020-01-11 00:00:00+00:00,3.8543
2020-01-12 00:00:00+00:00,3.3013
2020-01-13 00:00:00+00:00,3.4563
2020-01-14 00:00:00+00:00,3.0784
2020-01-15 00:00:00+00:00,3.35
2020-01-16 00:00:00+00:00,2.9051
2020-01-17 00:00:00+00:00,2.9838
2020-01-18 00:00:00+00:00,2.8487
2020-01-19 00:00:00+00:00,3.0419
2020-01-20 00:00:00+00:00,2.7971
2020-01-21 00:00:00+00:00,2.5388
2020-01-22 00:00:00+00:00,2.5763
2020-01-23 00:00:00+00:00,2.9931
2020-01-24 00:00:00+00:00,2.7776
2020-01-25 00:00:00+00:00,2.6218
2020-01-26 00:00:00+00:00,2.7927
2020-01-27 00:00:00+00:00,2.5637
2020-01-28 00:00:00+00:00,2.7971
2020-01-29 00:00:00+00:00,2.6396
2020-01-30 00:00:00+00:00,2.4026
2020-01-31 00:00:00+00:00,2.4837
2020-02-01 00:00:00+00:00,2.4953
2020-02-02 00:00:00+00:00,2.5263
2020-02-03 00:00:00+00:00,2.4573
2020-02-04 00:00:00+00:00,2.4556
2020-02-05 00:00:00+00:00,2.7946
2020-02-06 00:00:00+00:00,2.7048
2020-02-07 00:00:00+00:00,2.711
2020-02-08 00:00:00+00:00,2.9482
2020-02-09 00:00:00+00:00,2.9789
2020-02-10 00:00:00+00:00,2.5992
2020-02-11 00:00:00+00:00,2.5219
2020-02-12 00:00:00+00:00,2.3797
2020-02-13 00:00:00+00:00,2.6526
2020-02-14 00:00:00+00:00,2.5506
2020-02-15 00:00:00+00:00,2.4186
2020-02-16 00:00:00+00:00,2.4704
2020-02-17 00:00:00+00:00,2.2121
2020-02-18 00:00:00+00:00,2.4133
2020-02-19 00:00:00+00:00,2.353
2020-02-20 00:00:00+00:00,2.3634
2020-02-21 00:00:00+00:00,2.5978
2020-02-22 00:00:00+00:00,2.6285
2020-02-23 00:00:00+00:00,2.4778
2020-02-24 00:00:00+00:00,2.2165
2020-02-25 00:00:00+00:00,2.2496
2020-02-26 00:00:00+00:00,2.335
2020-02-27 00:00:00+00:00,2.1986
2020-02-28 00:00:00+00:00,2.5408
2020-02-29 00:00:00+00:00,2.9698
2020-03-01 00:00:00+00:00,2.9392
2020-03-02 00:00:00+00:00,2.5399
2020-03-03 00:00:00+00:00,2.5263
2020-03-04 00:00:00+00:00,2.3015
2020-03-05 00:00:00+00:00,2.3078
2020-03-06 00:00:00+00:00,2.1445
2020-03-07 00:00:00+00:00,2.2366
2020-03-08 00:00:00+00:00,2.4658
2020-03-09 00:00:00+00:00,3.477
2020-03-10 00:00:00+00:00,2.9443
2020-03-11 00:00:00+00:00,2.2466
2020-03-12 00:00:00+00:00,2.2115
2020-03-13 00:00:00+00:00,2.1547
2020-03-14 00:00:00+00:00,2.3983
2020-03-15 00:00:00+00:00,2.2615
2020-03-16 00:00:00+00:00,1.9631
2020-03-17 00:00:00+00:00,2.3913
2020-03-18 00:00:00+00:00,2.5377
2020-03-19 00:00:00+00:00,2.5458
2020-03-20 00:00:00+00:00,2.2568
2020-03-21 00:00:00+00:00,2.2844
2020-03-22 00:00:00+00:00,3.1428
2020-03-23 00:00:00+00:00,2.4423
2020-03-24 00:00:00+00:00,2.5396
2020-03-25 00:00:00+00:00,2.3784
2020-03-26 00:00:00+00:00,2.1621
2020-03-27 00:00:00+00:00,2.3993
2020-03-28 00:00:00+00:00,2.744
2020-03-29 00:00:00+00:00,2.9704
2020-03-30 00:00:00+00:00,2.5352
2020-03-31 00:00:00+00:00,2.3906
2020-04-01 00:00:00+00:00,2.8199
2020-04-02 00:00:00+00:00,2.645
2020-04-03 00:00:00+00:00,2.83
2020-04-04 00:00:00+00:00,2.7121
2020-04-05 00:00:00+00:00,2.8536
2020-04-06 00:00:00+00:00,2.7083
2020-04-07 00:00:00+00:00,2.3761
2020-04-08 00:00:00+00:00,2.292
2020-04-09 00:00:00+00:00,2.3162
2020-04-10 00:00:00+00:00,2.4082
2020-04-11 00:00:00+00:00,2.5739
2020-04-12 00:00:00+00:00,2.6553
2020-04-13 00:00:00+00:00,2.4382
2020-04-14 00:00:00+00:00,2.2524
2020-04-15 00:00:00+00:00,2.1243
2020-04-16 00:00:00+00:00,2.3055
2020-04-17 00:00:00+00:00,1.9657
2020-04-18 00:00:00+00:00,2.2367
2020-04-19 00:00:00+00:00,2.2669
2020-04-20 00:00:00+00:00,2.0535
2020-04-21 00:00:00+00:00,2.1828
2020-04-22 00:00:00+00:00,2.1087
2020-04-23 00:00:00+00:00,2.0502
2020-04-24 00:00:00+00:00,2.01
2020-04-25 00:00:00+00:00,2.0813
2020-04-26 00:00:00+00:00,2.0797
2020-04-27 00:00:00+00:00,2.4585
2020-04-28 00:00:00+00:00,2.0948
2020-04-29 00:00:00+00:00,2.354
2020-04-30 00:00:00+00:00,2.9284
2020-05-01 00:00:00+00:00,2.5208
2020-05-02 00:00:00+00:00,2.0301
2020-05-03 00:00:00+00:00,2.8111
2020-05-04 00:00:00+00:00,2.4776
2020-05-05 00:00:00+00:00,2.2966
2020-05-06 00:00:00+00:00,2.092
2020-05-07 00:00:00+00:00,2.559
2020-05-08 00:00:00+00:00,3.6533
2020-05-09 00:00:00+00:00,3.1971
2020-05-10 00:00:00+00:00,2.9198
2020-05-11 00:00:00+00:00,2.3613
2020-05-12 00:00:00+00:00,2.0165
2020-05-13 00:00:00+00:00,2.0893
2020-05-14 00:00:00+00:00,2.0933
2020-05-15 00:00:00+00:00,2.0869
2020-05-16 00:00:00+00:00,2.096
2020-05-17 00:00:00+00:00,2.2327
2020-05-18 00:00:00+00:00,1.9518
2020-05-19 00:00:00+00:00,2.1144
2020-05-20 00:00:00+00:00,2.1775
2020-05-21 00:00:00+00:00,2.1839
2020-05-22 00:00:00+00:00,2.305
2020-05-23 00:00:00+00:00,2.4949
2020-05-24 00:00:00+00:00,2.398
2020-05-25 00:00:00+00:00,2.664
2020-05-26 00:00:00+00:00,2.3999
2020-05-27 00:00:00+00:00,2.2119
2020-05-28 00:00:00+00:00,2.4564
2020-05-29 00:00:00+00:00,2.3826
2020-05-30 00:00:00+00:00,2.0883
2020-05-31 00:00:00+00:00,2.1114
2020-06-01 00:00:00+00:00,2.5754
2020-06-02 00:00:00+00:00,2.3907
2020-06-03 00:00:00+00:00,2.3188
2020-06-04 00:00:00+00:00,2.6408
2020-06-05 00:00:00+00:00,2.3467
2020-06-06 00:00:00+00:00,2.8611
2020-06-07 00:00:00+00:00,2.3146
2020-06-08 00:00:00+00:00,2.1393
2020-06-09 00:00:00+00:00,2.2368
2020-06-10 00:00:00+00:00,2.4857
2020-06-11 00:00:00+00:00,2.807
2020-06-12 00:00:00+00:00,3.0026
2020-06-13 00:00:00+00:00,3.5552
2020-06-14 00:00:00+00:00,3.4999
2020-06-15 00:00:00+00:00,2.0837
2020-06-16 00:00:00+00:00,2.4311
2020-06-17 00:00:00+00:00,2.817
2020-06-18 00:00:00+00:00,3.1313
2020-06-19 00:00:00+00:00,2.8694
2020-06-20 00:00:00+00:00,3.1555
2020-06-21 00:00:00+00:00,2.5203
2020-06-22 00:00:00+00:00,2.5073
2020-06-23 00:00:00+00:00,2.3034
2020-06-24 00:00:00+00:00,2.7401
2020-06-25 00:00:00+00:00,2.7507
2020-06-26 00:00:00+00:00,2.5413
2020-06-27 00:00:00+00:00,2.6044
2020-06-28 00:00:00+00:00,2.4441
2020-06-29 00:00:00+00:00,2.414
2020-06-30 00:00:00+00:00,2.8406
2020-07-01 00:00:00+00:00,2.5598
2020-07-02 00:00:00+00:00,2.2148
2020-07-03 00:00:00+00:00,2.2806
2020-07-04 00:00:00+00:00,2.5009
2020-07-05 00:00:00+00:00,2.437
2020-07-06 00:00:00+00:00,2.1026
2020-07-07 00:00:00+00:00,2.1022
2020-07-08 00:00:00+00:00,2.332
2020-07-09 00:00:00+00:00,2.0891
2020-07-10 00:00:00+00:00,2.2982
2020-07-11 00:00:00+00:00,2.3224
2020-07-12 00:00:00+00:00,2.1203
2020-07-13 00:00:00+00:00,2.1441
2020-07-14 00:00:00+00:00,2.4081
2020-07-15 00:00:00+00:00,2.594
2020-07-16 00:00:00+00:00,2.2493
2020-07-17 00:00:00+00:00,2.3635
2020-07-18 00:00:00+00:00,2.5821
2020-07-19 00:00:00+00:00,2.1284
2020-07-20 00:00:00+00:00,2.2065
2020-07-21 00:00:00+00:00,2.8452
2020-07-22 00:00:00+00:00,3.5607
2020-07-23 00:00:00+00:00,3.5518
2020-07-24 00:00:00+00:00,3.9834
2020-07-25 00:00:00+00:00,3.1199
2020-07-26 00:00:00+00:00,2.9145
2020-07-27 00:00:00+00:00,3.242
2020-07-28 00:00:00+00:00,3.4657
2020-07-29 00:00:00+00:00,3.4204
2020-07-30 00:00:00+00:00,3.3675
2020-07-31 00:00:00+00:00,3.3705
2020-08-01 00:00:00+00:00,2.0664
2020-08-02 00:00:00+00:00,1.8217
2020-08-03 00:00:00+00:00,1.9993
2020-08-04 00:00:00+00:00,2.2044
2020-08-05 00:00:00+00:00,2.4282
2020-08-06 00:00:00+00:00,2.7416
2020-08-07 00:00:00+00:00,2.4279
2020-08-08 00:00:00+00:00,2.5044
2020-08-09 00:00:00+00:00,2.6655
2020-08-10 00:00:00+00:00,2.5046
2020-08-11 00:00:00+00:00,2.0147
2020-08-12 00:00:00+00:00,2.1589
2020-08-13 00:00:00+00:00,2.4719
2020-08-14 00:00:00+00:00,2.811
2020-08-15 00:00:00+00:00,3.4155
2020-08-16 00:00:00+00:00,2.4568
2020-08-17 00:00:00+00:00,2.1316
2020-08-18 00:00:00+00:00,2.3294
2020-08-19 00:00:00+00:00,2.2082
2020-08-20 00:00:00+00:00,2.3171
2020-08-21 00:00:00+00:00,2.2859
2020-08-22 00:00:00+00:00,2.273
2020-08-23 00:00:00+00:00,2.379
2020-08-24 00:00:00+00:00,1.7594
2020-08-25 00:00:00+00:00,2.1378
2020-08-26 00:00:00+00:00,2.2791
2020-08-27 00:00:00+00:00,2.1779
2020-08-28 00:00:00+00:00,2.1781
2020-08-29 00:00:00+00:00,2.8408
2020-08-30 00:00:00+00:00,2.4198
2020-08-31 00:00:00+00:00,2.3312
2020-09-01 00:00:00+00:00,2.178
2020-09-02 00:00:00+00:00,2.6135
2020-09-03 00:00:00+00:00,2.3642
2020-09-04 00:00:00+00:00,2.6555
2020-09-05 00:00:00+00:00,3.0529
2020-09-06 00:00:00+00:00,2.3927
2020-09-07 00:00:00+00:00,1.9763
2020-09-08 00:00:00+00:00,2.2906
2020-09-09 00:00:00+00:00,2.3019
2020-09-10 00:00:00+00:00,2.4378
2020-09-11 00:00:00+00:00,2.6874
2020-09-12 00:00:00+00:00,3.0953
2020-09-13 00:00:00+00:00,2.4639
2020-09-14 00:00:00+00:00,2.1513
2020-09-15 00:00:00+00:00,2.4502
2020-09-16 00:00:00+00:00,2.3699
2020-09-17 00:00:00+00:00,2.1356
2020-09-18 00:00:00+00:00,2.4294
2020-09-19 00:00:00+00:00,2.4018
2020-09-20 00:00:00+00:00,2.734
2020-09-21 00:00:00+00:00,2.2875
2020-09-22 00:00:00+00:00,2.2514
2020-09-23 00:00:00+00:00,2.4656
2020-09-24 00:00:00+00:00,2.2459
2020-09-25 00:00:00+00:00,2.3847
2020-09-26 00:00:00+00:00,2.1657
2020-09-27 00:00:00+00:00,2.8107
2020-09-28 00:00:00+00:00,2.2588
2020-09-29 00:00:00+00:00,2.3582
2020-09-30 00:00:00+00:00,2.0498
2020-10-01 00:00:00+00:00,2.2214
2020-10-02 00:00:00+00:00,2.2929
2020-10-03 00:00:00+00:00,1.9835
2020-10-04 00:00:00+00:00,1.9783
2020-10-05 00:00:00+00:00,1.8365
2020-10-06 00:00:00+00:00,1.977
2020-10-07 00:00:00+00:00,2.0198
2020-10-08 00:00:00+00:00,2.3307
2020-10-09 00:00:00+00:00,2.9563
2020-10-10 00:00:00+00:00,2.7435
2020-10-11 00:00:00+00:00,2.1928
2020-10-12 00:00:00+00:00,2.2046
2020-10-13 00:00:00+00:00,1.9257
2020-10-14 00:00:00+00:00,1.9238
2020-10-15 00:00:00+00:00,2.0932
2020-10-16 00:00:00+00:00,1.6733
2020-10-17 00:00:00+00:00,2.3145
2020-10-18 00:00:00+00:00,2.5126
2020-10-19 00:00:00+00:00,1.9515
2020-10-21 00:00:00+00:00,1.9482
2020-10-22 00:00:00+00:00,1.7507
2020-10-23 00:00:00+00:00,2.2888
2020-10-24 00:00:00+00:00,2.3171
2020-10-25 00:00:00+00:00,2.3805
2020-10-26 00:00:00+00:00,2.298
2020-10-27 00:00:00+00:00,2.1302
2020-10-28 00:00:00+00:00,2.1324
2020-10-29 00:00:00+00:00,1.8645
2020-10-30 00:00:00+00:00,2.0198
2020-10-31 00:00:00+00:00,2.6361
2020-11-01 00:00:00+00:00,2.4314
2020-11-02 00:00:00+00:00,1.7852
2020-11-03 00:00:00+00:00,1.7388
2020-11-04 00:00:00+00:00,1.8861
2020-11-05 00:00:00+00:00,1.7291
2020-11-06 00:00:00+00:00,2.2242
2020-11-07 00:00:00+00:00,3.2227
2020-11-08 00:00:00+00:00,3.4733
2020-11-09 00:00:00+00:00,2.1501
2020-11-10 00:00:00+00:00,2.4353
2020-11-11 00:00:00+00:00,2.9243
2020-11-12 00:00:00+00:00,2.3526
2020-11-13 00:00:00+00:00,1.9797
2020-11-14 00:00:00+00:00,2.114
2020-11-15 00:00:00+00:00,2.9376
2020-11-16 00:00:00+00:00,2.006
2020-11-17 00:00:00+00:00,1.6823
2020-11-18 00:00:00+00:00,2.1999
2020-11-19 00:00:00+00:00,2.4857
2020-11-20 00:00:00+00:00,2.0812
2020-11-21 00:00:00+00:00,2.177
2020-11-22 00:00:00+00:00,2.3419
2020-11-23 00:00:00+00:00,1.877
2020-11-24 00:00:00+00:00,1.85
2020-11-25 00:00:00+00:00,2.1567
2020-11-26 00:00:00+00:00,2.01
2020-11-27 00:00:00+00:00,2.0293
2020-11-28 00:00:00+00:00,2.4398
2020-11-29 00:00:00+00:00,2.2703
2020-11-30 00:00:00+00:00,2.1718
2020-12-01 00:00:00+00:00,2.0214
2020-12-02 00:00:00+00:00,2.4294
2020-12-03 00:00:00+00:00,2.2339
2020-12-04 00:00:00+00:00,2.3889
2020-12-05 00:00:00+00:00,2.3197
2020-12-06 00:00:00+00:00,2.1806
2020-12-07 00:00:00+00:00,2.3585
2020-12-08 00:00:00+00:00,2.4472
2020-12-09 00:00:00+00:00,1.9924
2020-12-10 00:00:00+00:00,2.2753
2020-12-11 00:00:00+00:00,2.3828
2020-12-12 00:00:00+00:00,2.1835
2020-12-13 00:00:00+00:00,2.2052
2020-12-14 00:00:00+00:00,2.272
2020-12-15 00:00:00+00:00,1.834
2020-12-16 00:00:00+00:00,2.0268
2020-12-17 00:00:00+00:00,1.914
2020-12-18 00:00:00+00:00,1.7933
2020-12-19 00:00:00+00:00,1.9594
2020-12-20 00:00:00+00:00,1.7291
2020-12-21 00:00:00+00:00,1.5569
2020-12-22 00:00:00+00:00,1.8516
2020-12-23 00:00:00+00:00,2.3063
2020-12-24 00:00:00+00:00,2.0779
2020-12-25 00:00:00+00:00,1.8895
2020-12-26 00:00:00+00:00,2.0731
2020-12-27 00:00:00+00:00,2.0678
2020-12-28 00:00:00+00:00,1.6624
2020-12-29 00:00:00+00:00,1.9035
2020-12-30 00:00:00+00:00,1.9814
2020-12-31 00:00:00+00:00,2.4016
2021-01-01 00:00:00+00:00,2.805
2021-01-02 00:00:00+00:00,2.3642
2021-01-03 00:00:00+00:00,2.0526
2021-01-04 00:00:00+00:00,2.1284
2021-01-05 00:00:00+00:00,2.241
2021-01-06 00:00:00+00:00,2.1651
2021-01-07 00:00:00+00:00,2.271
2021-01-08 00:00:00+00:00,2.3274
2021-01-09 00:00:00+00:00,2.6309
2021-01-10 00:00:00+00:00,2.6021
2021-01-11 00:00:00+00:00,2.0305
2021-01-12 00:00:00+00:00,2.1907
2021-01-13 00:00:00+00:00,2.3901
2021-01-14 00:00:00+00:00,2.3057
2021-01-15 00:00:00+00:00,2.4255
2021-01-16 00:00:00+00:00,2.6941
2021-01-17 00:00:00+00:00,2.5635
2021-01-18 00:00:00+00:00,2.1962
2021-01-19 00:00:00+00:00,2.3359
2021-01-20 00:00:00+00:00,2.7804
2021-01-21 00:00:00+00:00,2.5866
2021-01-22 00:00:00+00:00,2.3241
2021-01-23 00:00:00+00:00,2.5176
2021-01-24 00:00:00+00:00,2.2836
2021-01-25 00:00:00+00:00,2.029
2021-01-26 00:00:00+00:00,2.2743
2021-01-27 00:00:00+00:00,2.3801
2021-01-28 00:00:00+00:00,2.2104
2021-01-29 00:00:00+00:00,2.143
2021-01-30 00:00:00+00:00,1.9341
2021-01-31 00:00:00+00:00,2.1073
2021-02-01 00:00:00+00:00,2.4722
2021-02-02 00:00:00+00:00,2.6241
2021-02-03 00:00:00+00:00,2.2382
2021-02-04 00:00:00+00:00,2.4891
2021-02-05 00:00:00+00:00,2.3014
2021-02-06 00:00:00+00:00,2.298
2021-02-07 00:00:00+00:00,2.5945
2021-02-08 00:00:00+00:00,2.0512
2021-02-09 00:00:00+00:00,2.0855
2021-02-10 00:00:00+00:00,2.3915
2021-02-11 00:00:00+00:00,2.441
2021-02-12 00:00:00+00:00,2.3945
2021-02-13 00:00:00+00:00,2.2002
2021-02-14 00:00:00+00:00,2.1697
2021-02-15 00:00:00+00:00,1.9407
2021-02-16 00:00:00+00:00,2.1589
2021-02-17 00:00:00+00:00,2.3343
2021-02-18 00:00:00+00:00,2.5904
2021-02-19 00:00:00+00:00,2.6948
2021-02-20 00:00:00+00:00,2.5986
2021-02-21 00:00:00+00:00,2.4719
2021-02-22 00:00:00+00:00,2.1642
2021-02-23 00:00:00+00:00,2.6388
2021-02-24 00:00:00+00:00,2.1343
2021-02-25 00:00:00+00:00,2.2375
2021-02-26 00:00:00+00:00,2.6744
2021-02-27 00:00:00+00:00,3.1252
2021-02-28 00:00:00+00:00,2.6254
2021-03-01 00:00:00+00:00,2.4337
2021-03-02 00:00:00+00:00,2.5799
2021-03-03 00:00:00+00:00,2.5551
2021-03-04 00:00:00+00:00,2.1863
2021-03-05 00:00:00+00:00,2.4574
2021-03-06 00:00:00+00:00,2.3696
2021-03-07 00:00:00+00:00,2.9235
2021-03-08 00:00:00+00:00,2.3512
2021-03-09 00:00:00+00:00,2.1378
2021-03-10 00:00:00+00:00,2.1384
2021-03-11 00:00:00+00:00,2.0678
2021-03-12 00:00:00+00:00,2.0948
2021-03-13 00:00:00+00:00,2.2758
2021-03-14 00:00:00+00:00,2.6176
2021-03-15 00:00:00+00:00,2.0826
2021-03-16 00:00:00+00:00,2.2906
2021-03-17 00:00:00+00:00,2.1306
2021-03-18 00:00:00+00:00,2.473
2021-03-19 00:00:00+00:00,2.596
2021-03-20 00:00:00+00:00,2.3848
2021-03-21 00:00:00+00:00,2.6262
2021-03-22 00:00:00+00:00,2.2149
2021-03-23 00:00:00+00:00,2.231
2021-03-24 00:00:00+00:00,2.2746
2021-03-25 00:00:00+00:00,2.652
2021-03-26 00:00:00+00:00,2.651
2021-03-27 00:00:00+00:00,2.8034
2021-03-28 00:00:00+00:00,3.0097
2021-03-29 00:00:00+00:00,2.455
2021-03-30 00:00:00+00:00,2.1772
2021-03-31 00:00:00+00:00,2.2939
2021-04-01 00:00:00+00:00,2.0727
2021-04-02 00:00:00+00:00,2.2494
2021-04-03 00:00:00+00:00,1.9968
2021-04-04 00:00:00+00:00,2.4948
2021-04-05 00:00:00+00:00,2.1734
2021-04-06 00:00:00+00:00,2.0801
2021-04-07 00:00:00+00:00,2.3041
2021-04-08 00:00:00+00:00,2.1361
2021-04-09 00:00:00+00:00,3.18
2021-04-10 00:00:00+00:00,3.172
2021-04-11 00:00:00+00:00,2.8308
2021-04-12 00:00:00+00:00,2.333
2021-04-13 00:00:00+00:00,2.2413
2021-04-14 00:00:00+00:00,2.468
2021-04-15 00:00:00+00:00,3.0527
2021-04-16 00:00:00+00:00,2.8994
2021-04-17 00:00:00+00:00,2.892
2021-04-18 00:00:00+00:00,2.3479
2021-04-19 00:00:00+00:00,1.9506
2021-04-20 00:00:00+00:00,2.4135
2021-04-21 00:00:00+00:00,2.0309
2021-04-22 00:00:00+00:00,2.4283
2021-04-23 00:00:00+00:00,2.2993
2021-04-24 00:00:00+00:00,2.4193
2021-04-25 00:00:00+00:00,2.7716
2021-04-26 00:00:00+00:00,2.1581
2021-04-27 00:00:00+00:00,2.2673
2021-04-28 00:00:00+00:00,2.0635
2021-04-29 00:00:00+00:00,2.2267
2021-04-30 00:00:00+00:00,2.3189
2021-05-01 00:00:00+00:00,2.66
2021-05-02 00:00:00+00:00,2.4825
2021-05-03 00:00:00+00:00,1.9746
2021-05-04 00:00:00+00:00,2.0786
2021-05-05 00:00:00+00:00,1.8012
2021-05-06 00:00:00+00:00,2.0723
2021-05-07 00:00:00+00:00,2.1463
2021-05-08 00:00:00+00:00,2.1772
2021-05-09 00:00:00+00:00,2.4496
2021-05-10 00:00:00+00:00,2.5025
2021-05-11 00:00:00+00:00,2.3625
2021-05-12 00:00:00+00:00,2.8434
2021-05-13 00:00:00+00:00,2.6524
2021-05-14 00:00:00+00:00,2.7817
2021-05-15 00:00:00+00:00,3.6968
2021-05-16 00:00:00+00:00,3.8682
2021-05-17 00:00:00+00:00,2.7048
2021-05-18 00:00:00+00:00,2.5101
2021-05-19 00:00:00+00:00,2.5862
2021-05-20 00:00:00+00:00,2.8741
2021-05-21 00:00:00+00:00,2.9241
2021-05-22 00:00:00+00:00,2.8752
2021-05-23 00:00:00+00:00,2.7112
2021-05-24 00:00:00+00:00,2.8779
2021-05-25 00:00:00+00:00,2.845
2021-05-26 00:00:00+00:00,2.6684
2021-05-27 00:00:00+00:00,2.5322
2021-05-28 00:00:00+00:00,2.6255
2021-05-29 00:00:00+00:00,2.7243
2021-05-30 00:00:00+00:00,2.927
2021-05-31 00:00:00+00:00,2.8749
2021-06-01 00:00:00+00:00,2.3414
2021-06-02 00:00:00+00:00,2.2865
2021-06-03 00:00:00+00:00,2.1429
2021-06-04 00:00:00+00:00,2.2421
2021-06-05 00:00:00+00:00,2.4967
2021-06-06 00:00:00+00:00,2.8309
2021-06-07 00:00:00+00:00,2.1161
2021-06-08 00:00:00+00:00,2.0562
2021-06-09 00:00:00+00:00,2.3305
2021-06-10 00:00:00+00:00,2.633
2021-06-11 00:00:00+00:00,2.3378
2021-06-12 00:00:00+00:00,2.7432
2021-06-13 00:00:00+00:00,3.2258
2021-06-14 00:00:00+00:00,2.8823
2021-06-15 00:00:00+00:00,2.4061
2021-06-16 00:00:00+00:00,2.7956
2021-06-17 00:00:00+00:00,2.6769
2021-06-18 00:00:00+00:00,2.7797
2021-06-19 00:00:00+00:00,2.6046
2021-06-20 00:00:00+00:00,2.6365
2021-06-21 00:00:00+00:00,2.6592
2021-06-22 00:00:00+00:00,2.3346
2021-06-23 00:00:00+00:00,2.7052
2021-06-24 00:00:00+00:00,2.1329
2021-06-25 00:00:00+00:00,2.3377
2021-06-26 00:00:00+00:00,2.1458
2021-06-27 00:00:00+00:00,2.2937
2021-06-28 00:00:00+00:00,2.1971
2021-06-29 00:00:00+00:00,2.2827
2021-06-30 00:00:00+00:00,2.4622
2021-07-01 00:00:00+00:00,2.3035
2021-07-02 00:00:00+00:00,2.5625
2021-07-03 00:00:00+00:00,2.4228
2021-07-04 00:00:00+00:00,2.4575
2021-07-05 00:00:00+00:00,2.0603
2021-07-06 00:00:00+00:00,2.2728
2021-07-07 00:00:00+00:00,2.0543
2021-07-08 00:00:00+00:00,2.0743
2021-07-09 00:00:00+00:00,2.3337
2021-07-10 00:00:00+00:00,2.7592
2021-07-11 00:00:00+00:00,2.3119
2021-07-12 00:00:00+00:00,2.3955
2021-07-13 00:00:00+00:00,2.3337
2021-07-14 00:00:00+00:00,2.6212
2021-07-15 00:00:00+00:00,2.4859
2021-07-16 00:00:00+00:00,2.6751
2021-07-17 00:00:00+00:00,2.4569
2021-07-18 00:00:00+00:00,2.3749
2021-07-19 00:00:00+00:00,2.4739
2021-07-20 00:00:00+00:00,2.5066
2021-07-21 00:00:00+00:00,2.1885
2021-07-22 00:00:00+00:00,2.2371
2021-07-23 00:00:00+00:00,2.1127
2021-07-24 00:00:00+00:00,2.3472
2021-07-25 00:00:00+00:00,2.2074
2021-07-26 00:00:00+00:00,2.35
2021-07-27 00:00:00+00:00,2.1021
2021-07-28 00:00:00+00:00,2.1309
2021-07-29 00:00:00+00:00,1.9094
2021-07-30 00:00:00+00:00,2.4182
2021-07-31 00:00:00+00:00,2.2672
2021-08-01 00:00:00+00:00,2.0165
2021-08-02 00:00:00+00:00,2.2211
2021-08-03 00:00:00+00:00,1.9068
2021-08-04 00:00:00+00:00,2.0465
2021-08-05 00:00:00+00:00,2.0661
2021-08-06 00:00:00+00:00,2.2736
2021-08-07 00:00:00+00:00,1.8289
2021-08-08 00:00:00+00:00,2.472
2021-08-09 00:00:00+00:00,1.9791
2021-08-10 00:00:00+00:00,2.1278
2021-08-11 00:00:00+00:00,2.1951
2021-08-12 00:00:00+00:00,2.0047
2021-08-13 00:00:00+00:00,2.3353
2021-08-14 00:00:00+00:00,2.9065
2021-08-15 00:00:00+00:00,3.2243
2021-08-16 00:00:00+00:00,3.4829
2021-08-17 00:00:00+00:00,3.1041
2021-08-18 00:00:00+00:00,2.7003
2021-08-19 00:00:00+00:00,2.5492
2021-08-20 00:00:00+00:00,2.5413
2021-08-21 00:00:00+00:00,3.225
2021-08-22 00:00:00+00:00,3.7485
2021-08-23 00:00:00+00:00,2.914
2021-08-24 00:00:00+00:00,2.8301
2021-08-25 00:00:00+00:00,2.538
2021-08-26 00:00:00+00:00,2.6892
2021-08-27 00:00:00+00:00,2.7852
2021-08-28 00:00:00+00:00,3.6006
2021-08-29 00:00:00+00:00,3.5804
2021-08-30 00:00:00+00:00,2.5692
2021-08-31 00:00:00+00:00,3.0837
2021-09-01 00:00:00+00:00,2.6389
2021-09-02 00:00:00+00:00,2.5705
2021-09-03 00:00:00+00:00,2.5007
2021-09-04 00:00:00+00:00,2.4745
2021-09-05 00:00:00+00:00,2.9631
2021-09-06 00:00:00+00:00,2.2279
2021-09-07 00:00:00+00:00,2.642
2021-09-08 00:00:00+00:00,2.6177
2021-09-09 00:00:00+00:00,2.4042
2021-09-10 00:00:00+00:00,2.9428
2021-09-11 00:00:00+00:00,3.9069
2021-09-12 00:00:00+00:00,2.6721
2021-09-13 00:00:00+00:00,2.4803
2021-09-14 00:00:00+00:00,2.059
2021-09-15 00:00:00+00:00,2.5523
2021-09-16 00:00:00+00:00,2.2976
2021-09-17 00:00:00+00:00,2.3933
2021-09-18 00:00:00+00:00,2.5632
2021-09-19 00:00:00+00:00,2.1942
2021-09-20 00:00:00+00:00,2.0367
2021-09-21 00:00:00+00:00,2.4804
2021-09-22 00:00:00+00:00,2.3426
2021-09-23 00:00:00+00:00,2.1065
2021-09-24 00:00:00+00:00,2.2676
2021-09-25 00:00:00+00:00,2.7758
2021-09-26 00:00:00+00:00,3.0458
2021-09-27 00:00:00+00:00,2.6019
2021-09-28 00:00:00+00:00,2.5105
2021-09-29 00:00:00+00:00,2.4268
2021-09-30 00:00:00+00:00,2.3373
2021-10-01 00:00:00+00:00,2.2826
2021-10-02 00:00:00+00:00,2.1523
2021-10-03 00:00:00+00:00,2.6775
2021-10-04 00:00:00+00:00,2.1376
2021-10-05 00:00:00+00:00,2.1629
2021-10-06 00:00:00+00:00,2.1532
2021-10-07 00:00:00+00:00,2.179
2021-10-08 00:00:00+00:00,2.3044
2021-10-09 00:00:00+00:00,2.1376
2021-10-10 00:00:00+00:00,3.0968
2021-10-11 00:00:00+00:00,2.2295
2021-10-12 00:00:00+00:00,2.1663
2021-10-13 00:00:00+00:00,1.9832
2021-10-14 00:00:00+00:00,2.0589
2021-10-15 00:00:00+00:00,1.9631
2021-10-16 00:00:00+00:00,2.3384
2021-10-17 00:00:00+00:00,1.97
2021-10-18 00:00:00+00:00,2.4876
2021-10-19 00:00:00+00:00,2.1608
2021-10-20 00:00:00+00:00,1.9941
2021-10-21 00:00:00+00:00,1.933
2021-10-22 00:00:00+00:00,2.086
2021-10-23 00:00:00+00:00,2.4354
2021-10-24 00:00:00+00:00,2.3238
2021-10-25 00:00:00+00:00,2.3326
2021-10-26 00:00:00+00:00,2.11
2021-10-27 00:00:00+00:00,1.9835
2021-10-28 00:00:00+00:00,1.9996
2021-10-29 00:00:00+00:00,2.4594
2021-10-30 00:00:00+00:00,2.6105
2021-10-31 00:00:00+00:00,2.6111
2021-11-01 00:00:00+00:00,2.2724
2021-11-02 00:00:00+00:00,1.9549
2021-11-03 00:00:00+00:00,2.2727
2021-11-04 00:00:00+00:00,2.3817
2021-11-05 00:00:00+00:00,2.2736
2021-11-06 00:00:00+00:00,1.9767
2021-11-07 00:00:00+00:00,2.5219
2021-11-08 00:00:00+00:00,2.3228
2021-11-09 00:00:00+00:00,2.6926
2021-11-10 00:00:00+00:00,2.5106
2021-11-11 00:00:00+00:00,3.3971
2021-11-12 00:00:00+00:00,2.5897
2021-11-13 00:00:00+00:00,2.6751
2021-11-14 00:00:00+00:00,3.2868
2021-11-15 00:00:00+00:00,2.3595
2021-11-16 00:00:00+00:00,2.3949
2021-11-17 00:00:00+00:00,2.0463
2021-11-18 00:00:00+00:00,2.1345
2021-11-19 00:00:00+00:00,1.9502
2021-11-20 00:00:00+00:00,2.2558
2021-11-21 00:00:00+00:00,2.0297
2021-11-22 00:00:00+00:00,1.8253
2021-11-23 00:00:00+00:00,2.0505
2021-11-24 00:00:00+00:00,2.253
2021-11-25 00:00:00+00:00,1.8613
2021-11-26 00:00:00+00:00,1.7465
2021-11-27 00:00:00+00:00,1.7717
2021-11-28 00:00:00+00:00,2.1572
2021-11-29 00:00:00+00:00,1.7586
2021-11-30 00:00:00+00:00,2.0455
2021-12-01 00:00:00+00:00,1.8801
2021-12-02 00:00:00+00:00,1.9768
2021-12-03 00:00:00+00:00,2.2141
2021-12-04 00:00:00+00:00,2.6393
2021-12-05 00:00:00+00:00,3.0963
2021-12-06 00:00:00+00:00,2.6039
2021-12-07 00:00:00+00:00,2.7791
2021-12-08 00:00:00+00:00,2.6843
2021-12-09 00:00:00+00:00,2.354
2021-12-10 00:00:00+00:00,2.5992
2021-12-11 00:00:00+00:00,2.1854
2021-12-12 00:00:00+00:00,2.1781
2021-12-13 00:00:00+00:00,1.9467
2021-12-14 00:00:00+00:00,1.9661
2021-12-15 00:00:00+00:00,2.1605
2021-12-16 00:00:00+00:00,2.2131
2021-12-17 00:00:00+00:00,2.0043
2021-12-18 00:00:00+00:00,1.9193
2021-12-19 00:00:00+00:00,2.1391
2021-12-20 00:00:00+00:00,1.7741
2021-12-21 00:00:00+00:00,1.8277
2021-12-22 00:00:00+00:00,1.8835
2021-12-23 00:00:00+00:00,2.0614
2021-12-24 00:00:00+00:00,1.8144
2021-12-25 00:00:00+00:00,2.204
2021-12-26 00:00:00+00:00,2.2449
2021-12-27 00:00:00+00:00,1.9207
2021-12-28 00:00:00+00:00,1.9308
2021-12-29 00:00:00+00:00,2.0813
2021-12-30 00:00:00+00:00,2.2103
2021-12-31 00:00:00+00:00,2.5581
2022-01-01 00:00:00+00:00,2.6952
2022-01-02 00:00:00+00:00,2.0783
2022-01-03 00:00:00+00:00,1.8701
2022-01-04 00:00:00+00:00,1.8487
2022-01-05 00:00:00+00:00,2.0634
2022-01-06 00:00:00+00:00,2.3161
2022-01-07 00:00:00+00:00,1.8553
2022-01-08 00:00:00+00:00,2.0479
2022-01-09 00:00:00+00:00,2.2751
2022-01-10 00:00:00+00:00,2.0165
2022-01-11 00:00:00+00:00,1.9556
2022-01-12 00:00:00+00:00,2.3125
2022-01-13 00:00:00+00:00,2.1348
2022-01-14 00:00:00+00:00,2.2192
2022-01-15 00:00:00+00:00,2.2062
2022-01-16 00:00:00+00:00,2.2556
2022-01-17 00:00:00+00:00,2.4627
2022-01-18 00:00:00+00:00,2.2001
2022-01-19 00:00:00+00:00,2.3243
2022-01-20 00:00:00+00:00,2.6746
2022-01-21 00:00:00+00:00,2.6561
2022-01-22 00:00:00+00:00,2.5858
2022-01-23 00:00:00+00:00,2.9535
2022-01-24 00:00:00+00:00,2.5278
2022-01-25 00:00:00+00:00,2.7227
2022-01-26 00:00:00+00:00,2.6637
2022-01-27 00:00:00+00:00,2.7393
2022-01-28 00:00:00+00:00,2.5137
2022-01-29 00:00:00+00:00,2.7313
2022-01-30 00:00:00+00:00,3.8116
2022-01-31 00:00:00+00:00,2.5592
2022-02-01 00:00:00+00:00,2.5471
2022-02-02 00:00:00+00:00,2.7938
2022-02-03 00:00:00+00:00,2.6525
2022-02-04 00:00:00+00:00,2.3938
2022-02-05 00:00:00+00:00,2.9784
2022-02-06 00:00:00+00:00,3.0417
2022-02-07 00:00:00+00:00,2.432
2022-02-08 00:00:00+00:00,2.4722
2022-02-09 00:00:00+00:00,2.1873
2022-02-10 00:00:00+00:00,2.3626
2022-02-11 00:00:00+00:00,2.5098
2022-02-12 00:00:00+00:00,3.6424
2022-02-13 00:00:00+00:00,3.4821
2022-02-14 00:00:00+00:00,3.1341
2022-02-15 00:00:00+00:00,3.053
2022-02-16 00:00:00+00:00,3.0271
2022-02-17 00:00:00+00:00,2.5877
2022-02-18 00:00:00+00:00,2.8268
2022-02-19 00:00:00+00:00,3.6344
2022-02-20 00:00:00+00:00,3.7199
2022-02-21 00:00:00+00:00,3.3212
2022-02-22 00:00:00+00:00,4.6857
2022-02-23 00:00:00+00:00,4.4825
2022-02-24 00:00:00+00:00,7.3765
2022-02-25 00:00:00+00:00,7.7732
2022-02-26 00:00:00+00:00,7.8796
2022-02-27 00:00:00+00:00,8.421
2022-02-28 00:00:00+00:00,8.1139
2022-03-01 00:00:00+00:00,7.8969
2022-03-02 00:00:00+00:00,7.8029
2022-03-03 00:00:00+00:00,7.3828
2022-03-04 00:00:00+00:00,7.2687
2022-03-05 00:00:00+00:00,7.7576
2022-03-06 00:00:00+00:00,8.0885
2022-03-07 00:00:00+00:00,7.4128
2022-03-08 00:00:00+00:00,7.2358
2022-03-09 00:00:00+00:00,6.7508
2022-03-10 00:00:00+00:00,7.1318
2022-03-11 00:00:00+00:00,6.8273
2022-03-12 00:00:00+00:00,6.5563
2022-03-13 00:00:00+00:00,7.754
2022-03-14 00:00:00+00:00,6.583
2022-03-15 00:00:00+00:00,6.5946
2022-03-16 00:00:00+00:00,6.2728
2022-03-17 00:00:00+00:00,5.7787
2022-03-18 00:00:00+00:00,5.7949
2022-03-19 00:00:00+00:00,7.0497
2022-03-20 00:00:00+00:00,6.0744
2022-03-21 00:00:00+00:00,5.2556
2022-03-22 00:00:00+00:00,4.8655
2022-03-23 00:00:00+00:00,5.2802
2022-03-24 00:00:00+00:00,6.1394
2022-03-25 00:00:00+00:00,5.6134
2022-03-26 00:00:00+00:00,5.5476
2022-03-27 00:00:00+00:00,5.5178
2022-03-28 00:00:00+00:00,4.809
2022-03-29 00:00:00+00:00,4.8928
2022-03-30 00:00:00+00:00,4.7443
2022-03-31 00:00:00+00:00,4.9381
2022-04-01 00:00:00+00:00,4.9706
2022-04-02 00:00:00+00:00,4.8239
2022-04-03 00:00:00+00:00,5.4539
2022-04-04 00:00:00+00:00,5.0926
2022-04-05 00:00:00+00:00,4.9815
2022-04-06 00:00:00+00:00,5.141
2022-04-07 00:00:00+00:00,4.9417
2022-04-08 00:00:00+00:00,4.6038
2022-04-09 00:00:00+00:00,4.3692
2022-04-10 00:00:00+00:00,5.286
2022-04-11 00:00:00+00:00,4.2635
2022-04-12 00:00:00+00:00,4.4744
2022-04-13 00:00:00+00:00,4.6901
2022-04-14 00:00:00+00:00,4.6683
2022-04-15 00:00:00+00:00,4.5531
2022-04-16 00:00:00+00:00,4.3452
2022-04-17 00:00:00+00:00,4.8002
2022-04-18 00:00:00+00:00,4.2348
2022-04-19 00:00:00+00:00,4.2558
2022-04-20 00:00:00+00:00,4.3796
2022-04-21 00:00:00+00:00,4.6332
2022-04-22 00:00:00+00:00,4.6638
2022-04-23 00:00:00+00:00,4.6738
2022-04-24 00:00:00+00:00,4.7446
2022-04-25 00:00:00+00:00,4.1675
2022-04-26 00:00:00+00:00,4.3839
2022-04-27 00:00:00+00:00,4.4793
2022-04-28 00:00:00+00:00,4.6181
2022-04-29 00:00:00+00:00,4.5667
2022-04-30 00:00:00+00:00,4.514
2022-05-01 00:00:00+00:00,4.9724
2022-05-02 00:00:00+00:00,4.5922
2022-05-03 00:00:00+00:00,4.2854
2022-05-04 00:00:00+00:00,4.3144
2022-05-05 00:00:00+00:00,4.4278
2022-05-06 00:00:00+00:00,4.0959
2022-05-07 00:00:00+00:00,4.6497
2022-05-08 00:00:00+00:00,5.3694
2022-05-09 00:00:00+00:00,4.8183
2022-05-10 00:00:00+00:00,4.0514
2022-05-11 00:00:00+00:00,3.7914
2022-05-12 00:00:00+00:00,4.1969
2022-05-13 00:00:00+00:00,3.8648
2022-05-14 00:00:00+00:00,4.2677
2022-05-15 00:00:00+00:00,5.1104
2022-05-16 00:00:00+00:00,4.35
2022-05-17 00:00:00+00:00,4.3388
2022-05-18 00:00:00+00:00,4.3242
2022-05-19 00:00:00+00:00,4.2049
2022-05-20 00:00:00+00:00,4.0925
2022-05-21 00:00:00+00:00,4.3461
2022-05-22 00:00:00+00:00,3.5944
2022-05-23 00:00:00+00:00,4.1335
2022-05-24 00:00:00+00:00,4.2073
2022-05-25 00:00:00+00:00,3.9634
2022-05-26 00:00:00+00:00,3.8252
2022-05-27 00:00:00+00:00,3.7053
2022-05-28 00:00:00+00:00,4.0522
2022-05-29 00:00:00+00:00,3.8195
2022-05-30 00:00:00+00:00,3.649
2022-05-31 00:00:00+00:00,3.7516
2022-06-01 00:00:00+00:00,3.7374
2022-06-02 00:00:00+00:00,3.5624
2022-06-03 00:00:00+00:00,3.7809
2022-06-04 00:00:00+00:00,3.2071
2022-06-05 00:00:00+00:00,3.619
2022-06-06 00:00:00+00:00,3.7793
2022-06-07 00:00:00+00:00,3.2189
2022-06-08 00:00:00+00:00,3.4535
2022-06-09 00:00:00+00:00,3.2817
2022-06-10 00:00:00+00:00,3.4513
2022-06-11 00:00:00+00:00,3.811
2022-06-12 00:00:00+00:00,4.0211
2022-06-13 00:00:00+00:00,3.5698
2022-06-14 00:00:00+00:00,3.5585
2022-06-15 00:00:00+00:00,3.4761
2022-06-16 00:00:00+00:00,3.508
2022-06-17 00:00:00+00:00,3.5418
2022-06-18 00:00:00+00:00,3.3427
2022-06-19 00:00:00+00:00,3.398
2022-06-20 00:00:00+00:00,3.347
2022-06-21 00:00:00+00:00,3.3342
2022-06-22 00:00:00+00:00,3.473
2022-06-23 00:00:00+00:00,3.2604
2022-06-24 00:00:00+00:00,3.3074
2022-06-25 00:00:00+00:00,3.3814
2022-06-26 00:00:00+00:00,3.9655
2022-06-27 00:00:00+00:00,3.9665
2022-06-28 00:00:00+00:00,3.3339
2022-06-29 00:00:00+00:00,3.6513
2022-06-30 00:00:00+00:00,3.662
2022-07-01 00:00:00+00:00,3.188
2022-07-02 00:00:00+00:00,2.8633
2022-07-03 00:00:00+00:00,3.4169
2022-07-04 00:00:00+00:00,2.9921
2022-07-05 00:00:00+00:00,3.0723
2022-07-06 00:00:00+00:00,3.6128
2022-07-07 00:00:00+00:00,3.591
2022-07-08 00:00:00+00:00,3.5443
2022-07-09 00:00:00+00:00,3.6316
2022-07-10 00:00:00+00:00,4.0246
2022-07-11 00:00:00+00:00,3.1417
2022-07-12 00:00:00+00:00,3.3529
2022-07-13 00:00:00+00:00,3.3493
2022-07-14 00:00:00+00:00,3.3796
2022-07-15 00:00:00+00:00,3.3466
2022-07-16 00:00:00+00:00,3.4919
2022-07-17 00:00:00+00:00,3.1072
2022-07-18 00:00:00+00:00,2.8927
2022-07-19 00:00:00+00:00,2.9692
2022-07-20 00:00:00+00:00,3.1876
2022-07-21 00:00:00+00:00,3.4863
2022-07-22 00:00:00+00:00,3.0918
2022-07-23 00:00:00+00:00,2.9989
2022-07-24 00:00:00+00:00,3.2225
2022-07-25 00:00:00+00:00,3.1737
2022-07-26 00:00:00+00:00,3.2491
2022-07-27 00:00:00+00:00,3.0309
2022-07-28 00:00:00+00:00,3.286
2022-07-29 00:00:00+00:00,3.3842
2022-07-30 00:00:00+00:00,3.4374
2022-07-31 00:00:00+00:00,3.4282
2022-08-01 00:00:00+00:00,3.4709
2022-08-02 00:00:00+00:00,3.998
2022-08-03 00:00:00+00:00,3.5122
2022-08-04 00:00:00+00:00,3.3603
2022-08-05 00:00:00+00:00,3.6251
2022-08-06 00:00:00+00:00,3.5023
2022-08-07 00:00:00+00:00,4.019
2022-08-08 00:00:00+00:00,3.8786
2022-08-09 00:00:00+00:00,3.0342
2022-08-10 00:00:00+00:00,3.4543
2022-08-11 00:00:00+00:00,3.0339
2022-08-12 00:00:00+00:00,2.8768
2022-08-13 00:00:00+00:00,2.864
2022-08-14 00:00:00+00:00,2.8889
2022-08-15 00:00:00+00:00,3.5268
2022-08-16 00:00:00+00:00,2.8672
2022-08-17 00:00:00+00:00,3.0125
2022-08-18 00:00:00+00:00,2.8072
2022-08-19 00:00:00+00:00,2.8125
2022-08-20 00:00:00+00:00,2.8974
2022-08-21 00:00:00+00:00,3.209
2022-08-22 00:00:00+00:00,2.8884
2022-08-23 00:00:00+00:00,3.2749
2022-08-24 00:00:00+00:00,3.504
2022-08-25 00:00:00+00:00,3.1121
2022-08-26 00:00:00+00:00,2.9302
2022-08-27 00:00:00+00:00,2.9044
2022-08-28 00:00:00+00:00,2.6269
2022-08-29 00:00:00+00:00,2.761
2022-08-30 00:00:00+00:00,3.111
2022-08-31 00:00:00+00:00,3.7991
2022-09-01 00:00:00+00:00,2.8206
2022-09-02 00:00:00+00:00,2.9828
2022-09-03 00:00:00+00:00,3.3267
2022-09-04 00:00:00+00:00,3.4717
2022-09-05 00:00:00+00:00,2.9421
2022-09-06 00:00:00+00:00,3.7273
2022-09-07 00:00:00+00:00,2.8649
2022-09-08 00:00:00+00:00,3.7912
2022-09-09 00:00:00+00:00,3.847
2022-09-10 00:00:00+00:00,3.2593
2022-09-11 00:00:00+00:00,3.9484
2022-09-12 00:00:00+00:00,3.2354
2022-09-13 00:00:00+00:00,2.9263
2022-09-14 00:00:00+00:00,3.1543
2022-09-15 00:00:00+00:00,3.1817
2022-09-16 00:00:00+00:00,3.3457
2022-09-17 00:00:00+00:00,3.5588
2022-09-18 00:00:00+00:00,3.311
2022-09-19 00:00:00+00:00,3.2765
2022-09-20 00:00:00+00:00,3.4281
2022-09-21 00:00:00+00:00,3.9896
2022-09-22 00:00:00+00:00,3.8265
2022-09-23 00:00:00+00:00,3.6887
2022-09-24 00:00:00+00:00,3.9051
2022-09-25 00:00:00+00:00,3.9804
2022-09-26 00:00:00+00:00,3.4573
2022-09-27 00:00:00+00:00,3.2763
2022-09-28 00:00:00+00:00,3.2827
2022-09-29 00:00:00+00:00,3.1982
2022-09-30 00:00:00+00:00,3.5378
2022-10-01 00:00:00+00:00,4.1096
2022-10-02 00:00:00+00:00,3.7722
2022-10-03 00:00:00+00:00,3.308
2022-10-04 00:00:00+00:00,3.2223
2022-10-05 00:00:00+00:00,3.4331
2022-10-06 00:00:00+00:00,3.8231
2022-10-07 00:00:00+00:00,3.9845
2022-10-08 00:00:00+00:00,3.8154
2022-10-09 00:00:00+00:00,3.4907
2022-10-10 00:00:00+00:00,3.481
2022-10-11 00:00:00+00:00,3.6318
2022-10-12 00:00:00+00:00,3.3564
2022-10-13 00:00:00+00:00,3.3083
2022-10-14 00:00:00+00:00,3.0938
2022-10-15 00:00:00+00:00,3.3607
2022-10-16 00:00:00+00:00,3.8802
2022-10-17 00:00:00+00:00,3.2172
2022-10-18 00:00:00+00:00,3.4195
2022-10-19 00:00:00+00:00,3.1296
2022-10-20 00:00:00+00:00,3.2156
2022-10-21 00:00:00+00:00,3.3802
2022-10-22 00:00:00+00:00,3.1388
2022-10-23 00:00:00+00:00,3.5787
2022-10-24 00:00:00+00:00,2.9904
2022-10-25 00:00:00+00:00,3.0341
2022-10-26 00:00:00+00:00,3.2477
2022-10-27 00:00:00+00:00,3.3974
2022-10-28 00:00:00+00:00,2.9875
2022-10-29 00:00:00+00:00,3.3046
2022-10-30 00:00:00+00:00,3.1844
2022-10-31 00:00:00+00:00,2.9161
2022-11-01 00:00:00+00:00,3.018
2022-11-02 00:00:00+00:00,3.237
2022-11-03 00:00:00+00:00,3.4524
2022-11-04 00:00:00+00:00,3.2428
2022-11-05 00:00:00+00:00,3.2734
2022-11-06 00:00:00+00:00,3.3642
2022-11-07 00:00:00+00:00,3.4782
2022-11-08 00:00:00+00:00,2.792
2022-11-09 00:00:00+00:00,2.9616
2022-11-10 00:00:00+00:00,3.0854
2022-11-11 00:00:00+00:00,5.3913
2022-11-12 00:00:00+00:00,4.2565
2022-11-13 00:00:00+00:00,4.4022
2022-11-14 00:00:00+00:00,3.5331
2022-11-15 00:00:00+00:00,3.6421
2022-11-16 00:00:00+00:00,3.7115
2022-11-17 00:00:00+00:00,3.3374
2022-11-18 00:00:00+00:00,3.3086
2022-11-19 00:00:00+00:00,3.0156
2022-11-20 00:00:00+00:00,3.3726
2022-11-21 00:00:00+00:00,2.8619
2022-11-22 00:00:00+00:00,2.8003
2022-11-23 00:00:00+00:00,2.6021
2022-11-24 00:00:00+00:00,2.586
2022-11-25 00:00:00+00:00,2.5459
2022-11-26 00:00:00+00:00,2.5857
2022-11-27 00:00:00+00:00,2.7637
2022-11-28 00:00:00+00:00,2.4383
2022-11-29 00:00:00+00:00,2.7529
2022-11-30 00:00:00+00:00,2.8139
2022-12-01 00:00:00+00:00,3.041
2022-12-02 00:00:00+00:00,3.1237
2022-12-03 00:00:00+00:00,3.2974
2022-12-04 00:00:00+00:00,2.9788
2022-12-05 00:00:00+00:00,2.8743
2022-12-06 00:00:00+00:00,2.6587
2022-12-07 00:00:00+00:00,2.9618
2022-12-08 00:00:00+00:00,2.9852
2022-12-09 00:00:00+00:00,2.783
2022-12-10 00:00:00+00:00,2.9858
2022-12-11 00:00:00+00:00,3.2663
2022-12-12 00:00:00+00:00,2.9877
2022-12-13 00:00:00+00:00,2.6175
2022-12-14 00:00:00+00:00,2.7198
2022-12-15 00:00:00+00:00,2.8935
2022-12-16 00:00:00+00:00,3.2975
2022-12-17 00:00:00+00:00,3.1763
2022-12-18 00:00:00+00:00,3.3115
2022-12-19 00:00:00+00:00,2.7728
2022-12-20 00:00:00+00:00,2.6729
2022-12-21 00:00:00+00:00,3.0249
2022-12-22 00:00:00+00:00,3.166
2022-12-23 00:00:00+00:00,2.7833
2022-12-24 00:00:00+00:00,2.9185
2022-12-25 00:00:00+00:00,3.9288
2022-12-26 00:00:00+00:00,3.1655
2022-12-27 00:00:00+00:00,3.0362
2022-12-28 00:00:00+00:00,2.8303
2022-12-29 00:00:00+00:00,2.6907
2022-12-30 00:00:00+00:00,3.1014
2022-12-31 00:00:00+00:00,4.3265
2023-01-01 00:00:00+00:00,4.0451
2023-01-02 00:00:00+00:00,2.9168
2023-01-03 00:00:00+00:00,2.9043
2023-01-04 00:00:00+00:00,3.1024
2023-01-05 00:00:00+00:00,2.9784
2023-01-06 00:00:00+00:00,3.2516
2023-01-07 00:00:00+00:00,3.2942
2023-01-08 00:00:00+00:00,2.8265
2023-01-09 00:00:00+00:00,2.5653
2023-01-10 00:00:00+00:00,2.8649
2023-01-11 00:00:00+00:00,2.5221
2023-01-12 00:00:00+00:00,2.6433
2023-01-13 00:00:00+00:00,2.446
2023-01-14 00:00:00+00:00,3.1228
2023-01-15 00:00:00+00:00,2.7699
2023-01-16 00:00:00+00:00,2.7775
2023-01-17 00:00:00+00:00,3.0083
2023-01-18 00:00:00+00:00,3.0087
2023-01-19 00:00:00+00:00,2.6805
2023-01-20 00:00:00+00:00,2.9541
2023-01-21 00:00:00+00:00,2.8915
2023-01-22 00:00:00+00:00,3.0062
2023-01-23 00:00:00+00:00,2.8169
2023-01-24 00:00:00+00:00,3.0776
2023-01-25 00:00:00+00:00,3.3462
2023-01-26 00:00:00+00:00,3.1435
2023-01-27 00:00:00+00:00,3.5449
2023-01-28 00:00:00+00:00,2.9326
2023-01-29 00:00:00+00:00,2.9687
2023-01-30 00:00:00+00:00,3.1732
2023-01-31 00:00:00+00:00,3.2152
2023-02-01 00:00:00+00:00,2.903
2023-02-02 00:00:00+00:00,3.0495
2023-02-03 00:00:00+00:00,3.6446
2023-02-04 00:00:00+00:00,3.4218
2023-02-05 00:00:00+00:00,3.4463
2023-02-06 00:00:00+00:00,3.2953
2023-02-07 00:00:00+00:00,3.6732
2023-02-08 00:00:00+00:00,4.1606
2023-02-09 00:00:00+00:00,3.3293
2023-02-10 00:00:00+00:00,3.2981
2023-02-11 00:00:00+00:00,3.5262
2023-02-12 00:00:00+00:00,3.9659
2023-02-13 00:00:00+00:00,3.1644
2023-02-14 00:00:00+00:00,3.0984
2023-02-15 00:00:00+00:00,2.9587
2023-02-16 00:00:00+00:00,3.0774
2023-02-17 00:00:00+00:00,3.1936
2023-02-18 00:00:00+00:00,4.1751
2023-02-19 00:00:00+00:00,4.1367
2023-02-20 00:00:00+00:00,3.8952
2023-02-21 00:00:00+00:00,4.2357
2023-02-22 00:00:00+00:00,3.4388
2023-02-23 00:00:00+00:00,3.4631
2023-02-24 00:00:00+00:00,4.6384
2023-02-25 00:00:00+00:00,4.7873
2023-02-26 00:00:00+00:00,3.7595
2023-02-27 00:00:00+00:00,3.232
2023-02-28 00:00:00+00:00,3.0551
2023-03-01 00:00:00+00:00,2.5756
2023-03-02 00:00:00+00:00,3.1922
2023-03-03 00:00:00+00:00,3.1079
2023-03-04 00:00:00+00:00,3.3403
2023-03-05 00:00:00+00:00,3.1956
2023-03-06 00:00:00+00:00,3.0002
2023-03-07 00:00:00+00:00,2.8618
2023-03-08 00:00:00+00:00,2.8747
2023-03-09 00:00:00+00:00,2.9091
2023-03-10 00:00:00+00:00,2.7033
2023-03-11 00:00:00+00:00,2.8648
2023-03-12 00:00:00+00:00,2.9567
2023-03-13 00:00:00+00:00,3.4591
2023-03-14 00:00:00+00:00,2.7898
2023-03-15 00:00:00+00:00,2.9861
2023-03-16 00:00:00+00:00,2.8377
2023-03-17 00:00:00+00:00,3.0753
2023-03-18 00:00:00+00:00,3.1456
2023-03-19 00:00:00+00:00,3.232
2023-03-20 00:00:00+00:00,3.1239
2023-03-21 00:00:00+00:00,2.7262
2023-03-22 00:00:00+00:00,3.6421
2023-03-24 00:00:00+00:00,3.4475
2023-03-25 00:00:00+00:00,3.1135
2023-03-26 00:00:00+00:00,3.8529
2023-03-27 00:00:00+00:00,3.2985
2023-03-28 00:00:00+00:00,2.9957
2023-03-29 00:00:00+00:00,3.1755
2023-03-30 00:00:00+00:00,3.0082
2023-03-31 00:00:00+00:00,3.0359
2023-04-01 00:00:00+00:00,2.9401
2023-04-02 00:00:00+00:00,3.6536
2023-04-03 00:00:00+00:00,3.0613
2023-04-04 00:00:00+00:00,2.9957
2023-04-05 00:00:00+00:00,3.0109
2023-04-06 00:00:00+00:00,3.4416
2023-04-07 00:00:00+00:00,3.8084
2023-04-08 00:00:00+00:00,3.7625
2023-04-09 00:00:00+00:00,3.4996
2023-04-10 00:00:00+00:00,3.7314
2023-04-11 00:00:00+00:00,3.4577
2023-04-12 00:00:00+00:00,3.1379
2023-04-13 00:00:00+00:00,3.3909
2023-04-14 00:00:00+00:00,3.8442
2023-04-15 00:00:00+00:00,3.4983
2023-04-16 00:00:00+00:00,3.6822
2023-04-17 00:00:00+00:00,3.6242
2023-04-18 00:00:00+00:00,3.3203
2023-04-19 00:00:00+00:00,3.4569
2023-04-20 00:00:00+00:00,2.9672
2023-04-21 00:00:00+00:00,3.0382
2023-04-22 00:00:00+00:00,3.063
2023-04-23 00:00:00+00:00,3.1776
2023-04-24 00:00:00+00:00,3.5197
2023-04-25 00:00:00+00:00,3.9371
2023-04-26 00:00:00+00:00,3.3696
2023-04-27 00:00:00+00:00,3.4331
2023-04-28 00:00:00+00:00,3.1273
2023-04-29 00:00:00+00:00,3.2651
2023-04-30 00:00:00+00:00,3.6209
2023-05-01 00:00:00+00:00,3.4657
2023-05-02 00:00:00+00:00,2.9291
2023-05-03 00:00:00+00:00,3.038
2023-05-04 00:00:00+00:00,3.0831
2023-05-05 00:00:00+00:00,3.2779
2023-05-06 00:00:00+00:00,2.7847
2023-05-07 00:00:00+00:00,2.7869
2023-05-08 00:00:00+00:00,2.6028
2023-05-09 00:00:00+00:00,2.9725
2023-05-10 00:00:00+00:00,2.6031
2023-05-11 00:00:00+00:00,2.9819
2023-05-12 00:00:00+00:00,2.9446
2023-05-13 00:00:00+00:00,3.3788
2023-05-14 00:00:00+00:00,3.393
2023-05-15 00:00:00+00:00,2.6703
2023-05-16 00:00:00+00:00,2.489
2023-05-17 00:00:00+00:00,2.6044
2023-05-18 00:00:00+00:00,2.8395
2023-05-19 00:00:00+00:00,3.3216
2023-05-20 00:00:00+00:00,3.4808
2023-05-21 00:00:00+00:00,3.5888
2023-05-22 00:00:00+00:00,2.9666
2023-05-23 00:00:00+00:00,2.5104
2023-05-24 00:00:00+00:00,2.5803
2023-05-25 00:00:00+00:00,3.0747
2023-05-26 00:00:00+00:00,2.7567
2023-05-27 00:00:00+00:00,3.1858
2023-05-28 00:00:00+00:00,3.2326
2023-05-29 00:00:00+00:00,3.0352
2023-05-30 00:00:00+00:00,2.8712
2023-05-31 00:00:00+00:00,2.9208
2023-06-01 00:00:00+00:00,2.8582
2023-06-02 00:00:00+00:00,3.0411
2023-06-03 00:00:00+00:00,2.7474
2023-06-04 00:00:00+00:00,3.1247
2023-06-05 00:00:00+00:00,2.741
2023-06-06 00:00:00+00:00,3.1399
2023-06-07 00:00:00+00:00,2.7388
2023-06-08 00:00:00+00:00,2.7383
2023-06-09 00:00:00+00:00,3.116
2023-06-10 00:00:00+00:00,2.9531
2023-06-11 00:00:00+00:00,2.5825
2023-06-12 00:00:00+00:00,3.0586
2023-06-13 00:00:00+00:00,2.6322
2023-06-14 00:00:00+00:00,2.6367
2023-06-15 00:00:00+00:00,2.5422
2023-06-16 00:00:00+00:00,2.8434
2023-06-17 00:00:00+00:00,2.7703
2023-06-18 00:00:00+00:00,2.8755
2023-06-19 00:00:00+00:00,3.283
2023-06-20 00:00:00+00:00,3.0259
2023-06-21 00:00:00+00:00,2.813
2023-06-22 00:00:00+00:00,2.7884
2023-06-23 00:00:00+00:00,2.7653
2023-06-24 00:00:00+00:00,3.933
2023-06-25 00:00:00+00:00,3.1841
2023-06-26 00:00:00+00:00,2.8652
2023-06-27 00:00:00+00:00,2.6315
2023-06-28 00:00:00+00:00,2.4953
2023-06-29 00:00:00+00:00,2.6466
2023-06-30 00:00:00+00:00,2.8567
2023-07-01 00:00:00+00:00,2.3037
2023-07-02 00:00:00+00:00,2.296
2023-07-03 00:00:00+00:00,2.5565
2023-07-04 00:00:00+00:00,2.5056
2023-07-05 00:00:00+00:00,2.6694
2023-07-06 00:00:00+00:00,2.4353
2023-07-07 00:00:00+00:00,2.7173
2023-07-08 00:00:00+00:00,3.1647
2023-07-09 00:00:00+00:00,3.1934
2023-07-10 00:00:00+00:00,3.1435
2023-07-11 00:00:00+00:00,2.8227
2023-07-12 00:00:00+00:00,2.8583
2023-07-13 00:00:00+00:00,2.6018
2023-07-14 00:00:00+00:00,2.5554
2023-07-15 00:00:00+00:00,2.5237
2023-07-16 00:00:00+00:00,2.5361
2023-07-17 00:00:00+00:00,2.6557
2023-07-18 00:00:00+00:00,2.8638
2023-07-19 00:00:00+00:00,2.8253
2023-07-20 00:00:00+00:00,2.7375
2023-07-21 00:00:00+00:00,2.7903
2023-07-22 00:00:00+00:00,2.5019
2023-07-23 00:00:00+00:00,2.2061
2023-07-24 00:00:00+00:00,2.3967
2023-07-25 00:00:00+00:00,2.369
2023-07-26 00:00:00+00:00,2.5678
2023-07-27 00:00:00+00:00,2.6361
2023-07-28 00:00:00+00:00,2.6621
2023-07-29 00:00:00+00:00,2.3687
2023-07-30 00:00:00+00:00,2.9183
2023-07-31 00:00:00+00:00,2.6766
2023-08-01 00:00:00+00:00,2.4936
2023-08-02 00:00:00+00:00,2.8244
2023-08-03 00:00:00+00:00,2.2425
2023-08-04 00:00:00+00:00,2.6176
2023-08-05 00:00:00+00:00,2.3582
2023-08-06 00:00:00+00:00,3.031
2023-08-07 00:00:00+00:00,2.4916
2023-08-08 00:00:00+00:00,2.3883
2023-08-09 00:00:00+00:00,2.3854
2023-08-10 00:00:00+00:00,2.463
2023-08-11 00:00:00+00:00,2.8199
2023-08-12 00:00:00+00:00,2.769
2023-08-13 00:00:00+00:00,2.9635
2023-08-14 00:00:00+00:00,2.793
2023-08-15 00:00:00+00:00,2.8527
2023-08-16 00:00:00+00:00,2.7478
2023-08-17 00:00:00+00:00,2.3582
2023-08-18 00:00:00+00:00,2.6596
2023-08-19 00:00:00+00:00,2.6254
2023-08-20 00:00:00+00:00,2.5837
2023-08-21 00:00:00+00:00,2.4046
2023-08-22 00:00:00+00:00,2.3858
2023-08-23 00:00:00+00:00,2.6644
2023-08-24 00:00:00+00:00,2.948
2023-08-25 00:00:00+00:00,2.597
2023-08-26 00:00:00+00:00,2.4454
2023-08-27 00:00:00+00:00,2.3733
2023-08-28 00:00:00+00:00,2.1521
2023-08-29 00:00:00+00:00,2.3074
2023-08-30 00:00:00+00:00,2.4741
2023-08-31 00:00:00+00:00,2.5667
2023-09-01 00:00:00+00:00,2.6661
2023-09-02 00:00:00+00:00,2.727
2023-09-03 00:00:00+00:00,2.4896
2023-09-04 00:00:00+00:00,2.3506
2023-09-05 00:00:00+00:00,2.6199
2023-09-06 00:00:00+00:00,2.6409
2023-09-07 00:00:00+00:00,2.5637
2023-09-08 00:00:00+00:00,2.8042
2023-09-09 00:00:00+00:00,2.881
2023-09-10 00:00:00+00:00,3.496
2023-09-11 00:00:00+00:00,2.9275
2023-09-12 00:00:00+00:00,2.99
2023-09-13 00:00:00+00:00,2.677
2023-09-14 00:00:00+00:00,2.4864
2023-09-15 00:00:00+00:00,2.8767
2023-09-16 00:00:00+00:00,2.8301
2023-09-17 00:00:00+00:00,3.0094
2023-09-18 00:00:00+00:00,2.8918
2023-09-19 00:00:00+00:00,3.3089
2023-09-20 00:00:00+00:00,3.0647
2023-09-21 00:00:00+00:00,2.9254
2023-09-22 00:00:00+00:00,2.8042
2023-09-23 00:00:00+00:00,2.6171
2023-09-24 00:00:00+00:00,2.8064
2023-09-25 00:00:00+00:00,2.4258
2023-09-26 00:00:00+00:00,2.6027
2023-09-27 00:00:00+00:00,2.4187
2023-09-28 00:00:00+00:00,2.6483
2023-09-29 00:00:00+00:00,2.3463
2023-09-30 00:00:00+00:00,2.6058
2023-10-01 00:00:00+00:00,3.1487
2023-10-02 00:00:00+00:00,2.5264
2023-10-03 00:00:00+00:00,2.2921
2023-10-04 00:00:00+00:00,2.5453
2023-10-05 00:00:00+00:00,2.3113
2023-10-06 00:00:00+00:00,2.4416
2023-10-07 00:00:00+00:00,4.202
2023-10-08 00:00:00+00:00,5.3711
2023-10-09 00:00:00+00:00,5.9706
2023-10-10 00:00:00+00:00,5.9009
2023-10-11 00:00:00+00:00,4.8744
2023-10-12 00:00:00+00:00,5.3645
2023-10-13 00:00:00+00:00,5.7603
2023-10-14 00:00:00+00:00,5.633
2023-10-15 00:00:00+00:00,6.4306
2023-10-16 00:00:00+00:00,5.5084
2023-10-17 00:00:00+00:00,5.137
2023-10-18 00:00:00+00:00,5.2329
2023-10-19 00:00:00+00:00,4.8909
2023-10-20 00:00:00+00:00,5.3335
2023-10-21 00:00:00+00:00,4.7496
2023-10-22 00:00:00+00:00,4.4377
2023-10-23 00:00:00+00:00,4.194
2023-10-24 00:00:00+00:00,4.2492
2023-10-25 00:00:00+00:00,4.2397
2023-10-26 00:00:00+00:00,4.4137
2023-10-27 00:00:00+00:00,4.5538
2023-10-28 00:00:00+00:00,4.4218
2023-10-29 00:00:00+00:00,4.7025
2023-10-30 00:00:00+00:00,4.1353
2023-10-31 00:00:00+00:00,4.2056
2023-11-01 00:00:00+00:00,4.2102
2023-11-02 00:00:00+00:00,4.3744
2023-11-03 00:00:00+00:00,4.5727
2023-11-04 00:00:00+00:00,4.3758
2023-11-05 00:00:00+00:00,4.5272
2023-11-06 00:00:00+00:00,4.1479
2023-11-07 00:00:00+00:00,4.3369
2023-11-08 00:00:00+00:00,4.2792
2023-11-09 00:00:00+00:00,4.5659
2023-11-10 00:00:00+00:00,4.3887
2023-11-11 00:00:00+00:00,5.3798
2023-11-12 00:00:00+00:00,5.6044
2023-11-13 00:00:00+00:00,3.9338
2023-11-14 00:00:00+00:00,3.6026
2023-11-15 00:00:00+00:00,3.9893
2023-11-16 00:00:00+00:00,4.0435
2023-11-17 00:00:00+00:00,3.8634
2023-11-18 00:00:00+00:00,4.3159
2023-11-19 00:00:00+00:00,4.0965
2023-11-20 00:00:00+00:00,3.4806
2023-11-21 00:00:00+00:00,3.5952
2023-11-22 00:00:00+00:00,4.2213
2023-11-23 00:00:00+00:00,3.3261
2023-11-24 00:00:00+00:00,3.1966
2023-11-25 00:00:00+00:00,3.693
2023-11-26 00:00:00+00:00,4.1319
2023-11-27 00:00:00+00:00,3.6777
2023-11-28 00:00:00+00:00,3.0917
2023-11-29 00:00:00+00:00,3.2245
2023-11-30 00:00:00+00:00,3.8589
2023-12-01 00:00:00+00:00,3.5563
2023-12-02 00:00:00+00:00,3.6002
2023-12-03 00:00:00+00:00,3.8709
2023-12-04 00:00:00+00:00,3.2138
2023-12-05 00:00:00+00:00,3.0845
2023-12-06 00:00:00+00:00,3.6002
2023-12-07 00:00:00+00:00,3.6849
2023-12-08 00:00:00+00:00,3.6256
2023-12-09 00:00:00+00:00,3.5049
2023-12-10 00:00:00+00:00,3.6815
2023-12-11 00:00:00+00:00,3.3434
2023-12-12 00:00:00+00:00,3.1665
2023-12-13 00:00:00+00:00,3.5666
2023-12-14 00:00:00+00:00,3.1809
2023-12-15 00:00:00+00:00,3.5272
2023-12-16 00:00:00+00:00,3.6963
2023-12-17 00:00:00+00:00,3.5235
2023-12-18 00:00:00+00:00,3.0425
2023-12-19 00:00:00+00:00,3.0582
2023-12-20 00:00:00+00:00,3.4642
2023-12-21 00:00:00+00:00,3.0228
2023-12-22 00:00:00+00:00,3.0141
2023-12-23 00:00:00+00:00,3.1855
2023-12-24 00:00:00+00:00,3.7273
2023-12-25 00:00:00+00:00,3.9895
2023-12-26 00:00:00+00:00,3.447
2023-12-27 00:00:00+00:00,3.1132
2023-12-28 00:00:00+00:00,3.204
2023-12-29 00:00:00+00:00,3.981
2023-12-30 00:00:00+00:00,3.2294
2023-12-31 00:00:00+00:00,4.2702
2024-01-01 00:00:00+00:00,3.5778
2024-01-02 00:00:00+00:00,3.1909
2024-01-03 00:00:00+00:00,3.2719
2024-01-04 00:00:00+00:00,3.3297
2024-01-05 00:00:00+00:00,3.1845
2024-01-06 00:00:00+00:00,3.5291
2024-01-07 00:00:00+00:00,3.2574
2024-01-08 00:00:00+00:00,2.8446
2024-01-09 00:00:00+00:00,2.7092
2024-01-10 00:00:00+00:00,3.0439
2024-01-11 00:00:00+00:00,3.1095
2024-01-12 00:00:00+00:00,3.6084
2024-01-13 00:00:00+00:00,4.1009
2024-01-14 00:00:00+00:00,3.8874
2024-01-15 00:00:00+00:00,3.2503
2024-01-16 00:00:00+00:00,3.1583
2024-01-17 00:00:00+00:00,2.9747
2024-01-18 00:00:00+00:00,2.8027
2024-01-19 00:00:00+00:00,3.0304
2024-01-20 00:00:00+00:00,3.2387
2024-01-21 00:00:00+00:00,3.2217
2024-01-22 00:00:00+00:00,3.0138
2024-01-23 00:00:00+00:00,3.3797
2024-01-24 00:00:00+00:00,2.9508
2024-01-25 00:00:00+00:00,3.0365
2024-01-26 00:00:00+00:00,3.2284
2024-01-27 00:00:00+00:00,3.4999
2024-01-28 00:00:00+00:00,3.4776
2024-01-29 00:00:00+00:00,3.3378
2024-01-30 00:00:00+00:00,3.1519
2024-01-31 00:00:00+00:00,2.8947
2024-02-01 00:00:00+00:00,2.8757
2024-02-02 00:00:00+00:00,2.9983
2024-02-03 00:00:00+00:00,3.6816
2024-02-04 00:00:00+00:00,3.3993
2024-02-05 00:00:00+00:00,3.0948
2024-02-06 00:00:00+00:00,2.5731
2024-02-07 00:00:00+00:00,3.0769
2024-02-08 00:00:00+00:00,3.0971
2024-02-09 00:00:00+00:00,3.4235
2024-02-10 00:00:00+00:00,3.0732
2024-02-11 00:00:00+00:00,3.7866
2024-02-12 00:00:00+00:00,3.1288
2024-02-13 00:00:00+00:00,3.1944
2024-02-14 00:00:00+00:00,3.3443
2024-02-15 00:00:00+00:00,3.4104
2024-02-16 00:00:00+00:00,3.2805
2024-02-17 00:00:00+00:00,3.7575
2024-02-18 00:00:00+00:00,3.7184
2024-02-19 00:00:00+00:00,3.5707
2024-02-20 00:00:00+00:00,3.2161
2024-02-21 00:00:00+00:00,3.0431
2024-02-22 00:00:00+00:00,3.1338
2024-02-23 00:00:00+00:00,3.3289
2024-02-24 00:00:00+00:00,3.7588
2024-02-25 00:00:00+00:00,3.5088
2024-02-26 00:00:00+00:00,2.9182
2024-02-27 00:00:00+00:00,3.2347
2024-02-28 00:00:00+00:00,3.2122
2024-02-29 00:00:00+00:00,3.0302
2024-03-01 00:00:00+00:00,3.4371
2024-03-02 00:00:00+00:00,3.4407
2024-03-03 00:00:00+00:00,3.2781
2024-03-04 00:00:00+00:00,3.2011
2024-03-05 00:00:00+00:00,2.9383
2024-03-06 00:00:00+00:00,3.0426
2024-03-07 00:00:00+00:00,3.2421
2024-03-08 00:00:00+00:00,3.4418
2024-03-09 00:00:00+00:00,3.6076
2024-03-10 00:00:00+00:00,3.633
2024-03-11 00:00:00+00:00,3.547
2024-03-12 00:00:00+00:00,3.0465
2024-03-13 00:00:00+00:00,3.1014
2024-03-14 00:00:00+00:00,2.7617
2024-03-15 00:00:00+00:00,3.2284
2024-03-16 00:00:00+00:00,2.7583
2024-03-17 00:00:00+00:00,3.2625
2024-03-18 00:00:00+00:00,3.1413
2024-03-19 00:00:00+00:00,2.6852
2024-03-20 00:00:00+00:00,2.5799
2024-03-21 00:00:00+00:00,2.4939
2024-03-22 00:00:00+00:00,2.7388
2024-03-23 00:00:00+00:00,3.0035
2024-03-24 00:00:00+00:00,2.9698
2024-03-25 00:00:00+00:00,3.1013
2024-03-26 00:00:00+00:00,2.7245
2024-03-27 00:00:00+00:00,2.2095
2024-03-28 00:00:00+00:00,2.8942
2024-03-29 00:00:00+00:00,2.9626
2024-03-30 00:00:00+00:00,2.694
2024-03-31 00:00:00+00:00,2.8344
2024-04-01 00:00:00+00:00,2.9878
2024-04-02 00:00:00+00:00,3.2667
2024-04-03 00:00:00+00:00,3.3037
2024-04-04 00:00:00+00:00,3.193
2024-04-05 00:00:00+00:00,3.1225
2024-04-06 00:00:00+00:00,2.9206
2024-04-07 00:00:00+00:00,3.1443
2024-04-08 00:00:00+00:00,2.8978
2024-04-09 00:00:00+00:00,2.9509
2024-04-10 00:00:00+00:00,3.0383
2024-04-11 00:00:00+00:00,2.9321
2024-04-12 00:00:00+00:00,3.0723
2024-04-13 00:00:00+00:00,2.8571
2024-04-14 00:00:00+00:00,5.0311
2024-04-15 00:00:00+00:00,3.4546
2024-04-16 00:00:00+00:00,3.0032
2024-04-17 00:00:00+00:00,3.1528
2024-04-18 00:00:00+00:00,2.8974
2024-04-19 00:00:00+00:00,3.8105
2024-04-20 00:00:00+00:00,3.5626
2024-04-21 00:00:00+00:00,3.3206
2024-04-22 00:00:00+00:00,3.2497
2024-04-23 00:00:00+00:00,3.2643
2024-04-24 00:00:00+00:00,3.8181
2024-04-25 00:00:00+00:00,3.4262
2024-04-26 00:00:00+00:00,3.3949
2024-04-27 00:00:00+00:00,3.1901
2024-04-28 00:00:00+00:00,3.1094
2024-04-29 00:00:00+00:00,3.1003
2024-04-30 00:00:00+00:00,3.0947
2024-05-01 00:00:00+00:00,3.7615
2024-05-02 00:00:00+00:00,3.863
2024-05-03 00:00:00+00:00,3.4484
2024-05-04 00:00:00+00:00,3.3211
2024-05-05 00:00:00+00:00,3.8111
2024-05-06 00:00:00+00:00,3.4121
2024-05-07 00:00:00+00:00,3.5554
2024-05-08 00:00:00+00:00,3.0663
2024-05-09 00:00:00+00:00,3.3117
2024-05-10 00:00:00+00:00,3.0914
2024-05-11 00:00:00+00:00,3.7706
2024-05-12 00:00:00+00:00,3.3466
2024-05-13 00:00:00+00:00,2.7967
2024-05-14 00:00:00+00:00,2.9283
2024-05-15 00:00:00+00:00,2.989
2024-05-16 00:00:00+00:00,3.0125
2024-05-17 00:00:00+00:00,3.1375
2024-05-18 00:00:00+00:00,3.0989
2024-05-19 00:00:00+00:00,3.507
2024-05-20 00:00:00+00:00,3.6568
2024-05-21 00:00:00+00:00,3.0625
2024-05-22 00:00:00+00:00,2.9954
2024-05-23 00:00:00+00:00,2.8655
2024-05-24 00:00:00+00:00,2.9823
2024-05-25 00:00:00+00:00,2.6375
2024-05-26 00:00:00+00:00,3.125
2024-05-27 00:00:00+00:00,2.809
2024-05-28 00:00:00+00:00,2.8062
2024-05-29 00:00:00+00:00,2.8082
2024-05-30 00:00:00+00:00,3.0724
2024-05-31 00:00:00+00:00,3.0929
2024-06-01 00:00:00+00:00,3.2278
2024-06-02 00:00:00+00:00,3.3072
2024-06-03 00:00:00+00:00,2.5478
2024-06-04 00:00:00+00:00,2.6912
2024-06-05 00:00:00+00:00,3.159
2024-06-06 00:00:00+00:00,3.4119
2024-06-07 00:00:00+00:00,2.9802
2024-06-08 00:00:00+00:00,3.0843
2024-06-09 00:00:00+00:00,3.6687
2024-06-10 00:00:00+00:00,2.8789
2024-06-11 00:00:00+00:00,2.7813
2024-06-12 00:00:00+00:00,2.9368
2024-06-13 00:00:00+00:00,3.0356
2024-06-14 00:00:00+00:00,2.6711
2024-06-15 00:00:00+00:00,3.5885
2024-06-16 00:00:00+00:00,3.6934
2024-06-17 00:00:00+00:00,3.2123
2024-06-18 00:00:00+00:00,2.612
2024-06-19 00:00:00+00:00,2.6753
2024-06-20 00:00:00+00:00,3.0529
2024-06-21 00:00:00+00:00,2.8636
2024-06-22 00:00:00+00:00,2.4532
2024-06-23 00:00:00+00:00,2.6385
2024-06-24 00:00:00+00:00,2.8261
2024-06-25 00:00:00+00:00,2.9706
2024-06-26 00:00:00+00:00,2.9438
2024-06-27 00:00:00+00:00,2.4165
2024-06-28 00:00:00+00:00,2.9341
2024-06-29 00:00:00+00:00,2.964
2024-06-30 00:00:00+00:00,2.6544
2024-07-01 00:00:00+00:00,2.4507
2024-07-02 00:00:00+00:00,2.3975
2024-07-03 00:00:00+00:00,2.5144
2024-07-04 00:00:00+00:00,2.5626
2024-07-05 00:00:00+00:00,2.8426
2024-07-06 00:00:00+00:00,2.8876
2024-07-07 00:00:00+00:00,2.7007
2024-07-08 00:00:00+00:00,2.7323
2024-07-09 00:00:00+00:00,2.7074
2024-07-10 00:00:00+00:00,2.3831
2024-07-11 00:00:00+00:00,2.4208
2024-07-12 00:00:00+00:00,2.5939
2024-07-13 00:00:00+00:00,2.9258
2024-07-14 00:00:00+00:00,1.9339
2024-07-15 00:00:00+00:00,2.4094
2024-07-16 00:00:00+00:00,2.2866
2024-07-17 00:00:00+00:00,2.4095
2024-07-18 00:00:00+00:00,2.5182
2024-07-19 00:00:00+00:00,2.7554
2024-07-20 00:00:00+00:00,3.1498
2024-07-21 00:00:00+00:00,3.9428
2024-07-22 00:00:00+00:00,3.1862
2024-07-23 00:00:00+00:00,2.7575
2024-07-24 00:00:00+00:00,2.8831
2024-07-25 00:00:00+00:00,2.5976
2024-07-26 00:00:00+00:00,2.82
2024-07-27 00:00:00+00:00,3.2213
2024-07-28 00:00:00+00:00,3.4271
2024-07-29 00:00:00+00:00,2.7934
2024-07-30 00:00:00+00:00,2.3077
2024-07-31 00:00:00+00:00,2.6538
2024-08-01 00:00:00+00:00,3.1798
2024-08-02 00:00:00+00:00,2.6485
2024-08-03 00:00:00+00:00,3.0134
2024-08-04 00:00:00+00:00,3.1243
2024-08-05 00:00:00+00:00,3.0726
2024-08-06 00:00:00+00:00,2.8667
2024-08-07 00:00:00+00:00,2.8151
2024-08-08 00:00:00+00:00,2.5824
2024-08-09 00:00:00+00:00,2.4972
2024-08-10 00:00:00+00:00,2.8889
2024-08-11 00:00:00+00:00,2.7216
2024-08-12 00:00:00+00:00,2.8266
2024-08-13 00:00:00+00:00,2.7392
2024-08-14 00:00:00+00:00,3.0874
2024-08-15 00:00:00+00:00,3.3604
2024-08-16 00:00:00+00:00,2.7359
2024-08-17 00:00:00+00:00,2.8099
2024-08-18 00:00:00+00:00,3.0257
2024-08-19 00:00:00+00:00,3.2774
2024-08-20 00:00:00+00:00,3.1236
2024-08-21 00:00:00+00:00,2.7566
2024-08-22 00:00:00+00:00,2.8022
2024-08-23 00:00:00+00:00,2.9668
2024-08-24 00:00:00+00:00,2.7597
2024-08-25 00:00:00+00:00,3.6377
2024-08-26 00:00:00+00:00,3.1234
2024-08-27 00:00:00+00:00,2.6664
2024-08-28 00:00:00+00:00,2.6393
2024-08-29 00:00:00+00:00,2.4248
2024-08-30 00:00:00+00:00,2.4757
2024-08-31 00:00:00+00:00,2.2746
2024-09-01 00:00:00+00:00,3.389
2024-09-02 00:00:00+00:00,2.7166
2024-09-03 00:00:00+00:00,2.6574
2024-09-04 00:00:00+00:00,2.6328
2024-09-05 00:00:00+00:00,2.4037
2024-09-06 00:00:00+00:00,2.5075
2024-09-07 00:00:00+00:00,2.8401
2024-09-08 00:00:00+00:00,2.9504
2024-09-09 00:00:00+00:00,2.3885
2024-09-10 00:00:00+00:00,2.8636
2024-09-11 00:00:00+00:00,3.3318
2024-09-12 00:00:00+00:00,2.3995
2024-09-13 00:00:00+00:00,2.6724
2024-09-14 00:00:00+00:00,2.6893
2024-09-15 00:00:00+00:00,2.796
2024-09-16 00:00:00+00:00,2.4852
2024-09-17 00:00:00+00:00,2.6201
2024-09-18 00:00:00+00:00,2.7855
2024-09-19 00:00:00+00:00,2.8564
2024-09-20 00:00:00+00:00,2.8248
2024-09-21 00:00:00+00:00,2.9895
2024-09-22 00:00:00+00:00,3.3578
2024-09-23 00:00:00+00:00,3.3008
2024-09-24 00:00:00+00:00,2.9559
2024-09-25 00:00:00+00:00,2.747
2024-09-26 00:00:00+00:00,3.0746
2024-09-27 00:00:00+00:00,2.8177
2024-09-28 00:00:00+00:00,3.7858
2024-09-29 00:00:00+00:00,3.419
2024-09-30 00:00:00+00:00,2.7336
2024-10-01 00:00:00+00:00,3.2255
2024-10-02 00:00:00+00:00,3.7002
2024-10-03 00:00:00+00:00,2.9885
2024-10-04 00:00:00+00:00,3.3754
2024-10-05 00:00:00+00:00,3.3699
2024-10-06 00:00:00+00:00,4.0581
2024-10-07 00:00:00+00:00,3.7769
2024-10-08 00:00:00+00:00,2.8939
2024-10-09 00:00:00+00:00,2.5767
2024-10-10 00:00:00+00:00,2.4368
2024-10-11 00:00:00+00:00,2.7548
2024-10-12 00:00:00+00:00,2.5652
2024-10-13 00:00:00+00:00,3.0979
2024-10-14 00:00:00+00:00,2.7375
2024-10-15 00:00:00+00:00,2.6746
2024-10-16 00:00:00+00:00,2.6629
2024-10-17 00:00:00+00:00,2.6319
2024-10-18 00:00:00+00:00,3.0822
2024-10-19 00:00:00+00:00,3.3382
2024-10-20 00:00:00+00:00,3.1574
2024-10-21 00:00:00+00:00,2.8517
2024-10-22 00:00:00+00:00,2.6689
2024-10-23 00:00:00+00:00,2.7727
2024-10-24 00:00:00+00:00,2.5853
2024-10-25 00:00:00+00:00,2.7789
2024-10-26 00:00:00+00:00,3.4203
2024-10-27 00:00:00+00:00,3.0294
2024-10-28 00:00:00+00:00,2.5981
2024-10-29 00:00:00+00:00,2.8567
2024-10-30 00:00:00+00:00,2.5346
2024-10-31 00:00:00+00:00,2.4272
2024-11-01 00:00:00+00:00,2.794
2024-11-02 00:00:00+00:00,2.7489
2024-11-03 00:00:00+00:00,2.5574
2024-11-04 00:00:00+00:00,2.3853
2024-11-05 00:00:00+00:00,2.4277
2024-11-06 00:00:00+00:00,2.7983
2024-11-07 00:00:00+00:00,2.8742
2024-11-08 00:00:00+00:00,2.6614
2024-11-09 00:00:00+00:00,3.1162
2024-11-10 00:00:00+00:00,3.628
2024-11-11 00:00:00+00:00,3.3562
2024-11-12 00:00:00+00:00,3.1933
2024-11-13 00:00:00+00:00,3.0196
2024-11-14 00:00:00+00:00,2.1631
2024-11-15 00:00:00+00:00,2.5656
2024-11-16 00:00:00+00:00,2.7321
2024-11-17 00:00:00+00:00,2.8101
2024-11-18 00:00:00+00:00,2.9213
2024-11-19 00:00:00+00:00,2.8267
2024-11-20 00:00:00+00:00,2.739
2024-11-21 00:00:00+00:00,2.9109
2024-11-22 00:00:00+00:00,2.8632
2024-11-23 00:00:00+00:00,2.7962
2024-11-24 00:00:00+00:00,2.8649
2024-11-25 00:00:00+00:00,2.5317
2024-11-26 00:00:00+00:00,2.7229
2024-11-27 00:00:00+00:00,2.9392
2024-11-28 00:00:00+00:00,2.639
2024-11-29 00:00:00+00:00,2.8365
2024-11-30 00:00:00+00:00,3.2592
2024-12-01 00:00:00+00:00,2.9946
2024-12-02 00:00:00+00:00,2.3051
2024-12-03 00:00:00+00:00,2.54
2024-12-04 00:00:00+00:00,2.5076
2024-12-05 00:00:00+00:00,2.313
2024-12-06 00:00:00+00:00,2.3949
2024-12-07 00:00:00+00:00,2.668
2024-12-08 00:00:00+00:00,3.7943
2024-12-09 00:00:00+00:00,2.9003
2024-12-10 00:00:00+00:00,2.8579
2024-12-11 00:00:00+00:00,2.6316
2024-12-12 00:00:00+00:00,2.6138
2024-12-13 00:00:00+00:00,2.6802
2024-12-14 00:00:00+00:00,2.7855
2024-12-15 00:00:00+00:00,2.5371
2024-12-16 00:00:00+00:00,2.6766
2024-12-17 00:00:00+00:00,2.6095
2024-12-18 00:00:00+00:00,2.4187
2024-12-19 00:00:00+00:00,2.1407
2024-12-20 00:00:00+00:00,2.1206
2024-12-21 00:00:00+00:00,2.0022
2024-12-22 00:00:00+00:00,2.6187
2024-12-23 00:00:00+00:00,2.0726
2024-12-24 00:00:00+00:00,2.2647
2024-12-25 00:00:00+00:00,2.8999
2024-12-26 00:00:00+00:00,2.3188
2024-12-27 00:00:00+00:00,2.1275
2024-12-28 00:00:00+00:00,2.1485
2024-12-29 00:00:00+00:00,2.7637
2024-12-30 00:00:00+00:00,3.1857
2024-12-31 00:00:00+00:00,2.9723
2025-01-01 00:00:00+00:00,2.8921
2025-01-02 00:00:00+00:00,2.6784
2025-01-03 00:00:00+00:00,2.5558
2025-01-04 00:00:00+00:00,2.3029
2025-01-05 00:00:00+00:00,2.2652
2025-01-06 00:00:00+00:00,2.6628
2025-01-07 00:00:00+00:00,2.6669
2025-01-08 00:00:00+00:00,2.4239
2025-01-09 00:00:00+00:00,2.3776
2025-01-10 00:00:00+00:00,2.2102
2025-01-11 00:00:00+00:00,2.6308
2025-01-12 00:00:00+00:00,2.3554
2025-01-13 00:00:00+00:00,2.4991
2025-01-14 00:00:00+00:00,2.7333
2025-01-15 00:00:00+00:00,2.9355
2025-01-16 00:00:00+00:00,3.0398
2025-01-17 00:00:00+00:00,2.8362
2025-01-18 00:00:00+00:00,2.5271
2025-01-19 00:00:00+00:00,3.1408
2025-01-20 00:00:00+00:00,2.7251
2025-01-21 00:00:00+00:00,2.8802
2025-01-22 00:00:00+00:00,2.9267
2025-01-23 00:00:00+00:00,2.5289
2025-01-24 00:00:00+00:00,2.6316
2025-01-25 00:00:00+00:00,3.3602
2025-01-26 00:00:00+00:00,3.7002
2025-01-27 00:00:00+00:00,3.8001
2025-01-28 00:00:00+00:00,3.0207
2025-01-29 00:00:00+00:00,2.5958
2025-01-30 00:00:00+00:00,2.5063
2025-01-31 00:00:00+00:00,2.8549
2025-02-01 00:00:00+00:00,3.3019
2025-02-02 00:00:00+00:00,3.4699
2025-02-03 00:00:00+00:00,3.7071
2025-02-04 00:00:00+00:00,3.2688
2025-02-05 00:00:00+00:00,3.46
2025-02-06 00:00:00+00:00,2.929
2025-02-07 00:00:00+00:00,3.0211
2025-02-08 00:00:00+00:00,3.0209
2025-02-09 00:00:00+00:00,3.2124
2025-02-10 00:00:00+00:00,2.7063
2025-02-11 00:00:00+00:00,2.8659
2025-02-12 00:00:00+00:00,2.9369
2025-02-13 00:00:00+00:00,2.9591
2025-02-14 00:00:00+00:00,3.1031
2025-02-15 00:00:00+00:00,3.1307
2025-02-16 00:00:00+00:00,3.0804
2025-02-17 00:00:00+00:00,2.915
2025-02-18 00:00:00+00:00,2.8616
2025-02-19 00:00:00+00:00,2.9044
2025-02-20 00:00:00+00:00,2.9259
2025-02-21 00:00:00+00:00,3.1225
2025-02-22 00:00:00+00:00,3.5017
2025-02-23 00:00:00+00:00,3.5027
2025-02-24 00:00:00+00:00,3.3088
2025-02-25 00:00:00+00:00,3.2982
2025-02-26 00:00:00+00:00,2.831
2025-02-27 00:00:00+00:00,2.5998
2025-02-28 00:00:00+00:00,3.3102
2025-03-01 00:00:00+00:00,4.3912
2025-03-02 00:00:00+00:00,4.2894
2025-03-03 00:00:00+00:00,3.5696
2025-03-04 00:00:00+00:00,4.066
2025-03-05 00:00:00+00:00,4.0798
2025-03-06 00:00:00+00:00,3.6424
2025-03-07 00:00:00+00:00,3.8258
2025-03-08 00:00:00+00:00,3.2976
2025-03-09 00:00:00+00:00,3.7631
2025-03-10 00:00:00+00:00,3.4419
2025-03-11 00:00:00+00:00,3.8094
2025-03-12 00:00:00+00:00,3.3461
2025-03-13 00:00:00+00:00,3.2438
2025-03-14 00:00:00+00:00,3.5008
2025-03-15 00:00:00+00:00,3.6926
2025-03-16 00:00:00+00:00,3.7104
2025-03-17 00:00:00+00:00,3.2038
2025-03-18 00:00:00+00:00,3.8576
2025-03-19 00:00:00+00:00,3.5506
2025-03-20 00:00:00+00:00,3.0709
2025-03-21 00:00:00+00:00,2.9759
2025-03-22 00:00:00+00:00,3.3118
2025-03-23 00:00:00+00:00,3.0254
2025-03-24 00:00:00+00:00,3.1055
2025-03-25 00:00:00+00:00,3.4956
2025-03-26 00:00:00+00:00,3.6262
2025-03-27 00:00:00+00:00,3.6424
2025-03-28 00:00:00+00:00,3.5923
2025-03-29 00:00:00+00:00,3.2391
2025-03-30 00:00:00+00:00,4.1945
2025-03-31 00:00:00+00:00,3.2213
2025-04-01 00:00:00+00:00,2.9631
2025-04-02 00:00:00+00:00,3.3004
2025-04-03 00:00:00+00:00,3.8135
2025-04-04 00:00:00+00:00,3.5974
2025-04-05 00:00:00+00:00,3.3666
2025-04-06 00:00:00+00:00,3.4512
2025-04-07 00:00:00+00:00,3.6651
2025-04-08 00:00:00+00:00,3.891
2025-04-09 00:00:00+00:00,3.9601
2025-04-10 00:00:00+00:00,4.1175
2025-04-11 00:00:00+00:00,3.9525
2025-04-12 00:00:00+00:00,3.8304
2025-04-13 00:00:00+00:00,3.4215
2025-04-14 00:00:00+00:00,2.924
2025-04-15 00:00:00+00:00,2.9492
2025-04-16 00:00:00+00:00,3.1542
2025-04-17 00:00:00+00:00,3.407
2025-04-18 00:00:00+00:00,3.646
2025-04-19 00:00:00+00:00,3.6935
2025-04-20 00:00:00+00:00,3.848
2025-04-21 00:00:00+00:00,3.8027
2025-04-22 00:00:00+00:00,3.5138
2025-04-23 00:00:00+00:00,3.764
2025-04-24 00:00:00+00:00,3.5707
2025-04-25 00:00:00+00:00,3.7775
2025-04-26 00:00:00+00:00,4.1611
2025-04-27 00:00:00+00:00,3.7113
2025-04-28 00:00:00+00:00,3.427
2025-04-29 00:00:00+00:00,3.224
2025-04-30 00:00:00+00:00,3.8655
2025-05-01 00:00:00+00:00,4.0176
2025-05-02 00:00:00+00:00,3.8093
2025-05-03 00:00:00+00:00,3.3764
2025-05-04 00:00:00+00:00,3.3738
2025-05-05 00:00:00+00:00,3.2532
2025-05-06 00:00:00+00:00,3.3559
2025-05-07 00:00:00+00:00,3.9086
2025-05-08 00:00:00+00:00,3.7
2025-05-09 00:00:00+00:00,3.8056
2025-05-10 00:00:00+00:00,4.1114
2025-05-11 00:00:00+00:00,4.1322
2025-05-12 00:00:00+00:00,3.9518
2025-05-13 00:00:00+00:00,3.1193
2025-05-14 00:00:00+00:00,2.904
2025-05-15 00:00:00+00:00,3.1039
2025-05-16 00:00:00+00:00,3.119
2025-05-17 00:00:00+00:00,3.019
2025-05-18 00:00:00+00:00,2.7216
2025-05-19 00:00:00+00:00,3.1142
2025-05-20 00:00:00+00:00,3.229
2025-05-21 00:00:00+00:00,2.9795
2025-05-22 00:00:00+00:00,2.805
2025-05-23 00:00:00+00:00,3.1008
2025-05-24 00:00:00+00:00,3.118
2025-05-25 00:00:00+00:00,2.9813
2025-05-26 00:00:00+00:00,3.5804
2025-05-27 00:00:00+00:00,3.1616
2025-05-28 00:00:00+00:00,2.6628
2025-05-29 00:00:00+00:00,3.091
2025-05-30 00:00:00+00:00,2.4273
2025-05-31 00:00:00+00:00,3.5653
2025-06-01 00:00:00+00:00,3.2973
2025-06-02 00:00:00+00:00,3.1433
2025-06-03 00:00:00+00:00,2.8414
2025-06-04 00:00:00+00:00,2.9707
2025-06-05 00:00:00+00:00,3.0659
2025-06-06 00:00:00+00:00,3.003
2025-06-07 00:00:00+00:00,2.7073
2025-06-08 00:00:00+00:00,2.6615
2025-06-09 00:00:00+00:00,2.8789
2025-06-10 00:00:00+00:00,2.9301
2025-06-11 00:00:00+00:00,3.09
2025-06-12 00:00:00+00:00,3.1479
2025-06-13 00:00:00+00:00,3.6513
2025-06-14 00:00:00+00:00,3.9969
2025-07-02 00:00:00+00:00,2.2623
2025-07-03 00:00:00+00:00,2.6482
2025-07-04 00:00:00+00:00,3.0339
2025-07-05 00:00:00+00:00,2.6362
2025-07-06 00:00:00+00:00,2.9634
2025-07-07 00:00:00+00:00,2.4806
2025-07-08 00:00:00+00:00,2.6823
2025-07-09 00:00:00+00:00,2.4407
2025-07-10 00:00:00+00:00,2.8613
2025-07-11 00:00:00+00:00,2.9633
2025-07-12 00:00:00+00:00,2.864
2025-07-13 00:00:00+00:00,2.9438
2025-07-14 00:00:00+00:00,2.9423
2025-07-15 00:00:00+00:00,2.7214
2025-07-16 00:00:00+00:00,2.626
2025-07-17 00:00:00+00:00,2.5277
2025-07-18 00:00:00+00:00,2.8269
2025-07-19 00:00:00+00:00,2.8432
2025-07-20 00:00:00+00:00,3.2003
2025-07-21 00:00:00+00:00,2.6806
2025-07-22 00:00:00+00:00,3.1197
2025-07-23 00:00:00+00:00,2.7917
2025-07-24 00:00:00+00:00,2.8507
2025-07-25 00:00:00+00:00,3.3046
2025-07-26 00:00:00+00:00,3.1861
2025-07-27 00:00:00+00:00,3.1236
2025-07-28 00:00:00+00:00,3.2754
2025-07-29 00:00:00+00:00,3.2841
2025-07-30 00:00:00+00:00,2.9573
2025-07-31 00:00:00+00:00,2.9472
2025-08-01 00:00:00+00:00,3.127
2025-08-02 00:00:00+00:00,2.8743
2025-08-03 00:00:00+00:00,3.0484
2025-08-04 00:00:00+00:00,2.5813
2025-08-05 00:00:00+00:00,2.8849
2025-08-06 00:00:00+00:00,3.158
2025-08-07 00:00:00+00:00,3.2047
2025-08-08 00:00:00+00:00,3.5164
2025-08-09 00:00:00+00:00,4.0451
2025-08-10 00:00:00+00:00,3.4077
2025-08-11 00:00:00+00:00,3.4194
2025-08-12 00:00:00+00:00,3.1469
2025-08-13 00:00:00+00:00,3.0105
2025-08-14 00:00:00+00:00,3.1625
2025-08-15 00:00:00+00:00,4.0374
2025-08-16 00:00:00+00:00,4.4499
2025-08-17 00:00:00+00:00,3.7046
2025-08-18 00:00:00+00:00,3.8234
2025-08-19 00:00:00+00:00,3.566
2025-08-20 00:00:00+00:00,3.4005
2025-08-21 00:00:00+00:00,3.222
2025-08-22 00:00:00+00:00,2.8492
2025-08-23 00:00:00+00:00,2.8304
2025-08-24 00:00:00+00:00,3.177
2025-08-25 00:00:00+00:00,2.657
2025-08-26 00:00:00+00:00,2.6151
2025-08-27 00:00:00+00:00,3.0642
2025-08-28 00:00:00+00:00,2.8707
2025-08-29 00:00:00+00:00,2.9043
2025-08-30 00:00:00+00:00,3.2181
2025-08-31 00:00:00+00:00,3.2481
2025-09-01 00:00:00+00:00,2.5667
2025-09-02 00:00:00+00:00,2.9008
2025-09-03 00:00:00+00:00,3.317
2025-09-04 00:00:00+00:00,2.9578
2025-09-05 00:00:00+00:00,3.0489
2025-09-06 00:00:00+00:00,3.3252
2025-09-07 00:00:00+00:00,3.2713
2025-09-08 00:00:00+00:00,3.0166
2025-09-09 00:00:00+00:00,3.3979
2025-09-10 00:00:00+00:00,3.196
2025-09-11 00:00:00+00:00,3.228
2025-09-12 00:00:00+00:00,3.1136
2025-09-13 00:00:00+00:00,3.3631
2025-09-14 00:00:00+00:00,3.2457
2025-09-15 00:00:00+00:00,2.7818
2025-09-16 00:00:00+00:00,3.1553
2025-09-17 00:00:00+00:00,2.795
2025-09-18 00:00:00+00:00,2.6048
2025-09-19 00:00:00+00:00,3.0319
2025-09-20 00:00:00+00:00,2.9433
2025-09-21 00:00:00+00:00,3.4573
2025-09-22 00:00:00+00:00,2.9779
2025-09-23 00:00:00+00:00,2.8729
2025-09-24 00:00:00+00:00,2.783
2025-09-25 00:00:00+00:00,2.8554
2025-09-26 00:00:00+00:00,3.0864
2025-09-27 00:00:00+00:00,3.401
2025-09-28 00:00:00+00:00,3.3201
2025-09-29 00:00:00+00:00,3.0196
2025-09-30 00:00:00+00:00,3.0561
2025-10-01 00:00:00+00:00,2.76
2025-10-02 00:00:00+00:00,2.7604
2025-10-03 00:00:00+00:00,3.1748
2025-10-04 00:00:00+00:00,3.556
2025-10-05 00:00:00+00:00,3.6132
2025-10-06 00:00:00+00:00,2.8947
2025-10-07 00:00:00+00:00,3.0879
2025-10-08 00:00:00+00:00,3.0416
2025-10-09 00:00:00+00:00,3.5565
2025-10-10 00:00:00+00:00,3.4836
2025-10-11 00:00:00+00:00,3.0209
2025-10-12 00:00:00+00:00,3.3892
2025-10-13 00:00:00+00:00,3.8156
2025-10-14 00:00:00+00:00,3.2988
2025-10-15 00:00:00+00:00,2.7232
2025-10-16 00:00:00+00:00,2.9877
2025-10-17 00:00:00+00:00,3.0486
2025-10-18 00:00:00+00:00,3.1922
2025-10-19 00:00:00+00:00,3.4788
2025-10-20 00:00:00+00:00,2.6314
2025-10-21 00:00:00+00:00,2.8024
2025-10-22 00:00:00+00:00,2.7756
2025-10-23 00:00:00+00:00,3.3595
2025-10-24 00:00:00+00:00,3.1564
2025-10-25 00:00:00+00:00,3.0376
2025-10-26 00:00:00+00:00,2.9203
2025-10-27 00:00:00+00:00,2.3245
2025-10-28 00:00:00+00:00,2.8729
2025-10-29 00:00:00+00:00,2.9577
2025-10-30 00:00:00+00:00,3.1201
2025-10-31 00:00:00+00:00,2.7888
2025-11-01 00:00:00+00:00,2.7601
2025-11-02 00:00:00+00:00,3.02
2025-11-03 00:00:00+00:00,2.5918
2025-11-04 00:00:00+00:00,2.7519
2025-11-05 00:00:00+00:00,2.4188
2025-11-06 00:00:00+00:00,2.6793
2025-11-07 00:00:00+00:00,2.7173
2025-11-08 00:00:00+00:00,2.9315
2025-11-09 00:00:00+00:00,3.42
2025-11-10 00:00:00+00:00,2.8895
2025-11-11 00:00:00+00:00,2.9768
2025-11-12 00:00:00+00:00,2.7059
2025-11-13 00:00:00+00:00,2.133
2025-11-14 00:00:00+00:00,2.3093
2025-11-15 00:00:00+00:00,2.5253
2025-11-16 00:00:00+00:00,2.2899
2025-11-17 00:00:00+00:00,2.2378
2025-11-18 00:00:00+00:00,2.3751
2025-11-19 00:00:00+00:00,2.5949
2025-11-20 00:00:00+00:00,2.1895
2025-11-21 00:00:00+00:00,2.8075
2025-11-22 00:00:00+00:00,2.9937
2025-11-23 00:00:00+00:00,3.0648
2025-11-24 00:00:00+00:00,2.6188
2025-11-25 00:00:00+00:00,2.7699
2025-11-26 00:00:00+00:00,2.3214
2025-11-27 00:00:00+00:00,2.2672
2025-11-28 00:00:00+00:00,2.5252
2025-11-29 00:00:00+00:00,2.7827
2025-11-30 00:00:00+00:00,2.6849
2025-12-01 00:00:00+00:00,2.4228
2025-12-02 00:00:00+00:00,2.5541
2025-12-03 00:00:00+00:00,3.054
2025-12-04 00:00:00+00:00,2.8675
2025-12-05 00:00:00+00:00,2.464
2025-12-06 00:00:00+00:00,3.6437
2025-12-07 00:00:00+00:00,2.6013
2025-12-08 00:00:00+00:00,2.6366
2025-12-09 00:00:00+00:00,2.6582
2025-12-10 00:00:00+00:00,2.2123
2025-12-11 00:00:00+00:00,2.698
2025-12-12 00:00:00+00:00,2.4941
2025-12-13 00:00:00+00:00,2.5881
2025-12-14 00:00:00+00:00,2.431
2025-12-15 00:00:00+00:00,2.5262
2025-12-16 00:00:00+00:00,2.4588
2025-12-17 00:00:00+00:00,2.407
2025-12-18 00:00:00+00:00,2.5846
2025-12-19 00:00:00+00:00,2.4991
2025-12-20 00:00:00+00:00,2.8559
2025-12-21 00:00:00+00:00,2.663
2025-12-22 00:00:00+00:00,2.4257
2025-12-23 00:00:00+00:00,2.6501
2025-12-24 00:00:00+00:00,2.8712
2025-12-25 00:00:00+00:00,2.2596
2025-12-26 00:00:00+00:00,2.8978
2025-12-27 00:00:00+00:00,2.7199
2025-12-28 00:00:00+00:00,3.6595
2025-12-29 00:00:00+00:00,2.9364
2025-12-30 00:00:00+00:00,3.0185
2025-12-31 00:00:00+00:00,2.7791
2026-01-01 00:00:00+00:00,2.8716
2026-01-02 00:00:00+00:00,2.6979
2026-01-03 00:00:00+00:00,3.7051
2026-01-04 00:00:00+00:00,3.7405
2026-01-05 00:00:00+00:00,3.272
2026-01-06 00:00:00+00:00,3.1584
2026-01-07 00:00:00+00:00,3.1161
2026-01-08 00:00:00+00:00,2.8264
2026-01-09 00:00:00+00:00,2.776
2026-01-10 00:00:00+00:00,2.6541
2026-01-11 00:00:00+00:00,2.7381
2026-01-12 00:00:00+00:00,2.3991
2026-01-13 00:00:00+00:00,2.7109
2026-01-14 00:00:00+00:00,2.4345
2026-01-15 00:00:00+00:00,2.4886
2026-01-16 00:00:00+00:00,2.3459
2026-01-17 00:00:00+00:00,3.0858
2026-01-18 00:00:00+00:00,2.7059
2026-01-19 00:00:00+00:00,2.466
2026-01-20 00:00:00+00:00,2.9169
2026-01-21 00:00:00+00:00,2.8497
2026-01-22 00:00:00+00:00,2.8388
2026-01-23 00:00:00+00:00,3.3243
2026-01-24 00:00:00+00:00,3.229
2026-01-25 00:00:00+00:00,2.3984
2026-01-26 00:00:00+00:00,2.5043
2026-01-27 00:00:00+00:00,2.6291
2026-01-28 00:00:00+00:00,2.3419
2026-01-29 00:00:00+00:00,2.4714
2026-01-30 00:00:00+00:00,2.7987
2026-01-31 00:00:00+00:00,2.6911
2026-02-01 00:00:00+00:00,2.7961
2026-02-02 00:00:00+00:00,2.8059
2026-02-03 00:00:00+00:00,2.6044
2026-02-04 00:00:00+00:00,2.4873
2026-02-05 00:00:00+00:00,2.3229
2026-02-06 00:00:00+00:00,2.188
2026-02-07 00:00:00+00:00,2.5515
2026-02-08 00:00:00+00:00,2.5439
2026-02-09 00:00:00+00:00,2.3444
2026-02-10 00:00:00+00:00,2.2626
2026-02-11 00:00:00+00:00,1.9749
2026-02-12 00:00:00+00:00,2.2372
2026-02-13 00:00:00+00:00,2.4962
2026-02-14 00:00:00+00:00,2.5009
2026-02-15 00:00:00+00:00,2.6053
2026-02-16 00:00:00+00:00,2.5023
2026-02-17 00:00:00+00:00,2.8523
2026-02-18 00:00:00+00:00,2.2521
2026-02-19 00:00:00+00:00,2.8066
2026-02-20 00:00:00+00:00,2.9414
2026-02-21 00:00:00+00:00,2.3858
2026-02-22 00:00:00+00:00,2.3219
2026-02-23 00:00:00+00:00,2.5335
2026-02-24 00:00:00+00:00,2.802
2026-02-25 00:00:00+00:00,3.052
2026-02-26 00:00:00+00:00,2.9813
2026-02-27 00:00:00+00:00,3.1613
2026-02-28 00:00:00+00:00,9.646
2026-03-01 00:00:00+00:00,6.5858
2026-03-02 00:00:00+00:00,6.6236
2026-03-03 00:00:00+00:00,6.3586
2026-03-04 00:00:00+00:00,6.4083
2026-03-05 00:00:00+00:00,5.979
2026-03-06 00:00:00+00:00,5.8841
2026-03-07 00:00:00+00:00,6.6214
2026-03-08 00:00:00+00:00,5.8014
2026-03-09 00:00:00+00:00,6.5763
2026-03-10 00:00:00+00:00,6.3093
2026-03-11 00:00:00+00:00,5.382
2026-03-12 00:00:00+00:00,5.714
2026-03-13 00:00:00+00:00,6.0112
2026-03-14 00:00:00+00:00,5.6176
2026-03-15 00:00:00+00:00,5.4987
2026-03-16 00:00:00+00:00,5.5674
2026-03-17 00:00:00+00:00,5.6845
2026-03-18 00:00:00+00:00,5.9176
2026-03-19 00:00:00+00:00,6.0007
2026-03-20 00:00:00+00:00,5.2023
2026-03-21 00:00:00+00:00,5.2746
2026-03-22 00:00:00+00:00,5.1825
2026-03-23 00:00:00+00:00,5.3968
2026-03-24 00:00:00+00:00,4.8851
2026-03-25 00:00:00+00:00,5.1893
2026-03-26 00:00:00+00:00,5.1954
2026-03-27 00:00:00+00:00,5.2042
2026-03-28 00:00:00+00:00,5.1823
2026-03-29 00:00:00+00:00,5.6184
2026-03-30 00:00:00+00:00,4.811
2026-03-31 00:00:00+00:00,5.1441
2026-04-01 00:00:00+00:00,5.5715
2026-04-02 00:00:00+00:00,5.7506
2026-04-03 00:00:00+00:00,5.5851
2026-04-04 00:00:00+00:00,4.4441
2026-04-05 00:00:00+00:00,5.3444
2026-04-06 00:00:00+00:00,5.5136
2026-04-07 00:00:00+00:00,5.4776
2026-04-08 00:00:00+00:00,6.7094
2026-04-09 00:00:00+00:00,5.2904
2026-04-10 00:00:00+00:00,5.0741
2026-04-11 00:00:00+00:00,4.884
2026-04-12 00:00:00+00:00,5.6953
2026-04-13 00:00:00+00:00,5.7788
2026-04-14 00:00:00+00:00,5.5419
2026-04-15 00:00:00+00:00,5.4536
2026-04-16 00:00:00+00:00,5.5734
2026-04-17 00:00:00+00:00,4.8551
2026-04-18 00:00:00+00:00,4.747
2026-04-19 00:00:00+00:00,4.1066
2026-04-20 00:00:00+00:00,4.4256
2026-04-21 00:00:00+00:00,4.7145
2026-04-22 00:00:00+00:00,4.3847
2026-04-23 00:00:00+00:00,4.7831
2026-04-24 00:00:00+00:00,4.6021
2026-04-25 00:00:00+00:00,4.6703
2026-04-26 00:00:00+00:00,3.8038
2026-04-27 00:00:00+00:00,3.9765
2026-04-28 00:00:00+00:00,4.1477
2026-04-29 00:00:00+00:00,4.6243
2026-04-30 00:00:00+00:00,4.4831
2026-05-01 00:00:00+00:00,5.7998
2026-05-02 00:00:00+00:00,5.3422
2026-05-03 00:00:00+00:00,4.2129
2026-05-04 00:00:00+00:00,4.3384
2026-05-05 00:00:00+00:00,4.2305
2026-05-06 00:00:00+00:00,4.4518
2026-05-07 00:00:00+00:00,4.2535
2026-05-08 00:00:00+00:00,4.1062
2026-05-09 00:00:00+00:00,3.4857
2026-05-10 00:00:00+00:00,3.7954
2026-05-11 00:00:00+00:00,4.2417
2026-05-12 00:00:00+00:00,4.3973
2026-05-13 00:00:00+00:00,4.192
2026-05-14 00:00:00+00:00,4.4311
2026-05-15 00:00:00+00:00,4.1742
2026-05-16 00:00:00+00:00,4.144
2026-05-17 00:00:00+00:00,3.5906
2026-05-18 00:00:00+00:00,3.8802
2026-05-19 00:00:00+00:00,4.0768
2026-05-20 00:00:00+00:00,4.5039
2026-05-21 00:00:00+00:00,3.8788
2026-05-22 00:00:00+00:00,4.5046
2026-05-23 00:00:00+00:00,3.512
2026-05-24 00:00:00+00:00,3.8792
2026-05-25 00:00:00+00:00,3.8996
2026-05-26 00:00:00+00:00,3.5278
2026-05-27 00:00:00+00:00,3.6668
2026-05-28 00:00:00+00:00,3.5225
2026-05-29 00:00:00+00:00,3.7729
2026-05-30 00:00:00+00:00,3.3467
2026-05-31 00:00:00+00:00,3.5039
2026-06-01 00:00:00+00:00,3.5957
2026-06-02 00:00:00+00:00,3.4736
2026-06-03 00:00:00+00:00,3.478
2026-06-04 00:00:00+00:00,3.7505
2026-06-05 00:00:00+00:00,3.4876
2026-06-06 00:00:00+00:00,3.611
2026-06-07 00:00:00+00:00,3.7354
2026-06-08 00:00:00+00:00,3.4655
2026-06-09 00:00:00+00:00,3.3603
2026-06-10 00:00:00+00:00,3.4462
2026-06-11 00:00:00+00:00,3.8872
2026-06-12 00:00:00+00:00,3.7274
2026-06-13 00:00:00+00:00,3.6931
2026-06-14 00:00:00+00:00,3.5955
2026-06-15 00:00:00+00:00,4.3052
2026-06-16 00:00:00+00:00,3.6642
2026-06-17 00:00:00+00:00,3.9918
2026-06-18 00:00:00+00:00,4.2622
2026-06-19 00:00:00+00:00,3.9134
2026-06-20 00:00:00+00:00,3.423
2026-06-21 00:00:00+00:00,3.4885
2026-06-22 00:00:00+00:00,3.4883
2026-06-23 00:00:00+00:00,3.3135
2026-06-24 00:00:00+00:00,3.3613
2026-06-25 00:00:00+00:00,3.4109
2026-06-26 00:00:00+00:00,2.9903
2026-06-27 00:00:00+00:00,3.0778
2026-06-28 00:00:00+00:00,2.8259
2026-06-29 00:00:00+00:00,3.2335
2026-06-30 00:00:00+00:00,3.0028
2026-07-05 00:00:00+00:00,3.6147
2026-07-06 00:00:00+00:00,3.1781
2026-07-07 00:00:00+00:00,3.2241
2026-07-08 00:00:00+00:00,4.3854
2026-07-09 00:00:00+00:00,3.5164
2026-07-10 00:00:00+00:00,2.8239
2026-07-11 00:00:00+00:00,2.7468
2026-07-12 00:00:00+00:00,3.7287
2026-07-13 00:00:00+00:00,3.697
2026-07-14 00:00:00+00:00,3.819
2026-07-15 00:00:00+00:00,3.5572
2026-07-16 00:00:00+00:00,3.9478
2026-07-17 00:00:00+00:00,3.3809
2026-07-18 00:00:00+00:00,2.9298
2026-07-19 00:00:00+00:00,3.5403
2026-07-20 00:00:00+00:00,3.6794
2026-07-21 00:00:00+00:00,3.5821
2026-07-22 00:00:00+00:00,3.9115
2026-07-23 00:00:00+00:00,3.9514
2026-07-24 00:00:00+00:00,3.5351
2026-07-25 00:00:00+00:00,3.5414
2026-07-26 00:00:00+00:00,3.5932
2026-07-27 00:00:00+00:00,3.3652
2026-07-28 00:00:00+00:00,3.1127
2026-07-29 00:00:00+00:00,3.6407
2026-07-30 00:00:00+00:00,3.6502
2026-07-31 00:00:00+00:00,3.1369
2026-08-01 00:00:00+00:00,2.8079
2026-08-02 00:00:00+00:00,3.4535
2026-08-03 00:00:00+00:00,3.1788
2026-08-04 00:00:00+00:00,3.1853
2026-08-05 00:00:00+00:00,3.4029
2026-08-06 00:00:00+00:00,3.2283
2026-08-07 00:00:00+00:00,2.9872
2026-08-08 00:00:00+00:00,3.4228
2026-08-09 00:00:00+00:00,3.3104
2026-08-10 00:00:00+00:00,2.8932
2026-08-11 00:00:00+00:00,2.7063
2026-08-12 00:00:00+00:00,2.7916
2026-08-13 00:00:00+00:00,2.9982
2026-08-14 00:00:00+00:00,3.167
2026-08-15 00:00:00+00:00,3.0686
2026-08-16 00:00:00+00:00,2.9789
2026-08-17 00:00:00+00:00,3.4405
2026-08-18 00:00:00+00:00,3.0897
2026-08-19 00:00:00+00:00,2.9992
2026-08-20 00:00:00+00:00,2.9371
2026-08-21 00:00:00+00:00,3.162
2026-08-22 00:00:00+00:00,2.9842
