time,gold_tone
2017-01-01 00:00:00+00:00,0.2545
2017-01-02 00:00:00+00:00,-0.5112
2017-01-03 00:00:00+00:00,0.7986
2017-01-04 00:00:00+00:00,0.6354
2017-01-05 00:00:00+00:00,0.6857
2017-01-06 00:00:00+00:00,0.4356
2017-01-07 00:00:00+00:00,0.3032
2017-01-08 00:00:00+00:00,0.0902
2017-01-09 00:00:00+00:00,0.8495
2017-01-10 00:00:00+00:00,0.7304
2017-01-11 00:00:00+00:00,0.8743
2017-01-12 00:00:00+00:00,0.7593
2017-01-13 00:00:00+00:00,0.6286
2017-01-14 00:00:00+00:00,0.29
2017-01-15 00:00:00+00:00,0.7578
2017-01-16 00:00:00+00:00,0.4584
2017-01-17 00:00:00+00:00,0.4612
2017-01-18 00:00:00+00:00,0.8414
2017-01-19 00:00:00+00:00,0.6405
2017-01-20 00:00:00+00:00,-0.2988
2017-01-21 00:00:00+00:00,0.4895
2017-01-22 00:00:00+00:00,0.523
2017-01-23 00:00:00+00:00,0.476
2017-01-24 00:00:00+00:00,0.327
2017-01-25 00:00:00+00:00,1.134
2017-01-26 00:00:00+00:00,0.6725
2017-01-27 00:00:00+00:00,0.5702
2017-01-28 00:00:00+00:00,1.606
2017-01-29 00:00:00+00:00,0.4724
2017-01-30 00:00:00+00:00,-0.4667
2017-01-31 00:00:00+00:00,0.3238
2017-02-01 00:00:00+00:00,1.0554
2017-02-02 00:00:00+00:00,0.8593
2017-02-03 00:00:00+00:00,0.5318
2017-02-04 00:00:00+00:00,-2.1572
2017-02-05 00:00:00+00:00,0.1818
2017-02-06 00:00:00+00:00,0.4723
2017-02-07 00:00:00+00:00,0.2074
2017-02-08 00:00:00+00:00,0.6879
2017-02-09 00:00:00+00:00,0.4488
2017-02-10 00:00:00+00:00,0.6486
2017-02-11 00:00:00+00:00,1.047
2017-02-12 00:00:00+00:00,0.8154
2017-02-13 00:00:00+00:00,0.9628
2017-02-14 00:00:00+00:00,0.6921
2017-02-15 00:00:00+00:00,0.5969
2017-02-16 00:00:00+00:00,0.6274
2017-02-17 00:00:00+00:00,1.5981
2017-02-18 00:00:00+00:00,0.4044
2017-02-19 00:00:00+00:00,0.099
2017-02-20 00:00:00+00:00,0.7658
2017-02-21 00:00:00+00:00,0.991
2017-02-22 00:00:00+00:00,0.851
2017-02-23 00:00:00+00:00,0.718
2017-02-24 00:00:00+00:00,0.064
2017-02-25 00:00:00+00:00,0.9387
2017-02-26 00:00:00+00:00,1.4321
2017-02-27 00:00:00+00:00,1.0504
2017-02-28 00:00:00+00:00,0.6218
2017-03-01 00:00:00+00:00,0.3031
2017-03-02 00:00:00+00:00,0.4709
2017-03-03 00:00:00+00:00,0.3925
2017-03-04 00:00:00+00:00,0.5957
2017-03-05 00:00:00+00:00,0.6363
2017-03-06 00:00:00+00:00,0.6297
2017-03-07 00:00:00+00:00,0.6572
2017-03-08 00:00:00+00:00,0.6361
2017-03-09 00:00:00+00:00,0.2272
2017-03-10 00:00:00+00:00,0.4683
2017-03-11 00:00:00+00:00,0.685
2017-03-12 00:00:00+00:00,0.6297
2017-03-13 00:00:00+00:00,0.5744
2017-03-14 00:00:00+00:00,0.5518
2017-03-15 00:00:00+00:00,0.4236
2017-03-16 00:00:00+00:00,0.5907
2017-03-17 00:00:00+00:00,0.83
2017-03-18 00:00:00+00:00,0.4226
2017-03-19 00:00:00+00:00,0.148
2017-03-20 00:00:00+00:00,0.5448
2017-03-21 00:00:00+00:00,0.4664
2017-03-22 00:00:00+00:00,-0.45
2017-03-23 00:00:00+00:00,-0.0199
2017-03-24 00:00:00+00:00,0.3835
2017-03-25 00:00:00+00:00,0.3026
2017-03-26 00:00:00+00:00,0.1803
2017-03-27 00:00:00+00:00,-0.0289
2017-03-28 00:00:00+00:00,0.6688
2017-03-29 00:00:00+00:00,0.698
2017-03-30 00:00:00+00:00,0.897
2017-03-31 00:00:00+00:00,0.9399
2017-04-01 00:00:00+00:00,1.1495
2017-04-02 00:00:00+00:00,0.7387
2017-04-03 00:00:00+00:00,0.5667
2017-04-04 00:00:00+00:00,-0.0505
2017-04-05 00:00:00+00:00,0.5923
2017-04-06 00:00:00+00:00,0.321
2017-04-07 00:00:00+00:00,-1.1858
2017-04-08 00:00:00+00:00,0.121
2017-04-09 00:00:00+00:00,1.5709
2017-04-10 00:00:00+00:00,0.2149
2017-04-11 00:00:00+00:00,0.1891
2017-04-12 00:00:00+00:00,-0.8136
2017-04-13 00:00:00+00:00,0.1676
2017-04-14 00:00:00+00:00,0.7517
2017-04-15 00:00:00+00:00,0.4066
2017-04-16 00:00:00+00:00,0.0758
2017-04-17 00:00:00+00:00,0.1065
2017-04-18 00:00:00+00:00,0.1672
2017-04-19 00:00:00+00:00,-0.2396
2017-04-20 00:00:00+00:00,0.6784
2017-04-21 00:00:00+00:00,0.7684
2017-04-22 00:00:00+00:00,-2.5102
2017-04-23 00:00:00+00:00,0.0536
2017-04-24 00:00:00+00:00,0.6918
2017-04-25 00:00:00+00:00,0.7382
2017-04-26 00:00:00+00:00,0.6168
2017-04-27 00:00:00+00:00,1.0322
2017-04-28 00:00:00+00:00,1.2535
2017-04-29 00:00:00+00:00,0.3601
2017-04-30 00:00:00+00:00,-0.1948
2017-05-01 00:00:00+00:00,0.3943
2017-05-02 00:00:00+00:00,0.6658
2017-05-03 00:00:00+00:00,0.4621
2017-05-04 00:00:00+00:00,0.7016
2017-05-05 00:00:00+00:00,0.3421
2017-05-06 00:00:00+00:00,-0.2691
2017-05-07 00:00:00+00:00,-0.0664
2017-05-08 00:00:00+00:00,0.3159
2017-05-09 00:00:00+00:00,0.313
2017-05-10 00:00:00+00:00,0.481
2017-05-11 00:00:00+00:00,0.1367
2017-05-12 00:00:00+00:00,-0.2531
2017-05-13 00:00:00+00:00,0.7121
2017-05-14 00:00:00+00:00,0.1283
2017-05-15 00:00:00+00:00,0.0344
2017-05-16 00:00:00+00:00,0.1274
2017-05-17 00:00:00+00:00,-0.875
2017-05-18 00:00:00+00:00,-0.9917
2017-05-19 00:00:00+00:00,-0.3694
2017-05-20 00:00:00+00:00,-0.6948
2017-05-21 00:00:00+00:00,0.2988
2017-05-22 00:00:00+00:00,0.2137
2017-05-23 00:00:00+00:00,-0.4934
2017-05-24 00:00:00+00:00,-0.4357
2017-05-25 00:00:00+00:00,0.6054
2017-05-26 00:00:00+00:00,0.0947
2017-05-27 00:00:00+00:00,0.3617
2017-05-28 00:00:00+00:00,-0.3173
2017-05-29 00:00:00+00:00,-0.4974
2017-05-30 00:00:00+00:00,0.4253
2017-05-31 00:00:00+00:00,0.5874
2017-06-01 00:00:00+00:00,0.9778
2017-06-02 00:00:00+00:00,0.6924
2017-06-03 00:00:00+00:00,-0.2043
2017-06-04 00:00:00+00:00,-0.1386
2017-06-05 00:00:00+00:00,0.4528
2017-06-06 00:00:00+00:00,-0.0456
2017-06-07 00:00:00+00:00,0.2173
2017-06-08 00:00:00+00:00,0.1088
2017-06-09 00:00:00+00:00,-0.9492
2017-06-10 00:00:00+00:00,-0.388
2017-06-11 00:00:00+00:00,0.8765
2017-06-12 00:00:00+00:00,0.1148
2017-06-13 00:00:00+00:00,-0.2542
2017-06-14 00:00:00+00:00,-0.2318
2017-06-15 00:00:00+00:00,0.2581
2017-06-16 00:00:00+00:00,0.3773
2017-06-17 00:00:00+00:00,-1.6167
2017-06-18 00:00:00+00:00,-0.1039
2017-06-19 00:00:00+00:00,-0.1142
2017-06-20 00:00:00+00:00,0.3081
2017-06-21 00:00:00+00:00,0.3345
2017-06-22 00:00:00+00:00,-0.1944
2017-06-23 00:00:00+00:00,0.5238
2017-06-24 00:00:00+00:00,-0.1817
2017-06-25 00:00:00+00:00,0.897
2017-06-26 00:00:00+00:00,0.3404
2017-06-27 00:00:00+00:00,0.1629
2017-06-28 00:00:00+00:00,-0.1519
2017-06-29 00:00:00+00:00,0.2437
2017-06-30 00:00:00+00:00,-0.3255
2017-07-01 00:00:00+00:00,-0.1582
2017-07-02 00:00:00+00:00,-0.3734
2017-07-03 00:00:00+00:00,0.0969
2017-07-04 00:00:00+00:00,0.1813
2017-07-05 00:00:00+00:00,0.4875
2017-07-06 00:00:00+00:00,0.2005
2017-07-07 00:00:00+00:00,0.2959
2017-07-08 00:00:00+00:00,0.344
2017-07-09 00:00:00+00:00,0.14
2017-07-10 00:00:00+00:00,0.9117
2017-07-11 00:00:00+00:00,0.4455
2017-07-12 00:00:00+00:00,0.3766
2017-07-13 00:00:00+00:00,-0.1015
2017-07-14 00:00:00+00:00,0.6412
2017-07-15 00:00:00+00:00,1.0703
2017-07-16 00:00:00+00:00,-0.4056
2017-07-17 00:00:00+00:00,0.5788
2017-07-18 00:00:00+00:00,0.1538
2017-07-19 00:00:00+00:00,-0.9205
2017-07-20 00:00:00+00:00,0.4058
2017-07-21 00:00:00+00:00,0.28
2017-07-22 00:00:00+00:00,-2.2567
2017-07-23 00:00:00+00:00,-0.7118
2017-07-24 00:00:00+00:00,-0.5118
2017-07-25 00:00:00+00:00,0.8591
2017-07-26 00:00:00+00:00,0.7656
2017-07-27 00:00:00+00:00,0.7199
2017-07-28 00:00:00+00:00,0.7282
2017-07-29 00:00:00+00:00,1.1396
2017-07-30 00:00:00+00:00,1.0082
2017-07-31 00:00:00+00:00,0.5697
2017-08-01 00:00:00+00:00,0.8535
2017-08-02 00:00:00+00:00,0.7929
2017-08-03 00:00:00+00:00,0.8276
2017-08-04 00:00:00+00:00,0.4062
2017-08-05 00:00:00+00:00,0.3835
2017-08-06 00:00:00+00:00,1.1465
2017-08-07 00:00:00+00:00,0.767
2017-08-08 00:00:00+00:00,-0.6672
2017-08-09 00:00:00+00:00,-0.346
2017-08-10 00:00:00+00:00,-0.6057
2017-08-11 00:00:00+00:00,-1.383
2017-08-12 00:00:00+00:00,-0.4309
2017-08-13 00:00:00+00:00,-1.0795
2017-08-14 00:00:00+00:00,-0.4655
2017-08-15 00:00:00+00:00,0.0182
2017-08-16 00:00:00+00:00,-0.2969
2017-08-17 00:00:00+00:00,-0.0985
2017-08-18 00:00:00+00:00,-1.3902
2017-08-19 00:00:00+00:00,-0.0663
2017-08-20 00:00:00+00:00,1.1419
2017-08-21 00:00:00+00:00,0.7833
2017-08-22 00:00:00+00:00,0.5141
2017-08-23 00:00:00+00:00,-0.245
2017-08-24 00:00:00+00:00,-0.119
2017-08-25 00:00:00+00:00,-0.5902
2017-08-26 00:00:00+00:00,0.4149
2017-08-27 00:00:00+00:00,0.1916
2017-08-28 00:00:00+00:00,-0.0702
2017-08-29 00:00:00+00:00,-0.5621
2017-08-30 00:00:00+00:00,-0.076
2017-08-31 00:00:00+00:00,0.608
2017-09-01 00:00:00+00:00,0.4742
2017-09-02 00:00:00+00:00,0.6684
2017-09-03 00:00:00+00:00,0.763
2017-09-04 00:00:00+00:00,-0.0834
2017-09-05 00:00:00+00:00,-0.4108
2017-09-06 00:00:00+00:00,-0.7971
2017-09-07 00:00:00+00:00,-0.485
2017-09-08 00:00:00+00:00,-0.4004
2017-09-09 00:00:00+00:00,-0.2751
2017-09-10 00:00:00+00:00,0.3715
2017-09-11 00:00:00+00:00,-0.3829
2017-09-12 00:00:00+00:00,-0.506
2017-09-13 00:00:00+00:00,-0.4756
2017-09-14 00:00:00+00:00,-0.6997
2017-09-15 00:00:00+00:00,0.1277
2017-09-16 00:00:00+00:00,0.0988
2017-09-17 00:00:00+00:00,0.1583
2017-09-18 00:00:00+00:00,0.3751
2017-09-19 00:00:00+00:00,0.9642
2017-09-20 00:00:00+00:00,0.5498
2017-09-21 00:00:00+00:00,0.5666
2017-09-22 00:00:00+00:00,-0.2974
2017-09-23 00:00:00+00:00,-0.4532
2017-09-24 00:00:00+00:00,-0.5716
2017-09-25 00:00:00+00:00,0.1111
2017-09-26 00:00:00+00:00,-0.2369
2017-09-27 00:00:00+00:00,-0.1407
2017-09-28 00:00:00+00:00,0.5804
2017-09-29 00:00:00+00:00,0.4997
2017-09-30 00:00:00+00:00,0.2615
2017-10-01 00:00:00+00:00,1.2305
2017-10-02 00:00:00+00:00,0.6225
2017-10-03 00:00:00+00:00,0.2096
2017-10-04 00:00:00+00:00,0.6608
2017-10-05 00:00:00+00:00,-0.2824
2017-10-06 00:00:00+00:00,0.5816
2017-10-07 00:00:00+00:00,0.8275
2017-10-08 00:00:00+00:00,0.5712
2017-10-09 00:00:00+00:00,0.7805
2017-10-10 00:00:00+00:00,0.625
2017-10-11 00:00:00+00:00,-0.0274
2017-10-12 00:00:00+00:00,0.7861
2017-10-13 00:00:00+00:00,0.451
2017-10-14 00:00:00+00:00,0.7293
2017-10-15 00:00:00+00:00,0.6685
2017-10-16 00:00:00+00:00,0.7623
2017-10-17 00:00:00+00:00,1.3023
2017-10-18 00:00:00+00:00,0.8995
2017-10-19 00:00:00+00:00,0.8855
2017-10-20 00:00:00+00:00,0.3465
2017-10-21 00:00:00+00:00,0.2162
2017-10-22 00:00:00+00:00,0.3168
2017-10-23 00:00:00+00:00,0.8112
2017-10-24 00:00:00+00:00,0.4953
2017-10-25 00:00:00+00:00,0.6045
2017-10-26 00:00:00+00:00,1.0543
2017-10-27 00:00:00+00:00,0.6565
2017-10-28 00:00:00+00:00,0.9302
2017-10-29 00:00:00+00:00,0.7816
2017-10-30 00:00:00+00:00,0.6327
2017-10-31 00:00:00+00:00,0.1443
2017-11-01 00:00:00+00:00,0.3824
2017-11-02 00:00:00+00:00,0.7772
2017-11-03 00:00:00+00:00,-0.2429
2017-11-04 00:00:00+00:00,0.8697
2017-11-05 00:00:00+00:00,1.3473
2017-11-06 00:00:00+00:00,0.985
2017-11-07 00:00:00+00:00,0.8051
2017-11-08 00:00:00+00:00,0.8553
2017-11-09 00:00:00+00:00,0.6903
2017-11-10 00:00:00+00:00,0.4461
2017-11-11 00:00:00+00:00,1.152
2017-11-12 00:00:00+00:00,1.4881
2017-11-13 00:00:00+00:00,0.4834
2017-11-14 00:00:00+00:00,1.1969
2017-11-15 00:00:00+00:00,0.3653
2017-11-16 00:00:00+00:00,0.4265
2017-11-17 00:00:00+00:00,0.6204
2017-11-18 00:00:00+00:00,0.7872
2017-11-19 00:00:00+00:00,1.6154
2017-11-20 00:00:00+00:00,-0.1725
2017-11-21 00:00:00+00:00,0.9889
2017-11-22 00:00:00+00:00,0.6341
2017-11-23 00:00:00+00:00,0.3733
2017-11-24 00:00:00+00:00,0.6517
2017-11-25 00:00:00+00:00,0.6008
2017-11-26 00:00:00+00:00,1.0875
2017-11-27 00:00:00+00:00,1.7702
2017-11-28 00:00:00+00:00,0.7362
2017-11-29 00:00:00+00:00,0.7442
2017-11-30 00:00:00+00:00,0.8024
2017-12-03 00:00:00+00:00,0.8344
2017-12-04 00:00:00+00:00,0.0841
2017-12-05 00:00:00+00:00,0.65
2017-12-06 00:00:00+00:00,0.5043
2017-12-07 00:00:00+00:00,0.46
2017-12-08 00:00:00+00:00,0.5365
2017-12-09 00:00:00+00:00,0.465
2017-12-10 00:00:00+00:00,0.4216
2017-12-11 00:00:00+00:00,0.6879
2017-12-12 00:00:00+00:00,1.0467
2017-12-13 00:00:00+00:00,0.9647
2017-12-14 00:00:00+00:00,0.5386
2017-12-15 00:00:00+00:00,0.3361
2017-12-16 00:00:00+00:00,0.8514
2017-12-17 00:00:00+00:00,0.9852
2017-12-18 00:00:00+00:00,0.4054
2017-12-19 00:00:00+00:00,0.0741
2017-12-20 00:00:00+00:00,0.4222
2017-12-21 00:00:00+00:00,0.9754
2017-12-22 00:00:00+00:00,0.8896
2017-12-23 00:00:00+00:00,1.0727
2017-12-24 00:00:00+00:00,1.5905
2017-12-25 00:00:00+00:00,0.3898
2017-12-26 00:00:00+00:00,0.5677
2017-12-27 00:00:00+00:00,1.0422
2017-12-28 00:00:00+00:00,0.5937
2017-12-29 00:00:00+00:00,1.0094
2017-12-30 00:00:00+00:00,0.1568
2017-12-31 00:00:00+00:00,0.9647
2018-01-01 00:00:00+00:00,1.3941
2018-01-02 00:00:00+00:00,1.1426
2018-01-03 00:00:00+00:00,0.9229
2018-01-04 00:00:00+00:00,0.7514
2018-01-05 00:00:00+00:00,0.7821
2018-01-06 00:00:00+00:00,0.7865
2018-01-07 00:00:00+00:00,0.5182
2018-01-08 00:00:00+00:00,0.9571
2018-01-09 00:00:00+00:00,0.2332
2018-01-10 00:00:00+00:00,0.7723
2018-01-11 00:00:00+00:00,0.6151
2018-01-12 00:00:00+00:00,0.916
2018-01-13 00:00:00+00:00,-0.4752
2018-01-14 00:00:00+00:00,-0.6048
2018-01-15 00:00:00+00:00,0.9209
2018-01-16 00:00:00+00:00,0.536
2018-01-17 00:00:00+00:00,0.742
2018-01-18 00:00:00+00:00,1.0662
2018-01-19 00:00:00+00:00,0.1118
2018-01-20 00:00:00+00:00,0.4716
2018-01-21 00:00:00+00:00,-0.1168
2018-01-22 00:00:00+00:00,0.803
2018-01-23 00:00:00+00:00,0.958
2018-01-24 00:00:00+00:00,0.8999
2018-01-25 00:00:00+00:00,0.5274
2018-01-26 00:00:00+00:00,0.7281
2018-01-27 00:00:00+00:00,1.387
2018-01-28 00:00:00+00:00,1.5151
2018-01-29 00:00:00+00:00,0.9684
2018-01-30 00:00:00+00:00,0.3639
2018-01-31 00:00:00+00:00,0.4051
2018-02-01 00:00:00+00:00,0.9673
2018-02-02 00:00:00+00:00,0.6503
2018-02-03 00:00:00+00:00,0.6809
2018-02-04 00:00:00+00:00,0.2547
2018-02-05 00:00:00+00:00,-0.1098
2018-02-06 00:00:00+00:00,0.5647
2018-02-07 00:00:00+00:00,0.2821
2018-02-08 00:00:00+00:00,0.5569
2018-02-09 00:00:00+00:00,0.4723
2018-02-10 00:00:00+00:00,-0.4152
2018-02-11 00:00:00+00:00,0.4334
2018-02-12 00:00:00+00:00,0.639
2018-02-13 00:00:00+00:00,0.8408
2018-02-14 00:00:00+00:00,0.0877
2018-02-15 00:00:00+00:00,0.6321
2018-02-16 00:00:00+00:00,0.737
2018-02-17 00:00:00+00:00,0.6665
2018-02-18 00:00:00+00:00,-0.2527
2018-02-19 00:00:00+00:00,0.193
2018-02-20 00:00:00+00:00,0.1298
2018-02-21 00:00:00+00:00,0.4137
2018-02-22 00:00:00+00:00,0.904
2018-02-23 00:00:00+00:00,0.2178
2018-02-24 00:00:00+00:00,0.3045
2018-02-25 00:00:00+00:00,-0.3372
2018-02-26 00:00:00+00:00,0.4663
2018-02-27 00:00:00+00:00,0.6795
2018-02-28 00:00:00+00:00,-0.2907
2018-03-01 00:00:00+00:00,0.2796
2018-03-02 00:00:00+00:00,-0.716
2018-03-03 00:00:00+00:00,-0.5021
2018-03-04 00:00:00+00:00,0.1322
2018-03-05 00:00:00+00:00,-0.1203
2018-03-06 00:00:00+00:00,0.5704
2018-03-07 00:00:00+00:00,-0.443
2018-03-08 00:00:00+00:00,0.3237
2018-03-09 00:00:00+00:00,0.1426
2018-03-10 00:00:00+00:00,0.5653
2018-03-11 00:00:00+00:00,0.2347
2018-03-12 00:00:00+00:00,0.4905
2018-03-13 00:00:00+00:00,-0.5353
2018-03-14 00:00:00+00:00,-0.4158
2018-03-15 00:00:00+00:00,0.2009
2018-03-16 00:00:00+00:00,0.2162
2018-03-17 00:00:00+00:00,-0.4019
2018-03-18 00:00:00+00:00,1.0716
2018-03-19 00:00:00+00:00,0.0536
2018-03-20 00:00:00+00:00,-0.015
2018-03-21 00:00:00+00:00,0.3309
2018-03-22 00:00:00+00:00,0.1005
2018-03-23 00:00:00+00:00,-0.6703
2018-03-24 00:00:00+00:00,-0.1792
2018-03-25 00:00:00+00:00,0.0247
2018-03-26 00:00:00+00:00,-0.3055
2018-03-27 00:00:00+00:00,-0.1523
2018-03-28 00:00:00+00:00,-0.7315
2018-03-29 00:00:00+00:00,-0.0998
2018-03-30 00:00:00+00:00,-0.0898
2018-03-31 00:00:00+00:00,0.3083
2018-04-01 00:00:00+00:00,1.0428
2018-04-02 00:00:00+00:00,0.3251
2018-04-03 00:00:00+00:00,0.6771
2018-04-04 00:00:00+00:00,-0.4807
2018-04-05 00:00:00+00:00,0.2755
2018-04-06 00:00:00+00:00,1.0281
2018-04-07 00:00:00+00:00,2.1463
2018-04-08 00:00:00+00:00,1.141
2018-04-09 00:00:00+00:00,1.0193
2018-04-10 00:00:00+00:00,0.953
2018-04-11 00:00:00+00:00,0.359
2018-04-12 00:00:00+00:00,0.5973
2018-04-13 00:00:00+00:00,0.1937
2018-04-14 00:00:00+00:00,4.1808
2018-04-15 00:00:00+00:00,0.0875
2018-04-16 00:00:00+00:00,0.1311
2018-04-17 00:00:00+00:00,0.4378
2018-04-18 00:00:00+00:00,1.5335
2018-04-19 00:00:00+00:00,1.3012
2018-04-20 00:00:00+00:00,-0.2806
2018-04-21 00:00:00+00:00,2.934
2018-04-22 00:00:00+00:00,4.6005
2018-04-23 00:00:00+00:00,1.737
2018-04-24 00:00:00+00:00,1.556
2018-04-25 00:00:00+00:00,1.1098
2018-04-26 00:00:00+00:00,1.3432
2018-04-27 00:00:00+00:00,1.5665
2018-04-28 00:00:00+00:00,2.9307
2018-04-29 00:00:00+00:00,-0.3528
2018-04-30 00:00:00+00:00,1.3545
2018-05-01 00:00:00+00:00,1.4787
2018-05-02 00:00:00+00:00,1.3102
2018-05-03 00:00:00+00:00,0.975
2018-05-04 00:00:00+00:00,0.9753
2018-05-05 00:00:00+00:00,4.2907
2018-05-06 00:00:00+00:00,3.7159
2018-05-07 00:00:00+00:00,0.6913
2018-05-08 00:00:00+00:00,1.5535
2018-05-09 00:00:00+00:00,1.4916
2018-05-10 00:00:00+00:00,1.0075
2018-05-11 00:00:00+00:00,1.625
2018-05-12 00:00:00+00:00,2.4557
2018-05-13 00:00:00+00:00,3.2908
2018-05-14 00:00:00+00:00,-0.2057
2018-05-15 00:00:00+00:00,0.4192
2018-05-16 00:00:00+00:00,1.3663
2018-05-17 00:00:00+00:00,0.8549
2018-05-18 00:00:00+00:00,0.8774
2018-05-19 00:00:00+00:00,0.3982
2018-05-20 00:00:00+00:00,4.644
2018-05-21 00:00:00+00:00,0.9487
2018-05-22 00:00:00+00:00,0.5184
2018-05-23 00:00:00+00:00,0.6935
2018-05-24 00:00:00+00:00,-0.0858
2018-05-25 00:00:00+00:00,0.1359
2018-05-26 00:00:00+00:00,0.3207
2018-05-27 00:00:00+00:00,2.7763
2018-05-28 00:00:00+00:00,2.584
2018-05-29 00:00:00+00:00,0.3957
2018-05-30 00:00:00+00:00,0.2291
2018-05-31 00:00:00+00:00,-0.0227
2018-06-01 00:00:00+00:00,0.3491
2018-06-02 00:00:00+00:00,0.6815
2018-06-03 00:00:00+00:00,0.5385
2018-06-04 00:00:00+00:00,0.4675
2018-06-05 00:00:00+00:00,-0.0405
2018-06-06 00:00:00+00:00,0.854
2018-06-07 00:00:00+00:00,1.5442
2018-06-08 00:00:00+00:00,-0.3774
2018-06-09 00:00:00+00:00,2.6215
2018-06-10 00:00:00+00:00,3.8481
2018-06-11 00:00:00+00:00,-0.3184
2018-06-12 00:00:00+00:00,-0.336
2018-06-13 00:00:00+00:00,0.7226
2018-06-14 00:00:00+00:00,-0.191
2018-06-15 00:00:00+00:00,-0.2938
2018-06-16 00:00:00+00:00,0.6871
2018-06-17 00:00:00+00:00,3.1976
2018-06-18 00:00:00+00:00,0.6545
2018-06-19 00:00:00+00:00,-1.3766
2018-06-20 00:00:00+00:00,0.0123
2018-06-21 00:00:00+00:00,-0.881
2018-06-22 00:00:00+00:00,0.2698
2018-06-23 00:00:00+00:00,-0.1728
2018-06-24 00:00:00+00:00,0.5023
2018-06-25 00:00:00+00:00,-0.6607
2018-06-26 00:00:00+00:00,-0.8051
2018-06-27 00:00:00+00:00,-0.4362
2018-06-28 00:00:00+00:00,-0.0314
2018-06-29 00:00:00+00:00,-0.7393
2018-06-30 00:00:00+00:00,1.074
2018-07-01 00:00:00+00:00,4.6098
2018-07-02 00:00:00+00:00,1.0238
2018-07-03 00:00:00+00:00,0.3182
2018-07-04 00:00:00+00:00,0.2997
2018-07-05 00:00:00+00:00,0.259
2018-07-06 00:00:00+00:00,-0.4667
2018-07-07 00:00:00+00:00,0.2226
2018-07-08 00:00:00+00:00,0.155
2018-07-09 00:00:00+00:00,0.6465
2018-07-10 00:00:00+00:00,0.3658
2018-07-11 00:00:00+00:00,0.1516
2018-07-12 00:00:00+00:00,-0.0762
2018-07-13 00:00:00+00:00,-2.0909
2018-07-14 00:00:00+00:00,-1.1212
2018-07-15 00:00:00+00:00,-0.1147
2018-07-16 00:00:00+00:00,-0.0538
2018-07-17 00:00:00+00:00,0.2983
2018-07-18 00:00:00+00:00,0.0728
2018-07-19 00:00:00+00:00,-1.6231
2018-07-20 00:00:00+00:00,-1.1925
2018-07-21 00:00:00+00:00,-2.3178
2018-07-22 00:00:00+00:00,-0.9072
2018-07-23 00:00:00+00:00,-0.6463
2018-07-24 00:00:00+00:00,0.0796
2018-07-25 00:00:00+00:00,0.5765
2018-07-26 00:00:00+00:00,0.1834
2018-07-27 00:00:00+00:00,0.2093
2018-07-28 00:00:00+00:00,1.4584
2018-07-29 00:00:00+00:00,0.6698
2018-07-30 00:00:00+00:00,-0.8453
2018-07-31 00:00:00+00:00,0.3705
2018-08-01 00:00:00+00:00,-0.483
2018-08-02 00:00:00+00:00,0.4906
2018-08-03 00:00:00+00:00,-1.5861
2018-08-04 00:00:00+00:00,1.7166
2018-08-05 00:00:00+00:00,0.7303
2018-08-06 00:00:00+00:00,0.672
2018-08-07 00:00:00+00:00,0.6112
2018-08-08 00:00:00+00:00,1.3176
2018-08-09 00:00:00+00:00,0.8598
2018-08-10 00:00:00+00:00,-0.3026
2018-08-11 00:00:00+00:00,1.7635
2018-08-12 00:00:00+00:00,1.312
2018-08-13 00:00:00+00:00,-1.0079
2018-08-14 00:00:00+00:00,0.4368
2018-08-15 00:00:00+00:00,-0.3709
2018-08-16 00:00:00+00:00,-0.1209
2018-08-17 00:00:00+00:00,1.0608
2018-08-18 00:00:00+00:00,0.723
2018-08-19 00:00:00+00:00,-0.0571
2018-08-20 00:00:00+00:00,2.1112
2018-08-21 00:00:00+00:00,0.8578
2018-08-22 00:00:00+00:00,0.3221
2018-08-23 00:00:00+00:00,-0.6021
2018-08-24 00:00:00+00:00,1.174
2018-08-25 00:00:00+00:00,1.4437
2018-08-26 00:00:00+00:00,1.1803
2018-08-27 00:00:00+00:00,1.385
2018-08-28 00:00:00+00:00,0.9713
2018-08-29 00:00:00+00:00,-0.2115
2018-08-30 00:00:00+00:00,1.0576
2018-08-31 00:00:00+00:00,0.6775
2018-09-01 00:00:00+00:00,1.073
2018-09-02 00:00:00+00:00,1.2479
2018-09-03 00:00:00+00:00,0.7107
2018-09-04 00:00:00+00:00,-0.5736
2018-09-05 00:00:00+00:00,-0.1216
2018-09-06 00:00:00+00:00,-0.0154
2018-09-07 00:00:00+00:00,0.5461
2018-09-08 00:00:00+00:00,0.5127
2018-09-09 00:00:00+00:00,0.6716
2018-09-10 00:00:00+00:00,-0.3401
2018-09-11 00:00:00+00:00,1.1578
2018-09-12 00:00:00+00:00,0.5256
2018-09-13 00:00:00+00:00,0.6441
2018-09-14 00:00:00+00:00,0.07
2018-09-15 00:00:00+00:00,-0.3072
2018-09-16 00:00:00+00:00,-0.2684
2018-09-17 00:00:00+00:00,-0.0426
2018-09-18 00:00:00+00:00,0.5148
2018-09-19 00:00:00+00:00,0.4892
2018-09-20 00:00:00+00:00,0.7836
2018-09-21 00:00:00+00:00,0.5063
2018-09-22 00:00:00+00:00,1.1782
2018-09-23 00:00:00+00:00,-0.1117
2018-09-24 00:00:00+00:00,0.378
2018-09-25 00:00:00+00:00,1.2131
2018-09-26 00:00:00+00:00,0.9674
2018-09-27 00:00:00+00:00,1.2149
2018-09-28 00:00:00+00:00,0.5268
2018-09-29 00:00:00+00:00,-0.2211
2018-09-30 00:00:00+00:00,0.5799
2018-10-01 00:00:00+00:00,0.6968
2018-10-02 00:00:00+00:00,1.0504
2018-10-03 00:00:00+00:00,0.0719
2018-10-04 00:00:00+00:00,0.9145
2018-10-05 00:00:00+00:00,0.8721
2018-10-06 00:00:00+00:00,0.6965
2018-10-07 00:00:00+00:00,-0.3233
2018-10-08 00:00:00+00:00,0.3484
2018-10-09 00:00:00+00:00,0.45
2018-10-10 00:00:00+00:00,0.3717
2018-10-11 00:00:00+00:00,-0.4219
2018-10-12 00:00:00+00:00,0.3421
2018-10-13 00:00:00+00:00,1.1314
2018-10-14 00:00:00+00:00,-0.4545
2018-10-15 00:00:00+00:00,-0.2519
2018-10-16 00:00:00+00:00,1.2346
2018-10-17 00:00:00+00:00,1.0664
2018-10-18 00:00:00+00:00,0.5877
2018-10-19 00:00:00+00:00,-0.7845
2018-10-20 00:00:00+00:00,1.257
2018-10-21 00:00:00+00:00,0.537
2018-10-22 00:00:00+00:00,0.3305
2018-10-23 00:00:00+00:00,0.0762
2018-10-24 00:00:00+00:00,0.7671
2018-10-25 00:00:00+00:00,0.1407
2018-10-26 00:00:00+00:00,-0.4753
2018-10-27 00:00:00+00:00,-0.0005
2018-10-28 00:00:00+00:00,-0.4452
2018-10-29 00:00:00+00:00,0.0744
2018-10-30 00:00:00+00:00,0.6635
2018-10-31 00:00:00+00:00,1.1168
2018-11-01 00:00:00+00:00,0.7162
2018-11-02 00:00:00+00:00,0.4712
2018-11-03 00:00:00+00:00,1.6618
2018-11-04 00:00:00+00:00,1.2685
2018-11-05 00:00:00+00:00,1.5293
2018-11-06 00:00:00+00:00,1.4495
2018-11-07 00:00:00+00:00,0.8934
2018-11-08 00:00:00+00:00,0.969
2018-11-09 00:00:00+00:00,0.426
2018-11-10 00:00:00+00:00,0.4378
2018-11-11 00:00:00+00:00,0.6588
2018-11-12 00:00:00+00:00,0.2111
2018-11-13 00:00:00+00:00,-0.144
2018-11-14 00:00:00+00:00,-0.1229
2018-11-15 00:00:00+00:00,0.5699
2018-11-16 00:00:00+00:00,0.4372
2018-11-17 00:00:00+00:00,-0.4809
2018-11-18 00:00:00+00:00,-0.2054
2018-11-19 00:00:00+00:00,0.2645
2018-11-20 00:00:00+00:00,0.593
2018-11-21 00:00:00+00:00,0.6672
2018-11-22 00:00:00+00:00,1.2652
2018-11-23 00:00:00+00:00,-0.9523
2018-11-24 00:00:00+00:00,-0.4967
2018-11-25 00:00:00+00:00,0.5472
2018-11-26 00:00:00+00:00,0.5154
2018-11-27 00:00:00+00:00,0.8043
2018-11-28 00:00:00+00:00,0.8828
2018-11-29 00:00:00+00:00,0.764
2018-11-30 00:00:00+00:00,-0.2008
2018-12-01 00:00:00+00:00,0.578
2018-12-02 00:00:00+00:00,1.0604
2018-12-03 00:00:00+00:00,1.1992
2018-12-04 00:00:00+00:00,-0.0639
2018-12-05 00:00:00+00:00,0.0528
2018-12-06 00:00:00+00:00,0.3785
2018-12-07 00:00:00+00:00,-0.1815
2018-12-08 00:00:00+00:00,1.7708
2018-12-09 00:00:00+00:00,0.822
2018-12-10 00:00:00+00:00,0.3109
2018-12-11 00:00:00+00:00,0.5413
2018-12-12 00:00:00+00:00,1.1156
2018-12-13 00:00:00+00:00,0.9308
2018-12-14 00:00:00+00:00,1.0059
2018-12-15 00:00:00+00:00,0.2848
2018-12-16 00:00:00+00:00,-0.5476
2018-12-17 00:00:00+00:00,0.6801
2018-12-18 00:00:00+00:00,1.2261
2018-12-19 00:00:00+00:00,0.4483
2018-12-20 00:00:00+00:00,0.9155
2018-12-21 00:00:00+00:00,0.1972
2018-12-22 00:00:00+00:00,-0.1531
2018-12-23 00:00:00+00:00,1.5999
2018-12-24 00:00:00+00:00,-0.397
2018-12-25 00:00:00+00:00,1.3163
2018-12-26 00:00:00+00:00,-0.1486
2018-12-27 00:00:00+00:00,0.1235
2018-12-28 00:00:00+00:00,-0.4767
2018-12-29 00:00:00+00:00,-0.4111
2018-12-30 00:00:00+00:00,-0.8087
2018-12-31 00:00:00+00:00,0.3839
2019-01-01 00:00:00+00:00,0.6987
2019-01-02 00:00:00+00:00,0.7327
2019-01-03 00:00:00+00:00,-0.3384
2019-01-04 00:00:00+00:00,-0.2852
2019-01-05 00:00:00+00:00,-0.6825
2019-01-06 00:00:00+00:00,0.6925
2019-01-07 00:00:00+00:00,0.7604
2019-01-08 00:00:00+00:00,1.0
2019-01-09 00:00:00+00:00,0.3335
2019-01-10 00:00:00+00:00,0.2477
2019-01-11 00:00:00+00:00,0.2914
2019-01-12 00:00:00+00:00,1.1651
2019-01-13 00:00:00+00:00,-0.2107
2019-01-14 00:00:00+00:00,0.2863
2019-01-15 00:00:00+00:00,0.8268
2019-01-16 00:00:00+00:00,0.6175
2019-01-17 00:00:00+00:00,0.4072
2019-01-18 00:00:00+00:00,0.6613
2019-01-19 00:00:00+00:00,-0.0685
2019-01-20 00:00:00+00:00,-0.1494
2019-01-21 00:00:00+00:00,0.1544
2019-01-22 00:00:00+00:00,0.1514
2019-01-23 00:00:00+00:00,0.2868
2019-01-24 00:00:00+00:00,0.1785
2019-01-25 00:00:00+00:00,0.9148
2019-01-26 00:00:00+00:00,1.0257
2019-01-27 00:00:00+00:00,1.1701
2019-01-28 00:00:00+00:00,0.2915
2019-01-29 00:00:00+00:00,-0.0636
2019-01-30 00:00:00+00:00,1.0327
2019-01-31 00:00:00+00:00,1.2905
2019-02-01 00:00:00+00:00,1.0856
2019-02-02 00:00:00+00:00,0.2045
2019-02-03 00:00:00+00:00,0.7028
2019-02-04 00:00:00+00:00,0.8887
2019-02-05 00:00:00+00:00,1.1055
2019-02-06 00:00:00+00:00,0.4971
2019-02-07 00:00:00+00:00,0.8182
2019-02-08 00:00:00+00:00,0.6358
2019-02-09 00:00:00+00:00,0.6494
2019-02-10 00:00:00+00:00,1.3975
2019-02-11 00:00:00+00:00,1.3918
2019-02-12 00:00:00+00:00,0.9412
2019-02-13 00:00:00+00:00,1.1573
2019-02-14 00:00:00+00:00,0.7473
2019-02-15 00:00:00+00:00,0.6461
2019-02-16 00:00:00+00:00,0.3595
2019-02-17 00:00:00+00:00,0.4371
2019-02-18 00:00:00+00:00,0.8726
2019-02-19 00:00:00+00:00,0.9135
2019-02-20 00:00:00+00:00,0.7235
2019-02-21 00:00:00+00:00,0.8698
2019-02-22 00:00:00+00:00,0.4006
2019-02-23 00:00:00+00:00,0.4289
2019-02-24 00:00:00+00:00,-0.0987
2019-02-25 00:00:00+00:00,0.5222
2019-02-26 00:00:00+00:00,0.4248
2019-02-27 00:00:00+00:00,0.6709
2019-02-28 00:00:00+00:00,0.0104
2019-03-01 00:00:00+00:00,0.4497
2019-03-02 00:00:00+00:00,0.2224
2019-03-03 00:00:00+00:00,0.4471
2019-03-04 00:00:00+00:00,0.3714
2019-03-05 00:00:00+00:00,0.7152
2019-03-06 00:00:00+00:00,0.9847
2019-03-07 00:00:00+00:00,0.4841
2019-03-08 00:00:00+00:00,0.1192
2019-03-09 00:00:00+00:00,-0.3008
2019-03-10 00:00:00+00:00,-1.2314
2019-03-11 00:00:00+00:00,0.4614
2019-03-12 00:00:00+00:00,0.8209
2019-03-13 00:00:00+00:00,0.9285
2019-03-14 00:00:00+00:00,0.4361
2019-03-15 00:00:00+00:00,0.4268
2019-03-16 00:00:00+00:00,1.9288
2019-03-17 00:00:00+00:00,0.4763
2019-03-18 00:00:00+00:00,0.7333
2019-03-19 00:00:00+00:00,0.8234
2019-03-20 00:00:00+00:00,0.0314
2019-03-21 00:00:00+00:00,-0.1984
2019-03-22 00:00:00+00:00,1.0536
2019-03-23 00:00:00+00:00,0.7662
2019-03-24 00:00:00+00:00,-0.0881
2019-03-25 00:00:00+00:00,0.6081
2019-03-26 00:00:00+00:00,0.3053
2019-03-27 00:00:00+00:00,0.7315
2019-03-28 00:00:00+00:00,0.3421
2019-03-29 00:00:00+00:00,0.4488
2019-03-30 00:00:00+00:00,0.6871
2019-03-31 00:00:00+00:00,-0.3569
2019-04-01 00:00:00+00:00,1.1622
2019-04-02 00:00:00+00:00,1.1047
2019-04-03 00:00:00+00:00,0.8627
2019-04-04 00:00:00+00:00,0.6883
2019-04-05 00:00:00+00:00,0.6646
2019-04-06 00:00:00+00:00,0.4398
2019-04-07 00:00:00+00:00,1.2223
2019-04-08 00:00:00+00:00,0.3831
2019-04-09 00:00:00+00:00,0.6495
2019-04-10 00:00:00+00:00,0.801
2019-04-11 00:00:00+00:00,1.1654
2019-04-12 00:00:00+00:00,0.358
2019-04-13 00:00:00+00:00,0.2958
2019-04-14 00:00:00+00:00,0.474
2019-04-15 00:00:00+00:00,1.0034
2019-04-16 00:00:00+00:00,0.202
2019-04-17 00:00:00+00:00,0.0967
2019-04-18 00:00:00+00:00,0.7738
2019-04-19 00:00:00+00:00,1.6662
2019-04-20 00:00:00+00:00,0.939
2019-04-21 00:00:00+00:00,0.9512
2019-04-22 00:00:00+00:00,0.97
2019-04-23 00:00:00+00:00,0.8658
2019-04-24 00:00:00+00:00,0.5743
2019-04-25 00:00:00+00:00,1.1467
2019-04-26 00:00:00+00:00,0.8276
2019-04-27 00:00:00+00:00,1.4583
2019-04-28 00:00:00+00:00,0.7137
2019-04-29 00:00:00+00:00,1.1744
2019-04-30 00:00:00+00:00,0.3853
2019-05-01 00:00:00+00:00,0.9101
2019-05-02 00:00:00+00:00,1.138
2019-05-03 00:00:00+00:00,0.7267
2019-05-04 00:00:00+00:00,0.4946
2019-05-05 00:00:00+00:00,0.695
2019-05-06 00:00:00+00:00,0.0006
2019-05-07 00:00:00+00:00,1.1811
2019-05-08 00:00:00+00:00,1.4111
2019-05-09 00:00:00+00:00,0.2583
2019-05-10 00:00:00+00:00,0.2247
2019-05-11 00:00:00+00:00,0.2479
2019-05-12 00:00:00+00:00,-1.1934
2019-05-13 00:00:00+00:00,-0.8541
2019-05-14 00:00:00+00:00,-0.4764
2019-05-15 00:00:00+00:00,0.5472
2019-05-16 00:00:00+00:00,0.7967
2019-05-17 00:00:00+00:00,-1.1165
2019-05-18 00:00:00+00:00,0.2196
2019-05-19 00:00:00+00:00,-1.4497
2019-05-20 00:00:00+00:00,0.0584
2019-05-21 00:00:00+00:00,-0.4802
2019-05-22 00:00:00+00:00,0.0854
2019-05-23 00:00:00+00:00,-1.5751
2019-05-24 00:00:00+00:00,0.6581
2019-05-25 00:00:00+00:00,-0.0817
2019-05-26 00:00:00+00:00,0.3539
2019-05-27 00:00:00+00:00,0.491
2019-05-28 00:00:00+00:00,-0.0553
2019-05-29 00:00:00+00:00,-0.0204
2019-05-30 00:00:00+00:00,0.6799
2019-05-31 00:00:00+00:00,-1.1043
2019-06-01 00:00:00+00:00,-0.5291
2019-06-02 00:00:00+00:00,-0.0299
2019-06-03 00:00:00+00:00,-0.2936
2019-06-04 00:00:00+00:00,0.144
2019-06-05 00:00:00+00:00,0.1542
2019-06-06 00:00:00+00:00,1.1446
2019-06-07 00:00:00+00:00,0.5137
2019-06-08 00:00:00+00:00,-0.3467
2019-06-09 00:00:00+00:00,0.1752
2019-06-10 00:00:00+00:00,-0.6437
2019-06-11 00:00:00+00:00,-0.1017
2019-06-12 00:00:00+00:00,-0.5745
2019-06-13 00:00:00+00:00,-0.0078
2019-06-14 00:00:00+00:00,-1.233
2019-06-15 00:00:00+00:00,-0.6031
2019-06-16 00:00:00+00:00,-0.8774
2019-06-17 00:00:00+00:00,-0.6505
2019-06-18 00:00:00+00:00,0.3874
2019-06-19 00:00:00+00:00,0.7332
2019-06-20 00:00:00+00:00,0.6938
2019-06-21 00:00:00+00:00,0.4894
2019-06-22 00:00:00+00:00,0.0491
2019-06-23 00:00:00+00:00,0.0636
2019-06-24 00:00:00+00:00,0.4857
2019-06-25 00:00:00+00:00,0.4148
2019-06-26 00:00:00+00:00,0.1897
2019-06-27 00:00:00+00:00,0.5991
2019-06-28 00:00:00+00:00,0.6206
2019-06-29 00:00:00+00:00,0.9358
2019-06-30 00:00:00+00:00,0.3381
2019-07-01 00:00:00+00:00,-0.4984
2019-07-02 00:00:00+00:00,-0.5409
2019-07-03 00:00:00+00:00,0.7069
2019-07-04 00:00:00+00:00,0.6287
2019-07-05 00:00:00+00:00,-0.3676
2019-07-06 00:00:00+00:00,0.2245
2019-07-07 00:00:00+00:00,0.3278
2019-07-08 00:00:00+00:00,-0.5098
2019-07-09 00:00:00+00:00,-0.2307
2019-07-10 00:00:00+00:00,0.4625
2019-07-11 00:00:00+00:00,0.3526
2019-07-12 00:00:00+00:00,-0.2738
2019-07-13 00:00:00+00:00,0.2821
2019-07-14 00:00:00+00:00,0.7362
2019-07-15 00:00:00+00:00,0.5476
2019-07-16 00:00:00+00:00,0.7603
2019-07-17 00:00:00+00:00,0.2915
2019-07-18 00:00:00+00:00,0.3823
2019-07-19 00:00:00+00:00,0.9466
2019-07-20 00:00:00+00:00,0.1758
2019-07-21 00:00:00+00:00,-0.4346
2019-07-22 00:00:00+00:00,0.4704
2019-07-23 00:00:00+00:00,0.7266
2019-07-24 00:00:00+00:00,0.3813
2019-07-25 00:00:00+00:00,0.1555
2019-07-26 00:00:00+00:00,0.9447
2019-07-27 00:00:00+00:00,0.7918
2019-07-28 00:00:00+00:00,0.003
2019-07-29 00:00:00+00:00,0.1394
2019-07-30 00:00:00+00:00,0.6885
2019-07-31 00:00:00+00:00,0.6541
2019-08-01 00:00:00+00:00,0.371
2019-08-02 00:00:00+00:00,0.571
2019-08-03 00:00:00+00:00,1.0334
2019-08-04 00:00:00+00:00,0.0819
2019-08-05 00:00:00+00:00,-0.876
2019-08-06 00:00:00+00:00,-0.8764
2019-08-07 00:00:00+00:00,-0.2742
2019-08-08 00:00:00+00:00,-0.1755
2019-08-09 00:00:00+00:00,0.2598
2019-08-10 00:00:00+00:00,-0.51
2019-08-11 00:00:00+00:00,0.4933
2019-08-12 00:00:00+00:00,-0.7911
2019-08-13 00:00:00+00:00,-0.6208
2019-08-14 00:00:00+00:00,0.2186
2019-08-15 00:00:00+00:00,-0.107
2019-08-16 00:00:00+00:00,0.6791
2019-08-17 00:00:00+00:00,1.0075
2019-08-18 00:00:00+00:00,0.7632
2019-08-19 00:00:00+00:00,1.3158
2019-08-20 00:00:00+00:00,0.2208
2019-08-21 00:00:00+00:00,-0.2763
2019-08-22 00:00:00+00:00,0.0052
2019-08-23 00:00:00+00:00,-0.7145
2019-08-24 00:00:00+00:00,0.6672
2019-08-25 00:00:00+00:00,0.0913
2019-08-26 00:00:00+00:00,-0.06
2019-08-27 00:00:00+00:00,0.8007
2019-08-28 00:00:00+00:00,-0.0466
2019-08-29 00:00:00+00:00,-0.8827
2019-08-30 00:00:00+00:00,0.3912
2019-08-31 00:00:00+00:00,-0.919
2019-09-01 00:00:00+00:00,0.2935
2019-09-02 00:00:00+00:00,0.0282
2019-09-03 00:00:00+00:00,-0.7446
2019-09-04 00:00:00+00:00,-0.3082
2019-09-05 00:00:00+00:00,0.4972
2019-09-06 00:00:00+00:00,0.4022
2019-09-07 00:00:00+00:00,-0.1873
2019-09-08 00:00:00+00:00,0.533
2019-09-09 00:00:00+00:00,0.8971
2019-09-10 00:00:00+00:00,-0.0981
2019-09-11 00:00:00+00:00,0.6633
2019-09-12 00:00:00+00:00,0.9562
2019-09-13 00:00:00+00:00,0.6598
2019-09-14 00:00:00+00:00,1.7501
2019-09-15 00:00:00+00:00,0.444
2019-09-16 00:00:00+00:00,-0.6421
2019-09-17 00:00:00+00:00,-1.0518
2019-09-18 00:00:00+00:00,-0.4422
2019-09-19 00:00:00+00:00,0.1318
2019-09-20 00:00:00+00:00,0.1552
2019-09-21 00:00:00+00:00,0.0057
2019-09-22 00:00:00+00:00,-0.1027
2019-09-23 00:00:00+00:00,-0.7629
2019-09-24 00:00:00+00:00,-0.2221
2019-09-25 00:00:00+00:00,-0.5444
2019-09-26 00:00:00+00:00,0.8315
2019-09-27 00:00:00+00:00,0.5661
2019-09-28 00:00:00+00:00,0.2165
2019-09-29 00:00:00+00:00,0.1214
2019-09-30 00:00:00+00:00,0.4458
2019-10-01 00:00:00+00:00,-0.3758
2019-10-02 00:00:00+00:00,-0.7303
2019-10-03 00:00:00+00:00,-0.9521
2019-10-04 00:00:00+00:00,-0.3848
2019-10-05 00:00:00+00:00,-0.6471
2019-10-06 00:00:00+00:00,0.2712
2019-10-07 00:00:00+00:00,-1.3862
2019-10-08 00:00:00+00:00,-0.4049
2019-10-09 00:00:00+00:00,-0.6068
2019-10-10 00:00:00+00:00,0.5871
2019-10-11 00:00:00+00:00,0.5635
2019-10-12 00:00:00+00:00,0.995
2019-10-13 00:00:00+00:00,2.0796
2019-10-14 00:00:00+00:00,0.1604
2019-10-15 00:00:00+00:00,1.513
2019-10-16 00:00:00+00:00,0.4967
2019-10-17 00:00:00+00:00,0.8874
2019-10-18 00:00:00+00:00,0.5524
2019-10-19 00:00:00+00:00,0.2927
2019-10-20 00:00:00+00:00,0.1969
2019-10-21 00:00:00+00:00,0.9546
2019-10-22 00:00:00+00:00,0.7203
2019-10-23 00:00:00+00:00,1.0478
2019-10-24 00:00:00+00:00,1.397
2019-10-25 00:00:00+00:00,0.9331
2019-10-26 00:00:00+00:00,0.7005
2019-10-27 00:00:00+00:00,0.4491
2019-10-28 00:00:00+00:00,0.6846
2019-10-29 00:00:00+00:00,0.5256
2019-10-30 00:00:00+00:00,0.222
2019-10-31 00:00:00+00:00,0.9276
2019-11-01 00:00:00+00:00,0.355
2019-11-02 00:00:00+00:00,0.4591
2019-11-03 00:00:00+00:00,1.0638
2019-11-04 00:00:00+00:00,0.8228
2019-11-05 00:00:00+00:00,0.94
2019-11-06 00:00:00+00:00,1.1334
2019-11-07 00:00:00+00:00,0.2449
2019-11-08 00:00:00+00:00,0.2603
2019-11-09 00:00:00+00:00,0.1786
2019-11-10 00:00:00+00:00,0.8103
2019-11-11 00:00:00+00:00,0.4821
2019-11-12 00:00:00+00:00,-0.0484
2019-11-13 00:00:00+00:00,0.6625
2019-11-14 00:00:00+00:00,0.6292
2019-11-15 00:00:00+00:00,-0.0196
2019-11-16 00:00:00+00:00,0.7839
2019-11-17 00:00:00+00:00,0.7363
2019-11-18 00:00:00+00:00,0.6623
2019-11-19 00:00:00+00:00,0.1595
2019-11-20 00:00:00+00:00,-0.4663
2019-11-21 00:00:00+00:00,-0.3679
2019-11-22 00:00:00+00:00,-0.1753
2019-11-23 00:00:00+00:00,0.3675
2019-11-24 00:00:00+00:00,0.1977
2019-11-25 00:00:00+00:00,0.9448
2019-11-26 00:00:00+00:00,1.3602
2019-11-27 00:00:00+00:00,0.958
2019-11-28 00:00:00+00:00,0.5085
2019-11-29 00:00:00+00:00,0.83
2019-11-30 00:00:00+00:00,0.7435
2019-12-01 00:00:00+00:00,0.2997
2019-12-02 00:00:00+00:00,1.0688
2019-12-03 00:00:00+00:00,0.7433
2019-12-04 00:00:00+00:00,0.1465
2019-12-05 00:00:00+00:00,1.2582
2019-12-06 00:00:00+00:00,0.7717
2019-12-07 00:00:00+00:00,0.7022
2019-12-08 00:00:00+00:00,0.5362
2019-12-09 00:00:00+00:00,1.2271
2019-12-10 00:00:00+00:00,0.9653
2019-12-11 00:00:00+00:00,1.0215
2019-12-12 00:00:00+00:00,1.0675
2019-12-13 00:00:00+00:00,0.7883
2019-12-14 00:00:00+00:00,0.5264
2019-12-15 00:00:00+00:00,1.1348
2019-12-16 00:00:00+00:00,0.5555
2019-12-17 00:00:00+00:00,0.949
2019-12-18 00:00:00+00:00,0.4279
2019-12-19 00:00:00+00:00,0.289
2019-12-20 00:00:00+00:00,0.3201
2019-12-21 00:00:00+00:00,0.6708
2019-12-22 00:00:00+00:00,1.4029
2019-12-23 00:00:00+00:00,0.5425
2019-12-24 00:00:00+00:00,1.1569
2019-12-25 00:00:00+00:00,1.8874
2019-12-26 00:00:00+00:00,2.0102
2019-12-27 00:00:00+00:00,1.1029
2019-12-28 00:00:00+00:00,1.1093
2019-12-29 00:00:00+00:00,0.9482
2019-12-30 00:00:00+00:00,0.9007
2019-12-31 00:00:00+00:00,0.6414
2020-01-01 00:00:00+00:00,1.5313
2020-01-02 00:00:00+00:00,1.3117
2020-01-03 00:00:00+00:00,-0.4026
2020-01-04 00:00:00+00:00,-1.0223
2020-01-05 00:00:00+00:00,-0.3436
2020-01-06 00:00:00+00:00,-2.1177
2020-01-07 00:00:00+00:00,0.0652
2020-01-08 00:00:00+00:00,-2.9556
2020-01-09 00:00:00+00:00,-0.6636
2020-01-10 00:00:00+00:00,0.1465
2020-01-11 00:00:00+00:00,-0.5741
2020-01-12 00:00:00+00:00,0.2627
2020-01-13 00:00:00+00:00,0.2082
2020-01-14 00:00:00+00:00,0.4653
2020-01-15 00:00:00+00:00,0.8553
2020-01-16 00:00:00+00:00,1.0476
2020-01-17 00:00:00+00:00,0.9627
2020-01-18 00:00:00+00:00,0.6689
2020-01-19 00:00:00+00:00,0.4971
2020-01-20 00:00:00+00:00,0.4914
2020-01-21 00:00:00+00:00,-0.6565
2020-01-22 00:00:00+00:00,-0.8897
2020-01-23 00:00:00+00:00,0.3072
2020-01-24 00:00:00+00:00,0.1469
2020-01-25 00:00:00+00:00,0.5313
2020-01-26 00:00:00+00:00,0.2992
2020-01-27 00:00:00+00:00,-1.91
2020-01-28 00:00:00+00:00,-1.7573
2020-01-29 00:00:00+00:00,0.7071
2020-01-30 00:00:00+00:00,0.8127
2020-01-31 00:00:00+00:00,-1.318
2020-02-01 00:00:00+00:00,0.0948
2020-02-02 00:00:00+00:00,-0.4365
2020-02-03 00:00:00+00:00,0.4131
2020-02-04 00:00:00+00:00,-0.173
2020-02-05 00:00:00+00:00,0.6323
2020-02-06 00:00:00+00:00,0.7568
2020-02-07 00:00:00+00:00,0.6648
2020-02-08 00:00:00+00:00,-0.2769
2020-02-09 00:00:00+00:00,0.3072
2020-02-10 00:00:00+00:00,-0.7391
2020-02-11 00:00:00+00:00,0.7255
2020-02-12 00:00:00+00:00,0.9942
2020-02-13 00:00:00+00:00,0.3123
2020-02-14 00:00:00+00:00,0.4891
2020-02-15 00:00:00+00:00,0.3578
2020-02-16 00:00:00+00:00,-0.1377
2020-02-17 00:00:00+00:00,0.7007
2020-02-18 00:00:00+00:00,0.628
2020-02-19 00:00:00+00:00,0.732
2020-02-20 00:00:00+00:00,0.4835
2020-02-21 00:00:00+00:00,-0.1486
2020-02-22 00:00:00+00:00,0.5988
2020-02-23 00:00:00+00:00,0.1689
2020-02-24 00:00:00+00:00,-2.4424
2020-02-25 00:00:00+00:00,-1.2446
2020-02-26 00:00:00+00:00,0.0034
2020-02-27 00:00:00+00:00,-1.3833
2020-02-28 00:00:00+00:00,-0.5572
2020-02-29 00:00:00+00:00,-0.63
2020-03-01 00:00:00+00:00,-0.651
2020-03-02 00:00:00+00:00,0.3661
2020-03-03 00:00:00+00:00,0.0792
2020-03-04 00:00:00+00:00,0.2974
2020-03-05 00:00:00+00:00,-0.2502
2020-03-06 00:00:00+00:00,-0.9468
2020-03-07 00:00:00+00:00,-0.7242
2020-03-08 00:00:00+00:00,-0.6397
2020-03-09 00:00:00+00:00,-1.797
2020-03-10 00:00:00+00:00,-0.8959
2020-03-11 00:00:00+00:00,-1.1241
2020-03-12 00:00:00+00:00,-0.5345
2020-03-13 00:00:00+00:00,-0.5781
2020-03-14 00:00:00+00:00,-0.5
2020-03-15 00:00:00+00:00,-0.8159
2020-03-16 00:00:00+00:00,-0.8483
2020-03-17 00:00:00+00:00,-1.0643
2020-03-18 00:00:00+00:00,-0.5816
2020-03-19 00:00:00+00:00,0.7178
2020-03-20 00:00:00+00:00,-0.8634
2020-03-21 00:00:00+00:00,-0.1193
2020-03-22 00:00:00+00:00,-0.6872
2020-03-23 00:00:00+00:00,-0.4624
2020-03-24 00:00:00+00:00,0.0533
2020-03-25 00:00:00+00:00,0.2917
2020-03-26 00:00:00+00:00,0.6394
2020-03-27 00:00:00+00:00,-0.9599
2020-03-28 00:00:00+00:00,-0.1115
2020-03-29 00:00:00+00:00,0.0761
2020-03-30 00:00:00+00:00,-0.3739
2020-03-31 00:00:00+00:00,-0.3048
2020-04-01 00:00:00+00:00,0.2849
2020-04-02 00:00:00+00:00,-1.5486
2020-04-03 00:00:00+00:00,-1.7099
2020-04-04 00:00:00+00:00,-0.9075
2020-04-05 00:00:00+00:00,0.2062
2020-04-06 00:00:00+00:00,-1.4942
2020-04-07 00:00:00+00:00,-0.04
2020-04-08 00:00:00+00:00,-0.5728
2020-04-09 00:00:00+00:00,0.5412
2020-04-10 00:00:00+00:00,-0.3284
2020-04-11 00:00:00+00:00,0.1709
2020-04-12 00:00:00+00:00,0.1774
2020-04-13 00:00:00+00:00,0.2654
2020-04-14 00:00:00+00:00,-0.4793
2020-04-15 00:00:00+00:00,-0.4744
2020-04-16 00:00:00+00:00,0.4363
2020-04-17 00:00:00+00:00,-0.6488
2020-04-18 00:00:00+00:00,0.5243
2020-04-19 00:00:00+00:00,-0.4821
2020-04-20 00:00:00+00:00,0.2695
2020-04-21 00:00:00+00:00,-0.7479
2020-04-22 00:00:00+00:00,0.7931
2020-04-23 00:00:00+00:00,0.8824
2020-04-24 00:00:00+00:00,0.904
2020-04-25 00:00:00+00:00,1.7297
2020-04-26 00:00:00+00:00,0.8273
2020-04-27 00:00:00+00:00,-0.0147
2020-04-28 00:00:00+00:00,0.1911
2020-04-29 00:00:00+00:00,0.8367
2020-04-30 00:00:00+00:00,-0.0349
2020-05-01 00:00:00+00:00,-0.6548
2020-05-02 00:00:00+00:00,0.1887
2020-05-03 00:00:00+00:00,-0.4663
2020-05-04 00:00:00+00:00,-0.1511
2020-05-05 00:00:00+00:00,0.2609
2020-05-06 00:00:00+00:00,0.1976
2020-05-07 00:00:00+00:00,-0.4173
2020-05-08 00:00:00+00:00,-0.3198
2020-05-09 00:00:00+00:00,1.0191
2020-05-10 00:00:00+00:00,0.6386
2020-05-11 00:00:00+00:00,0.0451
2020-05-12 00:00:00+00:00,-0.3949
2020-05-13 00:00:00+00:00,0.9037
2020-05-14 00:00:00+00:00,0.4914
2020-05-15 00:00:00+00:00,0.6827
2020-05-16 00:00:00+00:00,0.5485
2020-05-17 00:00:00+00:00,0.7598
2020-05-18 00:00:00+00:00,0.7132
2020-05-19 00:00:00+00:00,-0.5825
2020-05-20 00:00:00+00:00,0.6677
2020-05-21 00:00:00+00:00,0.7515
2020-05-22 00:00:00+00:00,0.1492
2020-05-23 00:00:00+00:00,0.5294
2020-05-24 00:00:00+00:00,-0.0099
2020-05-25 00:00:00+00:00,-1.5176
2020-05-26 00:00:00+00:00,0.6121
2020-05-27 00:00:00+00:00,-1.2732
2020-05-28 00:00:00+00:00,0.2591
2020-05-29 00:00:00+00:00,-1.088
2020-05-30 00:00:00+00:00,0.1258
2020-05-31 00:00:00+00:00,0.8248
2020-06-01 00:00:00+00:00,0.998
2020-06-02 00:00:00+00:00,0.733
2020-06-03 00:00:00+00:00,0.7617
2020-06-04 00:00:00+00:00,0.3707
2020-06-05 00:00:00+00:00,0.1833
2020-06-06 00:00:00+00:00,0.3179
2020-06-07 00:00:00+00:00,0.4272
2020-06-08 00:00:00+00:00,1.4796
2020-06-09 00:00:00+00:00,0.8382
2020-06-10 00:00:00+00:00,1.3964
2020-06-11 00:00:00+00:00,-0.4868
2020-06-12 00:00:00+00:00,-0.021
2020-06-13 00:00:00+00:00,0.6664
2020-06-14 00:00:00+00:00,0.4075
2020-06-15 00:00:00+00:00,0.4792
2020-06-16 00:00:00+00:00,1.2917
2020-06-17 00:00:00+00:00,0.7306
2020-06-18 00:00:00+00:00,1.1331
2020-06-19 00:00:00+00:00,0.645
2020-06-20 00:00:00+00:00,0.8004
2020-06-21 00:00:00+00:00,0.1688
2020-06-22 00:00:00+00:00,0.2883
2020-06-23 00:00:00+00:00,-0.2763
2020-06-24 00:00:00+00:00,-0.3182
2020-06-25 00:00:00+00:00,1.2893
2020-06-26 00:00:00+00:00,0.5413
2020-06-27 00:00:00+00:00,1.1279
2020-06-28 00:00:00+00:00,0.8837
2020-06-29 00:00:00+00:00,1.0815
2020-06-30 00:00:00+00:00,0.9001
2020-07-01 00:00:00+00:00,0.4044
2020-07-02 00:00:00+00:00,0.1613
2020-07-03 00:00:00+00:00,0.6248
2020-07-04 00:00:00+00:00,1.3123
2020-07-05 00:00:00+00:00,0.3066
2020-07-06 00:00:00+00:00,0.7923
2020-07-07 00:00:00+00:00,0.4939
2020-07-08 00:00:00+00:00,-0.0885
2020-07-09 00:00:00+00:00,0.4391
2020-07-10 00:00:00+00:00,0.3762
2020-07-11 00:00:00+00:00,0.4257
2020-07-12 00:00:00+00:00,-0.6691
2020-07-13 00:00:00+00:00,1.0793
2020-07-14 00:00:00+00:00,0.0657
2020-07-15 00:00:00+00:00,0.7172
2020-07-16 00:00:00+00:00,0.8524
2020-07-17 00:00:00+00:00,1.1583
2020-07-18 00:00:00+00:00,1.4786
2020-07-19 00:00:00+00:00,0.8454
2020-07-20 00:00:00+00:00,0.8001
2020-07-21 00:00:00+00:00,1.5111
2020-07-22 00:00:00+00:00,1.0434
2020-07-23 00:00:00+00:00,0.6691
2020-07-24 00:00:00+00:00,0.3145
2020-07-25 00:00:00+00:00,0.6457
2020-07-26 00:00:00+00:00,1.0099
2020-07-27 00:00:00+00:00,0.3976
2020-07-28 00:00:00+00:00,0.2709
2020-07-29 00:00:00+00:00,-0.214
2020-07-30 00:00:00+00:00,-0.0861
2020-07-31 00:00:00+00:00,0.2947
2020-08-01 00:00:00+00:00,0.8417
2020-08-02 00:00:00+00:00,0.5747
2020-08-03 00:00:00+00:00,0.3181
2020-08-04 00:00:00+00:00,0.9848
2020-08-05 00:00:00+00:00,0.9278
2020-08-06 00:00:00+00:00,1.0932
2020-08-07 00:00:00+00:00,0.5756
2020-08-08 00:00:00+00:00,0.9157
2020-08-09 00:00:00+00:00,0.373
2020-08-10 00:00:00+00:00,1.3908
2020-08-11 00:00:00+00:00,1.2468
2020-08-12 00:00:00+00:00,0.9781
2020-08-13 00:00:00+00:00,1.3811
2020-08-14 00:00:00+00:00,0.0941
2020-08-15 00:00:00+00:00,1.0583
2020-08-16 00:00:00+00:00,0.599
2020-08-17 00:00:00+00:00,1.1209
2020-08-18 00:00:00+00:00,0.4989
2020-08-19 00:00:00+00:00,0.8895
2020-08-20 00:00:00+00:00,0.1822
2020-08-21 00:00:00+00:00,1.2704
2020-08-22 00:00:00+00:00,1.0222
2020-08-23 00:00:00+00:00,1.3714
2020-08-24 00:00:00+00:00,0.9245
2020-08-25 00:00:00+00:00,0.875
2020-08-26 00:00:00+00:00,0.3271
2020-08-27 00:00:00+00:00,0.6641
2020-08-28 00:00:00+00:00,0.5774
2020-08-29 00:00:00+00:00,0.6628
2020-08-30 00:00:00+00:00,0.5879
2020-08-31 00:00:00+00:00,2.214
2020-09-01 00:00:00+00:00,1.178
2020-09-02 00:00:00+00:00,1.5072
2020-09-03 00:00:00+00:00,1.1952
2020-09-04 00:00:00+00:00,1.8246
2020-09-05 00:00:00+00:00,0.647
2020-09-06 00:00:00+00:00,1.0378
2020-09-07 00:00:00+00:00,0.5347
2020-09-08 00:00:00+00:00,0.2427
2020-09-09 00:00:00+00:00,0.1531
2020-09-10 00:00:00+00:00,0.4488
2020-09-11 00:00:00+00:00,0.7189
2020-09-12 00:00:00+00:00,0.2815
2020-09-13 00:00:00+00:00,1.4471
2020-09-14 00:00:00+00:00,1.3487
2020-09-15 00:00:00+00:00,1.3322
2020-09-16 00:00:00+00:00,0.6023
2020-09-17 00:00:00+00:00,0.6151
2020-09-18 00:00:00+00:00,1.4298
2020-09-19 00:00:00+00:00,1.1182
2020-09-20 00:00:00+00:00,1.2248
2020-09-21 00:00:00+00:00,0.2158
2020-09-22 00:00:00+00:00,0.0007
2020-09-23 00:00:00+00:00,0.0878
2020-09-24 00:00:00+00:00,0.3417
2020-09-25 00:00:00+00:00,0.3641
2020-09-26 00:00:00+00:00,-0.0725
2020-09-27 00:00:00+00:00,-0.1061
2020-09-28 00:00:00+00:00,0.6017
2020-09-29 00:00:00+00:00,0.596
2020-09-30 00:00:00+00:00,0.2598
2020-10-01 00:00:00+00:00,1.1048
2020-10-02 00:00:00+00:00,1.2611
2020-10-03 00:00:00+00:00,2.4902
2020-10-04 00:00:00+00:00,2.2365
2020-10-05 00:00:00+00:00,1.7796
2020-10-06 00:00:00+00:00,1.2557
2020-10-07 00:00:00+00:00,0.955
2020-10-08 00:00:00+00:00,0.9005
2020-10-09 00:00:00+00:00,1.3192
2020-10-10 00:00:00+00:00,1.6197
2020-10-11 00:00:00+00:00,1.1399
2020-10-12 00:00:00+00:00,1.2224
2020-10-13 00:00:00+00:00,0.844
2020-10-14 00:00:00+00:00,0.2918
2020-10-15 00:00:00+00:00,1.2533
2020-10-16 00:00:00+00:00,-0.3055
2020-10-17 00:00:00+00:00,0.4259
2020-10-18 00:00:00+00:00,1.1534
2020-10-19 00:00:00+00:00,1.2526
2020-10-21 00:00:00+00:00,1.0907
2020-10-22 00:00:00+00:00,-0.0416
2020-10-23 00:00:00+00:00,1.2862
2020-10-24 00:00:00+00:00,-2.0629
2020-10-25 00:00:00+00:00,0.303
2020-10-26 00:00:00+00:00,0.3215
2020-10-27 00:00:00+00:00,1.28
2020-10-28 00:00:00+00:00,1.0237
2020-10-29 00:00:00+00:00,0.7149
2020-10-30 00:00:00+00:00,-0.1877
2020-10-31 00:00:00+00:00,0.1527
2020-11-01 00:00:00+00:00,1.1187
2020-11-02 00:00:00+00:00,1.1525
2020-11-03 00:00:00+00:00,1.7945
2020-11-04 00:00:00+00:00,0.0245
2020-11-05 00:00:00+00:00,0.511
2020-11-06 00:00:00+00:00,0.756
2020-11-07 00:00:00+00:00,0.9114
2020-11-08 00:00:00+00:00,0.9786
2020-11-09 00:00:00+00:00,1.0453
2020-11-10 00:00:00+00:00,0.4721
2020-11-11 00:00:00+00:00,1.991
2020-11-12 00:00:00+00:00,1.0703
2020-11-13 00:00:00+00:00,0.5867
2020-11-14 00:00:00+00:00,0.7334
2020-11-15 00:00:00+00:00,2.1877
2020-11-16 00:00:00+00:00,1.4586
2020-11-17 00:00:00+00:00,1.9904
2020-11-18 00:00:00+00:00,1.299
2020-11-19 00:00:00+00:00,0.2162
2020-11-20 00:00:00+00:00,1.9197
2020-11-21 00:00:00+00:00,1.0554
2020-11-22 00:00:00+00:00,2.1026
2020-11-23 00:00:00+00:00,0.6994
2020-11-24 00:00:00+00:00,0.8867
2020-11-25 00:00:00+00:00,1.2694
2020-11-26 00:00:00+00:00,0.5118
2020-11-27 00:00:00+00:00,0.4339
2020-11-28 00:00:00+00:00,1.2064
2020-11-29 00:00:00+00:00,1.6429
2020-11-30 00:00:00+00:00,1.4791
2020-12-01 00:00:00+00:00,1.5452
2020-12-02 00:00:00+00:00,2.1131
2020-12-03 00:00:00+00:00,1.4493
2020-12-04 00:00:00+00:00,1.2613
2020-12-05 00:00:00+00:00,2.1136
2020-12-06 00:00:00+00:00,1.8975
2020-12-07 00:00:00+00:00,0.3433
2020-12-08 00:00:00+00:00,-0.1341
2020-12-09 00:00:00+00:00,1.1085
2020-12-10 00:00:00+00:00,0.461
2020-12-11 00:00:00+00:00,0.9239
2020-12-12 00:00:00+00:00,1.3482
2020-12-13 00:00:00+00:00,0.6136
2020-12-14 00:00:00+00:00,1.732
2020-12-15 00:00:00+00:00,0.8722
2020-12-16 00:00:00+00:00,1.7112
2020-12-17 00:00:00+00:00,1.7265
2020-12-18 00:00:00+00:00,1.0598
2020-12-19 00:00:00+00:00,1.7922
2020-12-20 00:00:00+00:00,1.4633
2020-12-21 00:00:00+00:00,0.6486
2020-12-22 00:00:00+00:00,-0.5522
2020-12-23 00:00:00+00:00,1.3249
2020-12-24 00:00:00+00:00,1.419
2020-12-25 00:00:00+00:00,2.2322
2020-12-26 00:00:00+00:00,0.8975
2020-12-27 00:00:00+00:00,1.4802
2020-12-28 00:00:00+00:00,0.5133
2020-12-29 00:00:00+00:00,0.4808
2020-12-30 00:00:00+00:00,1.1544
2020-12-31 00:00:00+00:00,0.8827
2021-01-01 00:00:00+00:00,0.1866
2021-01-02 00:00:00+00:00,0.3574
2021-01-03 00:00:00+00:00,0.9245
2021-01-04 00:00:00+00:00,1.4583
2021-01-05 00:00:00+00:00,0.1505
2021-01-06 00:00:00+00:00,0.9819
2021-01-07 00:00:00+00:00,1.096
2021-01-08 00:00:00+00:00,0.5642
2021-01-09 00:00:00+00:00,0.9128
2021-01-10 00:00:00+00:00,0.1348
2021-01-11 00:00:00+00:00,1.0469
2021-01-12 00:00:00+00:00,1.0505
2021-01-13 00:00:00+00:00,0.8206
2021-01-14 00:00:00+00:00,1.1081
2021-01-15 00:00:00+00:00,1.0314
2021-01-16 00:00:00+00:00,0.4459
2021-01-17 00:00:00+00:00,1.0728
2021-01-18 00:00:00+00:00,0.7193
2021-01-19 00:00:00+00:00,2.1121
2021-01-20 00:00:00+00:00,1.238
2021-01-21 00:00:00+00:00,1.3687
2021-01-22 00:00:00+00:00,0.9018
2021-01-23 00:00:00+00:00,1.3949
2021-01-24 00:00:00+00:00,1.4471
2021-01-25 00:00:00+00:00,0.7704
2021-01-26 00:00:00+00:00,0.7874
2021-01-27 00:00:00+00:00,1.1818
2021-01-28 00:00:00+00:00,0.5458
2021-01-29 00:00:00+00:00,0.1969
2021-01-30 00:00:00+00:00,0.7155
2021-01-31 00:00:00+00:00,0.0133
2021-02-01 00:00:00+00:00,-0.7066
2021-02-02 00:00:00+00:00,-0.1461
2021-02-03 00:00:00+00:00,1.1067
2021-02-04 00:00:00+00:00,0.6697
2021-02-05 00:00:00+00:00,1.7612
2021-02-06 00:00:00+00:00,1.8939
2021-02-07 00:00:00+00:00,1.5541
2021-02-08 00:00:00+00:00,1.4147
2021-02-09 00:00:00+00:00,1.6455
2021-02-10 00:00:00+00:00,1.3773
2021-02-11 00:00:00+00:00,1.3187
2021-02-12 00:00:00+00:00,0.7237
2021-02-13 00:00:00+00:00,0.7412
2021-02-14 00:00:00+00:00,1.224
2021-02-15 00:00:00+00:00,1.1762
2021-02-16 00:00:00+00:00,1.382
2021-02-17 00:00:00+00:00,1.1722
2021-02-18 00:00:00+00:00,1.2568
2021-02-19 00:00:00+00:00,1.0813
2021-02-20 00:00:00+00:00,0.8798
2021-02-21 00:00:00+00:00,-0.1563
2021-02-22 00:00:00+00:00,1.2033
2021-02-23 00:00:00+00:00,1.4447
2021-02-24 00:00:00+00:00,1.0907
2021-02-25 00:00:00+00:00,0.6637
2021-02-26 00:00:00+00:00,0.6232
2021-02-27 00:00:00+00:00,-0.3407
2021-02-28 00:00:00+00:00,0.5265
2021-03-01 00:00:00+00:00,1.0634
2021-03-02 00:00:00+00:00,1.5362
2021-03-03 00:00:00+00:00,1.0717
2021-03-04 00:00:00+00:00,1.8382
2021-03-05 00:00:00+00:00,0.7943
2021-03-06 00:00:00+00:00,0.2056
2021-03-07 00:00:00+00:00,0.2378
2021-03-08 00:00:00+00:00,1.6009
2021-03-09 00:00:00+00:00,1.4667
2021-03-10 00:00:00+00:00,1.5633
2021-03-11 00:00:00+00:00,1.2808
2021-03-12 00:00:00+00:00,1.4043
2021-03-13 00:00:00+00:00,1.4238
2021-03-14 00:00:00+00:00,1.8618
2021-03-15 00:00:00+00:00,1.4689
2021-03-16 00:00:00+00:00,1.8463
2021-03-17 00:00:00+00:00,1.871
2021-03-18 00:00:00+00:00,1.7152
2021-03-19 00:00:00+00:00,1.5396
2021-03-20 00:00:00+00:00,1.3807
2021-03-21 00:00:00+00:00,0.8617
2021-03-22 00:00:00+00:00,0.8727
2021-03-23 00:00:00+00:00,0.5888
2021-03-24 00:00:00+00:00,0.7601
2021-03-25 00:00:00+00:00,0.9975
2021-03-26 00:00:00+00:00,1.3467
2021-03-27 00:00:00+00:00,0.8812
2021-03-28 00:00:00+00:00,2.2315
2021-03-29 00:00:00+00:00,1.083
2021-03-30 00:00:00+00:00,1.8567
2021-03-31 00:00:00+00:00,0.9817
2021-04-01 00:00:00+00:00,1.5977
2021-04-02 00:00:00+00:00,1.3523
2021-04-03 00:00:00+00:00,0.7873
2021-04-04 00:00:00+00:00,0.9964
2021-04-05 00:00:00+00:00,2.2478
2021-04-06 00:00:00+00:00,1.8692
2021-04-07 00:00:00+00:00,1.59
2021-04-08 00:00:00+00:00,1.4407
2021-04-09 00:00:00+00:00,0.653
2021-04-10 00:00:00+00:00,1.6581
2021-04-11 00:00:00+00:00,2.4391
2021-04-12 00:00:00+00:00,1.2653
2021-04-13 00:00:00+00:00,1.7165
2021-04-14 00:00:00+00:00,1.2482
2021-04-15 00:00:00+00:00,1.8021
2021-04-16 00:00:00+00:00,2.032
2021-04-17 00:00:00+00:00,1.3778
2021-04-18 00:00:00+00:00,1.7773
2021-04-19 00:00:00+00:00,1.5556
2021-04-20 00:00:00+00:00,1.0949
2021-04-21 00:00:00+00:00,0.2931
2021-04-22 00:00:00+00:00,0.2834
2021-04-23 00:00:00+00:00,1.0915
2021-04-24 00:00:00+00:00,1.3316
2021-04-25 00:00:00+00:00,0.4024
2021-04-26 00:00:00+00:00,1.9252
2021-04-27 00:00:00+00:00,1.452
2021-04-28 00:00:00+00:00,1.4209
2021-04-29 00:00:00+00:00,1.8986
2021-04-30 00:00:00+00:00,1.8967
2021-05-01 00:00:00+00:00,1.1789
2021-05-02 00:00:00+00:00,1.4174
2021-05-03 00:00:00+00:00,1.7679
2021-05-04 00:00:00+00:00,1.5608
2021-05-05 00:00:00+00:00,1.3538
2021-05-06 00:00:00+00:00,1.0758
2021-05-07 00:00:00+00:00,1.3266
2021-05-08 00:00:00+00:00,0.9559
2021-05-09 00:00:00+00:00,1.1112
2021-05-10 00:00:00+00:00,1.3469
2021-05-11 00:00:00+00:00,0.4942
2021-05-12 00:00:00+00:00,0.827
2021-05-13 00:00:00+00:00,1.0736
2021-05-14 00:00:00+00:00,1.3462
2021-05-15 00:00:00+00:00,0.9878
2021-05-16 00:00:00+00:00,1.0102
2021-05-17 00:00:00+00:00,1.7342
2021-05-18 00:00:00+00:00,0.7344
2021-05-19 00:00:00+00:00,1.8582
2021-05-20 00:00:00+00:00,1.5231
2021-05-21 00:00:00+00:00,0.6298
2021-05-22 00:00:00+00:00,1.8441
2021-05-23 00:00:00+00:00,1.0251
2021-05-24 00:00:00+00:00,1.653
2021-05-25 00:00:00+00:00,1.5881
2021-05-26 00:00:00+00:00,1.5432
2021-05-27 00:00:00+00:00,1.2448
2021-05-28 00:00:00+00:00,1.7051
2021-05-29 00:00:00+00:00,0.5364
2021-05-30 00:00:00+00:00,1.3225
2021-05-31 00:00:00+00:00,1.6407
2021-06-01 00:00:00+00:00,1.2559
2021-06-02 00:00:00+00:00,1.8631
2021-06-03 00:00:00+00:00,1.2948
2021-06-04 00:00:00+00:00,0.7537
2021-06-05 00:00:00+00:00,1.021
2021-06-06 00:00:00+00:00,1.6546
2021-06-07 00:00:00+00:00,1.2152
2021-06-08 00:00:00+00:00,1.2889
2021-06-09 00:00:00+00:00,1.9339
2021-06-10 00:00:00+00:00,1.3879
2021-06-11 00:00:00+00:00,1.1549
2021-06-12 00:00:00+00:00,0.5632
2021-06-13 00:00:00+00:00,1.5905
2021-06-14 00:00:00+00:00,0.0415
2021-06-15 00:00:00+00:00,-0.5325
2021-06-16 00:00:00+00:00,-0.4753
2021-06-17 00:00:00+00:00,-0.5055
2021-06-18 00:00:00+00:00,-0.8945
2021-06-19 00:00:00+00:00,-1.7592
2021-06-20 00:00:00+00:00,-1.9476
2021-06-21 00:00:00+00:00,0.3802
2021-06-22 00:00:00+00:00,1.0856
2021-06-23 00:00:00+00:00,1.0228
2021-06-24 00:00:00+00:00,0.2906
2021-06-25 00:00:00+00:00,-0.0256
2021-06-26 00:00:00+00:00,0.0945
2021-06-27 00:00:00+00:00,-0.3658
2021-06-28 00:00:00+00:00,0.0979
2021-06-29 00:00:00+00:00,0.124
2021-06-30 00:00:00+00:00,0.4896
2021-07-01 00:00:00+00:00,0.8282
2021-07-02 00:00:00+00:00,1.6845
2021-07-03 00:00:00+00:00,0.7582
2021-07-04 00:00:00+00:00,1.7489
2021-07-05 00:00:00+00:00,2.2456
2021-07-06 00:00:00+00:00,2.0722
2021-07-07 00:00:00+00:00,1.0714
2021-07-08 00:00:00+00:00,1.5127
2021-07-09 00:00:00+00:00,0.7852
2021-07-10 00:00:00+00:00,1.1212
2021-07-11 00:00:00+00:00,1.2436
2021-07-12 00:00:00+00:00,2.1231
2021-07-13 00:00:00+00:00,1.0414
2021-07-14 00:00:00+00:00,1.8113
2021-07-15 00:00:00+00:00,1.7711
2021-07-16 00:00:00+00:00,1.4549
2021-07-17 00:00:00+00:00,1.8132
2021-07-18 00:00:00+00:00,1.6215
2021-07-19 00:00:00+00:00,1.0332
2021-07-20 00:00:00+00:00,0.7701
2021-07-21 00:00:00+00:00,0.4152
2021-07-22 00:00:00+00:00,1.4319
2021-07-23 00:00:00+00:00,2.1937
2021-07-24 00:00:00+00:00,0.2761
2021-07-25 00:00:00+00:00,1.8634
2021-07-26 00:00:00+00:00,0.3583
2021-07-27 00:00:00+00:00,1.7427
2021-07-28 00:00:00+00:00,1.6453
2021-07-29 00:00:00+00:00,1.0793
2021-07-30 00:00:00+00:00,1.6269
2021-07-31 00:00:00+00:00,0.3986
2021-08-01 00:00:00+00:00,1.2254
2021-08-02 00:00:00+00:00,1.103
2021-08-03 00:00:00+00:00,1.2759
2021-08-04 00:00:00+00:00,0.9733
2021-08-05 00:00:00+00:00,1.2943
2021-08-06 00:00:00+00:00,0.8379
2021-08-07 00:00:00+00:00,2.1084
2021-08-08 00:00:00+00:00,1.7711
2021-08-09 00:00:00+00:00,0.6482
2021-08-10 00:00:00+00:00,1.2025
2021-08-11 00:00:00+00:00,1.6406
2021-08-12 00:00:00+00:00,1.933
2021-08-13 00:00:00+00:00,1.8948
2021-08-14 00:00:00+00:00,0.8139
2021-08-15 00:00:00+00:00,0.5835
2021-08-16 00:00:00+00:00,1.662
2021-08-17 00:00:00+00:00,1.0218
2021-08-18 00:00:00+00:00,1.0783
2021-08-19 00:00:00+00:00,0.6679
2021-08-20 00:00:00+00:00,1.1025
2021-08-21 00:00:00+00:00,1.0445
2021-08-22 00:00:00+00:00,-0.6466
2021-08-23 00:00:00+00:00,1.0328
2021-08-24 00:00:00+00:00,1.496
2021-08-25 00:00:00+00:00,0.5985
2021-08-26 00:00:00+00:00,0.8461
2021-08-27 00:00:00+00:00,1.7858
2021-08-28 00:00:00+00:00,0.6401
2021-08-29 00:00:00+00:00,1.4773
2021-08-30 00:00:00+00:00,0.6901
2021-08-31 00:00:00+00:00,0.684
2021-09-01 00:00:00+00:00,1.5446
2021-09-02 00:00:00+00:00,1.271
2021-09-03 00:00:00+00:00,1.2288
2021-09-04 00:00:00+00:00,1.7404
2021-09-05 00:00:00+00:00,0.6395
2021-09-06 00:00:00+00:00,2.1235
2021-09-07 00:00:00+00:00,0.8584
2021-09-08 00:00:00+00:00,2.0716
2021-09-09 00:00:00+00:00,0.8711
2021-09-10 00:00:00+00:00,0.3799
2021-09-11 00:00:00+00:00,0.7431
2021-09-12 00:00:00+00:00,0.7434
2021-09-13 00:00:00+00:00,1.2576
2021-09-14 00:00:00+00:00,0.8122
2021-09-15 00:00:00+00:00,0.8823
2021-09-16 00:00:00+00:00,0.6719
2021-09-17 00:00:00+00:00,1.1687
2021-09-18 00:00:00+00:00,1.8031
2021-09-19 00:00:00+00:00,-0.4317
2021-09-20 00:00:00+00:00,0.4241
2021-09-21 00:00:00+00:00,0.8239
2021-09-22 00:00:00+00:00,1.0445
2021-09-23 00:00:00+00:00,0.9611
2021-09-24 00:00:00+00:00,0.0506
2021-09-25 00:00:00+00:00,1.1552
2021-09-26 00:00:00+00:00,0.309
2021-09-27 00:00:00+00:00,1.2121
2021-09-28 00:00:00+00:00,0.8492
2021-09-29 00:00:00+00:00,1.2081
2021-09-30 00:00:00+00:00,1.0056
2021-10-01 00:00:00+00:00,1.4156
2021-10-02 00:00:00+00:00,1.8992
2021-10-03 00:00:00+00:00,2.8153
2021-10-04 00:00:00+00:00,1.7609
2021-10-05 00:00:00+00:00,1.1091
2021-10-06 00:00:00+00:00,-0.7742
2021-10-07 00:00:00+00:00,1.3244
2021-10-08 00:00:00+00:00,1.0815
2021-10-09 00:00:00+00:00,1.5722
2021-10-10 00:00:00+00:00,-0.8895
2021-10-11 00:00:00+00:00,1.4317
2021-10-12 00:00:00+00:00,0.4758
2021-10-13 00:00:00+00:00,1.0847
2021-10-14 00:00:00+00:00,1.367
2021-10-15 00:00:00+00:00,1.3936
2021-10-16 00:00:00+00:00,1.9154
2021-10-17 00:00:00+00:00,2.5058
2021-10-18 00:00:00+00:00,1.0609
2021-10-19 00:00:00+00:00,0.6451
2021-10-20 00:00:00+00:00,0.7306
2021-10-21 00:00:00+00:00,1.8402
2021-10-22 00:00:00+00:00,1.495
2021-10-23 00:00:00+00:00,1.3634
2021-10-24 00:00:00+00:00,1.1193
2021-10-25 00:00:00+00:00,1.5976
2021-10-26 00:00:00+00:00,1.3508
2021-10-27 00:00:00+00:00,1.5049
2021-10-28 00:00:00+00:00,1.8804
2021-10-29 00:00:00+00:00,1.2461
2021-10-30 00:00:00+00:00,1.4764
2021-10-31 00:00:00+00:00,2.2238
2021-11-01 00:00:00+00:00,1.7176
2021-11-02 00:00:00+00:00,1.4855
2021-11-03 00:00:00+00:00,0.8695
2021-11-04 00:00:00+00:00,1.4885
2021-11-05 00:00:00+00:00,0.7738
2021-11-06 00:00:00+00:00,0.3113
2021-11-07 00:00:00+00:00,1.079
2021-11-08 00:00:00+00:00,1.3221
2021-11-09 00:00:00+00:00,1.1011
2021-11-10 00:00:00+00:00,0.9908
2021-11-11 00:00:00+00:00,1.6041
2021-11-12 00:00:00+00:00,1.167
2021-11-13 00:00:00+00:00,1.5607
2021-11-14 00:00:00+00:00,1.4219
2021-11-15 00:00:00+00:00,1.6006
2021-11-16 00:00:00+00:00,0.9374
2021-11-17 00:00:00+00:00,1.3838
2021-11-18 00:00:00+00:00,0.8449
2021-11-19 00:00:00+00:00,1.2457
2021-11-20 00:00:00+00:00,0.0391
2021-11-21 00:00:00+00:00,-0.1034
2021-11-22 00:00:00+00:00,1.3181
2021-11-23 00:00:00+00:00,1.0165
2021-11-24 00:00:00+00:00,1.5836
2021-11-25 00:00:00+00:00,1.2161
2021-11-26 00:00:00+00:00,0.4729
2021-11-27 00:00:00+00:00,1.4506
2021-11-28 00:00:00+00:00,1.4411
2021-11-29 00:00:00+00:00,1.3294
2021-11-30 00:00:00+00:00,0.6845
2021-12-01 00:00:00+00:00,1.3216
2021-12-02 00:00:00+00:00,1.2022
2021-12-03 00:00:00+00:00,1.1353
2021-12-04 00:00:00+00:00,0.274
2021-12-05 00:00:00+00:00,-0.0348
2021-12-06 00:00:00+00:00,0.7139
2021-12-07 00:00:00+00:00,1.0301
2021-12-08 00:00:00+00:00,1.7421
2021-12-09 00:00:00+00:00,1.9946
2021-12-10 00:00:00+00:00,1.507
2021-12-11 00:00:00+00:00,1.0897
2021-12-12 00:00:00+00:00,1.3261
2021-12-13 00:00:00+00:00,1.284
2021-12-14 00:00:00+00:00,0.6489
2021-12-15 00:00:00+00:00,1.3175
2021-12-16 00:00:00+00:00,1.0428
2021-12-17 00:00:00+00:00,0.4508
2021-12-18 00:00:00+00:00,-1.2942
2021-12-19 00:00:00+00:00,0.8896
2021-12-20 00:00:00+00:00,0.7868
2021-12-21 00:00:00+00:00,0.6848
2021-12-22 00:00:00+00:00,0.6361
2021-12-23 00:00:00+00:00,1.2813
2021-12-24 00:00:00+00:00,1.7929
2021-12-25 00:00:00+00:00,1.0642
2021-12-26 00:00:00+00:00,1.0468
2021-12-27 00:00:00+00:00,1.4043
2021-12-28 00:00:00+00:00,0.3913
2021-12-29 00:00:00+00:00,0.6667
2021-12-30 00:00:00+00:00,1.2468
2021-12-31 00:00:00+00:00,1.5141
2022-01-01 00:00:00+00:00,0.4217
2022-01-02 00:00:00+00:00,1.337
2022-01-03 00:00:00+00:00,2.4397
2022-01-04 00:00:00+00:00,0.736
2022-01-05 00:00:00+00:00,1.5686
2022-01-06 00:00:00+00:00,1.024
2022-01-07 00:00:00+00:00,0.9148
2022-01-08 00:00:00+00:00,0.4649
2022-01-09 00:00:00+00:00,0.8677
2022-01-10 00:00:00+00:00,1.3176
2022-01-11 00:00:00+00:00,-0.0068
2022-01-12 00:00:00+00:00,0.7029
2022-01-13 00:00:00+00:00,1.0058
2022-01-14 00:00:00+00:00,0.993
2022-01-15 00:00:00+00:00,0.1641
2022-01-16 00:00:00+00:00,0.6221
2022-01-17 00:00:00+00:00,1.6097
2022-01-18 00:00:00+00:00,1.9982
2022-01-19 00:00:00+00:00,1.0109
2022-01-20 00:00:00+00:00,1.0265
2022-01-21 00:00:00+00:00,0.7712
2022-01-22 00:00:00+00:00,0.2689
2022-01-23 00:00:00+00:00,-2.2069
2022-01-24 00:00:00+00:00,0.2157
2022-01-25 00:00:00+00:00,0.8489
2022-01-26 00:00:00+00:00,1.0399
2022-01-27 00:00:00+00:00,0.3447
2022-01-28 00:00:00+00:00,0.7677
2022-01-29 00:00:00+00:00,0.2325
2022-01-30 00:00:00+00:00,0.6383
2022-01-31 00:00:00+00:00,1.3818
2022-02-01 00:00:00+00:00,0.3948
2022-02-02 00:00:00+00:00,0.9376
2022-02-03 00:00:00+00:00,1.2791
2022-02-04 00:00:00+00:00,0.668
2022-02-05 00:00:00+00:00,1.6901
2022-02-06 00:00:00+00:00,1.405
2022-02-07 00:00:00+00:00,1.3757
2022-02-08 00:00:00+00:00,1.243
2022-02-09 00:00:00+00:00,1.1817
2022-02-10 00:00:00+00:00,1.3122
2022-02-11 00:00:00+00:00,0.3513
2022-02-12 00:00:00+00:00,-0.6804
2022-02-13 00:00:00+00:00,-0.4208
2022-02-14 00:00:00+00:00,0.3118
2022-02-15 00:00:00+00:00,0.5786
2022-02-16 00:00:00+00:00,0.4956
2022-02-17 00:00:00+00:00,-0.4226
2022-02-18 00:00:00+00:00,0.0242
2022-02-19 00:00:00+00:00,0.2496
2022-02-20 00:00:00+00:00,0.178
2022-02-21 00:00:00+00:00,0.2099
2022-02-22 00:00:00+00:00,-0.7381
2022-02-23 00:00:00+00:00,-0.8117
2022-02-24 00:00:00+00:00,-1.5218
2022-02-25 00:00:00+00:00,-0.3085
2022-02-26 00:00:00+00:00,0.1078
2022-02-27 00:00:00+00:00,-0.6766
2022-02-28 00:00:00+00:00,-0.2496
2022-03-01 00:00:00+00:00,0.643
2022-03-02 00:00:00+00:00,0.2552
2022-03-03 00:00:00+00:00,0.6266
2022-03-04 00:00:00+00:00,0.2529
2022-03-05 00:00:00+00:00,-0.3463
2022-03-06 00:00:00+00:00,-0.2551
2022-03-07 00:00:00+00:00,-0.2919
2022-03-08 00:00:00+00:00,0.1979
2022-03-09 00:00:00+00:00,-1.37
2022-03-10 00:00:00+00:00,-0.7726
2022-03-11 00:00:00+00:00,-1.0362
2022-03-12 00:00:00+00:00,-0.941
2022-03-13 00:00:00+00:00,0.116
2022-03-14 00:00:00+00:00,-0.1155
2022-03-15 00:00:00+00:00,0.1724
2022-03-16 00:00:00+00:00,0.3719
2022-03-17 00:00:00+00:00,0.6623
2022-03-18 00:00:00+00:00,0.2148
2022-03-19 00:00:00+00:00,-0.53
2022-03-20 00:00:00+00:00,0.7818
2022-03-21 00:00:00+00:00,0.0902
2022-03-22 00:00:00+00:00,-0.1618
2022-03-23 00:00:00+00:00,0.3998
2022-03-24 00:00:00+00:00,0.5808
2022-03-25 00:00:00+00:00,-0.0065
2022-03-26 00:00:00+00:00,-0.6923
2022-03-27 00:00:00+00:00,-0.0253
2022-03-28 00:00:00+00:00,0.8337
2022-03-29 00:00:00+00:00,-0.1988
2022-03-30 00:00:00+00:00,0.5434
2022-03-31 00:00:00+00:00,0.6152
2022-04-01 00:00:00+00:00,0.1982
2022-04-02 00:00:00+00:00,2.902
2022-04-03 00:00:00+00:00,1.2979
2022-04-04 00:00:00+00:00,1.4637
2022-04-05 00:00:00+00:00,0.648
2022-04-06 00:00:00+00:00,1.4368
2022-04-07 00:00:00+00:00,0.4751
2022-04-08 00:00:00+00:00,0.2318
2022-04-09 00:00:00+00:00,0.3192
2022-04-10 00:00:00+00:00,1.4502
2022-04-11 00:00:00+00:00,0.3469
2022-04-12 00:00:00+00:00,0.4255
2022-04-13 00:00:00+00:00,0.399
2022-04-14 00:00:00+00:00,0.4937
2022-04-15 00:00:00+00:00,0.3937
2022-04-16 00:00:00+00:00,0.2736
2022-04-17 00:00:00+00:00,0.9839
2022-04-18 00:00:00+00:00,-0.1141
2022-04-19 00:00:00+00:00,0.7809
2022-04-20 00:00:00+00:00,1.8202
2022-04-21 00:00:00+00:00,2.9273
2022-04-22 00:00:00+00:00,0.5901
2022-04-23 00:00:00+00:00,-0.0849
2022-04-24 00:00:00+00:00,-0.4393
2022-04-25 00:00:00+00:00,0.1851
2022-04-26 00:00:00+00:00,0.235
2022-04-27 00:00:00+00:00,0.1828
2022-04-28 00:00:00+00:00,0.409
2022-04-29 00:00:00+00:00,1.2774
2022-04-30 00:00:00+00:00,-0.3715
2022-05-01 00:00:00+00:00,0.6003
2022-05-02 00:00:00+00:00,0.8141
2022-05-03 00:00:00+00:00,1.3403
2022-05-04 00:00:00+00:00,0.4186
2022-05-05 00:00:00+00:00,1.3562
2022-05-06 00:00:00+00:00,-0.1028
2022-05-07 00:00:00+00:00,0.8554
2022-05-08 00:00:00+00:00,0.3879
2022-05-09 00:00:00+00:00,0.2579
2022-05-10 00:00:00+00:00,0.4185
2022-05-11 00:00:00+00:00,0.6789
2022-05-12 00:00:00+00:00,0.5234
2022-05-13 00:00:00+00:00,0.3636
2022-05-14 00:00:00+00:00,1.1966
2022-05-15 00:00:00+00:00,1.3677
2022-05-16 00:00:00+00:00,0.7313
2022-05-17 00:00:00+00:00,0.4474
2022-05-18 00:00:00+00:00,0.6348
2022-05-19 00:00:00+00:00,-0.3834
2022-05-20 00:00:00+00:00,0.2288
2022-05-21 00:00:00+00:00,1.8878
2022-05-22 00:00:00+00:00,0.8402
2022-05-23 00:00:00+00:00,0.6018
2022-05-24 00:00:00+00:00,0.6541
2022-05-25 00:00:00+00:00,0.4107
2022-05-26 00:00:00+00:00,1.3788
2022-05-27 00:00:00+00:00,1.0587
2022-05-28 00:00:00+00:00,1.4061
2022-05-29 00:00:00+00:00,1.3984
2022-05-30 00:00:00+00:00,0.6911
2022-05-31 00:00:00+00:00,0.6029
2022-06-01 00:00:00+00:00,0.6526
2022-06-02 00:00:00+00:00,0.759
2022-06-03 00:00:00+00:00,1.2678
2022-06-04 00:00:00+00:00,1.071
2022-06-05 00:00:00+00:00,0.1987
2022-06-06 00:00:00+00:00,1.0107
2022-06-07 00:00:00+00:00,0.6214
2022-06-08 00:00:00+00:00,0.9964
2022-06-09 00:00:00+00:00,0.5942
2022-06-10 00:00:00+00:00,-0.3812
2022-06-11 00:00:00+00:00,0.5477
2022-06-12 00:00:00+00:00,0.4472
2022-06-13 00:00:00+00:00,1.1279
2022-06-14 00:00:00+00:00,0.5999
2022-06-15 00:00:00+00:00,0.7119
2022-06-16 00:00:00+00:00,0.7986
2022-06-17 00:00:00+00:00,0.5802
2022-06-18 00:00:00+00:00,1.0257
2022-06-19 00:00:00+00:00,1.5528
2022-06-20 00:00:00+00:00,0.7718
2022-06-21 00:00:00+00:00,1.1695
2022-06-22 00:00:00+00:00,0.7418
2022-06-23 00:00:00+00:00,1.1113
2022-06-24 00:00:00+00:00,1.3058
2022-06-25 00:00:00+00:00,-0.3099
2022-06-26 00:00:00+00:00,-1.3635
2022-06-27 00:00:00+00:00,0.1748
2022-06-28 00:00:00+00:00,0.7381
2022-06-29 00:00:00+00:00,0.1808
2022-06-30 00:00:00+00:00,0.1719
2022-07-01 00:00:00+00:00,-0.0671
2022-07-02 00:00:00+00:00,0.0564
2022-07-03 00:00:00+00:00,0.5045
2022-07-04 00:00:00+00:00,0.8376
2022-07-05 00:00:00+00:00,0.2592
2022-07-06 00:00:00+00:00,1.0474
2022-07-07 00:00:00+00:00,0.2656
2022-07-08 00:00:00+00:00,0.3616
2022-07-09 00:00:00+00:00,1.1072
2022-07-10 00:00:00+00:00,1.1439
2022-07-11 00:00:00+00:00,0.658
2022-07-12 00:00:00+00:00,0.1176
2022-07-13 00:00:00+00:00,-1.0065
2022-07-14 00:00:00+00:00,-0.346
2022-07-15 00:00:00+00:00,0.5256
2022-07-16 00:00:00+00:00,0.7451
2022-07-17 00:00:00+00:00,1.5268
2022-07-18 00:00:00+00:00,0.9225
2022-07-19 00:00:00+00:00,1.0156
2022-07-20 00:00:00+00:00,0.9473
2022-07-21 00:00:00+00:00,0.944
2022-07-22 00:00:00+00:00,1.9861
2022-07-23 00:00:00+00:00,1.7569
2022-07-24 00:00:00+00:00,0.891
2022-07-25 00:00:00+00:00,0.2435
2022-07-26 00:00:00+00:00,0.6934
2022-07-27 00:00:00+00:00,0.7351
2022-07-28 00:00:00+00:00,0.6205
2022-07-29 00:00:00+00:00,1.49
2022-07-30 00:00:00+00:00,2.054
2022-07-31 00:00:00+00:00,1.3109
2022-08-01 00:00:00+00:00,0.7076
2022-08-02 00:00:00+00:00,1.1089
2022-08-03 00:00:00+00:00,1.5625
2022-08-04 00:00:00+00:00,2.8767
2022-08-05 00:00:00+00:00,0.1944
2022-08-06 00:00:00+00:00,1.1596
2022-08-07 00:00:00+00:00,0.397
2022-08-08 00:00:00+00:00,0.782
2022-08-09 00:00:00+00:00,-0.0493
2022-08-10 00:00:00+00:00,0.7356
2022-08-11 00:00:00+00:00,0.5059
2022-08-12 00:00:00+00:00,0.5404
2022-08-13 00:00:00+00:00,-0.149
2022-08-14 00:00:00+00:00,0.5757
2022-08-15 00:00:00+00:00,-0.1335
2022-08-16 00:00:00+00:00,0.465
2022-08-17 00:00:00+00:00,0.8561
2022-08-18 00:00:00+00:00,0.643
2022-08-19 00:00:00+00:00,0.3831
2022-08-20 00:00:00+00:00,0.2378
2022-08-21 00:00:00+00:00,0.1445
2022-08-22 00:00:00+00:00,0.2061
2022-08-23 00:00:00+00:00,0.5078
2022-08-24 00:00:00+00:00,0.695
2022-08-25 00:00:00+00:00,0.5579
2022-08-26 00:00:00+00:00,0.3091
2022-08-27 00:00:00+00:00,-0.2135
2022-08-28 00:00:00+00:00,0.4231
2022-08-29 00:00:00+00:00,0.2372
2022-08-30 00:00:00+00:00,0.7633
2022-08-31 00:00:00+00:00,0.1529
2022-09-01 00:00:00+00:00,0.1858
2022-09-02 00:00:00+00:00,0.1244
2022-09-03 00:00:00+00:00,0.7213
2022-09-04 00:00:00+00:00,0.0936
2022-09-05 00:00:00+00:00,0.1271
2022-09-06 00:00:00+00:00,0.6899
2022-09-07 00:00:00+00:00,0.6317
2022-09-08 00:00:00+00:00,0.6394
2022-09-09 00:00:00+00:00,1.0064
2022-09-10 00:00:00+00:00,1.3676
2022-09-11 00:00:00+00:00,-0.2218
2022-09-12 00:00:00+00:00,0.5016
2022-09-13 00:00:00+00:00,0.3864
2022-09-14 00:00:00+00:00,0.0922
2022-09-15 00:00:00+00:00,0.4825
2022-09-16 00:00:00+00:00,-0.5295
2022-09-17 00:00:00+00:00,0.8073
2022-09-18 00:00:00+00:00,0.0532
2022-09-19 00:00:00+00:00,0.4562
2022-09-20 00:00:00+00:00,0.2595
2022-09-21 00:00:00+00:00,0.0326
2022-09-22 00:00:00+00:00,0.4592
2022-09-23 00:00:00+00:00,-0.1081
2022-09-24 00:00:00+00:00,-2.1244
2022-09-25 00:00:00+00:00,0.0633
2022-09-26 00:00:00+00:00,0.7145
2022-09-27 00:00:00+00:00,0.7903
2022-09-28 00:00:00+00:00,0.9435
2022-09-29 00:00:00+00:00,-0.0856
2022-09-30 00:00:00+00:00,-0.3667
2022-10-01 00:00:00+00:00,-0.2241
2022-10-02 00:00:00+00:00,0.3956
2022-10-03 00:00:00+00:00,1.044
2022-10-04 00:00:00+00:00,0.7877
2022-10-05 00:00:00+00:00,1.12
2022-10-06 00:00:00+00:00,0.5683
2022-10-07 00:00:00+00:00,0.4349
2022-10-08 00:00:00+00:00,1.5194
2022-10-09 00:00:00+00:00,1.8851
2022-10-10 00:00:00+00:00,1.3076
2022-10-11 00:00:00+00:00,0.3748
2022-10-12 00:00:00+00:00,0.1029
2022-10-13 00:00:00+00:00,0.3921
2022-10-14 00:00:00+00:00,0.4707
2022-10-15 00:00:00+00:00,2.6121
2022-10-16 00:00:00+00:00,-0.1785
2022-10-17 00:00:00+00:00,0.8673
2022-10-18 00:00:00+00:00,1.7285
2022-10-19 00:00:00+00:00,1.594
2022-10-20 00:00:00+00:00,1.1015
2022-10-21 00:00:00+00:00,0.5617
2022-10-22 00:00:00+00:00,2.2205
2022-10-23 00:00:00+00:00,2.3314
2022-10-24 00:00:00+00:00,0.8531
2022-10-25 00:00:00+00:00,1.541
2022-10-26 00:00:00+00:00,-1.3557
2022-10-27 00:00:00+00:00,0.8562
2022-10-28 00:00:00+00:00,0.9603
2022-10-29 00:00:00+00:00,0.0709
2022-10-30 00:00:00+00:00,1.2137
2022-10-31 00:00:00+00:00,0.4181
2022-11-01 00:00:00+00:00,1.0351
2022-11-02 00:00:00+00:00,0.5961
2022-11-03 00:00:00+00:00,0.7319
2022-11-04 00:00:00+00:00,0.5357
2022-11-05 00:00:00+00:00,2.2865
2022-11-06 00:00:00+00:00,0.6772
2022-11-07 00:00:00+00:00,0.5697
2022-11-08 00:00:00+00:00,1.1556
2022-11-09 00:00:00+00:00,0.5377
2022-11-10 00:00:00+00:00,0.8352
2022-11-11 00:00:00+00:00,-0.2919
2022-11-12 00:00:00+00:00,0.3573
2022-11-13 00:00:00+00:00,0.357
2022-11-14 00:00:00+00:00,1.1267
2022-11-15 00:00:00+00:00,0.554
2022-11-16 00:00:00+00:00,0.4541
2022-11-17 00:00:00+00:00,0.7846
2022-11-18 00:00:00+00:00,1.6164
2022-11-19 00:00:00+00:00,1.173
2022-11-20 00:00:00+00:00,-0.1027
2022-11-21 00:00:00+00:00,1.6351
2022-11-22 00:00:00+00:00,0.8932
2022-11-23 00:00:00+00:00,1.7324
2022-11-24 00:00:00+00:00,0.4286
2022-11-25 00:00:00+00:00,1.0938
2022-11-26 00:00:00+00:00,1.1279
2022-11-27 00:00:00+00:00,1.1281
2022-11-28 00:00:00+00:00,-0.0138
2022-11-29 00:00:00+00:00,0.7583
2022-11-30 00:00:00+00:00,0.5072
2022-12-01 00:00:00+00:00,0.8628
2022-12-02 00:00:00+00:00,0.389
2022-12-03 00:00:00+00:00,1.46
2022-12-04 00:00:00+00:00,1.8612
2022-12-05 00:00:00+00:00,1.2635
2022-12-06 00:00:00+00:00,-1.5641
2022-12-07 00:00:00+00:00,1.1414
2022-12-08 00:00:00+00:00,0.7689
2022-12-09 00:00:00+00:00,0.0116
2022-12-10 00:00:00+00:00,0.634
2022-12-11 00:00:00+00:00,0.9832
2022-12-12 00:00:00+00:00,0.0614
2022-12-13 00:00:00+00:00,0.6078
2022-12-14 00:00:00+00:00,1.0515
2022-12-15 00:00:00+00:00,0.684
2022-12-16 00:00:00+00:00,0.2901
2022-12-17 00:00:00+00:00,-0.1006
2022-12-18 00:00:00+00:00,-1.0684
2022-12-19 00:00:00+00:00,0.9518
2022-12-20 00:00:00+00:00,0.4423
2022-12-21 00:00:00+00:00,0.5738
2022-12-22 00:00:00+00:00,1.3486
2022-12-23 00:00:00+00:00,0.4083
2022-12-24 00:00:00+00:00,0.3805
2022-12-25 00:00:00+00:00,-0.2238
2022-12-26 00:00:00+00:00,2.1768
2022-12-27 00:00:00+00:00,1.2148
2022-12-28 00:00:00+00:00,1.4384
2022-12-29 00:00:00+00:00,1.0424
2022-12-30 00:00:00+00:00,0.4249
2022-12-31 00:00:00+00:00,1.0304
2023-01-01 00:00:00+00:00,1.3763
2023-01-02 00:00:00+00:00,0.9727
2023-01-03 00:00:00+00:00,2.0684
2023-01-04 00:00:00+00:00,1.1293
2023-01-05 00:00:00+00:00,0.7163
2023-01-06 00:00:00+00:00,0.5196
2023-01-07 00:00:00+00:00,1.4025
2023-01-08 00:00:00+00:00,1.1628
2023-01-09 00:00:00+00:00,1.1113
2023-01-10 00:00:00+00:00,1.1186
2023-01-11 00:00:00+00:00,0.7446
2023-01-12 00:00:00+00:00,1.7948
2023-01-13 00:00:00+00:00,1.6522
2023-01-14 00:00:00+00:00,1.2768
2023-01-15 00:00:00+00:00,2.0009
2023-01-16 00:00:00+00:00,1.5316
2023-01-17 00:00:00+00:00,2.7321
2023-01-18 00:00:00+00:00,0.5609
2023-01-19 00:00:00+00:00,-0.6744
2023-01-20 00:00:00+00:00,-0.8481
2023-01-21 00:00:00+00:00,0.7283
2023-01-22 00:00:00+00:00,0.9084
2023-01-23 00:00:00+00:00,0.6176
2023-01-24 00:00:00+00:00,0.9845
2023-01-25 00:00:00+00:00,1.0182
2023-01-26 00:00:00+00:00,0.2231
2023-01-27 00:00:00+00:00,-0.0078
2023-01-28 00:00:00+00:00,1.9787
2023-01-29 00:00:00+00:00,0.0999
2023-01-30 00:00:00+00:00,1.8253
2023-01-31 00:00:00+00:00,1.0182
2023-02-01 00:00:00+00:00,-0.4139
2023-02-02 00:00:00+00:00,0.9683
2023-02-03 00:00:00+00:00,0.489
2023-02-04 00:00:00+00:00,0.0913
2023-02-05 00:00:00+00:00,0.1428
2023-02-06 00:00:00+00:00,1.0648
2023-02-07 00:00:00+00:00,0.7691
2023-02-08 00:00:00+00:00,1.0572
2023-02-09 00:00:00+00:00,1.0666
2023-02-10 00:00:00+00:00,0.5101
2023-02-11 00:00:00+00:00,0.4798
2023-02-12 00:00:00+00:00,-1.7573
2023-02-13 00:00:00+00:00,0.7041
2023-02-14 00:00:00+00:00,0.4498
2023-02-15 00:00:00+00:00,0.9453
2023-02-16 00:00:00+00:00,1.13
2023-02-17 00:00:00+00:00,0.0582
2023-02-18 00:00:00+00:00,0.3555
2023-02-19 00:00:00+00:00,-2.7598
2023-02-20 00:00:00+00:00,0.5645
2023-02-21 00:00:00+00:00,0.6795
2023-02-22 00:00:00+00:00,0.129
2023-02-23 00:00:00+00:00,-0.4672
2023-02-24 00:00:00+00:00,1.0362
2023-02-25 00:00:00+00:00,1.8943
2023-02-26 00:00:00+00:00,0.1348
2023-02-27 00:00:00+00:00,1.7873
2023-02-28 00:00:00+00:00,0.7958
2023-03-01 00:00:00+00:00,1.4033
2023-03-02 00:00:00+00:00,0.3142
2023-03-03 00:00:00+00:00,1.0322
2023-03-04 00:00:00+00:00,1.8591
2023-03-05 00:00:00+00:00,1.0427
2023-03-06 00:00:00+00:00,1.5419
2023-03-07 00:00:00+00:00,0.3943
2023-03-08 00:00:00+00:00,0.1672
2023-03-09 00:00:00+00:00,1.0111
2023-03-10 00:00:00+00:00,0.3905
2023-03-11 00:00:00+00:00,-0.2749
2023-03-12 00:00:00+00:00,0.3903
2023-03-13 00:00:00+00:00,1.1766
2023-03-14 00:00:00+00:00,0.6124
2023-03-15 00:00:00+00:00,0.3401
2023-03-16 00:00:00+00:00,1.1492
2023-03-17 00:00:00+00:00,0.0888
2023-03-18 00:00:00+00:00,1.183
2023-03-19 00:00:00+00:00,0.7543
2023-03-20 00:00:00+00:00,0.8589
2023-03-21 00:00:00+00:00,1.0449
2023-03-22 00:00:00+00:00,1.0125
2023-03-24 00:00:00+00:00,0.8313
2023-03-25 00:00:00+00:00,1.6499
2023-03-26 00:00:00+00:00,1.7668
2023-03-27 00:00:00+00:00,0.2578
2023-03-28 00:00:00+00:00,1.0569
2023-03-29 00:00:00+00:00,1.1971
2023-03-30 00:00:00+00:00,1.687
2023-03-31 00:00:00+00:00,0.6486
2023-04-01 00:00:00+00:00,1.0848
2023-04-02 00:00:00+00:00,1.6999
2023-04-03 00:00:00+00:00,1.075
2023-04-04 00:00:00+00:00,1.6218
2023-04-05 00:00:00+00:00,0.7745
2023-04-06 00:00:00+00:00,0.4286
2023-04-07 00:00:00+00:00,2.2923
2023-04-08 00:00:00+00:00,3.2578
2023-04-09 00:00:00+00:00,1.478
2023-04-10 00:00:00+00:00,1.4771
2023-04-11 00:00:00+00:00,1.604
2023-04-12 00:00:00+00:00,0.7845
2023-04-13 00:00:00+00:00,1.9954
2023-04-14 00:00:00+00:00,2.2299
2023-04-15 00:00:00+00:00,2.023
2023-04-16 00:00:00+00:00,0.2382
2023-04-17 00:00:00+00:00,1.6349
2023-04-18 00:00:00+00:00,2.3834
2023-04-19 00:00:00+00:00,2.2394
2023-04-20 00:00:00+00:00,-2.904
2023-04-21 00:00:00+00:00,-3.9509
2023-04-22 00:00:00+00:00,-0.2866
2023-04-23 00:00:00+00:00,0.9825
2023-04-24 00:00:00+00:00,1.6098
2023-04-25 00:00:00+00:00,1.2079
2023-04-26 00:00:00+00:00,1.1228
2023-04-27 00:00:00+00:00,1.8603
2023-04-28 00:00:00+00:00,0.8712
2023-04-29 00:00:00+00:00,1.3185
2023-04-30 00:00:00+00:00,2.773
2023-05-01 00:00:00+00:00,1.388
2023-05-02 00:00:00+00:00,1.0013
2023-05-03 00:00:00+00:00,1.2686
2023-05-04 00:00:00+00:00,1.3606
2023-05-05 00:00:00+00:00,0.9213
2023-05-06 00:00:00+00:00,3.9849
2023-05-07 00:00:00+00:00,4.3014
2023-05-08 00:00:00+00:00,1.7164
2023-05-09 00:00:00+00:00,1.1905
2023-05-10 00:00:00+00:00,1.4158
2023-05-11 00:00:00+00:00,0.8747
2023-05-12 00:00:00+00:00,0.2532
2023-05-13 00:00:00+00:00,1.5762
2023-05-14 00:00:00+00:00,1.4116
2023-05-15 00:00:00+00:00,0.759
2023-05-16 00:00:00+00:00,0.9824
2023-05-17 00:00:00+00:00,0.892
2023-05-18 00:00:00+00:00,1.4567
2023-05-19 00:00:00+00:00,-0.8938
2023-05-20 00:00:00+00:00,0.015
2023-05-21 00:00:00+00:00,0.6463
2023-05-22 00:00:00+00:00,0.4974
2023-05-23 00:00:00+00:00,0.5726
2023-05-24 00:00:00+00:00,0.4507
2023-05-25 00:00:00+00:00,1.0625
2023-05-26 00:00:00+00:00,1.2667
2023-05-27 00:00:00+00:00,1.4451
2023-05-28 00:00:00+00:00,1.7269
2023-05-29 00:00:00+00:00,1.5971
2023-05-30 00:00:00+00:00,0.7744
2023-05-31 00:00:00+00:00,1.2015
2023-06-01 00:00:00+00:00,1.9565
2023-06-02 00:00:00+00:00,1.5282
2023-06-03 00:00:00+00:00,1.4652
2023-06-04 00:00:00+00:00,1.9387
2023-06-05 00:00:00+00:00,1.066
2023-06-06 00:00:00+00:00,1.9145
2023-06-07 00:00:00+00:00,2.3446
2023-06-08 00:00:00+00:00,1.1833
2023-06-09 00:00:00+00:00,1.5862
2023-06-10 00:00:00+00:00,1.2387
2023-06-11 00:00:00+00:00,3.0193
2023-06-12 00:00:00+00:00,1.305
2023-06-13 00:00:00+00:00,1.7983
2023-06-14 00:00:00+00:00,0.8401
2023-06-15 00:00:00+00:00,1.3282
2023-06-16 00:00:00+00:00,2.0246
2023-06-17 00:00:00+00:00,3.497
2023-06-18 00:00:00+00:00,2.6333
2023-06-19 00:00:00+00:00,1.4721
2023-06-20 00:00:00+00:00,0.9527
2023-06-21 00:00:00+00:00,1.5398
2023-06-22 00:00:00+00:00,1.3616
2023-06-23 00:00:00+00:00,0.4736
2023-06-24 00:00:00+00:00,1.675
2023-06-25 00:00:00+00:00,1.651
2023-06-26 00:00:00+00:00,0.8646
2023-06-27 00:00:00+00:00,1.892
2023-06-28 00:00:00+00:00,1.2383
2023-06-29 00:00:00+00:00,1.1673
2023-06-30 00:00:00+00:00,2.2191
2023-07-01 00:00:00+00:00,1.3974
2023-07-02 00:00:00+00:00,0.541
2023-07-03 00:00:00+00:00,1.4331
2023-07-04 00:00:00+00:00,2.4142
2023-07-05 00:00:00+00:00,1.452
2023-07-06 00:00:00+00:00,-0.246
2023-07-07 00:00:00+00:00,0.0173
2023-07-08 00:00:00+00:00,1.2806
2023-07-09 00:00:00+00:00,2.5805
2023-07-10 00:00:00+00:00,1.5282
2023-07-11 00:00:00+00:00,1.4652
2023-07-12 00:00:00+00:00,2.356
2023-07-13 00:00:00+00:00,1.5789
2023-07-14 00:00:00+00:00,0.3772
2023-07-15 00:00:00+00:00,1.5525
2023-07-16 00:00:00+00:00,0.3454
2023-07-17 00:00:00+00:00,1.7509
2023-07-18 00:00:00+00:00,1.5226
2023-07-19 00:00:00+00:00,2.2739
2023-07-20 00:00:00+00:00,1.9014
2023-07-21 00:00:00+00:00,1.8564
2023-07-22 00:00:00+00:00,1.6377
2023-07-23 00:00:00+00:00,2.822
2023-07-24 00:00:00+00:00,1.8668
2023-07-25 00:00:00+00:00,1.7322
2023-07-26 00:00:00+00:00,1.3926
2023-07-27 00:00:00+00:00,0.6911
2023-07-28 00:00:00+00:00,0.1729
2023-07-29 00:00:00+00:00,3.3011
2023-07-30 00:00:00+00:00,2.1699
2023-07-31 00:00:00+00:00,2.2373
2023-08-01 00:00:00+00:00,1.3254
2023-08-02 00:00:00+00:00,1.468
2023-08-03 00:00:00+00:00,1.352
2023-08-04 00:00:00+00:00,1.3754
2023-08-05 00:00:00+00:00,2.6793
2023-08-06 00:00:00+00:00,2.0229
2023-08-07 00:00:00+00:00,1.7936
2023-08-08 00:00:00+00:00,0.5159
2023-08-09 00:00:00+00:00,0.8119
2023-08-10 00:00:00+00:00,0.8757
2023-08-11 00:00:00+00:00,1.8163
2023-08-12 00:00:00+00:00,1.663
2023-08-13 00:00:00+00:00,1.97
2023-08-14 00:00:00+00:00,1.2444
2023-08-15 00:00:00+00:00,1.3776
2023-08-16 00:00:00+00:00,1.0559
2023-08-17 00:00:00+00:00,0.5506
2023-08-18 00:00:00+00:00,0.8775
2023-08-19 00:00:00+00:00,2.7763
2023-08-20 00:00:00+00:00,1.8921
2023-08-21 00:00:00+00:00,1.1945
2023-08-22 00:00:00+00:00,1.6741
2023-08-23 00:00:00+00:00,1.1533
2023-08-24 00:00:00+00:00,1.4733
2023-08-25 00:00:00+00:00,1.2163
2023-08-26 00:00:00+00:00,1.2945
2023-08-27 00:00:00+00:00,1.9544
2023-08-28 00:00:00+00:00,1.5982
2023-08-29 00:00:00+00:00,1.5164
2023-08-30 00:00:00+00:00,1.4387
2023-08-31 00:00:00+00:00,0.839
2023-09-01 00:00:00+00:00,0.6083
2023-09-02 00:00:00+00:00,2.1077
2023-09-03 00:00:00+00:00,3.2285
2023-09-04 00:00:00+00:00,2.2252
2023-09-05 00:00:00+00:00,1.0363
2023-09-06 00:00:00+00:00,0.7307
2023-09-07 00:00:00+00:00,1.6053
2023-09-08 00:00:00+00:00,1.197
2023-09-09 00:00:00+00:00,2.7482
2023-09-10 00:00:00+00:00,2.7984
2023-09-11 00:00:00+00:00,1.9591
2023-09-12 00:00:00+00:00,1.8431
2023-09-13 00:00:00+00:00,0.4663
2023-09-14 00:00:00+00:00,1.1405
2023-09-15 00:00:00+00:00,0.2478
2023-09-16 00:00:00+00:00,1.9268
2023-09-17 00:00:00+00:00,1.5069
2023-09-18 00:00:00+00:00,1.0854
2023-09-19 00:00:00+00:00,1.196
2023-09-20 00:00:00+00:00,1.4238
2023-09-21 00:00:00+00:00,1.0011
2023-09-22 00:00:00+00:00,0.9319
2023-09-23 00:00:00+00:00,-1.3794
2023-09-24 00:00:00+00:00,-0.5237
2023-09-25 00:00:00+00:00,0.5172
2023-09-26 00:00:00+00:00,0.4508
2023-09-27 00:00:00+00:00,1.1
2023-09-28 00:00:00+00:00,1.5492
2023-09-29 00:00:00+00:00,1.0357
2023-09-30 00:00:00+00:00,3.8131
2023-10-01 00:00:00+00:00,3.1375
2023-10-02 00:00:00+00:00,2.0939
2023-10-03 00:00:00+00:00,1.7105
2023-10-04 00:00:00+00:00,0.6261
2023-10-05 00:00:00+00:00,1.9182
2023-10-06 00:00:00+00:00,1.8503
2023-10-07 00:00:00+00:00,1.5792
2023-10-08 00:00:00+00:00,0.0635
2023-10-09 00:00:00+00:00,-0.8051
2023-10-10 00:00:00+00:00,0.5693
2023-10-11 00:00:00+00:00,0.7844
2023-10-12 00:00:00+00:00,1.1482
2023-10-13 00:00:00+00:00,0.7355
2023-10-14 00:00:00+00:00,1.6565
2023-10-15 00:00:00+00:00,-1.4469
2023-10-16 00:00:00+00:00,0.8834
2023-10-17 00:00:00+00:00,1.6041
2023-10-18 00:00:00+00:00,0.9396
2023-10-19 00:00:00+00:00,0.8556
2023-10-20 00:00:00+00:00,-0.2063
2023-10-21 00:00:00+00:00,0.1328
2023-10-22 00:00:00+00:00,0.2704
2023-10-23 00:00:00+00:00,-0.2148
2023-10-24 00:00:00+00:00,0.2586
2023-10-25 00:00:00+00:00,1.366
2023-10-26 00:00:00+00:00,1.7027
2023-10-27 00:00:00+00:00,0.914
2023-10-28 00:00:00+00:00,0.8876
2023-10-29 00:00:00+00:00,0.1632
2023-10-30 00:00:00+00:00,0.0945
2023-10-31 00:00:00+00:00,1.3513
2023-11-01 00:00:00+00:00,1.0669
2023-11-02 00:00:00+00:00,1.552
2023-11-03 00:00:00+00:00,2.3379
2023-11-04 00:00:00+00:00,0.5428
2023-11-05 00:00:00+00:00,2.6361
2023-11-06 00:00:00+00:00,1.5631
2023-11-07 00:00:00+00:00,-0.9908
2023-11-08 00:00:00+00:00,1.5354
2023-11-09 00:00:00+00:00,1.3512
2023-11-10 00:00:00+00:00,2.0354
2023-11-11 00:00:00+00:00,1.6408
2023-11-12 00:00:00+00:00,1.8479
2023-11-13 00:00:00+00:00,1.6629
2023-11-14 00:00:00+00:00,1.3442
2023-11-15 00:00:00+00:00,1.9253
2023-11-16 00:00:00+00:00,1.6714
2023-11-17 00:00:00+00:00,1.4952
2023-11-18 00:00:00+00:00,2.4008
2023-11-19 00:00:00+00:00,2.9067
2023-11-20 00:00:00+00:00,-1.3074
2023-11-21 00:00:00+00:00,0.5531
2023-11-22 00:00:00+00:00,1.48
2023-11-23 00:00:00+00:00,1.4632
2023-11-24 00:00:00+00:00,1.7986
2023-11-25 00:00:00+00:00,3.2685
2023-11-26 00:00:00+00:00,0.5352
2023-11-27 00:00:00+00:00,1.342
2023-11-28 00:00:00+00:00,1.8592
2023-11-29 00:00:00+00:00,1.4719
2023-11-30 00:00:00+00:00,0.9109
2023-12-01 00:00:00+00:00,1.7192
2023-12-02 00:00:00+00:00,2.5858
2023-12-03 00:00:00+00:00,2.9413
2023-12-04 00:00:00+00:00,1.0375
2023-12-05 00:00:00+00:00,0.6999
2023-12-06 00:00:00+00:00,1.3356
2023-12-07 00:00:00+00:00,1.4212
2023-12-08 00:00:00+00:00,1.9963
2023-12-09 00:00:00+00:00,-1.0221
2023-12-10 00:00:00+00:00,-0.0489
2023-12-11 00:00:00+00:00,1.2648
2023-12-12 00:00:00+00:00,1.3065
2023-12-13 00:00:00+00:00,1.5768
2023-12-14 00:00:00+00:00,1.3498
2023-12-15 00:00:00+00:00,0.4266
2023-12-16 00:00:00+00:00,2.3345
2023-12-17 00:00:00+00:00,0.6268
2023-12-18 00:00:00+00:00,2.3774
2023-12-19 00:00:00+00:00,1.2249
2023-12-20 00:00:00+00:00,1.3218
2023-12-21 00:00:00+00:00,0.621
2023-12-22 00:00:00+00:00,1.9562
2023-12-23 00:00:00+00:00,2.9726
2023-12-24 00:00:00+00:00,2.1025
2023-12-25 00:00:00+00:00,2.4897
2023-12-26 00:00:00+00:00,1.8963
2023-12-27 00:00:00+00:00,1.8027
2023-12-28 00:00:00+00:00,1.0511
2023-12-29 00:00:00+00:00,1.0924
2023-12-30 00:00:00+00:00,1.6718
2023-12-31 00:00:00+00:00,1.4084
2024-01-01 00:00:00+00:00,2.5968
2024-01-02 00:00:00+00:00,2.0828
2024-01-03 00:00:00+00:00,0.3779
2024-01-04 00:00:00+00:00,1.6303
2024-01-05 00:00:00+00:00,1.4317
2024-01-06 00:00:00+00:00,1.5969
2024-01-07 00:00:00+00:00,2.6895
2024-01-08 00:00:00+00:00,1.5213
2024-01-09 00:00:00+00:00,2.1812
2024-01-10 00:00:00+00:00,1.2374
2024-01-11 00:00:00+00:00,1.6886
2024-01-12 00:00:00+00:00,1.3752
2024-01-13 00:00:00+00:00,3.0906
2024-01-14 00:00:00+00:00,1.3812
2024-01-15 00:00:00+00:00,1.6508
2024-01-16 00:00:00+00:00,1.0916
2024-01-17 00:00:00+00:00,0.2333
2024-01-18 00:00:00+00:00,1.1982
2024-01-19 00:00:00+00:00,1.1835
2024-01-20 00:00:00+00:00,-0.4251
2024-01-21 00:00:00+00:00,0.3627
2024-01-22 00:00:00+00:00,1.4714
2024-01-23 00:00:00+00:00,1.8666
2024-01-24 00:00:00+00:00,2.5587
2024-01-25 00:00:00+00:00,1.7183
2024-01-26 00:00:00+00:00,1.1561
2024-01-27 00:00:00+00:00,1.1482
2024-01-28 00:00:00+00:00,3.7125
2024-01-29 00:00:00+00:00,1.5107
2024-01-30 00:00:00+00:00,1.5629
2024-01-31 00:00:00+00:00,2.2183
2024-02-01 00:00:00+00:00,2.041
2024-02-02 00:00:00+00:00,1.547
2024-02-03 00:00:00+00:00,1.9964
2024-02-04 00:00:00+00:00,2.6052
2024-02-05 00:00:00+00:00,1.8126
2024-02-06 00:00:00+00:00,1.3735
2024-02-07 00:00:00+00:00,1.6527
2024-02-08 00:00:00+00:00,1.2039
2024-02-09 00:00:00+00:00,1.5914
2024-02-10 00:00:00+00:00,2.0254
2024-02-11 00:00:00+00:00,1.4594
2024-02-12 00:00:00+00:00,2.2241
2024-02-13 00:00:00+00:00,1.4055
2024-02-14 00:00:00+00:00,1.0249
2024-02-15 00:00:00+00:00,0.6714
2024-02-16 00:00:00+00:00,0.3633
2024-02-17 00:00:00+00:00,1.2498
2024-02-18 00:00:00+00:00,3.2742
2024-02-19 00:00:00+00:00,2.4705
2024-02-20 00:00:00+00:00,1.156
2024-02-21 00:00:00+00:00,1.6363
2024-02-22 00:00:00+00:00,1.6199
2024-02-23 00:00:00+00:00,0.7906
2024-02-24 00:00:00+00:00,3.0305
2024-02-25 00:00:00+00:00,2.5356
2024-02-26 00:00:00+00:00,1.5358
2024-02-27 00:00:00+00:00,1.9527
2024-02-28 00:00:00+00:00,1.2513
2024-02-29 00:00:00+00:00,1.2498
2024-03-01 00:00:00+00:00,1.2214
2024-03-02 00:00:00+00:00,3.1051
2024-03-03 00:00:00+00:00,2.1397
2024-03-04 00:00:00+00:00,1.3413
2024-03-05 00:00:00+00:00,0.8798
2024-03-06 00:00:00+00:00,-0.1036
2024-03-07 00:00:00+00:00,1.9342
2024-03-08 00:00:00+00:00,1.3674
2024-03-09 00:00:00+00:00,1.6614
2024-03-10 00:00:00+00:00,1.4333
2024-03-11 00:00:00+00:00,1.6188
2024-03-12 00:00:00+00:00,0.5263
2024-03-13 00:00:00+00:00,1.2314
2024-03-14 00:00:00+00:00,1.6967
2024-03-15 00:00:00+00:00,0.8063
2024-03-16 00:00:00+00:00,2.877
2024-03-17 00:00:00+00:00,1.8811
2024-03-18 00:00:00+00:00,2.6488
2024-03-19 00:00:00+00:00,-0.6081
2024-03-20 00:00:00+00:00,1.1216
2024-03-21 00:00:00+00:00,1.6849
2024-03-22 00:00:00+00:00,0.9692
2024-03-23 00:00:00+00:00,3.3722
2024-03-24 00:00:00+00:00,3.4032
2024-03-25 00:00:00+00:00,2.3408
2024-03-26 00:00:00+00:00,1.2019
2024-03-27 00:00:00+00:00,1.9056
2024-03-28 00:00:00+00:00,1.9308
2024-03-29 00:00:00+00:00,1.2613
2024-03-30 00:00:00+00:00,3.1842
2024-03-31 00:00:00+00:00,3.6987
2024-04-01 00:00:00+00:00,1.6118
2024-04-02 00:00:00+00:00,0.5845
2024-04-03 00:00:00+00:00,0.9517
2024-04-04 00:00:00+00:00,1.3654
2024-04-05 00:00:00+00:00,1.1153
2024-04-06 00:00:00+00:00,1.4143
2024-04-07 00:00:00+00:00,1.7869
2024-04-08 00:00:00+00:00,1.2218
2024-04-09 00:00:00+00:00,1.0778
2024-04-10 00:00:00+00:00,1.5894
2024-04-11 00:00:00+00:00,2.3297
2024-04-12 00:00:00+00:00,1.312
2024-04-13 00:00:00+00:00,1.0405
2024-04-14 00:00:00+00:00,1.8859
2024-04-15 00:00:00+00:00,-0.8264
2024-04-16 00:00:00+00:00,1.1226
2024-04-17 00:00:00+00:00,1.1595
2024-04-18 00:00:00+00:00,1.4345
2024-04-19 00:00:00+00:00,-0.6138
2024-04-20 00:00:00+00:00,1.1765
2024-04-21 00:00:00+00:00,1.864
2024-04-22 00:00:00+00:00,1.5352
2024-04-23 00:00:00+00:00,1.1857
2024-04-24 00:00:00+00:00,1.21
2024-04-25 00:00:00+00:00,1.6491
2024-04-26 00:00:00+00:00,1.0386
2024-04-27 00:00:00+00:00,2.1242
2024-04-28 00:00:00+00:00,3.0689
2024-04-29 00:00:00+00:00,2.3489
2024-04-30 00:00:00+00:00,1.7058
2024-05-01 00:00:00+00:00,2.3402
2024-05-02 00:00:00+00:00,3.0075
2024-05-03 00:00:00+00:00,0.5897
2024-05-04 00:00:00+00:00,1.5351
2024-05-05 00:00:00+00:00,4.6019
2024-05-06 00:00:00+00:00,1.2193
2024-05-07 00:00:00+00:00,2.4193
2024-05-08 00:00:00+00:00,2.043
2024-05-09 00:00:00+00:00,1.6707
2024-05-10 00:00:00+00:00,1.1906
2024-05-11 00:00:00+00:00,2.414
2024-05-12 00:00:00+00:00,2.7672
2024-05-13 00:00:00+00:00,0.9806
2024-05-14 00:00:00+00:00,1.318
2024-05-15 00:00:00+00:00,1.3285
2024-05-16 00:00:00+00:00,1.7739
2024-05-17 00:00:00+00:00,1.4885
2024-05-18 00:00:00+00:00,2.4802
2024-05-19 00:00:00+00:00,2.5495
2024-05-20 00:00:00+00:00,0.9353
2024-05-21 00:00:00+00:00,1.9082
2024-05-22 00:00:00+00:00,2.1058
2024-05-23 00:00:00+00:00,1.2809
2024-05-24 00:00:00+00:00,1.0188
2024-05-25 00:00:00+00:00,2.2395
2024-05-26 00:00:00+00:00,2.208
2024-05-27 00:00:00+00:00,1.7653
2024-05-28 00:00:00+00:00,1.7121
2024-05-29 00:00:00+00:00,2.3085
2024-05-30 00:00:00+00:00,1.0433
2024-05-31 00:00:00+00:00,1.4549
2024-06-01 00:00:00+00:00,3.0888
2024-06-02 00:00:00+00:00,0.7212
2024-06-03 00:00:00+00:00,0.8763
2024-06-04 00:00:00+00:00,0.5567
2024-06-05 00:00:00+00:00,2.1865
2024-06-06 00:00:00+00:00,2.2024
2024-06-07 00:00:00+00:00,1.3128
2024-06-08 00:00:00+00:00,0.744
2024-06-09 00:00:00+00:00,3.2559
2024-06-10 00:00:00+00:00,1.7035
2024-06-11 00:00:00+00:00,1.6318
2024-06-12 00:00:00+00:00,1.6932
2024-06-13 00:00:00+00:00,2.0526
2024-06-14 00:00:00+00:00,1.4987
2024-06-15 00:00:00+00:00,2.8495
2024-06-16 00:00:00+00:00,3.9522
2024-06-17 00:00:00+00:00,1.8327
2024-06-18 00:00:00+00:00,1.8999
2024-06-19 00:00:00+00:00,2.545
2024-06-20 00:00:00+00:00,1.6179
2024-06-21 00:00:00+00:00,2.066
2024-06-22 00:00:00+00:00,2.895
2024-06-23 00:00:00+00:00,4.9178
2024-06-24 00:00:00+00:00,2.6686
2024-06-25 00:00:00+00:00,1.7922
2024-06-26 00:00:00+00:00,1.1118
2024-06-27 00:00:00+00:00,1.5787
2024-06-28 00:00:00+00:00,2.0624
2024-06-29 00:00:00+00:00,2.1988
2024-06-30 00:00:00+00:00,3.0497
2024-07-01 00:00:00+00:00,1.8208
2024-07-02 00:00:00+00:00,1.853
2024-07-03 00:00:00+00:00,2.0059
2024-07-04 00:00:00+00:00,2.72
2024-07-05 00:00:00+00:00,1.509
2024-07-06 00:00:00+00:00,3.1358
2024-07-07 00:00:00+00:00,2.8347
2024-07-08 00:00:00+00:00,0.8125
2024-07-09 00:00:00+00:00,0.0254
2024-07-10 00:00:00+00:00,-1.5339
2024-07-11 00:00:00+00:00,2.6499
2024-07-12 00:00:00+00:00,1.8727
2024-07-13 00:00:00+00:00,2.9165
2024-07-14 00:00:00+00:00,3.8001
2024-07-15 00:00:00+00:00,2.4179
2024-07-16 00:00:00+00:00,1.9462
2024-07-17 00:00:00+00:00,1.1758
2024-07-18 00:00:00+00:00,2.0443
2024-07-19 00:00:00+00:00,1.0567
2024-07-20 00:00:00+00:00,2.9512
2024-07-21 00:00:00+00:00,2.9535
2024-07-22 00:00:00+00:00,1.1253
2024-07-23 00:00:00+00:00,1.4528
2024-07-24 00:00:00+00:00,1.6867
2024-07-25 00:00:00+00:00,1.2631
2024-07-26 00:00:00+00:00,1.4604
2024-07-27 00:00:00+00:00,2.9605
2024-07-28 00:00:00+00:00,1.647
2024-07-29 00:00:00+00:00,2.6469
2024-07-30 00:00:00+00:00,1.2401
2024-07-31 00:00:00+00:00,1.7554
2024-08-01 00:00:00+00:00,1.2525
2024-08-02 00:00:00+00:00,0.8809
2024-08-03 00:00:00+00:00,1.0378
2024-08-04 00:00:00+00:00,3.5487
2024-08-05 00:00:00+00:00,0.2106
2024-08-06 00:00:00+00:00,0.4611
2024-08-07 00:00:00+00:00,1.0413
2024-08-08 00:00:00+00:00,0.6001
2024-08-09 00:00:00+00:00,1.3974
2024-08-10 00:00:00+00:00,3.2136
2024-08-11 00:00:00+00:00,4.7479
2024-08-12 00:00:00+00:00,1.8269
2024-08-13 00:00:00+00:00,1.4602
2024-08-14 00:00:00+00:00,1.7545
2024-08-15 00:00:00+00:00,1.8811
2024-08-16 00:00:00+00:00,0.9524
2024-08-17 00:00:00+00:00,2.1253
2024-08-18 00:00:00+00:00,1.367
2024-08-19 00:00:00+00:00,1.6983
2024-08-20 00:00:00+00:00,1.7018
2024-08-21 00:00:00+00:00,0.8809
2024-08-22 00:00:00+00:00,1.1603
2024-08-23 00:00:00+00:00,1.1842
2024-08-24 00:00:00+00:00,3.0677
2024-08-25 00:00:00+00:00,2.9961
2024-08-26 00:00:00+00:00,1.6294
2024-08-27 00:00:00+00:00,1.6729
2024-08-28 00:00:00+00:00,2.2106
2024-08-29 00:00:00+00:00,1.9744
2024-08-30 00:00:00+00:00,1.6346
2024-08-31 00:00:00+00:00,1.7346
2024-09-01 00:00:00+00:00,2.2849
2024-09-02 00:00:00+00:00,1.5854
2024-09-03 00:00:00+00:00,1.3387
2024-09-04 00:00:00+00:00,0.2459
2024-09-05 00:00:00+00:00,2.0492
2024-09-06 00:00:00+00:00,1.6219
2024-09-07 00:00:00+00:00,0.8269
2024-09-08 00:00:00+00:00,3.1053
2024-09-09 00:00:00+00:00,1.8789
2024-09-10 00:00:00+00:00,1.8853
2024-09-11 00:00:00+00:00,1.0248
2024-09-12 00:00:00+00:00,0.4058
2024-09-13 00:00:00+00:00,2.1561
2024-09-14 00:00:00+00:00,3.1753
2024-09-15 00:00:00+00:00,2.5109
2024-09-16 00:00:00+00:00,1.5607
2024-09-17 00:00:00+00:00,0.8784
2024-09-18 00:00:00+00:00,0.8703
2024-09-19 00:00:00+00:00,0.8305
2024-09-20 00:00:00+00:00,1.4067
2024-09-21 00:00:00+00:00,1.9611
2024-09-22 00:00:00+00:00,3.2158
2024-09-23 00:00:00+00:00,1.8945
2024-09-24 00:00:00+00:00,1.1748
2024-09-25 00:00:00+00:00,2.2091
2024-09-26 00:00:00+00:00,2.1499
2024-09-27 00:00:00+00:00,1.4193
2024-09-28 00:00:00+00:00,0.9206
2024-09-29 00:00:00+00:00,-0.4311
2024-09-30 00:00:00+00:00,0.3325
2024-10-01 00:00:00+00:00,1.176
2024-10-02 00:00:00+00:00,0.965
2024-10-03 00:00:00+00:00,0.838
2024-10-04 00:00:00+00:00,1.1955
2024-10-05 00:00:00+00:00,1.1292
2024-10-06 00:00:00+00:00,3.5152
2024-10-07 00:00:00+00:00,1.8489
2024-10-08 00:00:00+00:00,0.8221
2024-10-09 00:00:00+00:00,1.1037
2024-10-10 00:00:00+00:00,0.8135
2024-10-11 00:00:00+00:00,1.489
2024-10-12 00:00:00+00:00,2.0205
2024-10-13 00:00:00+00:00,3.2027
2024-10-14 00:00:00+00:00,1.8062
2024-10-15 00:00:00+00:00,2.7006
2024-10-16 00:00:00+00:00,2.4629
2024-10-17 00:00:00+00:00,2.1898
2024-10-18 00:00:00+00:00,1.6949
2024-10-19 00:00:00+00:00,2.4889
2024-10-20 00:00:00+00:00,2.0748
2024-10-21 00:00:00+00:00,1.4684
2024-10-22 00:00:00+00:00,1.4178
2024-10-23 00:00:00+00:00,0.6657
2024-10-24 00:00:00+00:00,2.1785
2024-10-25 00:00:00+00:00,1.822
2024-10-26 00:00:00+00:00,3.5235
2024-10-27 00:00:00+00:00,3.5344
2024-10-28 00:00:00+00:00,2.6881
2024-10-29 00:00:00+00:00,2.7296
2024-10-30 00:00:00+00:00,2.2145
2024-10-31 00:00:00+00:00,1.8186
2024-11-01 00:00:00+00:00,0.5829
2024-11-02 00:00:00+00:00,0.875
2024-11-03 00:00:00+00:00,1.2665
2024-11-04 00:00:00+00:00,1.5712
2024-11-05 00:00:00+00:00,2.1091
2024-11-06 00:00:00+00:00,1.2197
2024-11-07 00:00:00+00:00,1.0027
2024-11-08 00:00:00+00:00,1.6676
2024-11-09 00:00:00+00:00,2.9473
2024-11-10 00:00:00+00:00,2.5977
2024-11-11 00:00:00+00:00,1.2871
2024-11-12 00:00:00+00:00,1.4705
2024-11-13 00:00:00+00:00,2.4615
2024-11-14 00:00:00+00:00,1.4697
2024-11-15 00:00:00+00:00,0.988
2024-11-16 00:00:00+00:00,2.9008
2024-11-17 00:00:00+00:00,1.8672
2024-11-18 00:00:00+00:00,1.3415
2024-11-19 00:00:00+00:00,1.174
2024-11-20 00:00:00+00:00,1.9647
2024-11-21 00:00:00+00:00,1.4451
2024-11-22 00:00:00+00:00,1.8155
2024-11-23 00:00:00+00:00,3.0513
2024-11-24 00:00:00+00:00,1.346
2024-11-25 00:00:00+00:00,1.4309
2024-11-26 00:00:00+00:00,1.0416
2024-11-27 00:00:00+00:00,0.8795
2024-11-28 00:00:00+00:00,0.702
2024-11-29 00:00:00+00:00,1.2528
2024-11-30 00:00:00+00:00,3.5702
2024-12-01 00:00:00+00:00,2.3571
2024-12-02 00:00:00+00:00,1.4305
2024-12-03 00:00:00+00:00,2.1257
2024-12-04 00:00:00+00:00,0.4437
2024-12-05 00:00:00+00:00,1.7376
2024-12-06 00:00:00+00:00,1.4869
2024-12-07 00:00:00+00:00,2.596
2024-12-08 00:00:00+00:00,2.025
2024-12-09 00:00:00+00:00,1.5871
2024-12-10 00:00:00+00:00,1.7048
2024-12-11 00:00:00+00:00,2.0688
2024-12-12 00:00:00+00:00,2.3098
2024-12-13 00:00:00+00:00,1.6896
2024-12-14 00:00:00+00:00,1.8238
2024-12-15 00:00:00+00:00,2.8212
2024-12-16 00:00:00+00:00,0.5648
2024-12-17 00:00:00+00:00,1.3046
2024-12-18 00:00:00+00:00,1.3042
2024-12-19 00:00:00+00:00,0.6887
2024-12-20 00:00:00+00:00,0.6965
2024-12-21 00:00:00+00:00,2.9403
2024-12-22 00:00:00+00:00,0.9823
2024-12-23 00:00:00+00:00,1.6977
2024-12-24 00:00:00+00:00,1.6489
2024-12-25 00:00:00+00:00,1.6055
2024-12-26 00:00:00+00:00,1.8241
2024-12-27 00:00:00+00:00,0.0588
2024-12-28 00:00:00+00:00,2.6989
2024-12-29 00:00:00+00:00,2.7029
2024-12-30 00:00:00+00:00,1.041
2024-12-31 00:00:00+00:00,1.1147
2025-01-01 00:00:00+00:00,1.608
2025-01-02 00:00:00+00:00,1.4434
2025-01-03 00:00:00+00:00,1.6569
2025-01-04 00:00:00+00:00,2.6347
2025-01-05 00:00:00+00:00,1.9798
2025-01-06 00:00:00+00:00,1.8147
2025-01-07 00:00:00+00:00,1.1905
2025-01-08 00:00:00+00:00,0.8402
2025-01-09 00:00:00+00:00,2.0308
2025-01-10 00:00:00+00:00,2.0114
2025-01-11 00:00:00+00:00,2.0899
2025-01-12 00:00:00+00:00,4.7605
2025-01-13 00:00:00+00:00,1.3909
2025-01-14 00:00:00+00:00,1.3991
2025-01-15 00:00:00+00:00,2.0943
2025-01-16 00:00:00+00:00,2.127
2025-01-17 00:00:00+00:00,2.1866
2025-01-18 00:00:00+00:00,1.5552
2025-01-19 00:00:00+00:00,2.9765
2025-01-20 00:00:00+00:00,2.4042
2025-01-21 00:00:00+00:00,1.8007
2025-01-22 00:00:00+00:00,2.6824
2025-01-23 00:00:00+00:00,1.5941
2025-01-24 00:00:00+00:00,1.7968
2025-01-25 00:00:00+00:00,1.8085
2025-01-26 00:00:00+00:00,1.7342
2025-01-27 00:00:00+00:00,1.3153
2025-01-28 00:00:00+00:00,1.7034
2025-01-29 00:00:00+00:00,2.1289
2025-01-30 00:00:00+00:00,1.1258
2025-01-31 00:00:00+00:00,1.4533
2025-02-01 00:00:00+00:00,1.0266
2025-02-02 00:00:00+00:00,3.7061
2025-02-03 00:00:00+00:00,0.7755
2025-02-04 00:00:00+00:00,1.677
2025-02-05 00:00:00+00:00,1.4975
2025-02-06 00:00:00+00:00,1.4124
2025-02-07 00:00:00+00:00,1.9526
2025-02-08 00:00:00+00:00,2.504
2025-02-09 00:00:00+00:00,1.0264
2025-02-10 00:00:00+00:00,1.1191
2025-02-11 00:00:00+00:00,0.93
2025-02-12 00:00:00+00:00,1.3991
2025-02-13 00:00:00+00:00,1.4633
2025-02-14 00:00:00+00:00,1.2853
2025-02-15 00:00:00+00:00,1.7538
2025-02-16 00:00:00+00:00,1.691
2025-02-17 00:00:00+00:00,1.508
2025-02-18 00:00:00+00:00,1.8103
2025-02-19 00:00:00+00:00,1.7002
2025-02-20 00:00:00+00:00,1.8165
2025-02-21 00:00:00+00:00,2.5573
2025-02-22 00:00:00+00:00,2.9437
2025-02-23 00:00:00+00:00,0.1642
2025-02-24 00:00:00+00:00,1.4351
2025-02-25 00:00:00+00:00,1.5343
2025-02-26 00:00:00+00:00,2.2469
2025-02-27 00:00:00+00:00,2.7206
2025-02-28 00:00:00+00:00,0.8055
2025-03-01 00:00:00+00:00,3.1932
2025-03-02 00:00:00+00:00,2.4129
2025-03-03 00:00:00+00:00,1.3996
2025-03-04 00:00:00+00:00,1.6332
2025-03-05 00:00:00+00:00,0.5682
2025-03-06 00:00:00+00:00,2.1576
2025-03-07 00:00:00+00:00,1.1397
2025-03-08 00:00:00+00:00,1.6503
2025-03-09 00:00:00+00:00,2.11
2025-03-10 00:00:00+00:00,-0.464
2025-03-11 00:00:00+00:00,0.9083
2025-03-12 00:00:00+00:00,1.8101
2025-03-13 00:00:00+00:00,1.2292
2025-03-14 00:00:00+00:00,0.8528
2025-03-15 00:00:00+00:00,1.6375
2025-03-16 00:00:00+00:00,1.4561
2025-03-17 00:00:00+00:00,1.4895
2025-03-18 00:00:00+00:00,1.3961
2025-03-19 00:00:00+00:00,1.2959
2025-03-20 00:00:00+00:00,1.9621
2025-03-21 00:00:00+00:00,0.6592
2025-03-22 00:00:00+00:00,1.4499
2025-03-23 00:00:00+00:00,4.382
2025-03-24 00:00:00+00:00,1.4338
2025-03-25 00:00:00+00:00,2.0171
2025-03-26 00:00:00+00:00,1.8643
2025-03-27 00:00:00+00:00,0.9792
2025-03-28 00:00:00+00:00,0.5967
2025-03-29 00:00:00+00:00,2.7038
2025-03-30 00:00:00+00:00,2.143
2025-03-31 00:00:00+00:00,-0.0837
2025-04-01 00:00:00+00:00,0.7903
2025-04-02 00:00:00+00:00,0.6983
2025-04-03 00:00:00+00:00,-0.2658
2025-04-04 00:00:00+00:00,-1.3879
2025-04-05 00:00:00+00:00,-0.2945
2025-04-06 00:00:00+00:00,1.1536
2025-04-07 00:00:00+00:00,-0.3029
2025-04-08 00:00:00+00:00,-0.3406
2025-04-09 00:00:00+00:00,0.3132
2025-04-10 00:00:00+00:00,0.6992
2025-04-11 00:00:00+00:00,0.7411
2025-04-12 00:00:00+00:00,0.9164
2025-04-13 00:00:00+00:00,0.7215
2025-04-14 00:00:00+00:00,0.9939
2025-04-15 00:00:00+00:00,1.3207
2025-04-16 00:00:00+00:00,1.1839
2025-04-17 00:00:00+00:00,0.7452
2025-04-18 00:00:00+00:00,2.171
2025-04-19 00:00:00+00:00,2.4175
2025-04-20 00:00:00+00:00,2.2222
2025-04-21 00:00:00+00:00,-0.3961
2025-04-22 00:00:00+00:00,0.0858
2025-04-23 00:00:00+00:00,1.3384
2025-04-24 00:00:00+00:00,1.6018
2025-04-25 00:00:00+00:00,1.5207
2025-04-26 00:00:00+00:00,1.7044
2025-04-27 00:00:00+00:00,2.0973
2025-04-28 00:00:00+00:00,1.2856
2025-04-29 00:00:00+00:00,1.3598
2025-04-30 00:00:00+00:00,1.8932
2025-05-01 00:00:00+00:00,2.0681
2025-05-02 00:00:00+00:00,1.5031
2025-05-03 00:00:00+00:00,2.3222
2025-05-04 00:00:00+00:00,1.9964
2025-05-05 00:00:00+00:00,1.4259
2025-05-06 00:00:00+00:00,0.8787
2025-05-07 00:00:00+00:00,1.0244
2025-05-08 00:00:00+00:00,1.3409
2025-05-09 00:00:00+00:00,1.623
2025-05-10 00:00:00+00:00,1.4589
2025-05-11 00:00:00+00:00,1.6215
2025-05-12 00:00:00+00:00,0.9005
2025-05-13 00:00:00+00:00,1.2792
2025-05-14 00:00:00+00:00,1.5568
2025-05-15 00:00:00+00:00,1.086
2025-05-16 00:00:00+00:00,1.2083
2025-05-17 00:00:00+00:00,1.1635
2025-05-18 00:00:00+00:00,0.5708
2025-05-19 00:00:00+00:00,0.7321
2025-05-20 00:00:00+00:00,0.9767
2025-05-21 00:00:00+00:00,0.2384
2025-05-22 00:00:00+00:00,0.9598
2025-05-23 00:00:00+00:00,0.5887
2025-05-24 00:00:00+00:00,0.9605
2025-05-25 00:00:00+00:00,2.3906
2025-05-26 00:00:00+00:00,0.5941
2025-05-27 00:00:00+00:00,0.6609
2025-05-28 00:00:00+00:00,1.5265
2025-05-29 00:00:00+00:00,1.0985
2025-05-30 00:00:00+00:00,1.0596
2025-05-31 00:00:00+00:00,1.5933
2025-06-01 00:00:00+00:00,3.0554
2025-06-02 00:00:00+00:00,2.3446
2025-06-03 00:00:00+00:00,0.802
2025-06-04 00:00:00+00:00,0.7869
2025-06-05 00:00:00+00:00,0.6582
2025-06-06 00:00:00+00:00,0.7271
2025-06-07 00:00:00+00:00,1.4982
2025-06-08 00:00:00+00:00,1.8934
2025-06-09 00:00:00+00:00,1.3145
2025-06-10 00:00:00+00:00,1.2514
2025-06-11 00:00:00+00:00,1.4699
2025-06-12 00:00:00+00:00,0.4117
2025-06-13 00:00:00+00:00,-1.696
2025-06-14 00:00:00+00:00,0.753
2025-07-02 00:00:00+00:00,0.7571
2025-07-03 00:00:00+00:00,0.4445
2025-07-04 00:00:00+00:00,1.2641
2025-07-05 00:00:00+00:00,1.275
2025-07-06 00:00:00+00:00,-0.5705
2025-07-07 00:00:00+00:00,1.3169
2025-07-08 00:00:00+00:00,1.6106
2025-07-09 00:00:00+00:00,1.3375
2025-07-10 00:00:00+00:00,1.3179
2025-07-11 00:00:00+00:00,1.4349
2025-07-12 00:00:00+00:00,1.5516
2025-07-13 00:00:00+00:00,-0.3868
2025-07-14 00:00:00+00:00,0.7409
2025-07-15 00:00:00+00:00,0.5294
2025-07-16 00:00:00+00:00,1.2753
2025-07-17 00:00:00+00:00,0.9057
2025-07-18 00:00:00+00:00,1.6531
2025-07-19 00:00:00+00:00,4.0691
2025-07-20 00:00:00+00:00,-0.9124
2025-07-21 00:00:00+00:00,1.0123
2025-07-22 00:00:00+00:00,2.3252
2025-07-23 00:00:00+00:00,1.8075
2025-07-24 00:00:00+00:00,1.0829
2025-07-25 00:00:00+00:00,0.3763
2025-07-26 00:00:00+00:00,2.4153
2025-07-27 00:00:00+00:00,1.8627
2025-07-28 00:00:00+00:00,1.5016
2025-07-29 00:00:00+00:00,0.917
2025-07-30 00:00:00+00:00,0.9023
2025-07-31 00:00:00+00:00,0.8801
2025-08-01 00:00:00+00:00,0.9977
2025-08-02 00:00:00+00:00,1.2847
2025-08-03 00:00:00+00:00,2.2277
2025-08-04 00:00:00+00:00,1.0345
2025-08-05 00:00:00+00:00,1.2427
2025-08-06 00:00:00+00:00,0.8611
2025-08-07 00:00:00+00:00,1.0879
2025-08-08 00:00:00+00:00,1.101
2025-08-09 00:00:00+00:00,1.1092
2025-08-10 00:00:00+00:00,-0.7555
2025-08-11 00:00:00+00:00,0.5433
2025-08-12 00:00:00+00:00,0.6489
2025-08-13 00:00:00+00:00,1.1295
2025-08-14 00:00:00+00:00,1.5228
2025-08-15 00:00:00+00:00,1.6082
2025-08-16 00:00:00+00:00,0.9007
2025-08-17 00:00:00+00:00,1.4509
2025-08-18 00:00:00+00:00,1.2794
2025-08-19 00:00:00+00:00,1.7693
2025-08-20 00:00:00+00:00,1.3639
2025-08-21 00:00:00+00:00,1.1324
2025-08-22 00:00:00+00:00,1.018
2025-08-23 00:00:00+00:00,2.4166
2025-08-24 00:00:00+00:00,0.1764
2025-08-25 00:00:00+00:00,1.2212
2025-08-26 00:00:00+00:00,1.021
2025-08-27 00:00:00+00:00,0.9775
2025-08-28 00:00:00+00:00,1.3746
2025-08-29 00:00:00+00:00,1.0328
2025-08-30 00:00:00+00:00,2.2668
2025-08-31 00:00:00+00:00,1.2238
2025-09-01 00:00:00+00:00,1.4785
2025-09-02 00:00:00+00:00,0.7188
2025-09-03 00:00:00+00:00,0.807
2025-09-04 00:00:00+00:00,1.0949
2025-09-05 00:00:00+00:00,1.1522
2025-09-06 00:00:00+00:00,0.89
2025-09-07 00:00:00+00:00,1.256
2025-09-08 00:00:00+00:00,1.353
2025-09-09 00:00:00+00:00,1.3495
2025-09-10 00:00:00+00:00,1.0505
2025-09-11 00:00:00+00:00,1.5659
2025-09-12 00:00:00+00:00,1.3149
2025-09-13 00:00:00+00:00,1.49
2025-09-14 00:00:00+00:00,2.0922
2025-09-15 00:00:00+00:00,1.3683
2025-09-16 00:00:00+00:00,1.4884
2025-09-17 00:00:00+00:00,0.5387
2025-09-18 00:00:00+00:00,0.3809
2025-09-19 00:00:00+00:00,0.8335
2025-09-20 00:00:00+00:00,2.7729
2025-09-21 00:00:00+00:00,2.1484
2025-09-22 00:00:00+00:00,1.2534
2025-09-23 00:00:00+00:00,0.9384
2025-09-24 00:00:00+00:00,0.7593
2025-09-25 00:00:00+00:00,2.4182
2025-09-26 00:00:00+00:00,1.6123
2025-09-27 00:00:00+00:00,3.2921
2025-09-28 00:00:00+00:00,2.3361
2025-09-29 00:00:00+00:00,1.2447
2025-09-30 00:00:00+00:00,1.3952
2025-10-01 00:00:00+00:00,0.5077
2025-10-02 00:00:00+00:00,0.0361
2025-10-03 00:00:00+00:00,0.9316
2025-10-04 00:00:00+00:00,2.8416
2025-10-05 00:00:00+00:00,1.4774
2025-10-06 00:00:00+00:00,1.7927
2025-10-07 00:00:00+00:00,1.1065
2025-10-08 00:00:00+00:00,0.6547
2025-10-09 00:00:00+00:00,1.3026
2025-10-10 00:00:00+00:00,0.8747
2025-10-11 00:00:00+00:00,1.2571
2025-10-12 00:00:00+00:00,1.2785
2025-10-13 00:00:00+00:00,1.2983
2025-10-14 00:00:00+00:00,0.9719
2025-10-15 00:00:00+00:00,0.9378
2025-10-16 00:00:00+00:00,1.4378
2025-10-17 00:00:00+00:00,1.7377
2025-10-18 00:00:00+00:00,2.2457
2025-10-19 00:00:00+00:00,1.8623
2025-10-20 00:00:00+00:00,-0.0928
2025-10-21 00:00:00+00:00,1.0098
2025-10-22 00:00:00+00:00,0.4413
2025-10-23 00:00:00+00:00,0.8672
2025-10-24 00:00:00+00:00,1.0508
2025-10-25 00:00:00+00:00,1.153
2025-10-26 00:00:00+00:00,1.0535
2025-10-27 00:00:00+00:00,1.5972
2025-10-28 00:00:00+00:00,1.5685
2025-10-29 00:00:00+00:00,1.933
2025-10-30 00:00:00+00:00,1.588
2025-10-31 00:00:00+00:00,1.4182
2025-11-01 00:00:00+00:00,2.3195
2025-11-02 00:00:00+00:00,2.2038
2025-11-03 00:00:00+00:00,1.243
2025-11-04 00:00:00+00:00,1.2159
2025-11-05 00:00:00+00:00,1.8611
2025-11-06 00:00:00+00:00,1.7324
2025-11-07 00:00:00+00:00,1.5926
2025-11-08 00:00:00+00:00,1.9654
2025-11-09 00:00:00+00:00,2.0404
2025-11-10 00:00:00+00:00,1.633
2025-11-11 00:00:00+00:00,1.7169
2025-11-12 00:00:00+00:00,1.7235
2025-11-13 00:00:00+00:00,2.0038
2025-11-14 00:00:00+00:00,1.1198
2025-11-15 00:00:00+00:00,0.7452
2025-11-16 00:00:00+00:00,2.3157
2025-11-17 00:00:00+00:00,1.0565
2025-11-18 00:00:00+00:00,1.2551
2025-11-19 00:00:00+00:00,1.4219
2025-11-20 00:00:00+00:00,1.596
2025-11-21 00:00:00+00:00,-0.7515
2025-11-22 00:00:00+00:00,0.8437
2025-11-23 00:00:00+00:00,0.9298
2025-11-24 00:00:00+00:00,0.9588
2025-11-25 00:00:00+00:00,2.1776
2025-11-26 00:00:00+00:00,1.5037
2025-11-27 00:00:00+00:00,2.7147
2025-11-28 00:00:00+00:00,1.358
2025-11-29 00:00:00+00:00,2.6305
2025-11-30 00:00:00+00:00,1.2188
2025-12-01 00:00:00+00:00,1.4507
2025-12-02 00:00:00+00:00,2.1196
2025-12-03 00:00:00+00:00,0.9752
2025-12-04 00:00:00+00:00,1.234
2025-12-05 00:00:00+00:00,1.5336
2025-12-06 00:00:00+00:00,0.0
2025-12-07 00:00:00+00:00,1.4769
2025-12-08 00:00:00+00:00,1.4492
2025-12-09 00:00:00+00:00,1.7615
2025-12-10 00:00:00+00:00,1.6466
2025-12-11 00:00:00+00:00,2.1114
2025-12-12 00:00:00+00:00,2.0821
2025-12-13 00:00:00+00:00,2.0675
2025-12-14 00:00:00+00:00,0.2162
2025-12-15 00:00:00+00:00,1.1943
2025-12-16 00:00:00+00:00,0.967
2025-12-17 00:00:00+00:00,0.812
2025-12-18 00:00:00+00:00,1.8203
2025-12-19 00:00:00+00:00,1.3845
2025-12-20 00:00:00+00:00,2.2111
2025-12-21 00:00:00+00:00,2.3297
2025-12-22 00:00:00+00:00,1.7154
2025-12-23 00:00:00+00:00,1.3914
2025-12-24 00:00:00+00:00,1.5558
2025-12-25 00:00:00+00:00,1.6473
2025-12-26 00:00:00+00:00,0.9913
2025-12-27 00:00:00+00:00,1.1161
2025-12-28 00:00:00+00:00,1.0875
2025-12-29 00:00:00+00:00,1.1646
2025-12-30 00:00:00+00:00,0.79
2025-12-31 00:00:00+00:00,1.2153
2026-01-01 00:00:00+00:00,2.4286
2026-01-02 00:00:00+00:00,1.3018
2026-01-03 00:00:00+00:00,2.4613
2026-01-04 00:00:00+00:00,1.23
2026-01-05 00:00:00+00:00,1.02
2026-01-06 00:00:00+00:00,0.7117
2026-01-07 00:00:00+00:00,0.9
2026-01-08 00:00:00+00:00,0.9641
2026-01-09 00:00:00+00:00,1.4557
2026-01-10 00:00:00+00:00,2.8048
2026-01-11 00:00:00+00:00,2.2946
2026-01-12 00:00:00+00:00,2.0173
2026-01-13 00:00:00+00:00,1.2354
2026-01-14 00:00:00+00:00,1.3937
2026-01-15 00:00:00+00:00,0.7812
2026-01-16 00:00:00+00:00,0.6884
2026-01-17 00:00:00+00:00,0.7331
2026-01-18 00:00:00+00:00,1.6323
2026-01-19 00:00:00+00:00,0.2251
2026-01-20 00:00:00+00:00,0.0267
2026-01-21 00:00:00+00:00,-0.4965
2026-01-22 00:00:00+00:00,0.7295
2026-01-23 00:00:00+00:00,0.7718
2026-01-24 00:00:00+00:00,2.1062
2026-01-25 00:00:00+00:00,0.6947
2026-01-26 00:00:00+00:00,0.305
2026-01-27 00:00:00+00:00,1.1059
2026-01-28 00:00:00+00:00,1.046
2026-01-29 00:00:00+00:00,0.9548
2026-01-30 00:00:00+00:00,0.3166
2026-01-31 00:00:00+00:00,-0.0069
2026-02-01 00:00:00+00:00,0.7719
2026-02-02 00:00:00+00:00,-0.0034
2026-02-03 00:00:00+00:00,0.9957
2026-02-04 00:00:00+00:00,0.3507
2026-02-05 00:00:00+00:00,0.6996
2026-02-06 00:00:00+00:00,0.494
2026-02-07 00:00:00+00:00,0.9809
2026-02-08 00:00:00+00:00,1.5415
2026-02-09 00:00:00+00:00,1.1615
2026-02-10 00:00:00+00:00,1.4487
2026-02-11 00:00:00+00:00,1.9344
2026-02-12 00:00:00+00:00,1.1437
2026-02-13 00:00:00+00:00,0.8648
2026-02-14 00:00:00+00:00,1.8298
2026-02-15 00:00:00+00:00,1.233
2026-02-16 00:00:00+00:00,1.3499
2026-02-17 00:00:00+00:00,1.1779
2026-02-18 00:00:00+00:00,1.5586
2026-02-19 00:00:00+00:00,1.4155
2026-02-20 00:00:00+00:00,0.6993
2026-02-21 00:00:00+00:00,0.8222
2026-02-22 00:00:00+00:00,1.1445
2026-02-23 00:00:00+00:00,0.7862
2026-02-24 00:00:00+00:00,0.6021
2026-02-25 00:00:00+00:00,1.2805
2026-02-26 00:00:00+00:00,1.6266
2026-02-27 00:00:00+00:00,1.3973
2026-02-28 00:00:00+00:00,0.0
2026-03-01 00:00:00+00:00,0.6725
2026-03-02 00:00:00+00:00,-0.7779
2026-03-03 00:00:00+00:00,0.3518
2026-03-04 00:00:00+00:00,-0.697
2026-03-05 00:00:00+00:00,-0.0334
2026-03-06 00:00:00+00:00,0.3983
2026-03-07 00:00:00+00:00,1.2427
2026-03-08 00:00:00+00:00,0.0103
2026-03-09 00:00:00+00:00,-0.4337
2026-03-10 00:00:00+00:00,0.3927
2026-03-11 00:00:00+00:00,0.9734
2026-03-12 00:00:00+00:00,1.4555
2026-03-13 00:00:00+00:00,0.9011
2026-03-14 00:00:00+00:00,0.4297
2026-03-15 00:00:00+00:00,0.7196
2026-03-16 00:00:00+00:00,-0.8595
2026-03-17 00:00:00+00:00,0.4739
2026-03-18 00:00:00+00:00,0.1942
2026-03-19 00:00:00+00:00,-0.624
2026-03-20 00:00:00+00:00,-0.4888
2026-03-21 00:00:00+00:00,0.284
2026-03-22 00:00:00+00:00,-0.0479
2026-03-23 00:00:00+00:00,-1.1986
2026-03-24 00:00:00+00:00,0.4709
2026-03-25 00:00:00+00:00,-0.1702
2026-03-26 00:00:00+00:00,-1.4127
2026-03-27 00:00:00+00:00,-0.796
2026-03-28 00:00:00+00:00,0.5167
2026-03-29 00:00:00+00:00,1.0632
2026-03-30 00:00:00+00:00,-0.1738
2026-03-31 00:00:00+00:00,-0.6128
2026-04-01 00:00:00+00:00,0.5587
2026-04-02 00:00:00+00:00,-0.787
2026-04-03 00:00:00+00:00,0.6791
2026-04-04 00:00:00+00:00,1.5067
2026-04-05 00:00:00+00:00,1.8418
2026-04-06 00:00:00+00:00,0.5324
2026-04-07 00:00:00+00:00,-0.8476
2026-04-08 00:00:00+00:00,0.1868
2026-04-09 00:00:00+00:00,-0.0727
2026-04-10 00:00:00+00:00,0.4435
2026-04-11 00:00:00+00:00,-0.5795
2026-04-12 00:00:00+00:00,1.5558
2026-04-13 00:00:00+00:00,0.8765
2026-04-14 00:00:00+00:00,0.3776
2026-04-15 00:00:00+00:00,1.4285
2026-04-16 00:00:00+00:00,0.9896
2026-04-17 00:00:00+00:00,0.6238
2026-04-18 00:00:00+00:00,2.4685
2026-04-19 00:00:00+00:00,1.935
2026-04-20 00:00:00+00:00,-0.4581
2026-04-21 00:00:00+00:00,1.2786
2026-04-22 00:00:00+00:00,0.9414
2026-04-23 00:00:00+00:00,0.4328
2026-04-24 00:00:00+00:00,0.1468
2026-04-25 00:00:00+00:00,0.4384
2026-04-26 00:00:00+00:00,-3.5443
2026-04-27 00:00:00+00:00,1.0826
2026-04-28 00:00:00+00:00,0.5245
2026-04-29 00:00:00+00:00,0.6173
2026-04-30 00:00:00+00:00,0.1451
2026-05-01 00:00:00+00:00,1.2177
2026-05-02 00:00:00+00:00,0.2553
2026-05-03 00:00:00+00:00,0.0471
2026-05-04 00:00:00+00:00,0.5388
2026-05-05 00:00:00+00:00,0.2403
2026-05-06 00:00:00+00:00,0.7745
2026-05-07 00:00:00+00:00,1.129
2026-05-08 00:00:00+00:00,0.3692
2026-05-09 00:00:00+00:00,1.4549
2026-05-10 00:00:00+00:00,1.8837
2026-05-11 00:00:00+00:00,0.6887
2026-05-12 00:00:00+00:00,0.7895
2026-05-13 00:00:00+00:00,0.5283
2026-05-14 00:00:00+00:00,0.6221
2026-05-15 00:00:00+00:00,0.4755
2026-05-16 00:00:00+00:00,0.9213
2026-05-17 00:00:00+00:00,2.649
2026-05-18 00:00:00+00:00,0.7696
2026-05-19 00:00:00+00:00,1.0078
2026-05-20 00:00:00+00:00,0.4919
2026-05-21 00:00:00+00:00,0.92
2026-05-22 00:00:00+00:00,0.7451
2026-05-23 00:00:00+00:00,-0.6717
2026-05-24 00:00:00+00:00,2.2461
2026-05-25 00:00:00+00:00,1.3746
2026-05-26 00:00:00+00:00,0.246
2026-05-27 00:00:00+00:00,0.542
2026-05-28 00:00:00+00:00,0.5578
2026-05-29 00:00:00+00:00,0.4562
2026-05-30 00:00:00+00:00,0.41
2026-05-31 00:00:00+00:00,1.1463
2026-06-01 00:00:00+00:00,0.8113
2026-06-02 00:00:00+00:00,0.0053
2026-06-03 00:00:00+00:00,2.0208
2026-06-04 00:00:00+00:00,0.1518
2026-06-05 00:00:00+00:00,0.1911
2026-06-06 00:00:00+00:00,1.1226
2026-06-07 00:00:00+00:00,0.3544
2026-06-08 00:00:00+00:00,0.3781
2026-06-09 00:00:00+00:00,0.7474
2026-06-10 00:00:00+00:00,0.2104
2026-06-11 00:00:00+00:00,0.6955
2026-06-12 00:00:00+00:00,0.6428
2026-06-13 00:00:00+00:00,2.2804
2026-06-14 00:00:00+00:00,3.4589
2026-06-15 00:00:00+00:00,1.6395
2026-06-16 00:00:00+00:00,1.4452
2026-06-17 00:00:00+00:00,0.7288
2026-06-18 00:00:00+00:00,0.9662
2026-06-19 00:00:00+00:00,1.1959
2026-06-20 00:00:00+00:00,2.6205
2026-06-21 00:00:00+00:00,0.176
2026-06-22 00:00:00+00:00,0.0962
2026-06-23 00:00:00+00:00,1.0596
2026-06-24 00:00:00+00:00,0.7793
2026-06-25 00:00:00+00:00,1.5486
2026-06-26 00:00:00+00:00,0.589
2026-06-27 00:00:00+00:00,1.3424
2026-06-28 00:00:00+00:00,2.0176
2026-06-29 00:00:00+00:00,0.9874
2026-06-30 00:00:00+00:00,0.8251
2026-07-05 00:00:00+00:00,1.1965
2026-07-06 00:00:00+00:00,1.3395
2026-07-07 00:00:00+00:00,2.1811
2026-07-08 00:00:00+00:00,0.7281
2026-07-09 00:00:00+00:00,0.8996
2026-07-10 00:00:00+00:00,1.1079
2026-07-11 00:00:00+00:00,0.5975
2026-07-12 00:00:00+00:00,0.8266
2026-07-13 00:00:00+00:00,-0.1177
2026-07-14 00:00:00+00:00,1.6595
2026-07-15 00:00:00+00:00,1.3926
2026-07-16 00:00:00+00:00,0.5123
2026-07-17 00:00:00+00:00,-0.6607
2026-07-18 00:00:00+00:00,0.8589
2026-07-19 00:00:00+00:00,0.8905
2026-07-20 00:00:00+00:00,0.5894
2026-07-21 00:00:00+00:00,1.6762
2026-07-22 00:00:00+00:00,1.8729
2026-07-23 00:00:00+00:00,1.4717
2026-07-24 00:00:00+00:00,0.7029
2026-07-25 00:00:00+00:00,1.8565
2026-07-26 00:00:00+00:00,0.2206
2026-07-27 00:00:00+00:00,1.4384
2026-07-28 00:00:00+00:00,1.7625
2026-07-29 00:00:00+00:00,1.7502
2026-07-30 00:00:00+00:00,0.8336
2026-07-31 00:00:00+00:00,1.7959
2026-08-01 00:00:00+00:00,1.9116
2026-08-02 00:00:00+00:00,1.9615
2026-08-03 00:00:00+00:00,2.0788
2026-08-04 00:00:00+00:00,1.864
2026-08-05 00:00:00+00:00,1.6616
2026-08-06 00:00:00+00:00,1.5068
2026-08-07 00:00:00+00:00,1.1002
2026-08-08 00:00:00+00:00,1.6421
2026-08-09 00:00:00+00:00,0.9599
2026-08-10 00:00:00+00:00,1.7752
2026-08-11 00:00:00+00:00,1.6084
2026-08-12 00:00:00+00:00,1.4906
2026-08-13 00:00:00+00:00,1.1621
2026-08-14 00:00:00+00:00,0.4896
2026-08-15 00:00:00+00:00,1.8296
2026-08-16 00:00:00+00:00,0.1455
2026-08-17 00:00:00+00:00,1.5774
2026-08-18 00:00:00+00:00,1.4188
2026-08-19 00:00:00+00:00,0.9825
2026-08-20 00:00:00+00:00,1.986
2026-08-21 00:00:00+00:00,1.4872
2026-08-22 00:00:00+00:00,1.7352
