time,gold_vol
2017-01-01 00:00:00+00:00,0.0294
2017-01-02 00:00:00+00:00,0.0261
2017-01-03 00:00:00+00:00,0.0521
2017-01-04 00:00:00+00:00,0.0574
2017-01-05 00:00:00+00:00,0.0614
2017-01-06 00:00:00+00:00,0.0837
2017-01-07 00:00:00+00:00,0.0288
2017-01-08 00:00:00+00:00,0.025
2017-01-09 00:00:00+00:00,0.0545
2017-01-10 00:00:00+00:00,0.0615
2017-01-11 00:00:00+00:00,0.052
2017-01-12 00:00:00+00:00,0.0505
2017-01-13 00:00:00+00:00,0.0789
2017-01-14 00:00:00+00:00,0.0381
2017-01-15 00:00:00+00:00,0.0202
2017-01-16 00:00:00+00:00,0.0573
2017-01-17 00:00:00+00:00,0.083
2017-01-18 00:00:00+00:00,0.0599
2017-01-19 00:00:00+00:00,0.0634
2017-01-20 00:00:00+00:00,0.0763
2017-01-21 00:00:00+00:00,0.0267
2017-01-22 00:00:00+00:00,0.0166
2017-01-23 00:00:00+00:00,0.0644
2017-01-24 00:00:00+00:00,0.0584
2017-01-25 00:00:00+00:00,0.0581
2017-01-26 00:00:00+00:00,0.0612
2017-01-27 00:00:00+00:00,0.0646
2017-01-28 00:00:00+00:00,0.0491
2017-01-29 00:00:00+00:00,0.0189
2017-01-30 00:00:00+00:00,0.0683
2017-01-31 00:00:00+00:00,0.0614
2017-02-01 00:00:00+00:00,0.0593
2017-02-02 00:00:00+00:00,0.0659
2017-02-03 00:00:00+00:00,0.0788
2017-02-04 00:00:00+00:00,0.0803
2017-02-05 00:00:00+00:00,0.0182
2017-02-06 00:00:00+00:00,0.0835
2017-02-07 00:00:00+00:00,0.0665
2017-02-08 00:00:00+00:00,0.0558
2017-02-09 00:00:00+00:00,0.0604
2017-02-10 00:00:00+00:00,0.0476
2017-02-11 00:00:00+00:00,0.0228
2017-02-12 00:00:00+00:00,0.0189
2017-02-13 00:00:00+00:00,0.0429
2017-02-14 00:00:00+00:00,0.0482
2017-02-15 00:00:00+00:00,0.07
2017-02-16 00:00:00+00:00,0.0709
2017-02-17 00:00:00+00:00,0.0818
2017-02-18 00:00:00+00:00,0.0291
2017-02-19 00:00:00+00:00,0.0301
2017-02-20 00:00:00+00:00,0.0558
2017-02-21 00:00:00+00:00,0.0615
2017-02-22 00:00:00+00:00,0.0579
2017-02-23 00:00:00+00:00,0.07
2017-02-24 00:00:00+00:00,0.0777
2017-02-25 00:00:00+00:00,0.0307
2017-02-26 00:00:00+00:00,0.0187
2017-02-27 00:00:00+00:00,0.0626
2017-02-28 00:00:00+00:00,0.0609
2017-03-01 00:00:00+00:00,0.0591
2017-03-02 00:00:00+00:00,0.0509
2017-03-03 00:00:00+00:00,0.0699
2017-03-04 00:00:00+00:00,0.031
2017-03-05 00:00:00+00:00,0.0172
2017-03-06 00:00:00+00:00,0.0543
2017-03-07 00:00:00+00:00,0.0487
2017-03-08 00:00:00+00:00,0.0514
2017-03-09 00:00:00+00:00,0.0668
2017-03-10 00:00:00+00:00,0.0643
2017-03-11 00:00:00+00:00,0.0259
2017-03-12 00:00:00+00:00,0.0182
2017-03-13 00:00:00+00:00,0.0529
2017-03-14 00:00:00+00:00,0.0541
2017-03-15 00:00:00+00:00,0.0716
2017-03-16 00:00:00+00:00,0.0631
2017-03-17 00:00:00+00:00,0.052
2017-03-18 00:00:00+00:00,0.0301
2017-03-19 00:00:00+00:00,0.0311
2017-03-20 00:00:00+00:00,0.0573
2017-03-21 00:00:00+00:00,0.0564
2017-03-22 00:00:00+00:00,0.0619
2017-03-23 00:00:00+00:00,0.0543
2017-03-24 00:00:00+00:00,0.0476
2017-03-25 00:00:00+00:00,0.0205
2017-03-26 00:00:00+00:00,0.0186
2017-03-27 00:00:00+00:00,0.0801
2017-03-28 00:00:00+00:00,0.0622
2017-03-29 00:00:00+00:00,0.0605
2017-03-30 00:00:00+00:00,0.0534
2017-03-31 00:00:00+00:00,0.0542
2017-04-01 00:00:00+00:00,0.0179
2017-04-02 00:00:00+00:00,0.0166
2017-04-03 00:00:00+00:00,0.0552
2017-04-04 00:00:00+00:00,0.0636
2017-04-05 00:00:00+00:00,0.0477
2017-04-06 00:00:00+00:00,0.0502
2017-04-07 00:00:00+00:00,0.0913
2017-04-08 00:00:00+00:00,0.0257
2017-04-09 00:00:00+00:00,0.0286
2017-04-10 00:00:00+00:00,0.0671
2017-04-11 00:00:00+00:00,0.076
2017-04-12 00:00:00+00:00,0.0898
2017-04-13 00:00:00+00:00,0.0688
2017-04-14 00:00:00+00:00,0.0349
2017-04-15 00:00:00+00:00,0.0233
2017-04-16 00:00:00+00:00,0.0152
2017-04-17 00:00:00+00:00,0.0632
2017-04-18 00:00:00+00:00,0.0612
2017-04-19 00:00:00+00:00,0.0828
2017-04-20 00:00:00+00:00,0.0585
2017-04-21 00:00:00+00:00,0.0593
2017-04-22 00:00:00+00:00,0.0649
2017-04-23 00:00:00+00:00,0.0286
2017-04-24 00:00:00+00:00,0.0746
2017-04-25 00:00:00+00:00,0.0626
2017-04-26 00:00:00+00:00,0.0605
2017-04-27 00:00:00+00:00,0.058
2017-04-28 00:00:00+00:00,0.0671
2017-04-29 00:00:00+00:00,0.0229
2017-04-30 00:00:00+00:00,0.0194
2017-05-01 00:00:00+00:00,0.0716
2017-05-02 00:00:00+00:00,0.0591
2017-05-03 00:00:00+00:00,0.0506
2017-05-04 00:00:00+00:00,0.0738
2017-05-05 00:00:00+00:00,0.0629
2017-05-06 00:00:00+00:00,0.0318
2017-05-07 00:00:00+00:00,0.0352
2017-05-08 00:00:00+00:00,0.0605
2017-05-09 00:00:00+00:00,0.0865
2017-05-10 00:00:00+00:00,0.051
2017-05-11 00:00:00+00:00,0.0631
2017-05-12 00:00:00+00:00,0.0658
2017-05-13 00:00:00+00:00,0.021
2017-05-14 00:00:00+00:00,0.0164
2017-05-15 00:00:00+00:00,0.0681
2017-05-16 00:00:00+00:00,0.0561
2017-05-17 00:00:00+00:00,0.0768
2017-05-18 00:00:00+00:00,0.0718
2017-05-19 00:00:00+00:00,0.0661
2017-05-20 00:00:00+00:00,0.0209
2017-05-21 00:00:00+00:00,0.0204
2017-05-22 00:00:00+00:00,0.0455
2017-05-23 00:00:00+00:00,0.0625
2017-05-24 00:00:00+00:00,0.0537
2017-05-25 00:00:00+00:00,0.0488
2017-05-26 00:00:00+00:00,0.0608
2017-05-27 00:00:00+00:00,0.021
2017-05-28 00:00:00+00:00,0.0212
2017-05-29 00:00:00+00:00,0.0517
2017-05-30 00:00:00+00:00,0.0514
2017-05-31 00:00:00+00:00,0.0519
2017-06-01 00:00:00+00:00,0.0454
2017-06-02 00:00:00+00:00,0.0504
2017-06-03 00:00:00+00:00,0.0233
2017-06-04 00:00:00+00:00,0.0161
2017-06-05 00:00:00+00:00,0.0645
2017-06-06 00:00:00+00:00,0.0731
2017-06-07 00:00:00+00:00,0.0563
2017-06-08 00:00:00+00:00,0.0612
2017-06-09 00:00:00+00:00,0.0701
2017-06-10 00:00:00+00:00,0.0251
2017-06-11 00:00:00+00:00,0.0913
2017-06-12 00:00:00+00:00,0.0409
2017-06-13 00:00:00+00:00,0.0679
2017-06-14 00:00:00+00:00,0.0525
2017-06-15 00:00:00+00:00,0.051
2017-06-16 00:00:00+00:00,0.0466
2017-06-17 00:00:00+00:00,0.0304
2017-06-18 00:00:00+00:00,0.0275
2017-06-19 00:00:00+00:00,0.0545
2017-06-20 00:00:00+00:00,0.0521
2017-06-21 00:00:00+00:00,0.0452
2017-06-22 00:00:00+00:00,0.073
2017-06-23 00:00:00+00:00,0.0631
2017-06-24 00:00:00+00:00,0.0167
2017-06-25 00:00:00+00:00,0.0865
2017-06-26 00:00:00+00:00,0.1575
2017-06-27 00:00:00+00:00,0.0701
2017-06-28 00:00:00+00:00,0.0663
2017-06-29 00:00:00+00:00,0.0618
2017-06-30 00:00:00+00:00,0.0531
2017-07-01 00:00:00+00:00,0.0242
2017-07-02 00:00:00+00:00,0.0293
2017-07-03 00:00:00+00:00,0.0545
2017-07-04 00:00:00+00:00,0.0581
2017-07-05 00:00:00+00:00,0.0628
2017-07-06 00:00:00+00:00,0.0544
2017-07-07 00:00:00+00:00,0.0609
2017-07-08 00:00:00+00:00,0.0262
2017-07-09 00:00:00+00:00,0.0228
2017-07-10 00:00:00+00:00,0.0553
2017-07-11 00:00:00+00:00,0.058
2017-07-12 00:00:00+00:00,0.0673
2017-07-13 00:00:00+00:00,0.0673
2017-07-14 00:00:00+00:00,0.0613
2017-07-15 00:00:00+00:00,0.0352
2017-07-16 00:00:00+00:00,0.0193
2017-07-17 00:00:00+00:00,0.0751
2017-07-18 00:00:00+00:00,0.0587
2017-07-19 00:00:00+00:00,0.0904
2017-07-20 00:00:00+00:00,0.0498
2017-07-21 00:00:00+00:00,0.0601
2017-07-22 00:00:00+00:00,0.0743
2017-07-23 00:00:00+00:00,0.0242
2017-07-24 00:00:00+00:00,0.0597
2017-07-25 00:00:00+00:00,0.0526
2017-07-26 00:00:00+00:00,0.0583
2017-07-27 00:00:00+00:00,0.0604
2017-07-28 00:00:00+00:00,0.052
2017-07-29 00:00:00+00:00,0.0247
2017-07-30 00:00:00+00:00,0.0215
2017-07-31 00:00:00+00:00,0.0471
2017-08-01 00:00:00+00:00,0.0528
2017-08-02 00:00:00+00:00,0.0476
2017-08-03 00:00:00+00:00,0.0728
2017-08-04 00:00:00+00:00,0.06
2017-08-05 00:00:00+00:00,0.0204
2017-08-06 00:00:00+00:00,0.023
2017-08-07 00:00:00+00:00,0.0421
2017-08-08 00:00:00+00:00,0.0669
2017-08-09 00:00:00+00:00,0.1137
2017-08-10 00:00:00+00:00,0.096
2017-08-11 00:00:00+00:00,0.1375
2017-08-12 00:00:00+00:00,0.0579
2017-08-13 00:00:00+00:00,0.047
2017-08-14 00:00:00+00:00,0.0882
2017-08-15 00:00:00+00:00,0.0781
2017-08-16 00:00:00+00:00,0.058
2017-08-17 00:00:00+00:00,0.0569
2017-08-18 00:00:00+00:00,0.1011
2017-08-19 00:00:00+00:00,0.032
2017-08-20 00:00:00+00:00,0.023
2017-08-21 00:00:00+00:00,0.0575
2017-08-22 00:00:00+00:00,0.0734
2017-08-23 00:00:00+00:00,0.0734
2017-08-24 00:00:00+00:00,0.1348
2017-08-25 00:00:00+00:00,0.0811
2017-08-26 00:00:00+00:00,0.0303
2017-08-27 00:00:00+00:00,0.0198
2017-08-28 00:00:00+00:00,0.0861
2017-08-29 00:00:00+00:00,0.1007
2017-08-30 00:00:00+00:00,0.0748
2017-08-31 00:00:00+00:00,0.0667
2017-09-01 00:00:00+00:00,0.0787
2017-09-02 00:00:00+00:00,0.0304
2017-09-03 00:00:00+00:00,0.0205
2017-09-04 00:00:00+00:00,0.0869
2017-09-05 00:00:00+00:00,0.1017
2017-09-06 00:00:00+00:00,0.1089
2017-09-07 00:00:00+00:00,0.0711
2017-09-08 00:00:00+00:00,0.0785
2017-09-09 00:00:00+00:00,0.0326
2017-09-10 00:00:00+00:00,0.0248
2017-09-11 00:00:00+00:00,0.0774
2017-09-12 00:00:00+00:00,0.0738
2017-09-13 00:00:00+00:00,0.0777
2017-09-14 00:00:00+00:00,0.0604
2017-09-15 00:00:00+00:00,0.0609
2017-09-16 00:00:00+00:00,0.0262
2017-09-17 00:00:00+00:00,0.0249
2017-09-18 00:00:00+00:00,0.0701
2017-09-19 00:00:00+00:00,0.0458
2017-09-20 00:00:00+00:00,0.0563
2017-09-21 00:00:00+00:00,0.0702
2017-09-22 00:00:00+00:00,0.0757
2017-09-23 00:00:00+00:00,0.0444
2017-09-24 00:00:00+00:00,0.0513
2017-09-25 00:00:00+00:00,0.0669
2017-09-26 00:00:00+00:00,0.0755
2017-09-27 00:00:00+00:00,0.0656
2017-09-28 00:00:00+00:00,0.058
2017-09-29 00:00:00+00:00,0.0629
2017-09-30 00:00:00+00:00,0.0304
2017-10-01 00:00:00+00:00,0.0178
2017-10-02 00:00:00+00:00,0.0529
2017-10-03 00:00:00+00:00,0.0598
2017-10-04 00:00:00+00:00,0.0528
2017-10-05 00:00:00+00:00,0.057
2017-10-06 00:00:00+00:00,0.0607
2017-10-07 00:00:00+00:00,0.0262
2017-10-08 00:00:00+00:00,0.026
2017-10-09 00:00:00+00:00,0.0613
2017-10-10 00:00:00+00:00,0.0753
2017-10-11 00:00:00+00:00,0.0779
2017-10-12 00:00:00+00:00,0.0696
2017-10-13 00:00:00+00:00,0.0777
2017-10-14 00:00:00+00:00,0.0294
2017-10-15 00:00:00+00:00,0.0194
2017-10-16 00:00:00+00:00,0.0584
2017-10-17 00:00:00+00:00,0.0673
2017-10-18 00:00:00+00:00,0.0606
2017-10-19 00:00:00+00:00,0.0502
2017-10-20 00:00:00+00:00,0.0523
2017-10-21 00:00:00+00:00,0.0205
2017-10-22 00:00:00+00:00,0.0183
2017-10-23 00:00:00+00:00,0.0582
2017-10-24 00:00:00+00:00,0.062
2017-10-25 00:00:00+00:00,0.0578
2017-10-26 00:00:00+00:00,0.0624
2017-10-27 00:00:00+00:00,0.0557
2017-10-28 00:00:00+00:00,0.0244
2017-10-29 00:00:00+00:00,0.0209
2017-10-30 00:00:00+00:00,0.0693
2017-10-31 00:00:00+00:00,0.0605
2017-11-01 00:00:00+00:00,0.0545
2017-11-02 00:00:00+00:00,0.0504
2017-11-03 00:00:00+00:00,0.1057
2017-11-04 00:00:00+00:00,0.0314
2017-11-05 00:00:00+00:00,0.0211
2017-11-06 00:00:00+00:00,0.0673
2017-11-07 00:00:00+00:00,0.0603
2017-11-08 00:00:00+00:00,0.0589
2017-11-09 00:00:00+00:00,0.0739
2017-11-10 00:00:00+00:00,0.0658
2017-11-11 00:00:00+00:00,0.0288
2017-11-12 00:00:00+00:00,0.0241
2017-11-13 00:00:00+00:00,0.0491
2017-11-14 00:00:00+00:00,0.0585
2017-11-15 00:00:00+00:00,0.061
2017-11-16 00:00:00+00:00,0.0537
2017-11-17 00:00:00+00:00,0.0519
2017-11-18 00:00:00+00:00,0.0235
2017-11-19 00:00:00+00:00,0.0162
2017-11-20 00:00:00+00:00,0.0643
2017-11-21 00:00:00+00:00,0.0588
2017-11-22 00:00:00+00:00,0.0627
2017-11-23 00:00:00+00:00,0.0539
2017-11-24 00:00:00+00:00,0.0489
2017-11-25 00:00:00+00:00,0.0255
2017-11-26 00:00:00+00:00,0.0199
2017-11-27 00:00:00+00:00,0.0751
2017-11-28 00:00:00+00:00,0.0675
2017-11-29 00:00:00+00:00,0.0649
2017-11-30 00:00:00+00:00,0.0596
2017-12-03 00:00:00+00:00,0.0317
2017-12-04 00:00:00+00:00,0.0737
2017-12-05 00:00:00+00:00,0.0612
2017-12-06 00:00:00+00:00,0.0646
2017-12-07 00:00:00+00:00,0.0581
2017-12-08 00:00:00+00:00,0.0677
2017-12-09 00:00:00+00:00,0.0351
2017-12-10 00:00:00+00:00,0.0267
2017-12-11 00:00:00+00:00,0.0844
2017-12-12 00:00:00+00:00,0.0625
2017-12-13 00:00:00+00:00,0.06
2017-12-14 00:00:00+00:00,0.0606
2017-12-15 00:00:00+00:00,0.0964
2017-12-16 00:00:00+00:00,0.0419
2017-12-17 00:00:00+00:00,0.0319
2017-12-18 00:00:00+00:00,0.0593
2017-12-19 00:00:00+00:00,0.0775
2017-12-20 00:00:00+00:00,0.0572
2017-12-21 00:00:00+00:00,0.0479
2017-12-22 00:00:00+00:00,0.0558
2017-12-23 00:00:00+00:00,0.0235
2017-12-24 00:00:00+00:00,0.0185
2017-12-25 00:00:00+00:00,0.0271
2017-12-26 00:00:00+00:00,0.0519
2017-12-27 00:00:00+00:00,0.0681
2017-12-28 00:00:00+00:00,0.0734
2017-12-29 00:00:00+00:00,0.0628
2017-12-30 00:00:00+00:00,0.0353
2017-12-31 00:00:00+00:00,0.0207
2018-01-01 00:00:00+00:00,0.0242
2018-01-02 00:00:00+00:00,0.0744
2018-01-03 00:00:00+00:00,0.0773
2018-01-04 00:00:00+00:00,0.0595
2018-01-05 00:00:00+00:00,0.0579
2018-01-06 00:00:00+00:00,0.0236
2018-01-07 00:00:00+00:00,0.0169
2018-01-08 00:00:00+00:00,0.0598
2018-01-09 00:00:00+00:00,0.0769
2018-01-10 00:00:00+00:00,0.0525
2018-01-11 00:00:00+00:00,0.0608
2018-01-12 00:00:00+00:00,0.0584
2018-01-13 00:00:00+00:00,0.0353
2018-01-14 00:00:00+00:00,0.0219
2018-01-15 00:00:00+00:00,0.0545
2018-01-16 00:00:00+00:00,0.0641
2018-01-17 00:00:00+00:00,0.0637
2018-01-18 00:00:00+00:00,0.069
2018-01-19 00:00:00+00:00,0.065
2018-01-20 00:00:00+00:00,0.0241
2018-01-21 00:00:00+00:00,0.0196
2018-01-22 00:00:00+00:00,0.0534
2018-01-23 00:00:00+00:00,0.0618
2018-01-24 00:00:00+00:00,0.053
2018-01-25 00:00:00+00:00,0.0696
2018-01-26 00:00:00+00:00,0.0608
2018-01-27 00:00:00+00:00,0.0351
2018-01-28 00:00:00+00:00,0.0364
2018-01-29 00:00:00+00:00,0.0585
2018-01-30 00:00:00+00:00,0.063
2018-01-31 00:00:00+00:00,0.0497
2018-02-01 00:00:00+00:00,0.0594
2018-02-02 00:00:00+00:00,0.0699
2018-02-03 00:00:00+00:00,0.0299
2018-02-04 00:00:00+00:00,0.0183
2018-02-05 00:00:00+00:00,0.0542
2018-02-06 00:00:00+00:00,0.0677
2018-02-07 00:00:00+00:00,0.0582
2018-02-08 00:00:00+00:00,0.0557
2018-02-09 00:00:00+00:00,0.0499
2018-02-10 00:00:00+00:00,0.0334
2018-02-11 00:00:00+00:00,0.0173
2018-02-12 00:00:00+00:00,0.0431
2018-02-13 00:00:00+00:00,0.0522
2018-02-14 00:00:00+00:00,0.0729
2018-02-15 00:00:00+00:00,0.067
2018-02-16 00:00:00+00:00,0.0609
2018-02-17 00:00:00+00:00,0.0246
2018-02-18 00:00:00+00:00,0.013
2018-02-19 00:00:00+00:00,0.0487
2018-02-20 00:00:00+00:00,0.064
2018-02-21 00:00:00+00:00,0.0662
2018-02-22 00:00:00+00:00,0.0529
2018-02-23 00:00:00+00:00,0.0691
2018-02-24 00:00:00+00:00,0.0178
2018-02-25 00:00:00+00:00,0.024
2018-02-26 00:00:00+00:00,0.073
2018-02-27 00:00:00+00:00,0.0401
2018-02-28 00:00:00+00:00,0.0562
2018-03-01 00:00:00+00:00,0.0626
2018-03-02 00:00:00+00:00,0.0585
2018-03-03 00:00:00+00:00,0.0273
2018-03-04 00:00:00+00:00,0.021
2018-03-05 00:00:00+00:00,0.0567
2018-03-06 00:00:00+00:00,0.0527
2018-03-07 00:00:00+00:00,0.0597
2018-03-08 00:00:00+00:00,0.0543
2018-03-09 00:00:00+00:00,0.0625
2018-03-10 00:00:00+00:00,0.021
2018-03-11 00:00:00+00:00,0.0174
2018-03-12 00:00:00+00:00,0.0553
2018-03-13 00:00:00+00:00,0.0557
2018-03-14 00:00:00+00:00,0.0492
2018-03-15 00:00:00+00:00,0.0543
2018-03-16 00:00:00+00:00,0.0478
2018-03-17 00:00:00+00:00,0.0477
2018-03-18 00:00:00+00:00,0.016
2018-03-19 00:00:00+00:00,0.043
2018-03-20 00:00:00+00:00,0.0376
2018-03-21 00:00:00+00:00,0.0592
2018-03-22 00:00:00+00:00,0.0521
2018-03-23 00:00:00+00:00,0.0737
2018-03-24 00:00:00+00:00,0.035
2018-03-25 00:00:00+00:00,0.0235
2018-03-26 00:00:00+00:00,0.0629
2018-03-27 00:00:00+00:00,0.0646
2018-03-28 00:00:00+00:00,0.0547
2018-03-29 00:00:00+00:00,0.063
2018-03-30 00:00:00+00:00,0.0264
2018-03-31 00:00:00+00:00,0.0202
2018-04-01 00:00:00+00:00,0.0133
2018-04-02 00:00:00+00:00,0.0331
2018-04-03 00:00:00+00:00,0.0747
2018-04-04 00:00:00+00:00,0.087
2018-04-05 00:00:00+00:00,0.0683
2018-04-06 00:00:00+00:00,0.0545
2018-04-07 00:00:00+00:00,0.0254
2018-04-08 00:00:00+00:00,0.037
2018-04-09 00:00:00+00:00,0.057
2018-04-10 00:00:00+00:00,0.0471
2018-04-11 00:00:00+00:00,0.0581
2018-04-12 00:00:00+00:00,0.0605
2018-04-13 00:00:00+00:00,0.0738
2018-04-14 00:00:00+00:00,0.039
2018-04-15 00:00:00+00:00,0.0209
2018-04-16 00:00:00+00:00,0.0571
2018-04-17 00:00:00+00:00,0.0603
2018-04-18 00:00:00+00:00,0.0704
2018-04-19 00:00:00+00:00,0.0489
2018-04-20 00:00:00+00:00,0.0605
2018-04-21 00:00:00+00:00,0.0251
2018-04-22 00:00:00+00:00,0.0218
2018-04-23 00:00:00+00:00,0.0518
2018-04-24 00:00:00+00:00,0.0591
2018-04-25 00:00:00+00:00,0.0681
2018-04-26 00:00:00+00:00,0.0652
2018-04-27 00:00:00+00:00,0.0567
2018-04-28 00:00:00+00:00,0.0313
2018-04-29 00:00:00+00:00,0.0144
2018-04-30 00:00:00+00:00,0.0743
2018-05-01 00:00:00+00:00,0.0809
2018-05-02 00:00:00+00:00,0.0723
2018-05-03 00:00:00+00:00,0.0913
2018-05-04 00:00:00+00:00,0.0716
2018-05-05 00:00:00+00:00,0.029
2018-05-06 00:00:00+00:00,0.0313
2018-05-07 00:00:00+00:00,0.0539
2018-05-08 00:00:00+00:00,0.0711
2018-05-09 00:00:00+00:00,0.0627
2018-05-10 00:00:00+00:00,0.061
2018-05-11 00:00:00+00:00,0.061
2018-05-12 00:00:00+00:00,0.0329
2018-05-13 00:00:00+00:00,0.0296
2018-05-14 00:00:00+00:00,0.0559
2018-05-15 00:00:00+00:00,0.0545
2018-05-16 00:00:00+00:00,0.0599
2018-05-17 00:00:00+00:00,0.0508
2018-05-18 00:00:00+00:00,0.0411
2018-05-19 00:00:00+00:00,0.019
2018-05-20 00:00:00+00:00,0.0234
2018-05-21 00:00:00+00:00,0.0417
2018-05-22 00:00:00+00:00,0.0511
2018-05-23 00:00:00+00:00,0.0572
2018-05-24 00:00:00+00:00,0.059
2018-05-25 00:00:00+00:00,0.0596
2018-05-26 00:00:00+00:00,0.0258
2018-05-27 00:00:00+00:00,0.0299
2018-05-28 00:00:00+00:00,0.0365
2018-05-29 00:00:00+00:00,0.0729
2018-05-30 00:00:00+00:00,0.047
2018-05-31 00:00:00+00:00,0.0526
2018-06-01 00:00:00+00:00,0.048
2018-06-02 00:00:00+00:00,0.029
2018-06-03 00:00:00+00:00,0.0174
2018-06-04 00:00:00+00:00,0.043
2018-06-05 00:00:00+00:00,0.0564
2018-06-06 00:00:00+00:00,0.0504
2018-06-07 00:00:00+00:00,0.0629
2018-06-08 00:00:00+00:00,0.0518
2018-06-09 00:00:00+00:00,0.0292
2018-06-10 00:00:00+00:00,0.0318
2018-06-11 00:00:00+00:00,0.0456
2018-06-12 00:00:00+00:00,0.0685
2018-06-13 00:00:00+00:00,0.0445
2018-06-14 00:00:00+00:00,0.0637
2018-06-15 00:00:00+00:00,0.0494
2018-06-16 00:00:00+00:00,0.0225
2018-06-17 00:00:00+00:00,0.0348
2018-06-18 00:00:00+00:00,0.0641
2018-06-19 00:00:00+00:00,0.0584
2018-06-20 00:00:00+00:00,0.0502
2018-06-21 00:00:00+00:00,0.0459
2018-06-22 00:00:00+00:00,0.0441
2018-06-23 00:00:00+00:00,0.03
2018-06-24 00:00:00+00:00,0.0136
2018-06-25 00:00:00+00:00,0.0464
2018-06-26 00:00:00+00:00,0.0546
2018-06-27 00:00:00+00:00,0.0514
2018-06-28 00:00:00+00:00,0.0397
2018-06-29 00:00:00+00:00,0.0558
2018-06-30 00:00:00+00:00,0.031
2018-07-01 00:00:00+00:00,0.0293
2018-07-02 00:00:00+00:00,0.0366
2018-07-03 00:00:00+00:00,0.0453
2018-07-04 00:00:00+00:00,0.0394
2018-07-05 00:00:00+00:00,0.0523
2018-07-06 00:00:00+00:00,0.0533
2018-07-07 00:00:00+00:00,0.0335
2018-07-08 00:00:00+00:00,0.0142
2018-07-09 00:00:00+00:00,0.041
2018-07-10 00:00:00+00:00,0.0449
2018-07-11 00:00:00+00:00,0.0402
2018-07-12 00:00:00+00:00,0.0431
2018-07-13 00:00:00+00:00,0.1061
2018-07-14 00:00:00+00:00,0.0369
2018-07-15 00:00:00+00:00,0.022
2018-07-16 00:00:00+00:00,0.058
2018-07-17 00:00:00+00:00,0.051
2018-07-18 00:00:00+00:00,0.0634
2018-07-19 00:00:00+00:00,0.1566
2018-07-20 00:00:00+00:00,0.1406
2018-07-21 00:00:00+00:00,0.1072
2018-07-22 00:00:00+00:00,0.0254
2018-07-23 00:00:00+00:00,0.058
2018-07-24 00:00:00+00:00,0.0529
2018-07-25 00:00:00+00:00,0.0383
2018-07-26 00:00:00+00:00,0.0602
2018-07-27 00:00:00+00:00,0.0408
2018-07-28 00:00:00+00:00,0.0217
2018-07-29 00:00:00+00:00,0.0194
2018-07-30 00:00:00+00:00,0.0617
2018-07-31 00:00:00+00:00,0.0447
2018-08-01 00:00:00+00:00,0.0643
2018-08-02 00:00:00+00:00,0.0609
2018-08-03 00:00:00+00:00,0.0741
2018-08-04 00:00:00+00:00,0.0214
2018-08-05 00:00:00+00:00,0.0161
2018-08-06 00:00:00+00:00,0.0382
2018-08-07 00:00:00+00:00,0.0443
2018-08-08 00:00:00+00:00,0.0459
2018-08-09 00:00:00+00:00,0.0384
2018-08-10 00:00:00+00:00,0.0593
2018-08-11 00:00:00+00:00,0.0232
2018-08-12 00:00:00+00:00,0.0165
2018-08-13 00:00:00+00:00,0.0708
2018-08-14 00:00:00+00:00,0.0532
2018-08-15 00:00:00+00:00,0.0533
2018-08-16 00:00:00+00:00,0.0544
2018-08-17 00:00:00+00:00,0.0481
2018-08-18 00:00:00+00:00,0.0204
2018-08-19 00:00:00+00:00,0.0137
2018-08-20 00:00:00+00:00,0.0623
2018-08-21 00:00:00+00:00,0.0453
2018-08-22 00:00:00+00:00,0.0514
2018-08-23 00:00:00+00:00,0.0526
2018-08-24 00:00:00+00:00,0.0474
2018-08-25 00:00:00+00:00,0.0315
2018-08-26 00:00:00+00:00,0.0207
2018-08-27 00:00:00+00:00,0.0469
2018-08-28 00:00:00+00:00,0.0462
2018-08-29 00:00:00+00:00,0.0511
2018-08-30 00:00:00+00:00,0.0364
2018-08-31 00:00:00+00:00,0.0349
2018-09-01 00:00:00+00:00,0.0157
2018-09-02 00:00:00+00:00,0.0134
2018-09-03 00:00:00+00:00,0.027
2018-09-04 00:00:00+00:00,0.0539
2018-09-05 00:00:00+00:00,0.0333
2018-09-06 00:00:00+00:00,0.0399
2018-09-07 00:00:00+00:00,0.0319
2018-09-08 00:00:00+00:00,0.0122
2018-09-09 00:00:00+00:00,0.0102
2018-09-10 00:00:00+00:00,0.0391
2018-09-11 00:00:00+00:00,0.0373
2018-09-12 00:00:00+00:00,0.0396
2018-09-13 00:00:00+00:00,0.039
2018-09-14 00:00:00+00:00,0.043
2018-09-15 00:00:00+00:00,0.0216
2018-09-16 00:00:00+00:00,0.0129
2018-09-17 00:00:00+00:00,0.0425
2018-09-18 00:00:00+00:00,0.0381
2018-09-19 00:00:00+00:00,0.056
2018-09-20 00:00:00+00:00,0.0381
2018-09-21 00:00:00+00:00,0.0375
2018-09-22 00:00:00+00:00,0.019
2018-09-23 00:00:00+00:00,0.0121
2018-09-24 00:00:00+00:00,0.067
2018-09-25 00:00:00+00:00,0.0372
2018-09-26 00:00:00+00:00,0.0423
2018-09-27 00:00:00+00:00,0.0414
2018-09-28 00:00:00+00:00,0.0458
2018-09-29 00:00:00+00:00,0.0152
2018-09-30 00:00:00+00:00,0.015
2018-10-01 00:00:00+00:00,0.0439
2018-10-02 00:00:00+00:00,0.0396
2018-10-03 00:00:00+00:00,0.0506
2018-10-04 00:00:00+00:00,0.0396
2018-10-05 00:00:00+00:00,0.0438
2018-10-06 00:00:00+00:00,0.0143
2018-10-07 00:00:00+00:00,0.015
2018-10-08 00:00:00+00:00,0.0387
2018-10-09 00:00:00+00:00,0.0356
2018-10-10 00:00:00+00:00,0.0458
2018-10-11 00:00:00+00:00,0.0562
2018-10-12 00:00:00+00:00,0.0398
2018-10-13 00:00:00+00:00,0.0183
2018-10-14 00:00:00+00:00,0.0136
2018-10-15 00:00:00+00:00,0.0527
2018-10-16 00:00:00+00:00,0.0364
2018-10-17 00:00:00+00:00,0.037
2018-10-18 00:00:00+00:00,0.0269
2018-10-19 00:00:00+00:00,0.055
2018-10-20 00:00:00+00:00,0.0203
2018-10-21 00:00:00+00:00,0.0129
2018-10-22 00:00:00+00:00,0.0435
2018-10-23 00:00:00+00:00,0.0425
2018-10-24 00:00:00+00:00,0.0319
2018-10-25 00:00:00+00:00,0.0448
2018-10-26 00:00:00+00:00,0.0518
2018-10-27 00:00:00+00:00,0.0447
2018-10-28 00:00:00+00:00,0.0216
2018-10-29 00:00:00+00:00,0.0454
2018-10-30 00:00:00+00:00,0.0321
2018-10-31 00:00:00+00:00,0.0362
2018-11-01 00:00:00+00:00,0.0573
2018-11-02 00:00:00+00:00,0.0478
2018-11-03 00:00:00+00:00,0.0222
2018-11-04 00:00:00+00:00,0.0145
2018-11-05 00:00:00+00:00,0.0584
2018-11-06 00:00:00+00:00,0.0508
2018-11-07 00:00:00+00:00,0.0387
2018-11-08 00:00:00+00:00,0.0421
2018-11-09 00:00:00+00:00,0.0374
2018-11-10 00:00:00+00:00,0.023
2018-11-11 00:00:00+00:00,0.0159
2018-11-12 00:00:00+00:00,0.042
2018-11-13 00:00:00+00:00,0.0461
2018-11-14 00:00:00+00:00,0.0512
2018-11-15 00:00:00+00:00,0.0385
2018-11-16 00:00:00+00:00,0.0391
2018-11-17 00:00:00+00:00,0.0267
2018-11-18 00:00:00+00:00,0.0116
2018-11-19 00:00:00+00:00,0.0366
2018-11-20 00:00:00+00:00,0.0379
2018-11-21 00:00:00+00:00,0.0315
2018-11-22 00:00:00+00:00,0.0334
2018-11-23 00:00:00+00:00,0.047
2018-11-24 00:00:00+00:00,0.0173
2018-11-25 00:00:00+00:00,0.0158
2018-11-26 00:00:00+00:00,0.0328
2018-11-27 00:00:00+00:00,0.0361
2018-11-28 00:00:00+00:00,0.0329
2018-11-29 00:00:00+00:00,0.0337
2018-11-30 00:00:00+00:00,0.0431
2018-12-01 00:00:00+00:00,0.0192
2018-12-02 00:00:00+00:00,0.0103
2018-12-03 00:00:00+00:00,0.0354
2018-12-04 00:00:00+00:00,0.0526
2018-12-05 00:00:00+00:00,0.0456
2018-12-06 00:00:00+00:00,0.0388
2018-12-07 00:00:00+00:00,0.0436
2018-12-08 00:00:00+00:00,0.011
2018-12-09 00:00:00+00:00,0.0163
2018-12-10 00:00:00+00:00,0.0335
2018-12-11 00:00:00+00:00,0.0326
2018-12-12 00:00:00+00:00,0.0338
2018-12-13 00:00:00+00:00,0.0388
2018-12-14 00:00:00+00:00,0.0309
2018-12-15 00:00:00+00:00,0.0204
2018-12-16 00:00:00+00:00,0.0109
2018-12-17 00:00:00+00:00,0.0326
2018-12-18 00:00:00+00:00,0.0455
2018-12-19 00:00:00+00:00,0.0323
2018-12-20 00:00:00+00:00,0.0338
2018-12-21 00:00:00+00:00,0.0388
2018-12-22 00:00:00+00:00,0.0208
2018-12-23 00:00:00+00:00,0.0137
2018-12-24 00:00:00+00:00,0.0629
2018-12-25 00:00:00+00:00,0.0246
2018-12-26 00:00:00+00:00,0.0419
2018-12-27 00:00:00+00:00,0.0608
2018-12-28 00:00:00+00:00,0.0553
2018-12-29 00:00:00+00:00,0.0463
2018-12-30 00:00:00+00:00,0.0168
2018-12-31 00:00:00+00:00,0.0493
2019-01-01 00:00:00+00:00,0.0292
2019-01-02 00:00:00+00:00,0.0367
2019-01-03 00:00:00+00:00,0.0639
2019-01-04 00:00:00+00:00,0.0545
2019-01-05 00:00:00+00:00,0.0154
2019-01-06 00:00:00+00:00,0.0149
2019-01-07 00:00:00+00:00,0.038
2019-01-08 00:00:00+00:00,0.0467
2019-01-09 00:00:00+00:00,0.0357
2019-01-10 00:00:00+00:00,0.0497
2019-01-11 00:00:00+00:00,0.0492
2019-01-12 00:00:00+00:00,0.0236
2019-01-13 00:00:00+00:00,0.0172
2019-01-14 00:00:00+00:00,0.0483
2019-01-15 00:00:00+00:00,0.0443
2019-01-16 00:00:00+00:00,0.046
2019-01-17 00:00:00+00:00,0.0487
2019-01-18 00:00:00+00:00,0.0464
2019-01-19 00:00:00+00:00,0.0236
2019-01-20 00:00:00+00:00,0.0109
2019-01-21 00:00:00+00:00,0.0418
2019-01-22 00:00:00+00:00,0.04
2019-01-23 00:00:00+00:00,0.0432
2019-01-24 00:00:00+00:00,0.042
2019-01-25 00:00:00+00:00,0.0373
2019-01-26 00:00:00+00:00,0.0155
2019-01-27 00:00:00+00:00,0.0092
2019-01-28 00:00:00+00:00,0.0364
2019-01-29 00:00:00+00:00,0.0554
2019-01-30 00:00:00+00:00,0.0443
2019-01-31 00:00:00+00:00,0.0421
2019-02-01 00:00:00+00:00,0.048
2019-02-02 00:00:00+00:00,0.0207
2019-02-03 00:00:00+00:00,0.0155
2019-02-04 00:00:00+00:00,0.0511
2019-02-05 00:00:00+00:00,0.0437
2019-02-06 00:00:00+00:00,0.0382
2019-02-07 00:00:00+00:00,0.0313
2019-02-08 00:00:00+00:00,0.0346
2019-02-09 00:00:00+00:00,0.0132
2019-02-10 00:00:00+00:00,0.0143
2019-02-11 00:00:00+00:00,0.045
2019-02-12 00:00:00+00:00,0.04
2019-02-13 00:00:00+00:00,0.0364
2019-02-14 00:00:00+00:00,0.0444
2019-02-15 00:00:00+00:00,0.0415
2019-02-16 00:00:00+00:00,0.0274
2019-02-17 00:00:00+00:00,0.0283
2019-02-18 00:00:00+00:00,0.0417
2019-02-19 00:00:00+00:00,0.0481
2019-02-20 00:00:00+00:00,0.0535
2019-02-21 00:00:00+00:00,0.0458
2019-02-22 00:00:00+00:00,0.0644
2019-02-23 00:00:00+00:00,0.0246
2019-02-24 00:00:00+00:00,0.0223
2019-02-25 00:00:00+00:00,0.0626
2019-02-26 00:00:00+00:00,0.0412
2019-02-27 00:00:00+00:00,0.0348
2019-02-28 00:00:00+00:00,0.0398
2019-03-01 00:00:00+00:00,0.0467
2019-03-02 00:00:00+00:00,0.0278
2019-03-03 00:00:00+00:00,0.0235
2019-03-04 00:00:00+00:00,0.0502
2019-03-05 00:00:00+00:00,0.0384
2019-03-06 00:00:00+00:00,0.0336
2019-03-07 00:00:00+00:00,0.029
2019-03-08 00:00:00+00:00,0.042
2019-03-09 00:00:00+00:00,0.0237
2019-03-10 00:00:00+00:00,0.0206
2019-03-11 00:00:00+00:00,0.0387
2019-03-12 00:00:00+00:00,0.0477
2019-03-13 00:00:00+00:00,0.0339
2019-03-14 00:00:00+00:00,0.0348
2019-03-15 00:00:00+00:00,0.039
2019-03-16 00:00:00+00:00,0.0163
2019-03-17 00:00:00+00:00,0.0186
2019-03-18 00:00:00+00:00,0.0472
2019-03-19 00:00:00+00:00,0.0407
2019-03-20 00:00:00+00:00,0.0366
2019-03-21 00:00:00+00:00,0.0458
2019-03-22 00:00:00+00:00,0.035
2019-03-23 00:00:00+00:00,0.0238
2019-03-24 00:00:00+00:00,0.02
2019-03-25 00:00:00+00:00,0.0342
2019-03-26 00:00:00+00:00,0.0466
2019-03-27 00:00:00+00:00,0.0367
2019-03-28 00:00:00+00:00,0.0374
2019-03-29 00:00:00+00:00,0.0366
2019-03-30 00:00:00+00:00,0.015
2019-03-31 00:00:00+00:00,0.0137
2019-04-01 00:00:00+00:00,0.0369
2019-04-02 00:00:00+00:00,0.0374
2019-04-03 00:00:00+00:00,0.0496
2019-04-04 00:00:00+00:00,0.0555
2019-04-05 00:00:00+00:00,0.0399
2019-04-06 00:00:00+00:00,0.0165
2019-04-07 00:00:00+00:00,0.0237
2019-04-08 00:00:00+00:00,0.0708
2019-04-09 00:00:00+00:00,0.0546
2019-04-10 00:00:00+00:00,0.0384
2019-04-11 00:00:00+00:00,0.0422
2019-04-12 00:00:00+00:00,0.056
2019-04-13 00:00:00+00:00,0.0182
2019-04-14 00:00:00+00:00,0.0195
2019-04-15 00:00:00+00:00,0.0442
2019-04-16 00:00:00+00:00,0.0519
2019-04-17 00:00:00+00:00,0.0493
2019-04-18 00:00:00+00:00,0.0652
2019-04-19 00:00:00+00:00,0.0167
2019-04-20 00:00:00+00:00,0.0137
2019-04-21 00:00:00+00:00,0.0121
2019-04-22 00:00:00+00:00,0.0419
2019-04-23 00:00:00+00:00,0.0396
2019-04-24 00:00:00+00:00,0.06
2019-04-25 00:00:00+00:00,0.0418
2019-04-26 00:00:00+00:00,0.0485
2019-04-27 00:00:00+00:00,0.0181
2019-04-28 00:00:00+00:00,0.0138
2019-04-29 00:00:00+00:00,0.0608
2019-04-30 00:00:00+00:00,0.0456
2019-05-01 00:00:00+00:00,0.0449
2019-05-02 00:00:00+00:00,0.0625
2019-05-03 00:00:00+00:00,0.0498
2019-05-04 00:00:00+00:00,0.0171
2019-05-05 00:00:00+00:00,0.0208
2019-05-06 00:00:00+00:00,0.053
2019-05-07 00:00:00+00:00,0.058
2019-05-08 00:00:00+00:00,0.0467
2019-05-09 00:00:00+00:00,0.0462
2019-05-10 00:00:00+00:00,0.0399
2019-05-11 00:00:00+00:00,0.0231
2019-05-12 00:00:00+00:00,0.0164
2019-05-13 00:00:00+00:00,0.0651
2019-05-14 00:00:00+00:00,0.0602
2019-05-15 00:00:00+00:00,0.0457
2019-05-16 00:00:00+00:00,0.0387
2019-05-17 00:00:00+00:00,0.057
2019-05-18 00:00:00+00:00,0.0136
2019-05-19 00:00:00+00:00,0.0163
2019-05-20 00:00:00+00:00,0.0409
2019-05-21 00:00:00+00:00,0.0496
2019-05-22 00:00:00+00:00,0.0319
2019-05-23 00:00:00+00:00,0.0496
2019-05-24 00:00:00+00:00,0.0323
2019-05-25 00:00:00+00:00,0.0162
2019-05-26 00:00:00+00:00,0.0206
2019-05-27 00:00:00+00:00,0.0324
2019-05-28 00:00:00+00:00,0.0417
2019-05-29 00:00:00+00:00,0.0357
2019-05-30 00:00:00+00:00,0.0414
2019-05-31 00:00:00+00:00,0.0506
2019-06-01 00:00:00+00:00,0.018
2019-06-02 00:00:00+00:00,0.0136
2019-06-03 00:00:00+00:00,0.0508
2019-06-04 00:00:00+00:00,0.0442
2019-06-05 00:00:00+00:00,0.0454
2019-06-06 00:00:00+00:00,0.0674
2019-06-07 00:00:00+00:00,0.0417
2019-06-08 00:00:00+00:00,0.0107
2019-06-09 00:00:00+00:00,0.0161
2019-06-10 00:00:00+00:00,0.0604
2019-06-11 00:00:00+00:00,0.0513
2019-06-12 00:00:00+00:00,0.0439
2019-06-13 00:00:00+00:00,0.057
2019-06-14 00:00:00+00:00,0.0653
2019-06-15 00:00:00+00:00,0.0278
2019-06-16 00:00:00+00:00,0.0213
2019-06-17 00:00:00+00:00,0.0507
2019-06-18 00:00:00+00:00,0.0465
2019-06-19 00:00:00+00:00,0.039
2019-06-20 00:00:00+00:00,0.0638
2019-06-21 00:00:00+00:00,0.0896
2019-06-22 00:00:00+00:00,0.0321
2019-06-23 00:00:00+00:00,0.0244
2019-06-24 00:00:00+00:00,0.0811
2019-06-25 00:00:00+00:00,0.1018
2019-06-26 00:00:00+00:00,0.0968
2019-06-27 00:00:00+00:00,0.0474
2019-06-28 00:00:00+00:00,0.0608
2019-06-29 00:00:00+00:00,0.0198
2019-06-30 00:00:00+00:00,0.0205
2019-07-01 00:00:00+00:00,0.1146
2019-07-02 00:00:00+00:00,0.0643
2019-07-03 00:00:00+00:00,0.0531
2019-07-04 00:00:00+00:00,0.0412
2019-07-05 00:00:00+00:00,0.0919
2019-07-06 00:00:00+00:00,0.0339
2019-07-07 00:00:00+00:00,0.0157
2019-07-08 00:00:00+00:00,0.058
2019-07-09 00:00:00+00:00,0.0672
2019-07-10 00:00:00+00:00,0.0493
2019-07-11 00:00:00+00:00,0.0581
2019-07-12 00:00:00+00:00,0.0525
2019-07-13 00:00:00+00:00,0.0191
2019-07-14 00:00:00+00:00,0.0133
2019-07-15 00:00:00+00:00,0.0468
2019-07-16 00:00:00+00:00,0.0431
2019-07-17 00:00:00+00:00,0.0456
2019-07-18 00:00:00+00:00,0.0486
2019-07-19 00:00:00+00:00,0.0621
2019-07-20 00:00:00+00:00,0.0228
2019-07-21 00:00:00+00:00,0.0255
2019-07-22 00:00:00+00:00,0.071
2019-07-23 00:00:00+00:00,0.0486
2019-07-24 00:00:00+00:00,0.0483
2019-07-25 00:00:00+00:00,0.0551
2019-07-26 00:00:00+00:00,0.0569
2019-07-27 00:00:00+00:00,0.0197
2019-07-28 00:00:00+00:00,0.0252
2019-07-29 00:00:00+00:00,0.066
2019-07-30 00:00:00+00:00,0.0431
2019-07-31 00:00:00+00:00,0.0504
2019-08-01 00:00:00+00:00,0.066
2019-08-02 00:00:00+00:00,0.0468
2019-08-03 00:00:00+00:00,0.0131
2019-08-04 00:00:00+00:00,0.0167
2019-08-05 00:00:00+00:00,0.0778
2019-08-06 00:00:00+00:00,0.0657
2019-08-07 00:00:00+00:00,0.0871
2019-08-08 00:00:00+00:00,0.0967
2019-08-09 00:00:00+00:00,0.0684
2019-08-10 00:00:00+00:00,0.0278
2019-08-11 00:00:00+00:00,0.0206
2019-08-12 00:00:00+00:00,0.1134
2019-08-13 00:00:00+00:00,0.1241
2019-08-14 00:00:00+00:00,0.0755
2019-08-15 00:00:00+00:00,0.0733
2019-08-16 00:00:00+00:00,0.0545
2019-08-17 00:00:00+00:00,0.032
2019-08-18 00:00:00+00:00,0.0208
2019-08-19 00:00:00+00:00,0.0562
2019-08-20 00:00:00+00:00,0.0605
2019-08-21 00:00:00+00:00,0.0557
2019-08-22 00:00:00+00:00,0.0639
2019-08-23 00:00:00+00:00,0.0639
2019-08-24 00:00:00+00:00,0.0249
2019-08-25 00:00:00+00:00,0.0248
2019-08-26 00:00:00+00:00,0.0799
2019-08-27 00:00:00+00:00,0.064
2019-08-28 00:00:00+00:00,0.0648
2019-08-29 00:00:00+00:00,0.0685
2019-08-30 00:00:00+00:00,0.0861
2019-08-31 00:00:00+00:00,0.0261
2019-09-01 00:00:00+00:00,0.0162
2019-09-02 00:00:00+00:00,0.0458
2019-09-03 00:00:00+00:00,0.0558
2019-09-04 00:00:00+00:00,0.0675
2019-09-05 00:00:00+00:00,0.055
2019-09-06 00:00:00+00:00,0.0611
2019-09-07 00:00:00+00:00,0.033
2019-09-08 00:00:00+00:00,0.019
2019-09-09 00:00:00+00:00,0.0492
2019-09-10 00:00:00+00:00,0.0816
2019-09-11 00:00:00+00:00,0.0477
2019-09-12 00:00:00+00:00,0.0605
2019-09-13 00:00:00+00:00,0.0672
2019-09-14 00:00:00+00:00,0.0143
2019-09-15 00:00:00+00:00,0.0176
2019-09-16 00:00:00+00:00,0.0697
2019-09-17 00:00:00+00:00,0.0595
2019-09-18 00:00:00+00:00,0.06
2019-09-19 00:00:00+00:00,0.045
2019-09-20 00:00:00+00:00,0.0589
2019-09-21 00:00:00+00:00,0.017
2019-09-22 00:00:00+00:00,0.0112
2019-09-23 00:00:00+00:00,0.0635
2019-09-24 00:00:00+00:00,0.0518
2019-09-25 00:00:00+00:00,0.04
2019-09-26 00:00:00+00:00,0.0478
2019-09-27 00:00:00+00:00,0.0498
2019-09-28 00:00:00+00:00,0.0188
2019-09-29 00:00:00+00:00,0.017
2019-09-30 00:00:00+00:00,0.0462
2019-10-01 00:00:00+00:00,0.0702
2019-10-02 00:00:00+00:00,0.0463
2019-10-03 00:00:00+00:00,0.0584
2019-10-04 00:00:00+00:00,0.0603
2019-10-05 00:00:00+00:00,0.0169
2019-10-06 00:00:00+00:00,0.0147
2019-10-07 00:00:00+00:00,0.084
2019-10-08 00:00:00+00:00,0.0635
2019-10-09 00:00:00+00:00,0.0632
2019-10-10 00:00:00+00:00,0.0506
2019-10-11 00:00:00+00:00,0.0755
2019-10-12 00:00:00+00:00,0.0246
2019-10-13 00:00:00+00:00,0.0196
2019-10-14 00:00:00+00:00,0.0598
2019-10-15 00:00:00+00:00,0.0466
2019-10-16 00:00:00+00:00,0.0586
2019-10-17 00:00:00+00:00,0.0473
2019-10-18 00:00:00+00:00,0.05
2019-10-19 00:00:00+00:00,0.0171
2019-10-20 00:00:00+00:00,0.0227
2019-10-21 00:00:00+00:00,0.0431
2019-10-22 00:00:00+00:00,0.066
2019-10-23 00:00:00+00:00,0.0578
2019-10-24 00:00:00+00:00,0.0537
2019-10-25 00:00:00+00:00,0.0798
2019-10-26 00:00:00+00:00,0.0281
2019-10-27 00:00:00+00:00,0.0189
2019-10-28 00:00:00+00:00,0.0921
2019-10-29 00:00:00+00:00,0.0633
2019-10-30 00:00:00+00:00,0.0466
2019-10-31 00:00:00+00:00,0.0474
2019-11-01 00:00:00+00:00,0.0583
2019-11-02 00:00:00+00:00,0.0166
2019-11-03 00:00:00+00:00,0.0194
2019-11-04 00:00:00+00:00,0.0611
2019-11-05 00:00:00+00:00,0.0593
2019-11-06 00:00:00+00:00,0.0695
2019-11-07 00:00:00+00:00,0.0801
2019-11-08 00:00:00+00:00,0.0534
2019-11-09 00:00:00+00:00,0.0187
2019-11-10 00:00:00+00:00,0.0223
2019-11-11 00:00:00+00:00,0.0509
2019-11-12 00:00:00+00:00,0.0835
2019-11-13 00:00:00+00:00,0.0495
2019-11-14 00:00:00+00:00,0.0424
2019-11-15 00:00:00+00:00,0.0619
2019-11-16 00:00:00+00:00,0.0135
2019-11-17 00:00:00+00:00,0.0148
2019-11-18 00:00:00+00:00,0.0721
2019-11-19 00:00:00+00:00,0.0519
2019-11-20 00:00:00+00:00,0.0524
2019-11-21 00:00:00+00:00,0.0501
2019-11-22 00:00:00+00:00,0.0539
2019-11-23 00:00:00+00:00,0.0158
2019-11-24 00:00:00+00:00,0.0145
2019-11-25 00:00:00+00:00,0.0815
2019-11-26 00:00:00+00:00,0.0383
2019-11-27 00:00:00+00:00,0.0372
2019-11-28 00:00:00+00:00,0.0368
2019-11-29 00:00:00+00:00,0.0454
2019-11-30 00:00:00+00:00,0.0213
2019-12-01 00:00:00+00:00,0.0119
2019-12-02 00:00:00+00:00,0.0443
2019-12-03 00:00:00+00:00,0.0566
2019-12-04 00:00:00+00:00,0.0489
2019-12-05 00:00:00+00:00,0.0417
2019-12-06 00:00:00+00:00,0.0356
2019-12-07 00:00:00+00:00,0.0141
2019-12-08 00:00:00+00:00,0.0133
2019-12-09 00:00:00+00:00,0.0347
2019-12-10 00:00:00+00:00,0.0463
2019-12-11 00:00:00+00:00,0.0466
2019-12-12 00:00:00+00:00,0.0444
2019-12-13 00:00:00+00:00,0.0641
2019-12-14 00:00:00+00:00,0.032
2019-12-15 00:00:00+00:00,0.0238
2019-12-16 00:00:00+00:00,0.0519
2019-12-17 00:00:00+00:00,0.0555
2019-12-18 00:00:00+00:00,0.0443
2019-12-19 00:00:00+00:00,0.0366
2019-12-20 00:00:00+00:00,0.0715
2019-12-21 00:00:00+00:00,0.0167
2019-12-22 00:00:00+00:00,0.0155
2019-12-23 00:00:00+00:00,0.0719
2019-12-24 00:00:00+00:00,0.0686
2019-12-25 00:00:00+00:00,0.0145
2019-12-26 00:00:00+00:00,0.0459
2019-12-27 00:00:00+00:00,0.0678
2019-12-28 00:00:00+00:00,0.0183
2019-12-29 00:00:00+00:00,0.0184
2019-12-30 00:00:00+00:00,0.0569
2019-12-31 00:00:00+00:00,0.0687
2020-01-01 00:00:00+00:00,0.0335
2020-01-02 00:00:00+00:00,0.039
2020-01-03 00:00:00+00:00,0.0786
2020-01-04 00:00:00+00:00,0.0231
2020-01-05 00:00:00+00:00,0.0265
2020-01-06 00:00:00+00:00,0.2144
2020-01-07 00:00:00+00:00,0.0924
2020-01-08 00:00:00+00:00,0.1513
2020-01-09 00:00:00+00:00,0.0757
2020-01-10 00:00:00+00:00,0.0533
2020-01-11 00:00:00+00:00,0.0228
2020-01-12 00:00:00+00:00,0.0179
2020-01-13 00:00:00+00:00,0.0748
2020-01-14 00:00:00+00:00,0.0596
2020-01-15 00:00:00+00:00,0.0635
2020-01-16 00:00:00+00:00,0.0531
2020-01-17 00:00:00+00:00,0.0479
2020-01-18 00:00:00+00:00,0.016
2020-01-19 00:00:00+00:00,0.0232
2020-01-20 00:00:00+00:00,0.0684
2020-01-21 00:00:00+00:00,0.0727
2020-01-22 00:00:00+00:00,0.0658
2020-01-23 00:00:00+00:00,0.0327
2020-01-24 00:00:00+00:00,0.0451
2020-01-25 00:00:00+00:00,0.0185
2020-01-26 00:00:00+00:00,0.0165
2020-01-27 00:00:00+00:00,0.1291
2020-01-28 00:00:00+00:00,0.1099
2020-01-29 00:00:00+00:00,0.0631
2020-01-30 00:00:00+00:00,0.0754
2020-01-31 00:00:00+00:00,0.0868
2020-02-01 00:00:00+00:00,0.0432
2020-02-02 00:00:00+00:00,0.0183
2020-02-03 00:00:00+00:00,0.0431
2020-02-04 00:00:00+00:00,0.063
2020-02-05 00:00:00+00:00,0.0383
2020-02-06 00:00:00+00:00,0.05
2020-02-07 00:00:00+00:00,0.0318
2020-02-08 00:00:00+00:00,0.0151
2020-02-09 00:00:00+00:00,0.0217
2020-02-10 00:00:00+00:00,0.0638
2020-02-11 00:00:00+00:00,0.0416
2020-02-12 00:00:00+00:00,0.0667
2020-02-13 00:00:00+00:00,0.056
2020-02-14 00:00:00+00:00,0.0474
2020-02-15 00:00:00+00:00,0.019
2020-02-16 00:00:00+00:00,0.0226
2020-02-17 00:00:00+00:00,0.0417
2020-02-18 00:00:00+00:00,0.06
2020-02-19 00:00:00+00:00,0.0673
2020-02-20 00:00:00+00:00,0.0597
2020-02-21 00:00:00+00:00,0.0864
2020-02-22 00:00:00+00:00,0.0362
2020-02-23 00:00:00+00:00,0.0269
2020-02-24 00:00:00+00:00,0.2432
2020-02-25 00:00:00+00:00,0.0962
2020-02-26 00:00:00+00:00,0.103
2020-02-27 00:00:00+00:00,0.1016
2020-02-28 00:00:00+00:00,0.0876
2020-02-29 00:00:00+00:00,0.0278
2020-03-01 00:00:00+00:00,0.0303
2020-03-02 00:00:00+00:00,0.0622
2020-03-03 00:00:00+00:00,0.0608
2020-03-04 00:00:00+00:00,0.0465
2020-03-05 00:00:00+00:00,0.0498
2020-03-06 00:00:00+00:00,0.0759
2020-03-07 00:00:00+00:00,0.0253
2020-03-08 00:00:00+00:00,0.0217
2020-03-09 00:00:00+00:00,0.0745
2020-03-10 00:00:00+00:00,0.052
2020-03-11 00:00:00+00:00,0.0669
2020-03-12 00:00:00+00:00,0.0626
2020-03-13 00:00:00+00:00,0.0462
2020-03-14 00:00:00+00:00,0.02
2020-03-15 00:00:00+00:00,0.0317
2020-03-16 00:00:00+00:00,0.0676
2020-03-17 00:00:00+00:00,0.0711
2020-03-18 00:00:00+00:00,0.0446
2020-03-19 00:00:00+00:00,0.048
2020-03-20 00:00:00+00:00,0.0511
2020-03-21 00:00:00+00:00,0.0176
2020-03-22 00:00:00+00:00,0.0159
2020-03-23 00:00:00+00:00,0.0441
2020-03-24 00:00:00+00:00,0.069
2020-03-25 00:00:00+00:00,0.0538
2020-03-26 00:00:00+00:00,0.054
2020-03-27 00:00:00+00:00,0.0641
2020-03-28 00:00:00+00:00,0.016
2020-03-29 00:00:00+00:00,0.0122
2020-03-30 00:00:00+00:00,0.0459
2020-03-31 00:00:00+00:00,0.0511
2020-04-01 00:00:00+00:00,0.0426
2020-04-02 00:00:00+00:00,0.0549
2020-04-03 00:00:00+00:00,0.0527
2020-04-04 00:00:00+00:00,0.0153
2020-04-05 00:00:00+00:00,0.0158
2020-04-06 00:00:00+00:00,0.0568
2020-04-07 00:00:00+00:00,0.0557
2020-04-08 00:00:00+00:00,0.0528
2020-04-09 00:00:00+00:00,0.0427
2020-04-10 00:00:00+00:00,0.0382
2020-04-11 00:00:00+00:00,0.0172
2020-04-12 00:00:00+00:00,0.0158
2020-04-13 00:00:00+00:00,0.0544
2020-04-14 00:00:00+00:00,0.1119
2020-04-15 00:00:00+00:00,0.0755
2020-04-16 00:00:00+00:00,0.0571
2020-04-17 00:00:00+00:00,0.0568
2020-04-18 00:00:00+00:00,0.0177
2020-04-19 00:00:00+00:00,0.0138
2020-04-20 00:00:00+00:00,0.0576
2020-04-21 00:00:00+00:00,0.0573
2020-04-22 00:00:00+00:00,0.0454
2020-04-23 00:00:00+00:00,0.04
2020-04-24 00:00:00+00:00,0.0528
2020-04-25 00:00:00+00:00,0.0215
2020-04-26 00:00:00+00:00,0.026
2020-04-27 00:00:00+00:00,0.0499
2020-04-28 00:00:00+00:00,0.0509
2020-04-29 00:00:00+00:00,0.0544
2020-04-30 00:00:00+00:00,0.0809
2020-05-01 00:00:00+00:00,0.0731
2020-05-02 00:00:00+00:00,0.0221
2020-05-03 00:00:00+00:00,0.0298
2020-05-04 00:00:00+00:00,0.0469
2020-05-05 00:00:00+00:00,0.0666
2020-05-06 00:00:00+00:00,0.0881
2020-05-07 00:00:00+00:00,0.0619
2020-05-08 00:00:00+00:00,0.0621
2020-05-09 00:00:00+00:00,0.0219
2020-05-10 00:00:00+00:00,0.0285
2020-05-11 00:00:00+00:00,0.0643
2020-05-12 00:00:00+00:00,0.0585
2020-05-13 00:00:00+00:00,0.0524
2020-05-14 00:00:00+00:00,0.0429
2020-05-15 00:00:00+00:00,0.0532
2020-05-16 00:00:00+00:00,0.0207
2020-05-17 00:00:00+00:00,0.0173
2020-05-18 00:00:00+00:00,0.0528
2020-05-19 00:00:00+00:00,0.0979
2020-05-20 00:00:00+00:00,0.0545
2020-05-21 00:00:00+00:00,0.062
2020-05-22 00:00:00+00:00,0.0596
2020-05-23 00:00:00+00:00,0.0216
2020-05-24 00:00:00+00:00,0.0139
2020-05-25 00:00:00+00:00,0.0736
2020-05-26 00:00:00+00:00,0.0427
2020-05-27 00:00:00+00:00,0.0873
2020-05-28 00:00:00+00:00,0.0656
2020-05-29 00:00:00+00:00,0.0624
2020-05-30 00:00:00+00:00,0.0217
2020-05-31 00:00:00+00:00,0.017
2020-06-01 00:00:00+00:00,0.0556
2020-06-02 00:00:00+00:00,0.0799
2020-06-03 00:00:00+00:00,0.0608
2020-06-04 00:00:00+00:00,0.0574
2020-06-05 00:00:00+00:00,0.0534
2020-06-06 00:00:00+00:00,0.0213
2020-06-07 00:00:00+00:00,0.0129
2020-06-08 00:00:00+00:00,0.0492
2020-06-09 00:00:00+00:00,0.0527
2020-06-10 00:00:00+00:00,0.0497
2020-06-11 00:00:00+00:00,0.0566
2020-06-12 00:00:00+00:00,0.0455
2020-06-13 00:00:00+00:00,0.0142
2020-06-14 00:00:00+00:00,0.0195
2020-06-15 00:00:00+00:00,0.0412
2020-06-16 00:00:00+00:00,0.0453
2020-06-17 00:00:00+00:00,0.0426
2020-06-18 00:00:00+00:00,0.0494
2020-06-19 00:00:00+00:00,0.058
2020-06-20 00:00:00+00:00,0.0235
2020-06-21 00:00:00+00:00,0.0265
2020-06-22 00:00:00+00:00,0.0747
2020-06-23 00:00:00+00:00,0.074
2020-06-24 00:00:00+00:00,0.0775
2020-06-25 00:00:00+00:00,0.0509
2020-06-26 00:00:00+00:00,0.0506
2020-06-27 00:00:00+00:00,0.0219
2020-06-28 00:00:00+00:00,0.0366
2020-06-29 00:00:00+00:00,0.0489
2020-06-30 00:00:00+00:00,0.058
2020-07-01 00:00:00+00:00,0.0733
2020-07-02 00:00:00+00:00,0.06
2020-07-03 00:00:00+00:00,0.0485
2020-07-04 00:00:00+00:00,0.0204
2020-07-05 00:00:00+00:00,0.0203
2020-07-06 00:00:00+00:00,0.0789
2020-07-07 00:00:00+00:00,0.0574
2020-07-08 00:00:00+00:00,0.1133
2020-07-09 00:00:00+00:00,0.0687
2020-07-10 00:00:00+00:00,0.064
2020-07-11 00:00:00+00:00,0.0221
2020-07-12 00:00:00+00:00,0.019
2020-07-13 00:00:00+00:00,0.0668
2020-07-14 00:00:00+00:00,0.0708
2020-07-15 00:00:00+00:00,0.0701
2020-07-16 00:00:00+00:00,0.0623
2020-07-17 00:00:00+00:00,0.0549
2020-07-18 00:00:00+00:00,0.0206
2020-07-19 00:00:00+00:00,0.0153
2020-07-20 00:00:00+00:00,0.0978
2020-07-21 00:00:00+00:00,0.0921
2020-07-22 00:00:00+00:00,0.0844
2020-07-23 00:00:00+00:00,0.0872
2020-07-24 00:00:00+00:00,0.1018
2020-07-25 00:00:00+00:00,0.0482
2020-07-26 00:00:00+00:00,0.0334
2020-07-27 00:00:00+00:00,0.1732
2020-07-28 00:00:00+00:00,0.1407
2020-07-29 00:00:00+00:00,0.1105
2020-07-30 00:00:00+00:00,0.1086
2020-07-31 00:00:00+00:00,0.0878
2020-08-01 00:00:00+00:00,0.0384
2020-08-02 00:00:00+00:00,0.0318
2020-08-03 00:00:00+00:00,0.1329
2020-08-04 00:00:00+00:00,0.1096
2020-08-05 00:00:00+00:00,0.1218
2020-08-06 00:00:00+00:00,0.1059
2020-08-07 00:00:00+00:00,0.0973
2020-08-08 00:00:00+00:00,0.0447
2020-08-09 00:00:00+00:00,0.0228
2020-08-10 00:00:00+00:00,0.0904
2020-08-11 00:00:00+00:00,0.0833
2020-08-12 00:00:00+00:00,0.1114
2020-08-13 00:00:00+00:00,0.0868
2020-08-14 00:00:00+00:00,0.0896
2020-08-15 00:00:00+00:00,0.0353
2020-08-16 00:00:00+00:00,0.039
2020-08-17 00:00:00+00:00,0.0735
2020-08-18 00:00:00+00:00,0.1146
2020-08-19 00:00:00+00:00,0.0695
2020-08-20 00:00:00+00:00,0.0695
2020-08-21 00:00:00+00:00,0.058
2020-08-22 00:00:00+00:00,0.0253
2020-08-23 00:00:00+00:00,0.0228
2020-08-24 00:00:00+00:00,0.0639
2020-08-25 00:00:00+00:00,0.0608
2020-08-26 00:00:00+00:00,0.0654
2020-08-27 00:00:00+00:00,0.0463
2020-08-28 00:00:00+00:00,0.0591
2020-08-29 00:00:00+00:00,0.0784
2020-08-30 00:00:00+00:00,0.0189
2020-08-31 00:00:00+00:00,0.0648
2020-09-01 00:00:00+00:00,0.0634
2020-09-02 00:00:00+00:00,0.0436
2020-09-03 00:00:00+00:00,0.0479
2020-09-04 00:00:00+00:00,0.0488
2020-09-05 00:00:00+00:00,0.0232
2020-09-06 00:00:00+00:00,0.0275
2020-09-07 00:00:00+00:00,0.0369
2020-09-08 00:00:00+00:00,0.0525
2020-09-09 00:00:00+00:00,0.0457
2020-09-10 00:00:00+00:00,0.0535
2020-09-11 00:00:00+00:00,0.049
2020-09-12 00:00:00+00:00,0.0325
2020-09-13 00:00:00+00:00,0.0335
2020-09-14 00:00:00+00:00,0.0583
2020-09-15 00:00:00+00:00,0.0761
2020-09-16 00:00:00+00:00,0.0544
2020-09-17 00:00:00+00:00,0.055
2020-09-18 00:00:00+00:00,0.07
2020-09-19 00:00:00+00:00,0.0374
2020-09-20 00:00:00+00:00,0.0195
2020-09-21 00:00:00+00:00,0.0675
2020-09-22 00:00:00+00:00,0.0633
2020-09-23 00:00:00+00:00,0.0599
2020-09-24 00:00:00+00:00,0.069
2020-09-25 00:00:00+00:00,0.0664
2020-09-26 00:00:00+00:00,0.0193
2020-09-27 00:00:00+00:00,0.0259
2020-09-28 00:00:00+00:00,0.0457
2020-09-29 00:00:00+00:00,0.0486
2020-09-30 00:00:00+00:00,0.049
2020-10-01 00:00:00+00:00,0.0477
2020-10-02 00:00:00+00:00,0.1076
2020-10-03 00:00:00+00:00,0.0527
2020-10-04 00:00:00+00:00,0.0191
2020-10-05 00:00:00+00:00,0.0617
2020-10-06 00:00:00+00:00,0.0508
2020-10-07 00:00:00+00:00,0.055
2020-10-08 00:00:00+00:00,0.0447
2020-10-09 00:00:00+00:00,0.0536
2020-10-10 00:00:00+00:00,0.0226
2020-10-11 00:00:00+00:00,0.0334
2020-10-12 00:00:00+00:00,0.0398
2020-10-13 00:00:00+00:00,0.0538
2020-10-14 00:00:00+00:00,0.0464
2020-10-15 00:00:00+00:00,0.0517
2020-10-16 00:00:00+00:00,0.0441
2020-10-17 00:00:00+00:00,0.021
2020-10-18 00:00:00+00:00,0.0168
2020-10-19 00:00:00+00:00,0.0854
2020-10-21 00:00:00+00:00,0.0456
2020-10-22 00:00:00+00:00,0.0526
2020-10-23 00:00:00+00:00,0.0483
2020-10-24 00:00:00+00:00,0.0193
2020-10-25 00:00:00+00:00,0.0156
2020-10-26 00:00:00+00:00,0.0538
2020-10-27 00:00:00+00:00,0.0496
2020-10-28 00:00:00+00:00,0.0566
2020-10-29 00:00:00+00:00,0.0566
2020-10-30 00:00:00+00:00,0.0478
2020-10-31 00:00:00+00:00,0.0589
2020-11-01 00:00:00+00:00,0.0134
2020-11-02 00:00:00+00:00,0.0709
2020-11-03 00:00:00+00:00,0.0591
2020-11-04 00:00:00+00:00,0.059
2020-11-05 00:00:00+00:00,0.0638
2020-11-06 00:00:00+00:00,0.0774
2020-11-07 00:00:00+00:00,0.0198
2020-11-08 00:00:00+00:00,0.0183
2020-11-09 00:00:00+00:00,0.0611
2020-11-10 00:00:00+00:00,0.0583
2020-11-11 00:00:00+00:00,0.0371
2020-11-12 00:00:00+00:00,0.067
2020-11-13 00:00:00+00:00,0.1027
2020-11-14 00:00:00+00:00,0.0673
2020-11-15 00:00:00+00:00,0.0097
2020-11-16 00:00:00+00:00,0.0423
2020-11-17 00:00:00+00:00,0.0371
2020-11-18 00:00:00+00:00,0.0395
2020-11-19 00:00:00+00:00,0.0513
2020-11-20 00:00:00+00:00,0.0506
2020-11-21 00:00:00+00:00,0.0237
2020-11-22 00:00:00+00:00,0.0198
2020-11-23 00:00:00+00:00,0.0584
2020-11-24 00:00:00+00:00,0.0746
2020-11-25 00:00:00+00:00,0.0479
2020-11-26 00:00:00+00:00,0.0561
2020-11-27 00:00:00+00:00,0.048
2020-11-28 00:00:00+00:00,0.0242
2020-11-29 00:00:00+00:00,0.013
2020-11-30 00:00:00+00:00,0.0485
2020-12-01 00:00:00+00:00,0.0418
2020-12-02 00:00:00+00:00,0.042
2020-12-03 00:00:00+00:00,0.0489
2020-12-04 00:00:00+00:00,0.0392
2020-12-05 00:00:00+00:00,0.0286
2020-12-06 00:00:00+00:00,0.0151
2020-12-07 00:00:00+00:00,0.0531
2020-12-08 00:00:00+00:00,0.058
2020-12-09 00:00:00+00:00,0.0503
2020-12-10 00:00:00+00:00,0.043
2020-12-11 00:00:00+00:00,0.0444
2020-12-12 00:00:00+00:00,0.0236
2020-12-13 00:00:00+00:00,0.021
2020-12-14 00:00:00+00:00,0.0371
2020-12-15 00:00:00+00:00,0.0535
2020-12-16 00:00:00+00:00,0.0725
2020-12-17 00:00:00+00:00,0.0611
2020-12-18 00:00:00+00:00,0.058
2020-12-19 00:00:00+00:00,0.0172
2020-12-20 00:00:00+00:00,0.0085
2020-12-21 00:00:00+00:00,0.0507
2020-12-22 00:00:00+00:00,0.0455
2020-12-23 00:00:00+00:00,0.0399
2020-12-24 00:00:00+00:00,0.046
2020-12-25 00:00:00+00:00,0.0194
2020-12-26 00:00:00+00:00,0.0113
2020-12-27 00:00:00+00:00,0.017
2020-12-28 00:00:00+00:00,0.0728
2020-12-29 00:00:00+00:00,0.0959
2020-12-30 00:00:00+00:00,0.0735
2020-12-31 00:00:00+00:00,0.0978
2021-01-01 00:00:00+00:00,0.0528
2021-01-02 00:00:00+00:00,0.0247
2021-01-03 00:00:00+00:00,0.0156
2021-01-04 00:00:00+00:00,0.0493
2021-01-05 00:00:00+00:00,0.0988
2021-01-06 00:00:00+00:00,0.0607
2021-01-07 00:00:00+00:00,0.0503
2021-01-08 00:00:00+00:00,0.0947
2021-01-09 00:00:00+00:00,0.0276
2021-01-10 00:00:00+00:00,0.0138
2021-01-11 00:00:00+00:00,0.053
2021-01-12 00:00:00+00:00,0.0493
2021-01-13 00:00:00+00:00,0.0481
2021-01-14 00:00:00+00:00,0.0647
2021-01-15 00:00:00+00:00,0.0488
2021-01-16 00:00:00+00:00,0.0175
2021-01-17 00:00:00+00:00,0.0185
2021-01-18 00:00:00+00:00,0.0553
2021-01-19 00:00:00+00:00,0.0526
2021-01-20 00:00:00+00:00,0.0485
2021-01-21 00:00:00+00:00,0.05
2021-01-22 00:00:00+00:00,0.0485
2021-01-23 00:00:00+00:00,0.0304
2021-01-24 00:00:00+00:00,0.0476
2021-01-25 00:00:00+00:00,0.0543
2021-01-26 00:00:00+00:00,0.0399
2021-01-27 00:00:00+00:00,0.0445
2021-01-28 00:00:00+00:00,0.0633
2021-01-29 00:00:00+00:00,0.0577
2021-01-30 00:00:00+00:00,0.0211
2021-01-31 00:00:00+00:00,0.0157
2021-02-01 00:00:00+00:00,0.1613
2021-02-02 00:00:00+00:00,0.0834
2021-02-03 00:00:00+00:00,0.0517
2021-02-04 00:00:00+00:00,0.0397
2021-02-05 00:00:00+00:00,0.0344
2021-02-06 00:00:00+00:00,0.025
2021-02-07 00:00:00+00:00,0.0189
2021-02-08 00:00:00+00:00,0.0583
2021-02-09 00:00:00+00:00,0.0521
2021-02-10 00:00:00+00:00,0.0588
2021-02-11 00:00:00+00:00,0.0563
2021-02-12 00:00:00+00:00,0.0532
2021-02-13 00:00:00+00:00,0.0173
2021-02-14 00:00:00+00:00,0.0139
2021-02-15 00:00:00+00:00,0.0328
2021-02-16 00:00:00+00:00,0.076
2021-02-17 00:00:00+00:00,0.0596
2021-02-18 00:00:00+00:00,0.07
2021-02-19 00:00:00+00:00,0.0577
2021-02-20 00:00:00+00:00,0.0277
2021-02-21 00:00:00+00:00,0.0379
2021-02-22 00:00:00+00:00,0.0471
2021-02-23 00:00:00+00:00,0.055
2021-02-24 00:00:00+00:00,0.0541
2021-02-25 00:00:00+00:00,0.0633
2021-02-26 00:00:00+00:00,0.0474
2021-02-27 00:00:00+00:00,0.0289
2021-02-28 00:00:00+00:00,0.0104
2021-03-01 00:00:00+00:00,0.0562
2021-03-02 00:00:00+00:00,0.0348
2021-03-03 00:00:00+00:00,0.05
2021-03-04 00:00:00+00:00,0.0507
2021-03-05 00:00:00+00:00,0.0506
2021-03-06 00:00:00+00:00,0.022
2021-03-07 00:00:00+00:00,0.0265
2021-03-08 00:00:00+00:00,0.0491
2021-03-09 00:00:00+00:00,0.0479
2021-03-10 00:00:00+00:00,0.0343
2021-03-11 00:00:00+00:00,0.0628
2021-03-12 00:00:00+00:00,0.0417
2021-03-13 00:00:00+00:00,0.0204
2021-03-14 00:00:00+00:00,0.0065
2021-03-15 00:00:00+00:00,0.0395
2021-03-16 00:00:00+00:00,0.0442
2021-03-17 00:00:00+00:00,0.0361
2021-03-18 00:00:00+00:00,0.0411
2021-03-19 00:00:00+00:00,0.0322
2021-03-20 00:00:00+00:00,0.016
2021-03-21 00:00:00+00:00,0.0154
2021-03-22 00:00:00+00:00,0.0575
2021-03-23 00:00:00+00:00,0.0497
2021-03-24 00:00:00+00:00,0.0315
2021-03-25 00:00:00+00:00,0.0383
2021-03-26 00:00:00+00:00,0.0328
2021-03-27 00:00:00+00:00,0.0139
2021-03-28 00:00:00+00:00,0.0123
2021-03-29 00:00:00+00:00,0.0364
2021-03-30 00:00:00+00:00,0.0584
2021-03-31 00:00:00+00:00,0.0621
2021-04-01 00:00:00+00:00,0.0336
2021-04-02 00:00:00+00:00,0.0273
2021-04-03 00:00:00+00:00,0.0159
2021-04-04 00:00:00+00:00,0.0151
2021-04-05 00:00:00+00:00,0.0433
2021-04-06 00:00:00+00:00,0.0393
2021-04-07 00:00:00+00:00,0.0451
2021-04-08 00:00:00+00:00,0.0424
2021-04-09 00:00:00+00:00,0.0507
2021-04-10 00:00:00+00:00,0.0134
2021-04-11 00:00:00+00:00,0.0155
2021-04-12 00:00:00+00:00,0.0584
2021-04-13 00:00:00+00:00,0.042
2021-04-14 00:00:00+00:00,0.042
2021-04-15 00:00:00+00:00,0.0284
2021-04-16 00:00:00+00:00,0.0404
2021-04-17 00:00:00+00:00,0.0136
2021-04-18 00:00:00+00:00,0.0153
2021-04-19 00:00:00+00:00,0.0381
2021-04-20 00:00:00+00:00,0.0454
2021-04-21 00:00:00+00:00,0.0498
2021-04-22 00:00:00+00:00,0.0473
2021-04-23 00:00:00+00:00,0.0382
2021-04-24 00:00:00+00:00,0.0106
2021-04-25 00:00:00+00:00,0.0132
2021-04-26 00:00:00+00:00,0.0331
2021-04-27 00:00:00+00:00,0.0332
2021-04-28 00:00:00+00:00,0.0367
2021-04-29 00:00:00+00:00,0.058
2021-04-30 00:00:00+00:00,0.0374
2021-05-01 00:00:00+00:00,0.0371
2021-05-02 00:00:00+00:00,0.0163
2021-05-03 00:00:00+00:00,0.033
2021-05-04 00:00:00+00:00,0.0425
2021-05-05 00:00:00+00:00,0.045
2021-05-06 00:00:00+00:00,0.0483
2021-05-07 00:00:00+00:00,0.0436
2021-05-08 00:00:00+00:00,0.0253
2021-05-09 00:00:00+00:00,0.0254
2021-05-10 00:00:00+00:00,0.0433
2021-05-11 00:00:00+00:00,0.0515
2021-05-12 00:00:00+00:00,0.0504
2021-05-13 00:00:00+00:00,0.05
2021-05-14 00:00:00+00:00,0.0413
2021-05-15 00:00:00+00:00,0.0137
2021-05-16 00:00:00+00:00,0.0134
2021-05-17 00:00:00+00:00,0.0429
2021-05-18 00:00:00+00:00,0.0479
2021-05-19 00:00:00+00:00,0.0464
2021-05-20 00:00:00+00:00,0.036
2021-05-21 00:00:00+00:00,0.037
2021-05-22 00:00:00+00:00,0.0166
2021-05-23 00:00:00+00:00,0.0166
2021-05-24 00:00:00+00:00,0.035
2021-05-25 00:00:00+00:00,0.0477
2021-05-26 00:00:00+00:00,0.0524
2021-05-27 00:00:00+00:00,0.0627
2021-05-28 00:00:00+00:00,0.0506
2021-05-29 00:00:00+00:00,0.0159
2021-05-30 00:00:00+00:00,0.016
2021-05-31 00:00:00+00:00,0.041
2021-06-01 00:00:00+00:00,0.0486
2021-06-02 00:00:00+00:00,0.0359
2021-06-03 00:00:00+00:00,0.0621
2021-06-04 00:00:00+00:00,0.0457
2021-06-05 00:00:00+00:00,0.0133
2021-06-06 00:00:00+00:00,0.0112
2021-06-07 00:00:00+00:00,0.0463
2021-06-08 00:00:00+00:00,0.0369
2021-06-09 00:00:00+00:00,0.0321
2021-06-10 00:00:00+00:00,0.0464
2021-06-11 00:00:00+00:00,0.0413
2021-06-12 00:00:00+00:00,0.0108
2021-06-13 00:00:00+00:00,0.009
2021-06-14 00:00:00+00:00,0.0493
2021-06-15 00:00:00+00:00,0.0653
2021-06-16 00:00:00+00:00,0.0621
2021-06-17 00:00:00+00:00,0.0872
2021-06-18 00:00:00+00:00,0.0537
2021-06-19 00:00:00+00:00,0.031
2021-06-20 00:00:00+00:00,0.0232
2021-06-21 00:00:00+00:00,0.0437
2021-06-22 00:00:00+00:00,0.0439
2021-06-23 00:00:00+00:00,0.0442
2021-06-24 00:00:00+00:00,0.0747
2021-06-25 00:00:00+00:00,0.0696
2021-06-26 00:00:00+00:00,0.0209
2021-06-27 00:00:00+00:00,0.0146
2021-06-28 00:00:00+00:00,0.0747
2021-06-29 00:00:00+00:00,0.0463
2021-06-30 00:00:00+00:00,0.0409
2021-07-01 00:00:00+00:00,0.0323
2021-07-02 00:00:00+00:00,0.0315
2021-07-03 00:00:00+00:00,0.0135
2021-07-04 00:00:00+00:00,0.0126
2021-07-05 00:00:00+00:00,0.0441
2021-07-06 00:00:00+00:00,0.0528
2021-07-07 00:00:00+00:00,0.0481
2021-07-08 00:00:00+00:00,0.0311
2021-07-09 00:00:00+00:00,0.0439
2021-07-10 00:00:00+00:00,0.0288
2021-07-11 00:00:00+00:00,0.0203
2021-07-12 00:00:00+00:00,0.029
2021-07-13 00:00:00+00:00,0.0559
2021-07-14 00:00:00+00:00,0.0412
2021-07-15 00:00:00+00:00,0.0315
2021-07-16 00:00:00+00:00,0.0342
2021-07-17 00:00:00+00:00,0.0159
2021-07-18 00:00:00+00:00,0.0206
2021-07-19 00:00:00+00:00,0.0553
2021-07-20 00:00:00+00:00,0.044
2021-07-21 00:00:00+00:00,0.0468
2021-07-22 00:00:00+00:00,0.0442
2021-07-23 00:00:00+00:00,0.0321
2021-07-24 00:00:00+00:00,0.0166
2021-07-25 00:00:00+00:00,0.0121
2021-07-26 00:00:00+00:00,0.0291
2021-07-27 00:00:00+00:00,0.0293
2021-07-28 00:00:00+00:00,0.044
2021-07-29 00:00:00+00:00,0.059
2021-07-30 00:00:00+00:00,0.0461
2021-07-31 00:00:00+00:00,0.0267
2021-08-01 00:00:00+00:00,0.0153
2021-08-02 00:00:00+00:00,0.0286
2021-08-03 00:00:00+00:00,0.0404
2021-08-04 00:00:00+00:00,0.0539
2021-08-05 00:00:00+00:00,0.0564
2021-08-06 00:00:00+00:00,0.0399
2021-08-07 00:00:00+00:00,0.02
2021-08-08 00:00:00+00:00,0.0202
2021-08-09 00:00:00+00:00,0.0772
2021-08-10 00:00:00+00:00,0.053
2021-08-11 00:00:00+00:00,0.0463
2021-08-12 00:00:00+00:00,0.0689
2021-08-13 00:00:00+00:00,0.0415
2021-08-14 00:00:00+00:00,0.0155
2021-08-15 00:00:00+00:00,0.0121
2021-08-16 00:00:00+00:00,0.0428
2021-08-17 00:00:00+00:00,0.0509
2021-08-18 00:00:00+00:00,0.0407
2021-08-19 00:00:00+00:00,0.0645
2021-08-20 00:00:00+00:00,0.0266
2021-08-21 00:00:00+00:00,0.0142
2021-08-22 00:00:00+00:00,0.0187
2021-08-23 00:00:00+00:00,0.0511
2021-08-24 00:00:00+00:00,0.0452
2021-08-25 00:00:00+00:00,0.0416
2021-08-26 00:00:00+00:00,0.0439
2021-08-27 00:00:00+00:00,0.0423
2021-08-28 00:00:00+00:00,0.0201
2021-08-29 00:00:00+00:00,0.0268
2021-08-30 00:00:00+00:00,0.051
2021-08-31 00:00:00+00:00,0.0369
2021-09-01 00:00:00+00:00,0.0284
2021-09-02 00:00:00+00:00,0.0411
2021-09-03 00:00:00+00:00,0.0327
2021-09-04 00:00:00+00:00,0.0246
2021-09-05 00:00:00+00:00,0.0166
2021-09-06 00:00:00+00:00,0.0292
2021-09-07 00:00:00+00:00,0.0657
2021-09-08 00:00:00+00:00,0.0393
2021-09-09 00:00:00+00:00,0.0511
2021-09-10 00:00:00+00:00,0.038
2021-09-11 00:00:00+00:00,0.0104
2021-09-12 00:00:00+00:00,0.0121
2021-09-13 00:00:00+00:00,0.0386
2021-09-14 00:00:00+00:00,0.0346
2021-09-15 00:00:00+00:00,0.0385
2021-09-16 00:00:00+00:00,0.0466
2021-09-17 00:00:00+00:00,0.0395
2021-09-18 00:00:00+00:00,0.0165
2021-09-19 00:00:00+00:00,0.0106
2021-09-20 00:00:00+00:00,0.0532
2021-09-21 00:00:00+00:00,0.0349
2021-09-22 00:00:00+00:00,0.0281
2021-09-23 00:00:00+00:00,0.0399
2021-09-24 00:00:00+00:00,0.0486
2021-09-25 00:00:00+00:00,0.0128
2021-09-26 00:00:00+00:00,0.0106
2021-09-27 00:00:00+00:00,0.0294
2021-09-28 00:00:00+00:00,0.044
2021-09-29 00:00:00+00:00,0.0453
2021-09-30 00:00:00+00:00,0.0435
2021-10-01 00:00:00+00:00,0.0361
2021-10-02 00:00:00+00:00,0.0168
2021-10-03 00:00:00+00:00,0.015
2021-10-04 00:00:00+00:00,0.0455
2021-10-05 00:00:00+00:00,0.0438
2021-10-06 00:00:00+00:00,0.1228
2021-10-07 00:00:00+00:00,0.0483
2021-10-08 00:00:00+00:00,0.0367
2021-10-09 00:00:00+00:00,0.0157
2021-10-10 00:00:00+00:00,0.0558
2021-10-11 00:00:00+00:00,0.0274
2021-10-12 00:00:00+00:00,0.0551
2021-10-13 00:00:00+00:00,0.0403
2021-10-14 00:00:00+00:00,0.036
2021-10-15 00:00:00+00:00,0.0294
2021-10-16 00:00:00+00:00,0.0153
2021-10-17 00:00:00+00:00,0.0177
2021-10-18 00:00:00+00:00,0.0259
2021-10-19 00:00:00+00:00,0.0469
2021-10-20 00:00:00+00:00,0.0314
2021-10-21 00:00:00+00:00,0.0379
2021-10-22 00:00:00+00:00,0.0288
2021-10-23 00:00:00+00:00,0.0413
2021-10-24 00:00:00+00:00,0.0153
2021-10-25 00:00:00+00:00,0.041
2021-10-26 00:00:00+00:00,0.037
2021-10-27 00:00:00+00:00,0.0334
2021-10-28 00:00:00+00:00,0.0393
2021-10-29 00:00:00+00:00,0.0353
2021-10-30 00:00:00+00:00,0.0231
2021-10-31 00:00:00+00:00,0.0173
2021-11-01 00:00:00+00:00,0.0287
2021-11-02 00:00:00+00:00,0.0334
2021-11-03 00:00:00+00:00,0.0434
2021-11-04 00:00:00+00:00,0.0387
2021-11-05 00:00:00+00:00,0.0394
2021-11-06 00:00:00+00:00,0.0148
2021-11-07 00:00:00+00:00,0.0184
2021-11-08 00:00:00+00:00,0.0326
2021-11-09 00:00:00+00:00,0.0396
2021-11-10 00:00:00+00:00,0.0409
2021-11-11 00:00:00+00:00,0.0418
2021-11-12 00:00:00+00:00,0.0613
2021-11-13 00:00:00+00:00,0.0314
2021-11-14 00:00:00+00:00,0.0147
2021-11-15 00:00:00+00:00,0.0363
2021-11-16 00:00:00+00:00,0.0496
2021-11-17 00:00:00+00:00,0.0318
2021-11-18 00:00:00+00:00,0.0451
2021-11-19 00:00:00+00:00,0.0337
2021-11-20 00:00:00+00:00,0.022
2021-11-21 00:00:00+00:00,0.0134
2021-11-22 00:00:00+00:00,0.0408
2021-11-23 00:00:00+00:00,0.0501
2021-11-24 00:00:00+00:00,0.0327
2021-11-25 00:00:00+00:00,0.0265
2021-11-26 00:00:00+00:00,0.0408
2021-11-27 00:00:00+00:00,0.0188
2021-11-28 00:00:00+00:00,0.0115
2021-11-29 00:00:00+00:00,0.0408
2021-11-30 00:00:00+00:00,0.0458
2021-12-01 00:00:00+00:00,0.0357
2021-12-02 00:00:00+00:00,0.0443
2021-12-03 00:00:00+00:00,0.0301
2021-12-04 00:00:00+00:00,0.0173
2021-12-05 00:00:00+00:00,0.0153
2021-12-06 00:00:00+00:00,0.0513
2021-12-07 00:00:00+00:00,0.0365
2021-12-08 00:00:00+00:00,0.0332
2021-12-09 00:00:00+00:00,0.0352
2021-12-10 00:00:00+00:00,0.0267
2021-12-11 00:00:00+00:00,0.0133
2021-12-12 00:00:00+00:00,0.0162
2021-12-13 00:00:00+00:00,0.0378
2021-12-14 00:00:00+00:00,0.04
2021-12-15 00:00:00+00:00,0.034
2021-12-16 00:00:00+00:00,0.0277
2021-12-17 00:00:00+00:00,0.0379
2021-12-18 00:00:00+00:00,0.0289
2021-12-19 00:00:00+00:00,0.0163
2021-12-20 00:00:00+00:00,0.0421
2021-12-21 00:00:00+00:00,0.0513
2021-12-22 00:00:00+00:00,0.0345
2021-12-23 00:00:00+00:00,0.0304
2021-12-24 00:00:00+00:00,0.0434
2021-12-25 00:00:00+00:00,0.0116
2021-12-26 00:00:00+00:00,0.013
2021-12-27 00:00:00+00:00,0.0275
2021-12-28 00:00:00+00:00,0.0356
2021-12-29 00:00:00+00:00,0.0307
2021-12-30 00:00:00+00:00,0.0459
2021-12-31 00:00:00+00:00,0.0499
2022-01-01 00:00:00+00:00,0.0248
2022-01-02 00:00:00+00:00,0.013
2022-01-03 00:00:00+00:00,0.0358
2022-01-04 00:00:00+00:00,0.0393
2022-01-05 00:00:00+00:00,0.0399
2022-01-06 00:00:00+00:00,0.0391
2022-01-07 00:00:00+00:00,0.0493
2022-01-08 00:00:00+00:00,0.0207
2022-01-09 00:00:00+00:00,0.0142
2022-01-10 00:00:00+00:00,0.0393
2022-01-11 00:00:00+00:00,0.063
2022-01-12 00:00:00+00:00,0.0396
2022-01-13 00:00:00+00:00,0.0449
2022-01-14 00:00:00+00:00,0.0324
2022-01-15 00:00:00+00:00,0.0154
2022-01-16 00:00:00+00:00,0.0103
2022-01-17 00:00:00+00:00,0.0372
2022-01-18 00:00:00+00:00,0.0489
2022-01-19 00:00:00+00:00,0.0609
2022-01-20 00:00:00+00:00,0.057
2022-01-21 00:00:00+00:00,0.0431
2022-01-22 00:00:00+00:00,0.0147
2022-01-23 00:00:00+00:00,0.021
2022-01-24 00:00:00+00:00,0.0379
2022-01-25 00:00:00+00:00,0.0516
2022-01-26 00:00:00+00:00,0.0401
2022-01-27 00:00:00+00:00,0.043
2022-01-28 00:00:00+00:00,0.0432
2022-01-29 00:00:00+00:00,0.0118
2022-01-30 00:00:00+00:00,0.0134
2022-01-31 00:00:00+00:00,0.0321
2022-02-01 00:00:00+00:00,0.0414
2022-02-02 00:00:00+00:00,0.0416
2022-02-03 00:00:00+00:00,0.0482
2022-02-04 00:00:00+00:00,0.0366
2022-02-05 00:00:00+00:00,0.0122
2022-02-06 00:00:00+00:00,0.0119
2022-02-07 00:00:00+00:00,0.0479
2022-02-08 00:00:00+00:00,0.0417
2022-02-09 00:00:00+00:00,0.0504
2022-02-10 00:00:00+00:00,0.0539
2022-02-11 00:00:00+00:00,0.0409
2022-02-12 00:00:00+00:00,0.0312
2022-02-13 00:00:00+00:00,0.0271
2022-02-14 00:00:00+00:00,0.0522
2022-02-15 00:00:00+00:00,0.0487
2022-02-16 00:00:00+00:00,0.0466
2022-02-17 00:00:00+00:00,0.0659
2022-02-18 00:00:00+00:00,0.0497
2022-02-19 00:00:00+00:00,0.0265
2022-02-20 00:00:00+00:00,0.021
2022-02-21 00:00:00+00:00,0.0486
2022-02-22 00:00:00+00:00,0.0772
2022-02-23 00:00:00+00:00,0.0635
2022-02-24 00:00:00+00:00,0.1186
2022-02-25 00:00:00+00:00,0.0653
2022-02-26 00:00:00+00:00,0.029
2022-02-27 00:00:00+00:00,0.0298
2022-02-28 00:00:00+00:00,0.0761
2022-03-01 00:00:00+00:00,0.052
2022-03-02 00:00:00+00:00,0.0451
2022-03-03 00:00:00+00:00,0.0346
2022-03-04 00:00:00+00:00,0.0443
2022-03-05 00:00:00+00:00,0.0158
2022-03-06 00:00:00+00:00,0.0237
2022-03-07 00:00:00+00:00,0.0721
2022-03-08 00:00:00+00:00,0.0729
2022-03-09 00:00:00+00:00,0.1017
2022-03-10 00:00:00+00:00,0.0659
2022-03-11 00:00:00+00:00,0.1383
2022-03-12 00:00:00+00:00,0.0406
2022-03-13 00:00:00+00:00,0.0315
2022-03-14 00:00:00+00:00,0.0448
2022-03-15 00:00:00+00:00,0.0447
2022-03-16 00:00:00+00:00,0.0476
2022-03-17 00:00:00+00:00,0.0404
2022-03-18 00:00:00+00:00,0.041
2022-03-19 00:00:00+00:00,0.0447
2022-03-20 00:00:00+00:00,0.0284
2022-03-21 00:00:00+00:00,0.0401
2022-03-22 00:00:00+00:00,0.0471
2022-03-23 00:00:00+00:00,0.0387
2022-03-24 00:00:00+00:00,0.0552
2022-03-25 00:00:00+00:00,0.0443
2022-03-26 00:00:00+00:00,0.0536
2022-03-27 00:00:00+00:00,0.0156
2022-03-28 00:00:00+00:00,0.0431
2022-03-29 00:00:00+00:00,0.0728
2022-03-30 00:00:00+00:00,0.0479
2022-03-31 00:00:00+00:00,0.0474
2022-04-01 00:00:00+00:00,0.0446
2022-04-02 00:00:00+00:00,0.0482
2022-04-03 00:00:00+00:00,0.0302
2022-04-04 00:00:00+00:00,0.0436
2022-04-05 00:00:00+00:00,0.0394
2022-04-06 00:00:00+00:00,0.0443
2022-04-07 00:00:00+00:00,0.0396
2022-04-08 00:00:00+00:00,0.0406
2022-04-09 00:00:00+00:00,0.0225
2022-04-10 00:00:00+00:00,0.0119
2022-04-11 00:00:00+00:00,0.0381
2022-04-12 00:00:00+00:00,0.0424
2022-04-13 00:00:00+00:00,0.0461
2022-04-14 00:00:00+00:00,0.0411
2022-04-15 00:00:00+00:00,0.0304
2022-04-16 00:00:00+00:00,0.0193
2022-04-17 00:00:00+00:00,0.0174
2022-04-18 00:00:00+00:00,0.0413
2022-04-19 00:00:00+00:00,0.0561
2022-04-20 00:00:00+00:00,0.0464
2022-04-21 00:00:00+00:00,0.0693
2022-04-22 00:00:00+00:00,0.0484
2022-04-23 00:00:00+00:00,0.0202
2022-04-24 00:00:00+00:00,0.0116
2022-04-25 00:00:00+00:00,0.0404
2022-04-26 00:00:00+00:00,0.0476
2022-04-27 00:00:00+00:00,0.0368
2022-04-28 00:00:00+00:00,0.045
2022-04-29 00:00:00+00:00,0.0448
2022-04-30 00:00:00+00:00,0.0337
2022-05-01 00:00:00+00:00,0.0186
2022-05-02 00:00:00+00:00,0.0533
2022-05-03 00:00:00+00:00,0.0718
2022-05-04 00:00:00+00:00,0.0437
2022-05-05 00:00:00+00:00,0.0339
2022-05-06 00:00:00+00:00,0.0332
2022-05-07 00:00:00+00:00,0.0214
2022-05-08 00:00:00+00:00,0.0128
2022-05-09 00:00:00+00:00,0.0452
2022-05-10 00:00:00+00:00,0.0479
2022-05-11 00:00:00+00:00,0.0548
2022-05-12 00:00:00+00:00,0.0637
2022-05-13 00:00:00+00:00,0.0428
2022-05-14 00:00:00+00:00,0.0229
2022-05-15 00:00:00+00:00,0.017
2022-05-16 00:00:00+00:00,0.0444
2022-05-17 00:00:00+00:00,0.037
2022-05-18 00:00:00+00:00,0.0326
2022-05-19 00:00:00+00:00,0.0284
2022-05-20 00:00:00+00:00,0.0341
2022-05-21 00:00:00+00:00,0.0115
2022-05-22 00:00:00+00:00,0.0181
2022-05-23 00:00:00+00:00,0.0435
2022-05-24 00:00:00+00:00,0.0303
2022-05-25 00:00:00+00:00,0.0382
2022-05-26 00:00:00+00:00,0.0422
2022-05-27 00:00:00+00:00,0.0327
2022-05-28 00:00:00+00:00,0.012
2022-05-29 00:00:00+00:00,0.0141
2022-05-30 00:00:00+00:00,0.0382
2022-05-31 00:00:00+00:00,0.042
2022-06-01 00:00:00+00:00,0.0358
2022-06-02 00:00:00+00:00,0.0342
2022-06-03 00:00:00+00:00,0.0334
2022-06-04 00:00:00+00:00,0.0141
2022-06-05 00:00:00+00:00,0.0157
2022-06-06 00:00:00+00:00,0.0366
2022-06-07 00:00:00+00:00,0.0388
2022-06-08 00:00:00+00:00,0.0482
2022-06-09 00:00:00+00:00,0.0321
2022-06-10 00:00:00+00:00,0.037
2022-06-11 00:00:00+00:00,0.0148
2022-06-12 00:00:00+00:00,0.0171
2022-06-13 00:00:00+00:00,0.0369
2022-06-14 00:00:00+00:00,0.0461
2022-06-15 00:00:00+00:00,0.0311
2022-06-16 00:00:00+00:00,0.0371
2022-06-17 00:00:00+00:00,0.0336
2022-06-18 00:00:00+00:00,0.0113
2022-06-19 00:00:00+00:00,0.0157
2022-06-20 00:00:00+00:00,0.0233
2022-06-21 00:00:00+00:00,0.0399
2022-06-22 00:00:00+00:00,0.0354
2022-06-23 00:00:00+00:00,0.0383
2022-06-24 00:00:00+00:00,0.0284
2022-06-25 00:00:00+00:00,0.0167
2022-06-26 00:00:00+00:00,0.0671
2022-06-27 00:00:00+00:00,0.0758
2022-06-28 00:00:00+00:00,0.0587
2022-06-29 00:00:00+00:00,0.0477
2022-06-30 00:00:00+00:00,0.033
2022-07-01 00:00:00+00:00,0.0457
2022-07-02 00:00:00+00:00,0.0178
2022-07-03 00:00:00+00:00,0.0228
2022-07-04 00:00:00+00:00,0.0401
2022-07-05 00:00:00+00:00,0.0558
2022-07-06 00:00:00+00:00,0.0379
2022-07-07 00:00:00+00:00,0.0396
2022-07-08 00:00:00+00:00,0.0412
2022-07-09 00:00:00+00:00,0.0294
2022-07-10 00:00:00+00:00,0.017
2022-07-11 00:00:00+00:00,0.0303
2022-07-12 00:00:00+00:00,0.0527
2022-07-13 00:00:00+00:00,0.0577
2022-07-14 00:00:00+00:00,0.0431
2022-07-15 00:00:00+00:00,0.03
2022-07-16 00:00:00+00:00,0.0169
2022-07-17 00:00:00+00:00,0.0137
2022-07-18 00:00:00+00:00,0.0515
2022-07-19 00:00:00+00:00,0.0419
2022-07-20 00:00:00+00:00,0.0463
2022-07-21 00:00:00+00:00,0.0404
2022-07-22 00:00:00+00:00,0.0464
2022-07-23 00:00:00+00:00,0.0266
2022-07-24 00:00:00+00:00,0.0156
2022-07-25 00:00:00+00:00,0.0666
2022-07-26 00:00:00+00:00,0.0449
2022-07-27 00:00:00+00:00,0.0448
2022-07-28 00:00:00+00:00,0.0583
2022-07-29 00:00:00+00:00,0.0587
2022-07-30 00:00:00+00:00,0.0273
2022-07-31 00:00:00+00:00,0.0231
2022-08-01 00:00:00+00:00,0.0425
2022-08-02 00:00:00+00:00,0.0456
2022-08-03 00:00:00+00:00,0.0736
2022-08-04 00:00:00+00:00,0.1305
2022-08-05 00:00:00+00:00,0.0507
2022-08-06 00:00:00+00:00,0.0364
2022-08-07 00:00:00+00:00,0.019
2022-08-08 00:00:00+00:00,0.0638
2022-08-09 00:00:00+00:00,0.04
2022-08-10 00:00:00+00:00,0.0383
2022-08-11 00:00:00+00:00,0.0486
2022-08-12 00:00:00+00:00,0.0419
2022-08-13 00:00:00+00:00,0.0182
2022-08-14 00:00:00+00:00,0.0118
2022-08-15 00:00:00+00:00,0.0572
2022-08-16 00:00:00+00:00,0.0374
2022-08-17 00:00:00+00:00,0.0504
2022-08-18 00:00:00+00:00,0.0489
2022-08-19 00:00:00+00:00,0.0453
2022-08-20 00:00:00+00:00,0.0168
2022-08-21 00:00:00+00:00,0.0165
2022-08-22 00:00:00+00:00,0.0387
2022-08-23 00:00:00+00:00,0.0342
2022-08-24 00:00:00+00:00,0.0304
2022-08-25 00:00:00+00:00,0.0323
2022-08-26 00:00:00+00:00,0.0339
2022-08-27 00:00:00+00:00,0.0196
2022-08-28 00:00:00+00:00,0.0133
2022-08-29 00:00:00+00:00,0.0304
2022-08-30 00:00:00+00:00,0.0378
2022-08-31 00:00:00+00:00,0.034
2022-09-01 00:00:00+00:00,0.0359
2022-09-02 00:00:00+00:00,0.0365
2022-09-03 00:00:00+00:00,0.0182
2022-09-04 00:00:00+00:00,0.0237
2022-09-05 00:00:00+00:00,0.0332
2022-09-06 00:00:00+00:00,0.0465
2022-09-07 00:00:00+00:00,0.0329
2022-09-08 00:00:00+00:00,0.0321
2022-09-09 00:00:00+00:00,0.0586
2022-09-10 00:00:00+00:00,0.016
2022-09-11 00:00:00+00:00,0.0065
2022-09-12 00:00:00+00:00,0.0486
2022-09-13 00:00:00+00:00,0.0519
2022-09-14 00:00:00+00:00,0.0368
2022-09-15 00:00:00+00:00,0.048
2022-09-16 00:00:00+00:00,0.0366
2022-09-17 00:00:00+00:00,0.0123
2022-09-18 00:00:00+00:00,0.0105
2022-09-19 00:00:00+00:00,0.0305
2022-09-20 00:00:00+00:00,0.0535
2022-09-21 00:00:00+00:00,0.0319
2022-09-22 00:00:00+00:00,0.0367
2022-09-23 00:00:00+00:00,0.0636
2022-09-24 00:00:00+00:00,0.0403
2022-09-25 00:00:00+00:00,0.0104
2022-09-26 00:00:00+00:00,0.0451
2022-09-27 00:00:00+00:00,0.0324
2022-09-28 00:00:00+00:00,0.0338
2022-09-29 00:00:00+00:00,0.0431
2022-09-30 00:00:00+00:00,0.0315
2022-10-01 00:00:00+00:00,0.0182
2022-10-02 00:00:00+00:00,0.009
2022-10-03 00:00:00+00:00,0.0475
2022-10-04 00:00:00+00:00,0.0474
2022-10-05 00:00:00+00:00,0.0446
2022-10-06 00:00:00+00:00,0.0391
2022-10-07 00:00:00+00:00,0.0284
2022-10-08 00:00:00+00:00,0.0185
2022-10-09 00:00:00+00:00,0.0439
2022-10-10 00:00:00+00:00,0.0427
2022-10-11 00:00:00+00:00,0.0478
2022-10-12 00:00:00+00:00,0.0469
2022-10-13 00:00:00+00:00,0.0466
2022-10-14 00:00:00+00:00,0.028
2022-10-15 00:00:00+00:00,0.0224
2022-10-16 00:00:00+00:00,0.0131
2022-10-17 00:00:00+00:00,0.049
2022-10-18 00:00:00+00:00,0.047
2022-10-19 00:00:00+00:00,0.0431
2022-10-20 00:00:00+00:00,0.0404
2022-10-21 00:00:00+00:00,0.0398
2022-10-22 00:00:00+00:00,0.0256
2022-10-23 00:00:00+00:00,0.0492
2022-10-24 00:00:00+00:00,0.0378
2022-10-25 00:00:00+00:00,0.0377
2022-10-26 00:00:00+00:00,0.0653
2022-10-27 00:00:00+00:00,0.0375
2022-10-28 00:00:00+00:00,0.029
2022-10-29 00:00:00+00:00,0.0175
2022-10-30 00:00:00+00:00,0.0117
2022-10-31 00:00:00+00:00,0.0308
2022-11-01 00:00:00+00:00,0.0509
2022-11-02 00:00:00+00:00,0.0529
2022-11-03 00:00:00+00:00,0.0419
2022-11-04 00:00:00+00:00,0.0396
2022-11-05 00:00:00+00:00,0.0197
2022-11-06 00:00:00+00:00,0.0174
2022-11-07 00:00:00+00:00,0.0743
2022-11-08 00:00:00+00:00,0.0375
2022-11-09 00:00:00+00:00,0.054
2022-11-10 00:00:00+00:00,0.0454
2022-11-11 00:00:00+00:00,0.0345
2022-11-12 00:00:00+00:00,0.0192
2022-11-13 00:00:00+00:00,0.0182
2022-11-14 00:00:00+00:00,0.0451
2022-11-15 00:00:00+00:00,0.0376
2022-11-16 00:00:00+00:00,0.0343
2022-11-17 00:00:00+00:00,0.0467
2022-11-18 00:00:00+00:00,0.0294
2022-11-19 00:00:00+00:00,0.0126
2022-11-20 00:00:00+00:00,0.0159
2022-11-21 00:00:00+00:00,0.0341
2022-11-22 00:00:00+00:00,0.0466
2022-11-23 00:00:00+00:00,0.0533
2022-11-24 00:00:00+00:00,0.0442
2022-11-25 00:00:00+00:00,0.0314
2022-11-26 00:00:00+00:00,0.0105
2022-11-27 00:00:00+00:00,0.0252
2022-11-28 00:00:00+00:00,0.0558
2022-11-29 00:00:00+00:00,0.0483
2022-11-30 00:00:00+00:00,0.0497
2022-12-01 00:00:00+00:00,0.0384
2022-12-02 00:00:00+00:00,0.0338
2022-12-03 00:00:00+00:00,0.0196
2022-12-04 00:00:00+00:00,0.0178
2022-12-05 00:00:00+00:00,0.0565
2022-12-06 00:00:00+00:00,0.0854
2022-12-07 00:00:00+00:00,0.0586
2022-12-08 00:00:00+00:00,0.0416
2022-12-09 00:00:00+00:00,0.0389
2022-12-10 00:00:00+00:00,0.0166
2022-12-11 00:00:00+00:00,0.0142
2022-12-12 00:00:00+00:00,0.0484
2022-12-13 00:00:00+00:00,0.0412
2022-12-14 00:00:00+00:00,0.0397
2022-12-15 00:00:00+00:00,0.0339
2022-12-16 00:00:00+00:00,0.0322
2022-12-17 00:00:00+00:00,0.0234
2022-12-18 00:00:00+00:00,0.0173
2022-12-19 00:00:00+00:00,0.0417
2022-12-20 00:00:00+00:00,0.0534
2022-12-21 00:00:00+00:00,0.0462
2022-12-22 00:00:00+00:00,0.041
2022-12-23 00:00:00+00:00,0.0333
2022-12-24 00:00:00+00:00,0.0119
2022-12-25 00:00:00+00:00,0.0106
2022-12-26 00:00:00+00:00,0.0214
2022-12-27 00:00:00+00:00,0.0428
2022-12-28 00:00:00+00:00,0.0315
2022-12-29 00:00:00+00:00,0.0373
2022-12-30 00:00:00+00:00,0.0358
2022-12-31 00:00:00+00:00,0.0212
2023-01-01 00:00:00+00:00,0.0128
2023-01-02 00:00:00+00:00,0.0188
2023-01-03 00:00:00+00:00,0.0436
2023-01-04 00:00:00+00:00,0.0444
2023-01-05 00:00:00+00:00,0.035
2023-01-06 00:00:00+00:00,0.0399
2023-01-07 00:00:00+00:00,0.0233
2023-01-08 00:00:00+00:00,0.0188
2023-01-09 00:00:00+00:00,0.033
2023-01-10 00:00:00+00:00,0.0542
2023-01-11 00:00:00+00:00,0.0443
2023-01-12 00:00:00+00:00,0.0352
2023-01-13 00:00:00+00:00,0.0245
2023-01-14 00:00:00+00:00,0.0121
2023-01-15 00:00:00+00:00,0.0191
2023-01-16 00:00:00+00:00,0.0389
2023-01-17 00:00:00+00:00,0.0855
2023-01-18 00:00:00+00:00,0.0424
2023-01-19 00:00:00+00:00,0.0511
2023-01-20 00:00:00+00:00,0.0425
2023-01-21 00:00:00+00:00,0.0181
2023-01-22 00:00:00+00:00,0.0235
2023-01-23 00:00:00+00:00,0.0485
2023-01-24 00:00:00+00:00,0.0338
2023-01-25 00:00:00+00:00,0.0492
2023-01-26 00:00:00+00:00,0.046
2023-01-27 00:00:00+00:00,0.0436
2023-01-28 00:00:00+00:00,0.0196
2023-01-29 00:00:00+00:00,0.0259
2023-01-30 00:00:00+00:00,0.0337
2023-01-31 00:00:00+00:00,0.0565
2023-02-01 00:00:00+00:00,0.0504
2023-02-02 00:00:00+00:00,0.0385
2023-02-03 00:00:00+00:00,0.0547
2023-02-04 00:00:00+00:00,0.0182
2023-02-05 00:00:00+00:00,0.0184
2023-02-06 00:00:00+00:00,0.0482
2023-02-07 00:00:00+00:00,0.0387
2023-02-08 00:00:00+00:00,0.0554
2023-02-09 00:00:00+00:00,0.0377
2023-02-10 00:00:00+00:00,0.0339
2023-02-11 00:00:00+00:00,0.0231
2023-02-12 00:00:00+00:00,0.0214
2023-02-13 00:00:00+00:00,0.0501
2023-02-14 00:00:00+00:00,0.0467
2023-02-15 00:00:00+00:00,0.0525
2023-02-16 00:00:00+00:00,0.0435
2023-02-17 00:00:00+00:00,0.0255
2023-02-18 00:00:00+00:00,0.0229
2023-02-19 00:00:00+00:00,0.0455
2023-02-20 00:00:00+00:00,0.0319
2023-02-21 00:00:00+00:00,0.0412
2023-02-22 00:00:00+00:00,0.0448
2023-02-23 00:00:00+00:00,0.05
2023-02-24 00:00:00+00:00,0.0314
2023-02-25 00:00:00+00:00,0.0148
2023-02-26 00:00:00+00:00,0.0096
2023-02-27 00:00:00+00:00,0.0343
2023-02-28 00:00:00+00:00,0.0274
2023-03-01 00:00:00+00:00,0.0355
2023-03-02 00:00:00+00:00,0.0378
2023-03-03 00:00:00+00:00,0.0408
2023-03-04 00:00:00+00:00,0.0154
2023-03-05 00:00:00+00:00,0.0134
2023-03-06 00:00:00+00:00,0.0332
2023-03-07 00:00:00+00:00,0.0381
2023-03-08 00:00:00+00:00,0.0324
2023-03-09 00:00:00+00:00,0.0315
2023-03-10 00:00:00+00:00,0.0294
2023-03-11 00:00:00+00:00,0.0205
2023-03-12 00:00:00+00:00,0.0163
2023-03-13 00:00:00+00:00,0.0421
2023-03-14 00:00:00+00:00,0.0379
2023-03-15 00:00:00+00:00,0.0445
2023-03-16 00:00:00+00:00,0.0382
2023-03-17 00:00:00+00:00,0.0416
2023-03-18 00:00:00+00:00,0.022
2023-03-19 00:00:00+00:00,0.0196
2023-03-20 00:00:00+00:00,0.0665
2023-03-21 00:00:00+00:00,0.0538
2023-03-22 00:00:00+00:00,0.0822
2023-03-24 00:00:00+00:00,0.0436
2023-03-25 00:00:00+00:00,0.0274
2023-03-26 00:00:00+00:00,0.0276
2023-03-27 00:00:00+00:00,0.065
2023-03-28 00:00:00+00:00,0.0496
2023-03-29 00:00:00+00:00,0.0513
2023-03-30 00:00:00+00:00,0.057
2023-03-31 00:00:00+00:00,0.0611
2023-04-01 00:00:00+00:00,0.0427
2023-04-02 00:00:00+00:00,0.0405
2023-04-03 00:00:00+00:00,0.0481
2023-04-04 00:00:00+00:00,0.0588
2023-04-05 00:00:00+00:00,0.0784
2023-04-06 00:00:00+00:00,0.0856
2023-04-07 00:00:00+00:00,0.0456
2023-04-08 00:00:00+00:00,0.0291
2023-04-09 00:00:00+00:00,0.0273
2023-04-10 00:00:00+00:00,0.0737
2023-04-11 00:00:00+00:00,0.0713
2023-04-12 00:00:00+00:00,0.0651
2023-04-13 00:00:00+00:00,0.0555
2023-04-14 00:00:00+00:00,0.0543
2023-04-15 00:00:00+00:00,0.0192
2023-04-16 00:00:00+00:00,0.0121
2023-04-17 00:00:00+00:00,0.049
2023-04-18 00:00:00+00:00,0.0443
2023-04-19 00:00:00+00:00,0.0944
2023-04-20 00:00:00+00:00,0.1018
2023-04-21 00:00:00+00:00,0.2163
2023-04-22 00:00:00+00:00,0.0577
2023-04-23 00:00:00+00:00,0.0216
2023-04-24 00:00:00+00:00,0.0792
2023-04-25 00:00:00+00:00,0.0816
2023-04-26 00:00:00+00:00,0.0514
2023-04-27 00:00:00+00:00,0.0542
2023-04-28 00:00:00+00:00,0.064
2023-04-29 00:00:00+00:00,0.0336
2023-04-30 00:00:00+00:00,0.0348
2023-05-01 00:00:00+00:00,0.0536
2023-05-02 00:00:00+00:00,0.0659
2023-05-03 00:00:00+00:00,0.0503
2023-05-04 00:00:00+00:00,0.0625
2023-05-05 00:00:00+00:00,0.0792
2023-05-06 00:00:00+00:00,0.1161
2023-05-07 00:00:00+00:00,0.0796
2023-05-08 00:00:00+00:00,0.0815
2023-05-09 00:00:00+00:00,0.076
2023-05-10 00:00:00+00:00,0.0597
2023-05-11 00:00:00+00:00,0.0522
2023-05-12 00:00:00+00:00,0.0588
2023-05-13 00:00:00+00:00,0.0298
2023-05-14 00:00:00+00:00,0.0321
2023-05-15 00:00:00+00:00,0.079
2023-05-16 00:00:00+00:00,0.0581
2023-05-17 00:00:00+00:00,0.0513
2023-05-18 00:00:00+00:00,0.0439
2023-05-19 00:00:00+00:00,0.0717
2023-05-20 00:00:00+00:00,0.0337
2023-05-21 00:00:00+00:00,0.0277
2023-05-22 00:00:00+00:00,0.0486
2023-05-23 00:00:00+00:00,0.0509
2023-05-24 00:00:00+00:00,0.0427
2023-05-25 00:00:00+00:00,0.0525
2023-05-26 00:00:00+00:00,0.0468
2023-05-27 00:00:00+00:00,0.0241
2023-05-28 00:00:00+00:00,0.0261
2023-05-29 00:00:00+00:00,0.0483
2023-05-30 00:00:00+00:00,0.0443
2023-05-31 00:00:00+00:00,0.0445
2023-06-01 00:00:00+00:00,0.0409
2023-06-02 00:00:00+00:00,0.0486
2023-06-03 00:00:00+00:00,0.0149
2023-06-04 00:00:00+00:00,0.025
2023-06-05 00:00:00+00:00,0.0507
2023-06-06 00:00:00+00:00,0.0449
2023-06-07 00:00:00+00:00,0.0526
2023-06-08 00:00:00+00:00,0.0533
2023-06-09 00:00:00+00:00,0.0317
2023-06-10 00:00:00+00:00,0.0146
2023-06-11 00:00:00+00:00,0.0191
2023-06-12 00:00:00+00:00,0.0645
2023-06-13 00:00:00+00:00,0.0452
2023-06-14 00:00:00+00:00,0.0351
2023-06-15 00:00:00+00:00,0.0523
2023-06-16 00:00:00+00:00,0.0362
2023-06-17 00:00:00+00:00,0.0249
2023-06-18 00:00:00+00:00,0.024
2023-06-19 00:00:00+00:00,0.0407
2023-06-20 00:00:00+00:00,0.0407
2023-06-21 00:00:00+00:00,0.0355
2023-06-22 00:00:00+00:00,0.0432
2023-06-23 00:00:00+00:00,0.0554
2023-06-24 00:00:00+00:00,0.0279
2023-06-25 00:00:00+00:00,0.0268
2023-06-26 00:00:00+00:00,0.0616
2023-06-27 00:00:00+00:00,0.0556
2023-06-28 00:00:00+00:00,0.0436
2023-06-29 00:00:00+00:00,0.0507
2023-06-30 00:00:00+00:00,0.0496
2023-07-01 00:00:00+00:00,0.0304
2023-07-02 00:00:00+00:00,0.0211
2023-07-03 00:00:00+00:00,0.0473
2023-07-04 00:00:00+00:00,0.0476
2023-07-05 00:00:00+00:00,0.0386
2023-07-06 00:00:00+00:00,0.0632
2023-07-07 00:00:00+00:00,0.0494
2023-07-08 00:00:00+00:00,0.014
2023-07-09 00:00:00+00:00,0.019
2023-07-10 00:00:00+00:00,0.0544
2023-07-11 00:00:00+00:00,0.0465
2023-07-12 00:00:00+00:00,0.0389
2023-07-13 00:00:00+00:00,0.0427
2023-07-14 00:00:00+00:00,0.0683
2023-07-15 00:00:00+00:00,0.0359
2023-07-16 00:00:00+00:00,0.017
2023-07-17 00:00:00+00:00,0.0491
2023-07-18 00:00:00+00:00,0.0521
2023-07-19 00:00:00+00:00,0.0427
2023-07-20 00:00:00+00:00,0.0478
2023-07-21 00:00:00+00:00,0.0483
2023-07-22 00:00:00+00:00,0.0235
2023-07-23 00:00:00+00:00,0.0238
2023-07-24 00:00:00+00:00,0.0358
2023-07-25 00:00:00+00:00,0.0573
2023-07-26 00:00:00+00:00,0.0511
2023-07-27 00:00:00+00:00,0.0549
2023-07-28 00:00:00+00:00,0.077
2023-07-29 00:00:00+00:00,0.0201
2023-07-30 00:00:00+00:00,0.0152
2023-07-31 00:00:00+00:00,0.0545
2023-08-01 00:00:00+00:00,0.0709
2023-08-02 00:00:00+00:00,0.0581
2023-08-03 00:00:00+00:00,0.0542
2023-08-04 00:00:00+00:00,0.0471
2023-08-05 00:00:00+00:00,0.022
2023-08-06 00:00:00+00:00,0.0171
2023-08-07 00:00:00+00:00,0.0438
2023-08-08 00:00:00+00:00,0.0401
2023-08-09 00:00:00+00:00,0.0568
2023-08-10 00:00:00+00:00,0.0737
2023-08-11 00:00:00+00:00,0.0559
2023-08-12 00:00:00+00:00,0.0213
2023-08-13 00:00:00+00:00,0.0165
2023-08-14 00:00:00+00:00,0.0504
2023-08-15 00:00:00+00:00,0.0411
2023-08-16 00:00:00+00:00,0.0453
2023-08-17 00:00:00+00:00,0.0566
2023-08-18 00:00:00+00:00,0.0504
2023-08-19 00:00:00+00:00,0.0326
2023-08-20 00:00:00+00:00,0.03
2023-08-21 00:00:00+00:00,0.0494
2023-08-22 00:00:00+00:00,0.0409
2023-08-23 00:00:00+00:00,0.0626
2023-08-24 00:00:00+00:00,0.0559
2023-08-25 00:00:00+00:00,0.0464
2023-08-26 00:00:00+00:00,0.0251
2023-08-27 00:00:00+00:00,0.0273
2023-08-28 00:00:00+00:00,0.0496
2023-08-29 00:00:00+00:00,0.0504
2023-08-30 00:00:00+00:00,0.0434
2023-08-31 00:00:00+00:00,0.0501
2023-09-01 00:00:00+00:00,0.0459
2023-09-02 00:00:00+00:00,0.017
2023-09-03 00:00:00+00:00,0.012
2023-09-04 00:00:00+00:00,0.0344
2023-09-05 00:00:00+00:00,0.0333
2023-09-06 00:00:00+00:00,0.0529
2023-09-07 00:00:00+00:00,0.0453
2023-09-08 00:00:00+00:00,0.0411
2023-09-09 00:00:00+00:00,0.0086
2023-09-10 00:00:00+00:00,0.0175
2023-09-11 00:00:00+00:00,0.0463
2023-09-12 00:00:00+00:00,0.0466
2023-09-13 00:00:00+00:00,0.0426
2023-09-14 00:00:00+00:00,0.0351
2023-09-15 00:00:00+00:00,0.0593
2023-09-16 00:00:00+00:00,0.0235
2023-09-17 00:00:00+00:00,0.0177
2023-09-18 00:00:00+00:00,0.0589
2023-09-19 00:00:00+00:00,0.0358
2023-09-20 00:00:00+00:00,0.0467
2023-09-21 00:00:00+00:00,0.0456
2023-09-22 00:00:00+00:00,0.0662
2023-09-23 00:00:00+00:00,0.0264
2023-09-24 00:00:00+00:00,0.0266
2023-09-25 00:00:00+00:00,0.0496
2023-09-26 00:00:00+00:00,0.0422
2023-09-27 00:00:00+00:00,0.0485
2023-09-28 00:00:00+00:00,0.0651
2023-09-29 00:00:00+00:00,0.0567
2023-09-30 00:00:00+00:00,0.0174
2023-10-01 00:00:00+00:00,0.0199
2023-10-02 00:00:00+00:00,0.0395
2023-10-03 00:00:00+00:00,0.0706
2023-10-04 00:00:00+00:00,0.0568
2023-10-05 00:00:00+00:00,0.0707
2023-10-06 00:00:00+00:00,0.0578
2023-10-07 00:00:00+00:00,0.0187
2023-10-08 00:00:00+00:00,0.0283
2023-10-09 00:00:00+00:00,0.071
2023-10-10 00:00:00+00:00,0.0742
2023-10-11 00:00:00+00:00,0.0529
2023-10-12 00:00:00+00:00,0.0691
2023-10-13 00:00:00+00:00,0.0592
2023-10-14 00:00:00+00:00,0.0198
2023-10-15 00:00:00+00:00,0.0191
2023-10-16 00:00:00+00:00,0.061
2023-10-17 00:00:00+00:00,0.055
2023-10-18 00:00:00+00:00,0.0506
2023-10-19 00:00:00+00:00,0.0765
2023-10-20 00:00:00+00:00,0.0902
2023-10-21 00:00:00+00:00,0.0445
2023-10-22 00:00:00+00:00,0.0141
2023-10-23 00:00:00+00:00,0.0669
2023-10-24 00:00:00+00:00,0.0585
2023-10-25 00:00:00+00:00,0.0623
2023-10-26 00:00:00+00:00,0.0604
2023-10-27 00:00:00+00:00,0.054
2023-10-28 00:00:00+00:00,0.0362
2023-10-29 00:00:00+00:00,0.0127
2023-10-30 00:00:00+00:00,0.0562
2023-10-31 00:00:00+00:00,0.078
2023-11-01 00:00:00+00:00,0.0629
2023-11-02 00:00:00+00:00,0.0575
2023-11-03 00:00:00+00:00,0.063
2023-11-04 00:00:00+00:00,0.0327
2023-11-05 00:00:00+00:00,0.018
2023-11-06 00:00:00+00:00,0.0692
2023-11-07 00:00:00+00:00,0.1005
2023-11-08 00:00:00+00:00,0.0654
2023-11-09 00:00:00+00:00,0.065
2023-11-10 00:00:00+00:00,0.0717
2023-11-11 00:00:00+00:00,0.0339
2023-11-12 00:00:00+00:00,0.0086
2023-11-13 00:00:00+00:00,0.0435
2023-11-14 00:00:00+00:00,0.0365
2023-11-15 00:00:00+00:00,0.0519
2023-11-16 00:00:00+00:00,0.0409
2023-11-17 00:00:00+00:00,0.0405
2023-11-18 00:00:00+00:00,0.019
2023-11-19 00:00:00+00:00,0.0104
2023-11-20 00:00:00+00:00,0.0664
2023-11-21 00:00:00+00:00,0.0609
2023-11-22 00:00:00+00:00,0.0676
2023-11-23 00:00:00+00:00,0.0511
2023-11-24 00:00:00+00:00,0.0525
2023-11-25 00:00:00+00:00,0.0276
2023-11-26 00:00:00+00:00,0.0226
2023-11-27 00:00:00+00:00,0.0682
2023-11-28 00:00:00+00:00,0.0676
2023-11-29 00:00:00+00:00,0.0641
2023-11-30 00:00:00+00:00,0.0473
2023-12-01 00:00:00+00:00,0.0424
2023-12-02 00:00:00+00:00,0.0199
2023-12-03 00:00:00+00:00,0.015
2023-12-04 00:00:00+00:00,0.1056
2023-12-05 00:00:00+00:00,0.0935
2023-12-06 00:00:00+00:00,0.0478
2023-12-07 00:00:00+00:00,0.0473
2023-12-08 00:00:00+00:00,0.0497
2023-12-09 00:00:00+00:00,0.0411
2023-12-10 00:00:00+00:00,0.0232
2023-12-11 00:00:00+00:00,0.0576
2023-12-12 00:00:00+00:00,0.0583
2023-12-13 00:00:00+00:00,0.0388
2023-12-14 00:00:00+00:00,0.0721
2023-12-15 00:00:00+00:00,0.0602
2023-12-16 00:00:00+00:00,0.0213
2023-12-17 00:00:00+00:00,0.0416
2023-12-18 00:00:00+00:00,0.0482
2023-12-19 00:00:00+00:00,0.0537
2023-12-20 00:00:00+00:00,0.0481
2023-12-21 00:00:00+00:00,0.0393
2023-12-22 00:00:00+00:00,0.0451
2023-12-23 00:00:00+00:00,0.0255
2023-12-24 00:00:00+00:00,0.0166
2023-12-25 00:00:00+00:00,0.0251
2023-12-26 00:00:00+00:00,0.0471
2023-12-27 00:00:00+00:00,0.0539
2023-12-28 00:00:00+00:00,0.0589
2023-12-29 00:00:00+00:00,0.0444
2023-12-30 00:00:00+00:00,0.0224
2023-12-31 00:00:00+00:00,0.0224
2024-01-01 00:00:00+00:00,0.0303
2024-01-02 00:00:00+00:00,0.0589
2024-01-03 00:00:00+00:00,0.0528
2024-01-04 00:00:00+00:00,0.0483
2024-01-05 00:00:00+00:00,0.0463
2024-01-06 00:00:00+00:00,0.0188
2024-01-07 00:00:00+00:00,0.0184
2024-01-08 00:00:00+00:00,0.046
2024-01-09 00:00:00+00:00,0.0592
2024-01-10 00:00:00+00:00,0.0379
2024-01-11 00:00:00+00:00,0.0573
2024-01-12 00:00:00+00:00,0.0423
2024-01-13 00:00:00+00:00,0.0211
2024-01-14 00:00:00+00:00,0.0188
2024-01-15 00:00:00+00:00,0.0454
2024-01-16 00:00:00+00:00,0.0466
2024-01-17 00:00:00+00:00,0.0469
2024-01-18 00:00:00+00:00,0.0324
2024-01-19 00:00:00+00:00,0.0372
2024-01-20 00:00:00+00:00,0.0204
2024-01-21 00:00:00+00:00,0.0175
2024-01-22 00:00:00+00:00,0.0445
2024-01-23 00:00:00+00:00,0.0443
2024-01-24 00:00:00+00:00,0.0459
2024-01-25 00:00:00+00:00,0.034
2024-01-26 00:00:00+00:00,0.0289
2024-01-27 00:00:00+00:00,0.0222
2024-01-28 00:00:00+00:00,0.0186
2024-01-29 00:00:00+00:00,0.036
2024-01-30 00:00:00+00:00,0.0382
2024-01-31 00:00:00+00:00,0.0438
2024-02-01 00:00:00+00:00,0.048
2024-02-02 00:00:00+00:00,0.0382
2024-02-03 00:00:00+00:00,0.0203
2024-02-04 00:00:00+00:00,0.0194
2024-02-05 00:00:00+00:00,0.0445
2024-02-06 00:00:00+00:00,0.0412
2024-02-07 00:00:00+00:00,0.0501
2024-02-08 00:00:00+00:00,0.0528
2024-02-09 00:00:00+00:00,0.0406
2024-02-10 00:00:00+00:00,0.0255
2024-02-11 00:00:00+00:00,0.0173
2024-02-12 00:00:00+00:00,0.0388
2024-02-13 00:00:00+00:00,0.0431
2024-02-14 00:00:00+00:00,0.0508
2024-02-15 00:00:00+00:00,0.0496
2024-02-16 00:00:00+00:00,0.0445
2024-02-17 00:00:00+00:00,0.0185
2024-02-18 00:00:00+00:00,0.0154
2024-02-19 00:00:00+00:00,0.0371
2024-02-20 00:00:00+00:00,0.0487
2024-02-21 00:00:00+00:00,0.0519
2024-02-22 00:00:00+00:00,0.051
2024-02-23 00:00:00+00:00,0.0652
2024-02-24 00:00:00+00:00,0.021
2024-02-25 00:00:00+00:00,0.0239
2024-02-26 00:00:00+00:00,0.0462
2024-02-27 00:00:00+00:00,0.0492
2024-02-28 00:00:00+00:00,0.0566
2024-02-29 00:00:00+00:00,0.0349
2024-03-01 00:00:00+00:00,0.0479
2024-03-02 00:00:00+00:00,0.0312
2024-03-03 00:00:00+00:00,0.0221
2024-03-04 00:00:00+00:00,0.0465
2024-03-05 00:00:00+00:00,0.0802
2024-03-06 00:00:00+00:00,0.0751
2024-03-07 00:00:00+00:00,0.0739
2024-03-08 00:00:00+00:00,0.0492
2024-03-09 00:00:00+00:00,0.0429
2024-03-10 00:00:00+00:00,0.0317
2024-03-11 00:00:00+00:00,0.072
2024-03-12 00:00:00+00:00,0.0828
2024-03-13 00:00:00+00:00,0.0438
2024-03-14 00:00:00+00:00,0.0448
2024-03-15 00:00:00+00:00,0.0406
2024-03-16 00:00:00+00:00,0.019
2024-03-17 00:00:00+00:00,0.0174
2024-03-18 00:00:00+00:00,0.0787
2024-03-19 00:00:00+00:00,0.0979
2024-03-20 00:00:00+00:00,0.0561
2024-03-21 00:00:00+00:00,0.0863
2024-03-22 00:00:00+00:00,0.0616
2024-03-23 00:00:00+00:00,0.031
2024-03-24 00:00:00+00:00,0.0186
2024-03-25 00:00:00+00:00,0.0462
2024-03-26 00:00:00+00:00,0.0677
2024-03-27 00:00:00+00:00,0.0665
2024-03-28 00:00:00+00:00,0.0542
2024-03-29 00:00:00+00:00,0.0326
2024-03-30 00:00:00+00:00,0.025
2024-03-31 00:00:00+00:00,0.0213
2024-04-01 00:00:00+00:00,0.0965
2024-04-02 00:00:00+00:00,0.0847
2024-04-03 00:00:00+00:00,0.08
2024-04-04 00:00:00+00:00,0.0883
2024-04-05 00:00:00+00:00,0.0735
2024-04-06 00:00:00+00:00,0.0353
2024-04-07 00:00:00+00:00,0.0378
2024-04-08 00:00:00+00:00,0.1133
2024-04-09 00:00:00+00:00,0.0969
2024-04-10 00:00:00+00:00,0.0807
2024-04-11 00:00:00+00:00,0.0619
2024-04-12 00:00:00+00:00,0.086
2024-04-13 00:00:00+00:00,0.0439
2024-04-14 00:00:00+00:00,0.0532
2024-04-15 00:00:00+00:00,0.0962
2024-04-16 00:00:00+00:00,0.0799
2024-04-17 00:00:00+00:00,0.0528
2024-04-18 00:00:00+00:00,0.0638
2024-04-19 00:00:00+00:00,0.0798
2024-04-20 00:00:00+00:00,0.0435
2024-04-21 00:00:00+00:00,0.0298
2024-04-22 00:00:00+00:00,0.0674
2024-04-23 00:00:00+00:00,0.0759
2024-04-24 00:00:00+00:00,0.0573
2024-04-25 00:00:00+00:00,0.0593
2024-04-26 00:00:00+00:00,0.0557
2024-04-27 00:00:00+00:00,0.0352
2024-04-28 00:00:00+00:00,0.0188
2024-04-29 00:00:00+00:00,0.0526
2024-04-30 00:00:00+00:00,0.0592
2024-05-01 00:00:00+00:00,0.0815
2024-05-02 00:00:00+00:00,0.0997
2024-05-03 00:00:00+00:00,0.0568
2024-05-04 00:00:00+00:00,0.0309
2024-05-05 00:00:00+00:00,0.0277
2024-05-06 00:00:00+00:00,0.0659
2024-05-07 00:00:00+00:00,0.0618
2024-05-08 00:00:00+00:00,0.0766
2024-05-09 00:00:00+00:00,0.0818
2024-05-10 00:00:00+00:00,0.0711
2024-05-11 00:00:00+00:00,0.0413
2024-05-12 00:00:00+00:00,0.0263
2024-05-13 00:00:00+00:00,0.0637
2024-05-14 00:00:00+00:00,0.0578
2024-05-15 00:00:00+00:00,0.0483
2024-05-16 00:00:00+00:00,0.05
2024-05-17 00:00:00+00:00,0.0538
2024-05-18 00:00:00+00:00,0.0193
2024-05-19 00:00:00+00:00,0.0317
2024-05-20 00:00:00+00:00,0.0724
2024-05-21 00:00:00+00:00,0.0555
2024-05-22 00:00:00+00:00,0.0603
2024-05-23 00:00:00+00:00,0.0451
2024-05-24 00:00:00+00:00,0.0427
2024-05-25 00:00:00+00:00,0.0155
2024-05-26 00:00:00+00:00,0.0179
2024-05-27 00:00:00+00:00,0.0487
2024-05-28 00:00:00+00:00,0.0595
2024-05-29 00:00:00+00:00,0.0621
2024-05-30 00:00:00+00:00,0.0671
2024-05-31 00:00:00+00:00,0.0438
2024-06-01 00:00:00+00:00,0.023
2024-06-02 00:00:00+00:00,0.0224
2024-06-03 00:00:00+00:00,0.0445
2024-06-04 00:00:00+00:00,0.0473
2024-06-05 00:00:00+00:00,0.0404
2024-06-06 00:00:00+00:00,0.045
2024-06-07 00:00:00+00:00,0.0596
2024-06-08 00:00:00+00:00,0.024
2024-06-09 00:00:00+00:00,0.0239
2024-06-10 00:00:00+00:00,0.065
2024-06-11 00:00:00+00:00,0.0494
2024-06-12 00:00:00+00:00,0.0448
2024-06-13 00:00:00+00:00,0.0455
2024-06-14 00:00:00+00:00,0.0491
2024-06-15 00:00:00+00:00,0.0276
2024-06-16 00:00:00+00:00,0.0124
2024-06-17 00:00:00+00:00,0.0411
2024-06-18 00:00:00+00:00,0.0479
2024-06-19 00:00:00+00:00,0.0437
2024-06-20 00:00:00+00:00,0.0509
2024-06-21 00:00:00+00:00,0.0541
2024-06-22 00:00:00+00:00,0.025
2024-06-23 00:00:00+00:00,0.0169
2024-06-24 00:00:00+00:00,0.0463
2024-06-25 00:00:00+00:00,0.0405
2024-06-26 00:00:00+00:00,0.0526
2024-06-27 00:00:00+00:00,0.0478
2024-06-28 00:00:00+00:00,0.0592
2024-06-29 00:00:00+00:00,0.0222
2024-06-30 00:00:00+00:00,0.029
2024-07-01 00:00:00+00:00,0.0336
2024-07-02 00:00:00+00:00,0.0573
2024-07-03 00:00:00+00:00,0.0427
2024-07-04 00:00:00+00:00,0.0435
2024-07-05 00:00:00+00:00,0.0586
2024-07-06 00:00:00+00:00,0.0299
2024-07-07 00:00:00+00:00,0.026
2024-07-08 00:00:00+00:00,0.0521
2024-07-09 00:00:00+00:00,0.0556
2024-07-10 00:00:00+00:00,0.0968
2024-07-11 00:00:00+00:00,0.0424
2024-07-12 00:00:00+00:00,0.0358
2024-07-13 00:00:00+00:00,0.0332
2024-07-14 00:00:00+00:00,0.0278
2024-07-15 00:00:00+00:00,0.05
2024-07-16 00:00:00+00:00,0.0537
2024-07-17 00:00:00+00:00,0.0879
2024-07-18 00:00:00+00:00,0.0544
2024-07-19 00:00:00+00:00,0.0456
2024-07-20 00:00:00+00:00,0.0249
2024-07-21 00:00:00+00:00,0.0267
2024-07-22 00:00:00+00:00,0.0514
2024-07-23 00:00:00+00:00,0.0568
2024-07-24 00:00:00+00:00,0.0538
2024-07-25 00:00:00+00:00,0.0657
2024-07-26 00:00:00+00:00,0.0525
2024-07-27 00:00:00+00:00,0.0155
2024-07-28 00:00:00+00:00,0.0189
2024-07-29 00:00:00+00:00,0.0659
2024-07-30 00:00:00+00:00,0.0848
2024-07-31 00:00:00+00:00,0.0569
2024-08-01 00:00:00+00:00,0.059
2024-08-02 00:00:00+00:00,0.0453
2024-08-03 00:00:00+00:00,0.0313
2024-08-04 00:00:00+00:00,0.0145
2024-08-05 00:00:00+00:00,0.058
2024-08-06 00:00:00+00:00,0.0642
2024-08-07 00:00:00+00:00,0.0633
2024-08-08 00:00:00+00:00,0.0623
2024-08-09 00:00:00+00:00,0.0665
2024-08-10 00:00:00+00:00,0.0228
2024-08-11 00:00:00+00:00,0.0213
2024-08-12 00:00:00+00:00,0.0529
2024-08-13 00:00:00+00:00,0.0664
2024-08-14 00:00:00+00:00,0.0621
2024-08-15 00:00:00+00:00,0.053
2024-08-16 00:00:00+00:00,0.0552
2024-08-17 00:00:00+00:00,0.0469
2024-08-18 00:00:00+00:00,0.0248
2024-08-19 00:00:00+00:00,0.0655
2024-08-20 00:00:00+00:00,0.068
2024-08-21 00:00:00+00:00,0.0739
2024-08-22 00:00:00+00:00,0.0511
2024-08-23 00:00:00+00:00,0.0558
2024-08-24 00:00:00+00:00,0.023
2024-08-25 00:00:00+00:00,0.0224
2024-08-26 00:00:00+00:00,0.0814
2024-08-27 00:00:00+00:00,0.0578
2024-08-28 00:00:00+00:00,0.0587
2024-08-29 00:00:00+00:00,0.045
2024-08-30 00:00:00+00:00,0.0474
2024-08-31 00:00:00+00:00,0.036
2024-09-01 00:00:00+00:00,0.0292
2024-09-02 00:00:00+00:00,0.0549
2024-09-03 00:00:00+00:00,0.0465
2024-09-04 00:00:00+00:00,0.0471
2024-09-05 00:00:00+00:00,0.0482
2024-09-06 00:00:00+00:00,0.0436
2024-09-07 00:00:00+00:00,0.0247
2024-09-08 00:00:00+00:00,0.026
2024-09-09 00:00:00+00:00,0.049
2024-09-10 00:00:00+00:00,0.0584
2024-09-11 00:00:00+00:00,0.0475
2024-09-12 00:00:00+00:00,0.0622
2024-09-13 00:00:00+00:00,0.0594
2024-09-14 00:00:00+00:00,0.0394
2024-09-15 00:00:00+00:00,0.0233
2024-09-16 00:00:00+00:00,0.0582
2024-09-17 00:00:00+00:00,0.0581
2024-09-18 00:00:00+00:00,0.0407
2024-09-19 00:00:00+00:00,0.0439
2024-09-20 00:00:00+00:00,0.0433
2024-09-21 00:00:00+00:00,0.027
2024-09-22 00:00:00+00:00,0.0253
2024-09-23 00:00:00+00:00,0.044
2024-09-24 00:00:00+00:00,0.0495
2024-09-25 00:00:00+00:00,0.0614
2024-09-26 00:00:00+00:00,0.0567
2024-09-27 00:00:00+00:00,0.0417
2024-09-28 00:00:00+00:00,0.033
2024-09-29 00:00:00+00:00,0.0276
2024-09-30 00:00:00+00:00,0.0641
2024-10-01 00:00:00+00:00,0.0674
2024-10-02 00:00:00+00:00,0.072
2024-10-03 00:00:00+00:00,0.0619
2024-10-04 00:00:00+00:00,0.0424
2024-10-05 00:00:00+00:00,0.0247
2024-10-06 00:00:00+00:00,0.0176
2024-10-07 00:00:00+00:00,0.0524
2024-10-08 00:00:00+00:00,0.0485
2024-10-09 00:00:00+00:00,0.0355
2024-10-10 00:00:00+00:00,0.0498
2024-10-11 00:00:00+00:00,0.056
2024-10-12 00:00:00+00:00,0.0164
2024-10-13 00:00:00+00:00,0.0209
2024-10-14 00:00:00+00:00,0.0424
2024-10-15 00:00:00+00:00,0.0587
2024-10-16 00:00:00+00:00,0.0535
2024-10-17 00:00:00+00:00,0.071
2024-10-18 00:00:00+00:00,0.0717
2024-10-19 00:00:00+00:00,0.032
2024-10-20 00:00:00+00:00,0.0236
2024-10-21 00:00:00+00:00,0.0864
2024-10-22 00:00:00+00:00,0.0757
2024-10-23 00:00:00+00:00,0.0717
2024-10-24 00:00:00+00:00,0.0656
2024-10-25 00:00:00+00:00,0.0461
2024-10-26 00:00:00+00:00,0.0331
2024-10-27 00:00:00+00:00,0.0259
2024-10-28 00:00:00+00:00,0.0923
2024-10-29 00:00:00+00:00,0.0566
2024-10-30 00:00:00+00:00,0.0663
2024-10-31 00:00:00+00:00,0.0575
2024-11-01 00:00:00+00:00,0.0463
2024-11-02 00:00:00+00:00,0.0097
2024-11-03 00:00:00+00:00,0.0258
2024-11-04 00:00:00+00:00,0.0471
2024-11-05 00:00:00+00:00,0.0499
2024-11-06 00:00:00+00:00,0.0667
2024-11-07 00:00:00+00:00,0.069
2024-11-08 00:00:00+00:00,0.0566
2024-11-09 00:00:00+00:00,0.0218
2024-11-10 00:00:00+00:00,0.0188
2024-11-11 00:00:00+00:00,0.0528
2024-11-12 00:00:00+00:00,0.0484
2024-11-13 00:00:00+00:00,0.0525
2024-11-14 00:00:00+00:00,0.0513
2024-11-15 00:00:00+00:00,0.0455
2024-11-16 00:00:00+00:00,0.027
2024-11-17 00:00:00+00:00,0.0111
2024-11-18 00:00:00+00:00,0.071
2024-11-19 00:00:00+00:00,0.0447
2024-11-20 00:00:00+00:00,0.0698
2024-11-21 00:00:00+00:00,0.0463
2024-11-22 00:00:00+00:00,0.0505
2024-11-23 00:00:00+00:00,0.0272
2024-11-24 00:00:00+00:00,0.0155
2024-11-25 00:00:00+00:00,0.0298
2024-11-26 00:00:00+00:00,0.0853
2024-11-27 00:00:00+00:00,0.0473
2024-11-28 00:00:00+00:00,0.0457
2024-11-29 00:00:00+00:00,0.0449
2024-11-30 00:00:00+00:00,0.021
2024-12-01 00:00:00+00:00,0.0154
2024-12-02 00:00:00+00:00,0.0533
2024-12-03 00:00:00+00:00,0.0351
2024-12-04 00:00:00+00:00,0.0369
2024-12-05 00:00:00+00:00,0.0434
2024-12-06 00:00:00+00:00,0.0519
2024-12-07 00:00:00+00:00,0.0251
2024-12-08 00:00:00+00:00,0.0137
2024-12-09 00:00:00+00:00,0.0436
2024-12-10 00:00:00+00:00,0.036
2024-12-11 00:00:00+00:00,0.057
2024-12-12 00:00:00+00:00,0.0428
2024-12-13 00:00:00+00:00,0.0421
2024-12-14 00:00:00+00:00,0.0232
2024-12-15 00:00:00+00:00,0.012
2024-12-16 00:00:00+00:00,0.0318
2024-12-17 00:00:00+00:00,0.0512
2024-12-18 00:00:00+00:00,0.0407
2024-12-19 00:00:00+00:00,0.0367
2024-12-20 00:00:00+00:00,0.0557
2024-12-21 00:00:00+00:00,0.0205
2024-12-22 00:00:00+00:00,0.0153
2024-12-23 00:00:00+00:00,0.0306
2024-12-24 00:00:00+00:00,0.0416
2024-12-25 00:00:00+00:00,0.0159
2024-12-26 00:00:00+00:00,0.042
2024-12-27 00:00:00+00:00,0.0265
2024-12-28 00:00:00+00:00,0.0177
2024-12-29 00:00:00+00:00,0.0168
2024-12-30 00:00:00+00:00,0.0601
2024-12-31 00:00:00+00:00,0.0473
2025-01-01 00:00:00+00:00,0.0326
2025-01-02 00:00:00+00:00,0.0438
2025-01-03 00:00:00+00:00,0.0469
2025-01-04 00:00:00+00:00,0.0206
2025-01-05 00:00:00+00:00,0.0143
2025-01-06 00:00:00+00:00,0.0613
2025-01-07 00:00:00+00:00,0.0604
2025-01-08 00:00:00+00:00,0.0693
2025-01-09 00:00:00+00:00,0.0458
2025-01-10 00:00:00+00:00,0.0405
2025-01-11 00:00:00+00:00,0.0292
2025-01-12 00:00:00+00:00,0.0155
2025-01-13 00:00:00+00:00,0.0539
2025-01-14 00:00:00+00:00,0.0511
2025-01-15 00:00:00+00:00,0.0459
2025-01-16 00:00:00+00:00,0.0513
2025-01-17 00:00:00+00:00,0.0398
2025-01-18 00:00:00+00:00,0.0264
2025-01-19 00:00:00+00:00,0.0163
2025-01-20 00:00:00+00:00,0.0373
2025-01-21 00:00:00+00:00,0.039
2025-01-22 00:00:00+00:00,0.0426
2025-01-23 00:00:00+00:00,0.0515
2025-01-24 00:00:00+00:00,0.0401
2025-01-25 00:00:00+00:00,0.0263
2025-01-26 00:00:00+00:00,0.0127
2025-01-27 00:00:00+00:00,0.0519
2025-01-28 00:00:00+00:00,0.0389
2025-01-29 00:00:00+00:00,0.0357
2025-01-30 00:00:00+00:00,0.0528
2025-01-31 00:00:00+00:00,0.0549
2025-02-01 00:00:00+00:00,0.0934
2025-02-02 00:00:00+00:00,0.0317
2025-02-03 00:00:00+00:00,0.0586
2025-02-04 00:00:00+00:00,0.0931
2025-02-05 00:00:00+00:00,0.0724
2025-02-06 00:00:00+00:00,0.0579
2025-02-07 00:00:00+00:00,0.0391
2025-02-08 00:00:00+00:00,0.0347
2025-02-09 00:00:00+00:00,0.0173
2025-02-10 00:00:00+00:00,0.0697
2025-02-11 00:00:00+00:00,0.0597
2025-02-12 00:00:00+00:00,0.077
2025-02-13 00:00:00+00:00,0.0548
2025-02-14 00:00:00+00:00,0.0428
2025-02-15 00:00:00+00:00,0.0319
2025-02-16 00:00:00+00:00,0.0188
2025-02-17 00:00:00+00:00,0.0431
2025-02-18 00:00:00+00:00,0.0607
2025-02-19 00:00:00+00:00,0.0636
2025-02-20 00:00:00+00:00,0.0819
2025-02-21 00:00:00+00:00,0.0763
2025-02-22 00:00:00+00:00,0.038
2025-02-23 00:00:00+00:00,0.0412
2025-02-24 00:00:00+00:00,0.0659
2025-02-25 00:00:00+00:00,0.0499
2025-02-26 00:00:00+00:00,0.0422
2025-02-27 00:00:00+00:00,0.0503
2025-02-28 00:00:00+00:00,0.0507
2025-03-01 00:00:00+00:00,0.0311
2025-03-02 00:00:00+00:00,0.016
2025-03-03 00:00:00+00:00,0.061
2025-03-04 00:00:00+00:00,0.0627
2025-03-05 00:00:00+00:00,0.0541
2025-03-06 00:00:00+00:00,0.0484
2025-03-07 00:00:00+00:00,0.0578
2025-03-08 00:00:00+00:00,0.0348
2025-03-09 00:00:00+00:00,0.0268
2025-03-10 00:00:00+00:00,0.0447
2025-03-11 00:00:00+00:00,0.0549
2025-03-12 00:00:00+00:00,0.0412
2025-03-13 00:00:00+00:00,0.0539
2025-03-14 00:00:00+00:00,0.0996
2025-03-15 00:00:00+00:00,0.0559
2025-03-16 00:00:00+00:00,0.0409
2025-03-17 00:00:00+00:00,0.0647
2025-03-18 00:00:00+00:00,0.071
2025-03-19 00:00:00+00:00,0.0648
2025-03-20 00:00:00+00:00,0.073
2025-03-21 00:00:00+00:00,0.0667
2025-03-22 00:00:00+00:00,0.0375
2025-03-23 00:00:00+00:00,0.0182
2025-03-24 00:00:00+00:00,0.0482
2025-03-25 00:00:00+00:00,0.0508
2025-03-26 00:00:00+00:00,0.0576
2025-03-27 00:00:00+00:00,0.0609
2025-03-28 00:00:00+00:00,0.0696
2025-03-29 00:00:00+00:00,0.0356
2025-03-30 00:00:00+00:00,0.0403
2025-03-31 00:00:00+00:00,0.094
2025-04-01 00:00:00+00:00,0.0885
2025-04-02 00:00:00+00:00,0.0853
2025-04-03 00:00:00+00:00,0.1442
2025-04-04 00:00:00+00:00,0.0982
2025-04-05 00:00:00+00:00,0.0528
2025-04-06 00:00:00+00:00,0.0353
2025-04-07 00:00:00+00:00,0.0735
2025-04-08 00:00:00+00:00,0.1035
2025-04-09 00:00:00+00:00,0.0704
2025-04-10 00:00:00+00:00,0.0766
2025-04-11 00:00:00+00:00,0.1827
2025-04-12 00:00:00+00:00,0.0476
2025-04-13 00:00:00+00:00,0.0337
2025-04-14 00:00:00+00:00,0.0723
2025-04-15 00:00:00+00:00,0.0633
2025-04-16 00:00:00+00:00,0.0879
2025-04-17 00:00:00+00:00,0.0712
2025-04-18 00:00:00+00:00,0.0431
2025-04-19 00:00:00+00:00,0.0306
2025-04-20 00:00:00+00:00,0.0176
2025-04-21 00:00:00+00:00,0.1025
2025-04-22 00:00:00+00:00,0.1719
2025-04-23 00:00:00+00:00,0.0858
2025-04-24 00:00:00+00:00,0.0645
2025-04-25 00:00:00+00:00,0.061
2025-04-26 00:00:00+00:00,0.0307
2025-04-27 00:00:00+00:00,0.0607
2025-04-28 00:00:00+00:00,0.0739
2025-04-29 00:00:00+00:00,0.0683
2025-04-30 00:00:00+00:00,0.0763
2025-05-01 00:00:00+00:00,0.0627
2025-05-02 00:00:00+00:00,0.0712
2025-05-03 00:00:00+00:00,0.0322
2025-05-04 00:00:00+00:00,0.0172
2025-05-05 00:00:00+00:00,0.0719
2025-05-06 00:00:00+00:00,0.0713
2025-05-07 00:00:00+00:00,0.0599
2025-05-08 00:00:00+00:00,0.0611
2025-05-09 00:00:00+00:00,0.0492
2025-05-10 00:00:00+00:00,0.0195
2025-05-11 00:00:00+00:00,0.0551
2025-05-12 00:00:00+00:00,0.1589
2025-05-13 00:00:00+00:00,0.0752
2025-05-14 00:00:00+00:00,0.0612
2025-05-15 00:00:00+00:00,0.0578
2025-05-16 00:00:00+00:00,0.073
2025-05-17 00:00:00+00:00,0.0277
2025-05-18 00:00:00+00:00,0.0229
2025-05-19 00:00:00+00:00,0.0839
2025-05-20 00:00:00+00:00,0.0491
2025-05-21 00:00:00+00:00,0.0513
2025-05-22 00:00:00+00:00,0.0561
2025-05-23 00:00:00+00:00,0.0487
2025-05-24 00:00:00+00:00,0.0252
2025-05-25 00:00:00+00:00,0.0207
2025-05-26 00:00:00+00:00,0.053
2025-05-27 00:00:00+00:00,0.0694
2025-05-28 00:00:00+00:00,0.0513
2025-05-29 00:00:00+00:00,0.0644
2025-05-30 00:00:00+00:00,0.0565
2025-05-31 00:00:00+00:00,0.0316
2025-06-01 00:00:00+00:00,0.0306
2025-06-02 00:00:00+00:00,0.0775
2025-06-03 00:00:00+00:00,0.0509
2025-06-04 00:00:00+00:00,0.0594
2025-06-05 00:00:00+00:00,0.0606
2025-06-06 00:00:00+00:00,0.0658
2025-06-07 00:00:00+00:00,0.0312
2025-06-08 00:00:00+00:00,0.0423
2025-06-09 00:00:00+00:00,0.0491
2025-06-10 00:00:00+00:00,0.0632
2025-06-11 00:00:00+00:00,0.0435
2025-06-12 00:00:00+00:00,0.053
2025-06-13 00:00:00+00:00,0.1239
2025-06-14 00:00:00+00:00,0.0392
2025-07-02 00:00:00+00:00,0.07
2025-07-03 00:00:00+00:00,0.0624
2025-07-04 00:00:00+00:00,0.0464
2025-07-05 00:00:00+00:00,0.0369
2025-07-06 00:00:00+00:00,0.0128
2025-07-07 00:00:00+00:00,0.0674
2025-07-08 00:00:00+00:00,0.0681
2025-07-09 00:00:00+00:00,0.0534
2025-07-10 00:00:00+00:00,0.0731
2025-07-11 00:00:00+00:00,0.0644
2025-07-12 00:00:00+00:00,0.0238
2025-07-13 00:00:00+00:00,0.0297
2025-07-14 00:00:00+00:00,0.0668
2025-07-15 00:00:00+00:00,0.0511
2025-07-16 00:00:00+00:00,0.0717
2025-07-17 00:00:00+00:00,0.0534
2025-07-18 00:00:00+00:00,0.0488
2025-07-19 00:00:00+00:00,0.0186
2025-07-20 00:00:00+00:00,0.0222
2025-07-21 00:00:00+00:00,0.0552
2025-07-22 00:00:00+00:00,0.0469
2025-07-23 00:00:00+00:00,0.0527
2025-07-24 00:00:00+00:00,0.0665
2025-07-25 00:00:00+00:00,0.0559
2025-07-26 00:00:00+00:00,0.0304
2025-07-27 00:00:00+00:00,0.0163
2025-07-28 00:00:00+00:00,0.056
2025-07-29 00:00:00+00:00,0.0451
2025-07-30 00:00:00+00:00,0.0425
2025-07-31 00:00:00+00:00,0.0595
2025-08-01 00:00:00+00:00,0.0518
2025-08-02 00:00:00+00:00,0.0319
2025-08-03 00:00:00+00:00,0.0188
2025-08-04 00:00:00+00:00,0.0597
2025-08-05 00:00:00+00:00,0.0594
2025-08-06 00:00:00+00:00,0.0581
2025-08-07 00:00:00+00:00,0.0658
2025-08-08 00:00:00+00:00,0.1256
2025-08-09 00:00:00+00:00,0.0705
2025-08-10 00:00:00+00:00,0.0307
2025-08-11 00:00:00+00:00,0.099
2025-08-12 00:00:00+00:00,0.0836
2025-08-13 00:00:00+00:00,0.0658
2025-08-14 00:00:00+00:00,0.0685
2025-08-15 00:00:00+00:00,0.0522
2025-08-16 00:00:00+00:00,0.0333
2025-08-17 00:00:00+00:00,0.0374
2025-08-18 00:00:00+00:00,0.0508
2025-08-19 00:00:00+00:00,0.0538
2025-08-20 00:00:00+00:00,0.0566
2025-08-21 00:00:00+00:00,0.0632
2025-08-22 00:00:00+00:00,0.056
2025-08-23 00:00:00+00:00,0.0137
2025-08-24 00:00:00+00:00,0.0197
2025-08-25 00:00:00+00:00,0.0513
2025-08-26 00:00:00+00:00,0.0467
2025-08-27 00:00:00+00:00,0.043
2025-08-28 00:00:00+00:00,0.0538
2025-08-29 00:00:00+00:00,0.0544
2025-08-30 00:00:00+00:00,0.0347
2025-08-31 00:00:00+00:00,0.0285
2025-09-01 00:00:00+00:00,0.058
2025-09-02 00:00:00+00:00,0.0904
2025-09-03 00:00:00+00:00,0.0758
2025-09-04 00:00:00+00:00,0.0561
2025-09-05 00:00:00+00:00,0.0754
2025-09-06 00:00:00+00:00,0.0482
2025-09-07 00:00:00+00:00,0.0397
2025-09-08 00:00:00+00:00,0.1121
2025-09-09 00:00:00+00:00,0.0914
2025-09-10 00:00:00+00:00,0.0706
2025-09-11 00:00:00+00:00,0.0659
2025-09-12 00:00:00+00:00,0.0678
2025-09-13 00:00:00+00:00,0.052
2025-09-14 00:00:00+00:00,0.0359
2025-09-15 00:00:00+00:00,0.0775
2025-09-16 00:00:00+00:00,0.0644
2025-09-17 00:00:00+00:00,0.1168
2025-09-18 00:00:00+00:00,0.0707
2025-09-19 00:00:00+00:00,0.0613
2025-09-20 00:00:00+00:00,0.0225
2025-09-21 00:00:00+00:00,0.0242
2025-09-22 00:00:00+00:00,0.0625
2025-09-23 00:00:00+00:00,0.0844
2025-09-24 00:00:00+00:00,0.0638
2025-09-25 00:00:00+00:00,0.0579
2025-09-26 00:00:00+00:00,0.061
2025-09-27 00:00:00+00:00,0.0181
2025-09-28 00:00:00+00:00,0.0227
2025-09-29 00:00:00+00:00,0.0761
2025-09-30 00:00:00+00:00,0.075
2025-10-01 00:00:00+00:00,0.1028
2025-10-02 00:00:00+00:00,0.0727
2025-10-03 00:00:00+00:00,0.0812
2025-10-04 00:00:00+00:00,0.0451
2025-10-05 00:00:00+00:00,0.0669
2025-10-06 00:00:00+00:00,0.0998
2025-10-07 00:00:00+00:00,0.1469
2025-10-08 00:00:00+00:00,0.193
2025-10-09 00:00:00+00:00,0.1354
2025-10-10 00:00:00+00:00,0.0994
2025-10-11 00:00:00+00:00,0.0621
2025-10-12 00:00:00+00:00,0.0505
2025-10-13 00:00:00+00:00,0.1205
2025-10-14 00:00:00+00:00,0.1074
2025-10-15 00:00:00+00:00,0.1043
2025-10-16 00:00:00+00:00,0.1219
2025-10-17 00:00:00+00:00,0.1483
2025-10-18 00:00:00+00:00,0.1324
2025-10-19 00:00:00+00:00,0.0875
2025-10-20 00:00:00+00:00,0.1253
2025-10-21 00:00:00+00:00,0.0913
2025-10-22 00:00:00+00:00,0.1527
2025-10-23 00:00:00+00:00,0.1221
2025-10-24 00:00:00+00:00,0.1198
2025-10-25 00:00:00+00:00,0.0506
2025-10-26 00:00:00+00:00,0.0793
2025-10-27 00:00:00+00:00,0.1031
2025-10-28 00:00:00+00:00,0.0897
2025-10-29 00:00:00+00:00,0.0919
2025-10-30 00:00:00+00:00,0.0783
2025-10-31 00:00:00+00:00,0.0703
2025-11-01 00:00:00+00:00,0.0401
2025-11-02 00:00:00+00:00,0.0368
2025-11-03 00:00:00+00:00,0.0898
2025-11-04 00:00:00+00:00,0.0756
2025-11-05 00:00:00+00:00,0.0716
2025-11-06 00:00:00+00:00,0.082
2025-11-07 00:00:00+00:00,0.0892
2025-11-08 00:00:00+00:00,0.0535
2025-11-09 00:00:00+00:00,0.0363
2025-11-10 00:00:00+00:00,0.0879
2025-11-11 00:00:00+00:00,0.0644
2025-11-12 00:00:00+00:00,0.0743
2025-11-13 00:00:00+00:00,0.0933
2025-11-14 00:00:00+00:00,0.072
2025-11-15 00:00:00+00:00,0.062
2025-11-16 00:00:00+00:00,0.039
2025-11-17 00:00:00+00:00,0.0619
2025-11-18 00:00:00+00:00,0.0576
2025-11-19 00:00:00+00:00,0.0643
2025-11-20 00:00:00+00:00,0.0544
2025-11-21 00:00:00+00:00,0.0653
2025-11-22 00:00:00+00:00,0.0311
2025-11-23 00:00:00+00:00,0.0238
2025-11-24 00:00:00+00:00,0.0766
2025-11-25 00:00:00+00:00,0.1007
2025-11-26 00:00:00+00:00,0.1052
2025-11-27 00:00:00+00:00,0.0661
2025-11-28 00:00:00+00:00,0.1056
2025-11-29 00:00:00+00:00,0.0352
2025-11-30 00:00:00+00:00,0.0332
2025-12-01 00:00:00+00:00,0.078
2025-12-02 00:00:00+00:00,0.0796
2025-12-03 00:00:00+00:00,0.0923
2025-12-04 00:00:00+00:00,0.0863
2025-12-05 00:00:00+00:00,0.0711
2025-12-06 00:00:00+00:00,0.0
2025-12-07 00:00:00+00:00,0.0362
2025-12-08 00:00:00+00:00,0.0624
2025-12-09 00:00:00+00:00,0.0615
2025-12-10 00:00:00+00:00,0.0617
2025-12-11 00:00:00+00:00,0.0552
2025-12-12 00:00:00+00:00,0.0663
2025-12-13 00:00:00+00:00,0.0496
2025-12-14 00:00:00+00:00,0.025
2025-12-15 00:00:00+00:00,0.0713
2025-12-16 00:00:00+00:00,0.0656
2025-12-17 00:00:00+00:00,0.0709
2025-12-18 00:00:00+00:00,0.0711
2025-12-19 00:00:00+00:00,0.0669
2025-12-20 00:00:00+00:00,0.058
2025-12-21 00:00:00+00:00,0.0296
2025-12-22 00:00:00+00:00,0.1277
2025-12-23 00:00:00+00:00,0.1099
2025-12-24 00:00:00+00:00,0.1129
2025-12-25 00:00:00+00:00,0.0506
2025-12-26 00:00:00+00:00,0.1513
2025-12-27 00:00:00+00:00,0.0575
2025-12-28 00:00:00+00:00,0.0975
2025-12-29 00:00:00+00:00,0.1059
2025-12-30 00:00:00+00:00,0.0847
2025-12-31 00:00:00+00:00,0.0753
2026-01-01 00:00:00+00:00,0.0753
2026-01-02 00:00:00+00:00,0.0996
2026-01-03 00:00:00+00:00,0.0399
2026-01-04 00:00:00+00:00,0.0356
2026-01-05 00:00:00+00:00,0.1083
2026-01-06 00:00:00+00:00,0.1155
2026-01-07 00:00:00+00:00,0.1099
2026-01-08 00:00:00+00:00,0.07
2026-01-09 00:00:00+00:00,0.0592
2026-01-10 00:00:00+00:00,0.0389
2026-01-11 00:00:00+00:00,0.0406
2026-01-12 00:00:00+00:00,0.1159
2026-01-13 00:00:00+00:00,0.0796
2026-01-14 00:00:00+00:00,0.096
2026-01-15 00:00:00+00:00,0.0767
2026-01-16 00:00:00+00:00,0.0873
2026-01-17 00:00:00+00:00,0.0381
2026-01-18 00:00:00+00:00,0.0311
2026-01-19 00:00:00+00:00,0.11
2026-01-20 00:00:00+00:00,0.12
2026-01-21 00:00:00+00:00,0.1311
2026-01-22 00:00:00+00:00,0.1166
2026-01-23 00:00:00+00:00,0.123
2026-01-24 00:00:00+00:00,0.0767
2026-01-25 00:00:00+00:00,0.045
2026-01-26 00:00:00+00:00,0.1898
2026-01-27 00:00:00+00:00,0.1455
2026-01-28 00:00:00+00:00,0.1219
2026-01-29 00:00:00+00:00,0.1897
2026-01-30 00:00:00+00:00,0.2096
2026-01-31 00:00:00+00:00,0.133
2026-02-01 00:00:00+00:00,0.1278
2026-02-02 00:00:00+00:00,0.2194
2026-02-03 00:00:00+00:00,0.1677
2026-02-04 00:00:00+00:00,0.1634
2026-02-05 00:00:00+00:00,0.1214
2026-02-06 00:00:00+00:00,0.1324
2026-02-07 00:00:00+00:00,0.0536
2026-02-08 00:00:00+00:00,0.0424
2026-02-09 00:00:00+00:00,0.1011
2026-02-10 00:00:00+00:00,0.0934
2026-02-11 00:00:00+00:00,0.0726
2026-02-12 00:00:00+00:00,0.0767
2026-02-13 00:00:00+00:00,0.0823
2026-02-14 00:00:00+00:00,0.0512
2026-02-15 00:00:00+00:00,0.035
2026-02-16 00:00:00+00:00,0.0668
2026-02-17 00:00:00+00:00,0.1176
2026-02-18 00:00:00+00:00,0.1064
2026-02-19 00:00:00+00:00,0.1046
2026-02-20 00:00:00+00:00,0.169
2026-02-21 00:00:00+00:00,0.0759
2026-02-22 00:00:00+00:00,0.0366
2026-02-23 00:00:00+00:00,0.1291
2026-02-24 00:00:00+00:00,0.075
2026-02-25 00:00:00+00:00,0.0913
2026-02-26 00:00:00+00:00,0.0694
2026-02-27 00:00:00+00:00,0.0729
2026-02-28 00:00:00+00:00,0.0
2026-03-01 00:00:00+00:00,0.0362
2026-03-02 00:00:00+00:00,0.1132
2026-03-03 00:00:00+00:00,0.111
2026-03-04 00:00:00+00:00,0.072
2026-03-05 00:00:00+00:00,0.0851
2026-03-06 00:00:00+00:00,0.0791
2026-03-07 00:00:00+00:00,0.0366
2026-03-08 00:00:00+00:00,0.024
2026-03-09 00:00:00+00:00,0.0822
2026-03-10 00:00:00+00:00,0.0751
2026-03-11 00:00:00+00:00,0.0763
2026-03-12 00:00:00+00:00,0.0729
2026-03-13 00:00:00+00:00,0.0634
2026-03-14 00:00:00+00:00,0.0471
2026-03-15 00:00:00+00:00,0.0334
2026-03-16 00:00:00+00:00,0.0837
2026-03-17 00:00:00+00:00,0.0963
2026-03-18 00:00:00+00:00,0.0749
2026-03-19 00:00:00+00:00,0.0889
2026-03-20 00:00:00+00:00,0.083
2026-03-21 00:00:00+00:00,0.0393
2026-03-22 00:00:00+00:00,0.0283
2026-03-23 00:00:00+00:00,0.1471
2026-03-24 00:00:00+00:00,0.0856
2026-03-25 00:00:00+00:00,0.1096
2026-03-26 00:00:00+00:00,0.0618
2026-03-27 00:00:00+00:00,0.1132
2026-03-28 00:00:00+00:00,0.0359
2026-03-29 00:00:00+00:00,0.0341
2026-03-30 00:00:00+00:00,0.0608
2026-03-31 00:00:00+00:00,0.0791
2026-04-01 00:00:00+00:00,0.072
2026-04-02 00:00:00+00:00,0.0894
2026-04-03 00:00:00+00:00,0.0356
2026-04-04 00:00:00+00:00,0.0318
2026-04-05 00:00:00+00:00,0.024
2026-04-06 00:00:00+00:00,0.0682
2026-04-07 00:00:00+00:00,0.0627
2026-04-08 00:00:00+00:00,0.0858
2026-04-09 00:00:00+00:00,0.0729
2026-04-10 00:00:00+00:00,0.0537
2026-04-11 00:00:00+00:00,0.0355
2026-04-12 00:00:00+00:00,0.0187
2026-04-13 00:00:00+00:00,0.05
2026-04-14 00:00:00+00:00,0.0739
2026-04-15 00:00:00+00:00,0.0582
2026-04-16 00:00:00+00:00,0.0629
2026-04-17 00:00:00+00:00,0.0742
2026-04-18 00:00:00+00:00,0.0911
2026-04-19 00:00:00+00:00,0.041
2026-04-20 00:00:00+00:00,0.1096
2026-04-21 00:00:00+00:00,0.0542
2026-04-22 00:00:00+00:00,0.058
2026-04-23 00:00:00+00:00,0.0661
2026-04-24 00:00:00+00:00,0.0672
2026-04-25 00:00:00+00:00,0.0587
2026-04-26 00:00:00+00:00,0.0482
2026-04-27 00:00:00+00:00,0.0638
2026-04-28 00:00:00+00:00,0.0507
2026-04-29 00:00:00+00:00,0.0705
2026-04-30 00:00:00+00:00,0.0917
2026-05-01 00:00:00+00:00,0.0475
2026-05-02 00:00:00+00:00,0.0704
2026-05-03 00:00:00+00:00,0.0256
2026-05-04 00:00:00+00:00,0.0887
2026-05-05 00:00:00+00:00,0.0665
2026-05-06 00:00:00+00:00,0.0886
2026-05-07 00:00:00+00:00,0.0911
2026-05-08 00:00:00+00:00,0.0758
2026-05-09 00:00:00+00:00,0.039
2026-05-10 00:00:00+00:00,0.0277
2026-05-11 00:00:00+00:00,0.1073
2026-05-12 00:00:00+00:00,0.0759
2026-05-13 00:00:00+00:00,0.1281
2026-05-14 00:00:00+00:00,0.1041
2026-05-15 00:00:00+00:00,0.081
2026-05-16 00:00:00+00:00,0.0417
2026-05-17 00:00:00+00:00,0.0354
2026-05-18 00:00:00+00:00,0.062
2026-05-19 00:00:00+00:00,0.0657
2026-05-20 00:00:00+00:00,0.0605
2026-05-21 00:00:00+00:00,0.0726
2026-05-22 00:00:00+00:00,0.0574
2026-05-23 00:00:00+00:00,0.0712
2026-05-24 00:00:00+00:00,0.0268
2026-05-25 00:00:00+00:00,0.0682
2026-05-26 00:00:00+00:00,0.1196
2026-05-27 00:00:00+00:00,0.0644
2026-05-28 00:00:00+00:00,0.0651
2026-05-29 00:00:00+00:00,0.0488
2026-05-30 00:00:00+00:00,0.0409
2026-05-31 00:00:00+00:00,0.0248
2026-06-01 00:00:00+00:00,0.0927
2026-06-02 00:00:00+00:00,0.0815
2026-06-03 00:00:00+00:00,0.0846
2026-06-04 00:00:00+00:00,0.0537
2026-06-05 00:00:00+00:00,0.0955
2026-06-06 00:00:00+00:00,0.0544
2026-06-07 00:00:00+00:00,0.0314
2026-06-08 00:00:00+00:00,0.0633
2026-06-09 00:00:00+00:00,0.066
2026-06-10 00:00:00+00:00,0.0969
2026-06-11 00:00:00+00:00,0.0729
2026-06-12 00:00:00+00:00,0.0805
2026-06-13 00:00:00+00:00,0.0462
2026-06-14 00:00:00+00:00,0.0787
2026-06-15 00:00:00+00:00,0.0764
2026-06-16 00:00:00+00:00,0.107
2026-06-17 00:00:00+00:00,0.071
2026-06-18 00:00:00+00:00,0.088
2026-06-19 00:00:00+00:00,0.0647
2026-06-20 00:00:00+00:00,0.032
2026-06-21 00:00:00+00:00,0.0177
2026-06-22 00:00:00+00:00,0.0849
2026-06-23 00:00:00+00:00,0.076
2026-06-24 00:00:00+00:00,0.0805
2026-06-25 00:00:00+00:00,0.0786
2026-06-26 00:00:00+00:00,0.0967
2026-06-27 00:00:00+00:00,0.0413
2026-06-28 00:00:00+00:00,0.0396
2026-06-29 00:00:00+00:00,0.0501
2026-06-30 00:00:00+00:00,0.0508
2026-07-05 00:00:00+00:00,0.0353
2026-07-06 00:00:00+00:00,0.1104
2026-07-07 00:00:00+00:00,0.0524
2026-07-08 00:00:00+00:00,0.0582
2026-07-09 00:00:00+00:00,0.0718
2026-07-10 00:00:00+00:00,0.0704
2026-07-11 00:00:00+00:00,0.0285
2026-07-12 00:00:00+00:00,0.0234
2026-07-13 00:00:00+00:00,0.0947
2026-07-14 00:00:00+00:00,0.0701
2026-07-15 00:00:00+00:00,0.1057
2026-07-16 00:00:00+00:00,0.0527
2026-07-17 00:00:00+00:00,0.0781
2026-07-18 00:00:00+00:00,0.0354
2026-07-19 00:00:00+00:00,0.0181
2026-07-20 00:00:00+00:00,0.0571
2026-07-21 00:00:00+00:00,0.0579
2026-07-22 00:00:00+00:00,0.0907
2026-07-23 00:00:00+00:00,0.0749
2026-07-24 00:00:00+00:00,0.0494
2026-07-25 00:00:00+00:00,0.0238
2026-07-26 00:00:00+00:00,0.0172
2026-07-27 00:00:00+00:00,0.061
2026-07-28 00:00:00+00:00,0.0771
2026-07-29 00:00:00+00:00,0.0605
2026-07-30 00:00:00+00:00,0.0873
2026-07-31 00:00:00+00:00,0.0647
2026-08-01 00:00:00+00:00,0.0317
2026-08-02 00:00:00+00:00,0.0504
2026-08-03 00:00:00+00:00,0.061
2026-08-04 00:00:00+00:00,0.1136
2026-08-05 00:00:00+00:00,0.0847
2026-08-06 00:00:00+00:00,0.0804
2026-08-07 00:00:00+00:00,0.0924
2026-08-08 00:00:00+00:00,0.0393
2026-08-09 00:00:00+00:00,0.0398
2026-08-10 00:00:00+00:00,0.0738
2026-08-11 00:00:00+00:00,0.0625
2026-08-12 00:00:00+00:00,0.0676
2026-08-13 00:00:00+00:00,0.0661
2026-08-14 00:00:00+00:00,0.0906
2026-08-15 00:00:00+00:00,0.0388
2026-08-16 00:00:00+00:00,0.0298
2026-08-17 00:00:00+00:00,0.0731
2026-08-18 00:00:00+00:00,0.055
2026-08-19 00:00:00+00:00,0.0755
2026-08-20 00:00:00+00:00,0.0529
2026-08-21 00:00:00+00:00,0.0834
2026-08-22 00:00:00+00:00,0.0616
