time,open,high,low,close,volume
2018-11-27 00:00:00+00:00,1.02,1.02,0.995,1.0,250869.60297162
2018-11-28 00:00:00+00:00,1.0008,1.0166,1.0,1.008,3181740.75168065
2018-11-29 00:00:00+00:00,1.0098,1.0099,1.001,1.0052,3266189.86292339
2018-11-30 00:00:00+00:00,1.005,1.006,1.0026,1.0026,4566767.54589747
2018-12-01 00:00:00+00:00,1.0026,1.015,1.0007,1.012,6103687.12253144
2018-12-02 00:00:00+00:00,1.012,1.015,1.0021,1.0023,2321458.66534827
2018-12-03 00:00:00+00:00,1.0049,1.0073,1.0005,1.0032,2351886.16785092
2018-12-04 00:00:00+00:00,1.0032,1.0125,1.0006,1.0075,3788063.74304455
2018-12-05 00:00:00+00:00,1.0075,1.0075,1.0012,1.0012,3827360.08276442
2018-12-06 00:00:00+00:00,1.0012,1.0107,1.0012,1.0066,6211659.68132607
2018-12-07 00:00:00+00:00,1.0066,1.0303,1.0044,1.0149,10420153.37861964
2018-12-08 00:00:00+00:00,1.015,1.04,1.0122,1.0281,6157705.95974978
2018-12-09 00:00:00+00:00,1.028,1.035,1.0221,1.0274,4792772.03963367
2018-12-10 00:00:00+00:00,1.0268,1.029,1.02,1.0254,5495564.59791748
2018-12-11 00:00:00+00:00,1.0254,1.0271,1.014,1.0152,5309316.60768562
2018-12-12 00:00:00+00:00,1.0147,1.031,1.0143,1.0262,4729849.19567293
2018-12-13 00:00:00+00:00,1.0262,1.0276,1.0149,1.0169,6192208.80236515
2018-12-14 00:00:00+00:00,1.0162,1.0179,1.0125,1.0162,6107330.86124405
2018-12-15 00:00:00+00:00,1.0162,1.022,1.0144,1.0219,3172175.06849892
2018-12-16 00:00:00+00:00,1.0218,1.0284,1.0202,1.0232,2807745.97569922
2018-12-17 00:00:00+00:00,1.0226,1.04,1.0216,1.0334,6589193.96264899
2018-12-18 00:00:00+00:00,1.0338,1.038,1.0277,1.0349,7530152.30795575
2018-12-19 00:00:00+00:00,1.0349,1.04,1.025,1.0365,11903362.71070763
2018-12-20 00:00:00+00:00,1.0365,1.0484,1.0354,1.0389,10420767.15082362
2018-12-21 00:00:00+00:00,1.0405,1.0442,1.034,1.0351,8291536.85438232
2018-12-22 00:00:00+00:00,1.0342,1.048,1.0321,1.048,5594681.7639486
2018-12-23 00:00:00+00:00,1.0479,1.05,1.037,1.0371,5412985.02077476
2018-12-24 00:00:00+00:00,1.0371,1.05,1.0311,1.0327,12963894.74070051
2018-12-25 00:00:00+00:00,1.0334,1.047,1.0312,1.0446,8847364.40837076
2018-12-26 00:00:00+00:00,1.0446,1.046,1.0389,1.0407,4668587.9964151
2018-12-27 00:00:00+00:00,1.0407,1.0439,1.0357,1.0426,6605649.31555044
2018-12-28 00:00:00+00:00,1.0425,1.0559,1.0412,1.0507,8799670.25429249
2018-12-29 00:00:00+00:00,1.0505,1.058,1.0487,1.056,5004092.77698993
2018-12-30 00:00:00+00:00,1.0553,1.0572,1.0417,1.0458,4759213.79036605
2018-12-31 00:00:00+00:00,1.0458,1.047,1.0371,1.0371,4250351.10850871
2019-01-01 00:00:00+00:00,1.0371,1.0462,1.036,1.0431,5378992.36923017
2019-01-02 00:00:00+00:00,1.0432,1.0495,1.0427,1.0486,5244652.14217811
2019-01-03 00:00:00+00:00,1.0492,1.0492,1.0428,1.0429,5281641.18350883
2019-01-04 00:00:00+00:00,1.0428,1.0456,1.038,1.0435,7579229.9392092
2019-01-05 00:00:00+00:00,1.0436,1.0469,1.0361,1.0369,7714762.82173021
2019-01-06 00:00:00+00:00,1.0368,1.0454,1.0341,1.0442,12148753.30271014
2019-01-07 00:00:00+00:00,1.0449,1.0454,1.036,1.0368,12320167.096538
2019-01-08 00:00:00+00:00,1.0368,1.04,1.0341,1.0374,7486575.96720294
2019-01-09 00:00:00+00:00,1.0371,1.0414,1.0266,1.0313,8228597.3133164
2019-01-10 00:00:00+00:00,1.0307,1.0405,1.0301,1.0367,11736146.35426544
2019-01-11 00:00:00+00:00,1.0366,1.0405,1.0317,1.0321,5660807.92889706
2019-01-12 00:00:00+00:00,1.0325,1.0354,1.0313,1.0328,2572224.11707381
2019-01-13 00:00:00+00:00,1.0329,1.034,1.0315,1.0331,2287517.65603843
2019-01-14 00:00:00+00:00,1.0331,1.0375,1.032,1.0343,3286959.90508422
2019-01-15 00:00:00+00:00,1.0343,1.0361,1.029,1.0296,3902121.11116448
2019-01-16 00:00:00+00:00,1.0291,1.0299,1.0226,1.0237,3411722.20587564
2019-01-17 00:00:00+00:00,1.0236,1.0291,1.019,1.0291,5922744.21801099
2019-01-18 00:00:00+00:00,1.0291,1.0296,1.0199,1.0213,2885664.24718911
2019-01-19 00:00:00+00:00,1.0215,1.0342,1.0213,1.0264,5030540.36334685
2019-01-20 00:00:00+00:00,1.0264,1.0282,1.0141,1.0143,4577580.13091777
2019-01-21 00:00:00+00:00,1.0143,1.0173,1.0119,1.0148,4913085.05995492
2019-01-22 00:00:00+00:00,1.0148,1.021,1.0132,1.0199,4943671.52665134
2019-01-23 00:00:00+00:00,1.0199,1.0201,1.0184,1.0194,1988702.90551516
2019-01-24 00:00:00+00:00,1.0194,1.0234,1.0149,1.0224,6152138.40457053
2019-01-25 00:00:00+00:00,1.0224,1.0237,1.0164,1.0177,3628407.60033069
2019-01-26 00:00:00+00:00,1.0179,1.023,1.017,1.0185,3952501.19032987
2019-01-27 00:00:00+00:00,1.0185,1.0186,1.013,1.013,3290534.7678770702
2019-01-28 00:00:00+00:00,1.013,1.0193,1.013,1.018,3500860.68056432
2019-01-29 00:00:00+00:00,1.0184,1.0196,1.0166,1.0185,2143872.88508057
2019-01-30 00:00:00+00:00,1.0185,1.0218,1.0181,1.0206,3289631.94792868
2019-01-31 00:00:00+00:00,1.0206,1.023,1.0181,1.0196,2839709.24820974
2019-02-01 00:00:00+00:00,1.0196,1.02,1.0158,1.02,3383967.0133405
2019-02-02 00:00:00+00:00,1.02,1.02,1.015,1.0174,2291381.40908135
2019-02-03 00:00:00+00:00,1.0171,1.0184,1.0111,1.0113,3605151.32343586
2019-02-04 00:00:00+00:00,1.0113,1.0113,1.0092,1.0092,2773307.73098897
2019-02-05 00:00:00+00:00,1.0092,1.0125,1.008,1.0125,3613524.40058711
2019-02-06 00:00:00+00:00,1.0126,1.0129,1.009,1.0129,2287889.42337718
2019-02-07 00:00:00+00:00,1.0129,1.0154,1.0113,1.0135,2501700.26128328
2019-02-08 00:00:00+00:00,1.0134,1.0248,1.0129,1.017,7529229.47188947
2019-02-09 00:00:00+00:00,1.017,1.0187,1.0151,1.0155,3447977.26837654
2019-02-10 00:00:00+00:00,1.0151,1.0193,1.0145,1.017,2854725.07902193
2019-02-11 00:00:00+00:00,1.0185,1.0196,1.014,1.0142,2087076.13190363
2019-02-12 00:00:00+00:00,1.0144,1.0192,1.0126,1.0178,2774612.46191231
2019-02-13 00:00:00+00:00,1.018,1.0196,1.0145,1.0154,2681714.3840356
2019-02-14 00:00:00+00:00,1.0153,1.0193,1.0146,1.0184,1382462.44725659
2019-02-15 00:00:00+00:00,1.018,1.0192,1.017,1.0185,1473850.14565228
2019-02-16 00:00:00+00:00,1.0191,1.02,1.018,1.0181,3277356.02406347
2019-02-17 00:00:00+00:00,1.018,1.0236,1.0161,1.0195,3933878.35762051
2019-02-18 00:00:00+00:00,1.0186,1.0243,1.0168,1.021,6728401.89863992
2019-02-19 00:00:00+00:00,1.0213,1.0238,1.017,1.0191,4504115.28929591
2019-02-20 00:00:00+00:00,1.0191,1.025,1.0185,1.0195,4249064.14596282
2019-02-21 00:00:00+00:00,1.0196,1.0229,1.0179,1.0192,3643361.27263107
2019-02-22 00:00:00+00:00,1.0186,1.0246,1.0166,1.0246,3912819.28231001
2019-02-23 00:00:00+00:00,1.0246,1.025,1.0208,1.024,2840302.63700572
2019-02-24 00:00:00+00:00,1.0241,1.0256,1.0181,1.0225,8948876.80983899
2019-02-25 00:00:00+00:00,1.0225,1.0243,1.0193,1.0243,2629071.58171959
2019-02-26 00:00:00+00:00,1.0238,1.0256,1.0204,1.0226,3206514.16204157
2019-02-27 00:00:00+00:00,1.0226,1.027,1.0208,1.0213,4007612.96607489
2019-02-28 00:00:00+00:00,1.0214,1.0264,1.0204,1.0214,2394065.31691682
2019-03-01 00:00:00+00:00,1.0214,1.0255,1.0206,1.0237,2301648.36523134
2019-03-02 00:00:00+00:00,1.0237,1.0242,1.0215,1.0234,1600178.36132778
2019-03-03 00:00:00+00:00,1.0238,1.0259,1.0203,1.0204,2073305.26239978
2019-03-04 00:00:00+00:00,1.0204,1.0238,1.02,1.021,4942300.00081735
2019-03-05 00:00:00+00:00,1.021,1.0238,1.0199,1.023,4249120.35395616
2019-03-06 00:00:00+00:00,1.023,1.0245,1.0224,1.0226,3104262.869031
2019-03-07 00:00:00+00:00,1.0229,1.0244,1.0222,1.023,1934693.29204437
2019-03-08 00:00:00+00:00,1.0229,1.0237,1.0195,1.0202,2699672.98186681
2019-03-09 00:00:00+00:00,1.0202,1.0225,1.019,1.0195,1834890.21728179
2019-03-10 00:00:00+00:00,1.0196,1.0214,1.0189,1.0209,1386991.75282243
2019-03-11 00:00:00+00:00,1.0208,1.0224,1.0193,1.0208,2787979.77901029
2019-03-12 00:00:00+00:00,1.0207,1.0221,1.0191,1.0202,2298355.47348159
2019-03-13 00:00:00+00:00,1.0203,1.0218,1.018,1.0212,1039803.32873106
2019-03-14 00:00:00+00:00,1.0211,1.0215,1.0181,1.019,2038261.2662720701
2019-03-15 00:00:00+00:00,1.019,1.0216,1.018,1.0202,2130072.90364705
2019-03-16 00:00:00+00:00,1.0201,1.024,1.0189,1.0218,2785282.33660203
2019-03-17 00:00:00+00:00,1.0218,1.0222,1.0205,1.0219,839986.44798669
2019-03-18 00:00:00+00:00,1.0216,1.0221,1.0201,1.0217,2021454.50987833
2019-03-19 00:00:00+00:00,1.0217,1.0231,1.0212,1.022,1953270.94967339
2019-03-20 00:00:00+00:00,1.0223,1.0231,1.0212,1.0226,2841814.26409138
2019-03-21 00:00:00+00:00,1.0226,1.0227,1.0164,1.0166,1752909.48917034
2019-03-22 00:00:00+00:00,1.0166,1.0172,1.0153,1.0153,2366362.06416721
2019-03-23 00:00:00+00:00,1.0153,1.0159,1.0144,1.015,992777.754528
2019-03-24 00:00:00+00:00,1.0149,1.0152,1.0131,1.0135,1055971.20043992
2019-03-25 00:00:00+00:00,1.0134,1.0142,1.0113,1.0114,3397700.59277021
2019-03-26 00:00:00+00:00,1.0114,1.0131,1.0098,1.0125,2723526.38469476
2019-03-27 00:00:00+00:00,1.0127,1.0156,1.0115,1.0155,1408697.16095771
2019-03-28 00:00:00+00:00,1.0155,1.0171,1.0141,1.0154,1424304.41276351
2019-03-29 00:00:00+00:00,1.0154,1.018,1.015,1.018,1611339.07570793
2019-03-30 00:00:00+00:00,1.0179,1.02,1.0159,1.0161,843474.61344104
2019-03-31 00:00:00+00:00,1.016,1.0171,1.0154,1.0154,657699.48390702
2019-04-01 00:00:00+00:00,1.0155,1.0171,1.013,1.013,1366102.78851195
2019-04-02 00:00:00+00:00,1.013,1.0301,1.013,1.014,14083493.78381965
2019-04-03 00:00:00+00:00,1.0138,1.0217,1.0057,1.0083,11025618.41494191
2019-04-04 00:00:00+00:00,1.0077,1.0145,1.0065,1.0103,3764330.06787551
2019-04-05 00:00:00+00:00,1.0102,1.018,1.0082,1.0154,2515321.58964236
2019-04-06 00:00:00+00:00,1.0154,1.019,1.0092,1.01,2722597.24146335
2019-04-07 00:00:00+00:00,1.01,1.017,1.0093,1.0135,2461877.24783286
2019-04-08 00:00:00+00:00,1.014,1.019,1.0083,1.0144,7999953.33509449
2019-04-09 00:00:00+00:00,1.0144,1.0199,1.0123,1.0123,3494623.33338314
2019-04-10 00:00:00+00:00,1.0122,1.016,1.0024,1.0027,6102283.83350205
2019-04-11 00:00:00+00:00,1.0027,1.013,1.0026,1.0092,4646898.22501195
2019-04-12 00:00:00+00:00,1.0091,1.015,1.0091,1.012,1639518.10846623
2019-04-13 00:00:00+00:00,1.012,1.014,1.011,1.0117,451754.46276117
2019-04-14 00:00:00+00:00,1.0118,1.0129,1.0105,1.0121,1016354.94723616
2019-04-15 00:00:00+00:00,1.0118,1.0134,1.0026,1.0028,3446841.51345641
2019-04-16 00:00:00+00:00,1.0027,1.0143,1.0026,1.0116,2908032.95888263
2019-04-17 00:00:00+00:00,1.0116,1.0143,1.0108,1.0109,1200252.25418173
2019-04-18 00:00:00+00:00,1.0109,1.0124,1.008,1.0106,1250329.30247908
2019-04-19 00:00:00+00:00,1.0109,1.0111,1.0085,1.011,1235604.63873918
2019-04-20 00:00:00+00:00,1.0111,1.0124,1.0085,1.0086,814409.56181511
2019-04-21 00:00:00+00:00,1.0088,1.0143,1.0088,1.0124,980852.88704231
2019-04-22 00:00:00+00:00,1.0124,1.0145,1.0091,1.011,2446795.33701705
2019-04-23 00:00:00+00:00,1.011,1.0147,1.0085,1.0097,3020772.70947557
2019-04-24 00:00:00+00:00,1.0097,1.016,1.0093,1.0113,3245429.49629555
2019-04-25 00:00:00+00:00,1.0118,1.013,0.98056,1.0009,9376928.81745052
2019-04-26 00:00:00+00:00,1.0009,1.0199,0.99901,1.0184,13334050.04471588
2019-04-27 00:00:00+00:00,1.0183,1.021,1.0156,1.021,5844857.19575181
2019-04-28 00:00:00+00:00,1.0208,1.037,1.0208,1.0316,2754271.78450299
2019-04-29 00:00:00+00:00,1.0328,1.0458,1.0252,1.0458,5740402.12072627
2019-04-30 00:00:00+00:00,1.0458,1.0523,1.0369,1.0523,6465894.90901276
2019-05-01 00:00:00+00:00,1.0522,1.0544,1.043,1.0461,2834278.63347201
2019-05-02 00:00:00+00:00,1.0461,1.0528,1.0406,1.0433,3767617.0081876
2019-05-03 00:00:00+00:00,1.0424,1.054,1.0402,1.0434,5415485.39595555
2019-05-04 00:00:00+00:00,1.0435,1.05,1.0413,1.046,1998920.10916303
2019-05-05 00:00:00+00:00,1.0466,1.0485,1.04,1.0471,2566932.75218405
2019-05-06 00:00:00+00:00,1.0472,1.0553,1.0457,1.0506,3546248.24988677
2019-05-07 00:00:00+00:00,1.0504,1.0569,1.0448,1.0448,10286957.0696156
2019-05-08 00:00:00+00:00,1.0461,1.0475,1.032,1.0357,3250571.21886699
2019-05-09 00:00:00+00:00,1.0357,1.045,1.0142,1.0142,4285721.50198279
2019-05-10 00:00:00+00:00,1.0141,1.018,1.0082,1.0089,6962442.34066742
2019-05-11 00:00:00+00:00,1.0089,1.009,0.9987,0.99871,20342682.45250109
2019-05-12 00:00:00+00:00,0.99871,1.0095,0.995,1.0016,11550255.63394081
2019-05-13 00:00:00+00:00,1.0016,1.0149,0.9956,0.99771,27332858.67812196
2019-05-14 00:00:00+00:00,0.9977,0.99966,0.98931,0.99552,19912302.76501277
2019-05-15 00:00:00+00:00,0.99552,1.0029,0.99501,0.99571,10621474.68539719
2019-05-16 00:00:00+00:00,0.99572,1.003,0.99482,0.99882,10511807.12549532
2019-05-17 00:00:00+00:00,0.99882,1.0144,0.997,1.0079,11635267.13466692
2019-05-18 00:00:00+00:00,1.009,1.009,1.0004,1.0004,3265555.76795436
2019-05-19 00:00:00+00:00,1.0004,1.0065,0.9996,1.0039,6709708.66022948
2019-05-20 00:00:00+00:00,1.0038,1.0059,1.0003,1.0059,7708710.93076475
2019-05-21 00:00:00+00:00,1.0059,1.0064,1.0025,1.0036,3984387.88148068
2019-05-22 00:00:00+00:00,1.0036,1.0049,0.999,0.99948,5929141.47325549
2019-05-23 00:00:00+00:00,0.9993,1.0029,0.99853,1.0027,3473693.97574129
2019-05-24 00:00:00+00:00,1.0022,1.0067,1.0021,1.0032,3923036.3985396298
2019-05-25 00:00:00+00:00,1.0032,1.0057,1.0017,1.0022,7085358.30647065
2019-05-26 00:00:00+00:00,1.0022,1.0139,1.001,1.009,21338629.88745262
2019-05-27 00:00:00+00:00,1.009,1.0139,1.0016,1.0046,10401887.89110372
2019-05-28 00:00:00+00:00,1.0047,1.006,1.0013,1.002,7015973.38275253
2019-05-29 00:00:00+00:00,1.002,1.005,1.0018,1.0035,9445004.9055425
2019-05-30 00:00:00+00:00,1.004,1.005,0.9995,1.0001,17527623.81359588
2019-05-31 00:00:00+00:00,1.0001,1.001,0.99632,0.99824,12468410.56301203
2019-06-01 00:00:00+00:00,0.99772,1.0026,0.9975,0.99995,4849026.0653625
2019-06-02 00:00:00+00:00,1.0007,1.0033,0.9993,1.0007,3716953.28098626
2019-06-03 00:00:00+00:00,1.0004,1.0021,0.9963,0.9985,9755610.36853473
2019-06-04 00:00:00+00:00,0.9987,1.0025,0.996,1.0012,6802999.99954862
2019-06-05 00:00:00+00:00,1.0012,1.0039,1.0005,1.0024,3470966.21643995
2019-06-06 00:00:00+00:00,1.0019,1.0032,1.0004,1.0025,2335780.69825407
2019-06-07 00:00:00+00:00,1.0025,1.004,1.0007,1.0024,4051416.3325564
2019-06-08 00:00:00+00:00,1.0025,1.004,1.0005,1.0038,1005276.03745315
2019-06-09 00:00:00+00:00,1.0036,1.0046,1.0005,1.001,3486080.57689527
2019-06-10 00:00:00+00:00,1.0007,1.0046,1.0006,1.0039,3175636.80780386
2019-06-11 00:00:00+00:00,1.004,1.0041,1.0009,1.0028,2473658.15933299
2019-06-12 00:00:00+00:00,1.0034,1.0049,1.0021,1.0037,11761104.61785498
2019-06-13 00:00:00+00:00,1.0037,1.0039,1.0015,1.0015,7274367.66906559
2019-06-14 00:00:00+00:00,1.0016,1.0034,1.0006,1.0031,5473076.6539978
2019-06-15 00:00:00+00:00,1.0032,1.004,1.0027,1.0036,9242292.515448
2019-06-16 00:00:00+00:00,1.0036,1.0063,1.0019,1.0026,16109204.13643333
2019-06-17 00:00:00+00:00,1.0027,1.0048,1.001,1.0043,9023010.12461865
2019-06-18 00:00:00+00:00,1.0043,1.0046,0.999,1.0008,9664808.38004076
2019-06-19 00:00:00+00:00,1.0008,1.0039,1.0007,1.0039,5407905.71498638
2019-06-20 00:00:00+00:00,1.0038,1.0047,1.0027,1.004,7625615.42138804
2019-06-21 00:00:00+00:00,1.0035,1.0045,1.0009,1.0041,9903530.97515943
2019-06-22 00:00:00+00:00,1.0041,1.0046,0.99861,1.0023,20816152.40234147
2019-06-23 00:00:00+00:00,1.0023,1.003,0.9999,1.0002,8736369.98271087
2019-06-24 00:00:00+00:00,1.0003,1.0013,0.998,0.9989,10944732.82252681
2019-06-25 00:00:00+00:00,0.9989,1.0007,0.9958,0.9958,13862582.02167957
2019-06-26 00:00:00+00:00,0.9958,0.9985,0.97962,0.98658,42451452.585807085
2019-06-27 00:00:00+00:00,0.98658,0.9965,0.9856,0.9892,28518500.580986165
2019-06-28 00:00:00+00:00,0.9892,0.996,0.987,0.9924,25390686.607457466
2019-06-29 00:00:00+00:00,0.99288,1.0,0.99201,1.0,12864367.120787244
2019-06-30 00:00:00+00:00,1.0,1.001,0.99296,0.99494,8828542.919810649
2019-07-01 00:00:00+00:00,0.99496,1.0029,0.99401,1.0015,11528843.644136097
2019-07-02 00:00:00+00:00,1.0015,1.0046,0.9981,1.0033,11975354.417364769
2019-07-03 00:00:00+00:00,1.0033,1.0034,1.0006,1.0031,12426565.15450388
2019-07-04 00:00:00+00:00,1.0031,1.0032,1.002,1.002,13067042.7603141
2019-07-05 00:00:00+00:00,1.0027,1.0034,0.99901,1.0024,7710686.065955587
2019-07-06 00:00:00+00:00,1.0024,1.0047,1.0023,1.003,15647980.5899233
2019-07-07 00:00:00+00:00,1.003,1.0045,1.0021,1.0045,7491417.5376663925
2019-07-08 00:00:00+00:00,1.0045,1.0048,1.0037,1.0041,17450817.19973682
2019-07-09 00:00:00+00:00,1.0041,1.0043,1.0006,1.0018,9952567.507647846
2019-07-10 00:00:00+00:00,1.0018,1.0033,0.998,0.99833,12589307.517403077
2019-07-11 00:00:00+00:00,0.99911,1.0014,0.998,0.99965,7013735.294080986
2019-07-12 00:00:00+00:00,0.9991,1.0024,0.9986,1.0019,3059630.35624047
2019-07-13 00:00:00+00:00,1.0013,1.0021,0.995,0.99637,9456750.09777586
2019-07-14 00:00:00+00:00,0.99641,1.0001,0.99531,0.99998,8215866.13715287
2019-07-15 00:00:00+00:00,0.99998,1.002,0.99721,0.9973,6031539.45354827
2019-07-16 00:00:00+00:00,0.9973,0.99991,0.9961,0.99954,10288212.31098317
2019-07-17 00:00:00+00:00,0.9989,1.0022,0.9984,1.0012,4922336.35764109
2019-07-18 00:00:00+00:00,1.0011,1.0022,0.9979,1.0008,5473940.08736412
2019-07-19 00:00:00+00:00,1.0008,1.0032,0.9995,1.0011,4619082.61097468
2019-07-20 00:00:00+00:00,1.0011,1.0018,0.9997,1.001,4517452.01827588
2019-07-21 00:00:00+00:00,1.0008,1.0011,0.9975,0.99909,4553127.28383794
2019-07-22 00:00:00+00:00,0.9991,0.9993,0.99702,0.99862,4465392.89691142
2019-07-23 00:00:00+00:00,0.99858,1.0,0.9973,0.9989,4340044.8656127
2019-07-24 00:00:00+00:00,0.99891,1.0002,0.9978,0.9994,5443926.89393216
2019-07-25 00:00:00+00:00,1.0002,1.0016,0.99913,1.0008,5267543.58577455
2019-07-26 00:00:00+00:00,1.0005,1.0016,0.9997,1.0006,5657266.71791748
2019-07-27 00:00:00+00:00,1.0007,1.0022,0.996,0.99909,18052530.94711473
2019-07-28 00:00:00+00:00,0.99899,1.0007,0.99561,0.9984,8291726.83201676
2019-07-29 00:00:00+00:00,0.9984,0.999,0.99631,0.99776,4151874.49818327
2019-07-30 00:00:00+00:00,0.99839,1.0007,0.9976,1.0006,4725493.28718786
2019-07-31 00:00:00+00:00,1.0007,1.0034,0.9991,1.0014,6252926.23687556
2019-08-01 00:00:00+00:00,1.0018,1.0025,0.9996,1.002,3475103.47860126
2019-08-02 00:00:00+00:00,1.002,1.0023,0.9996,1.0,3602849.19790542
2019-08-03 00:00:00+00:00,1.0,1.0017,0.9996,1.001,2667176.96474895
2019-08-04 00:00:00+00:00,1.001,1.0025,1.0003,1.0025,3891754.02939876
2019-08-05 00:00:00+00:00,1.0025,1.0029,0.9998,1.0006,5953769.64746246
2019-08-06 00:00:00+00:00,1.0002,1.003,0.9994,0.99965,4556005.72355846
2019-08-07 00:00:00+00:00,0.9997,1.0021,0.9991,1.0012,4219865.96527321
2019-08-08 00:00:00+00:00,1.0012,1.0034,1.0003,1.0017,8838634.48124753
2019-08-09 00:00:00+00:00,1.0017,1.002,1.0006,1.0016,9243092.42707638
2019-08-10 00:00:00+00:00,1.0016,1.0017,0.99828,0.99966,4611995.0714238
2019-08-11 00:00:00+00:00,0.99966,1.0014,0.99941,1.0014,1672303.46647908
2019-08-12 00:00:00+00:00,1.0014,1.0014,1.0001,1.0009,902944.33497458
2019-08-13 00:00:00+00:00,1.0009,1.0012,0.9994,1.0007,1991557.68643656
2019-08-14 00:00:00+00:00,1.0007,1.0013,0.9991,1.0013,4685716.3427021
2019-08-15 00:00:00+00:00,1.0013,1.0018,0.9994,1.0018,5967860.10636015
2019-08-16 00:00:00+00:00,1.0015,1.0018,1.0002,1.0018,3734161.8743334
2019-08-17 00:00:00+00:00,1.0018,1.0019,1.0005,1.0011,1883217.03037802
2019-08-18 00:00:00+00:00,1.0011,1.0019,1.0007,1.0019,1165986.85198205
2019-08-19 00:00:00+00:00,1.0019,1.0021,1.0013,1.002,3423162.44998535
2019-08-20 00:00:00+00:00,1.0021,1.0022,1.0016,1.002,1608932.6176747
2019-08-21 00:00:00+00:00,1.002,1.002,0.99945,1.0008,4113587.12144161
2019-08-22 00:00:00+00:00,1.0008,1.0014,1.0004,1.0014,1031850.31304124
2019-08-23 00:00:00+00:00,1.0014,1.002,1.0013,1.0019,2038913.36212244
2019-08-24 00:00:00+00:00,1.0017,1.002,1.0006,1.0006,1132509.19472257
2019-08-25 00:00:00+00:00,1.0011,1.002,1.0,1.0001,1623364.80256324
2019-08-26 00:00:00+00:00,1.0001,1.0023,1.0001,1.001,3698715.07017019
2019-08-27 00:00:00+00:00,1.0011,1.0014,1.0001,1.0006,1752124.72991514
2019-08-28 00:00:00+00:00,1.0006,1.0023,0.999,1.0009,4604144.67834979
2019-08-29 00:00:00+00:00,1.0004,1.003,1.0004,1.0023,2102653.99820521
2019-08-30 00:00:00+00:00,1.0023,1.0028,1.0018,1.0027,994536.49868186
2019-08-31 00:00:00+00:00,1.0026,1.0029,1.002,1.0029,613169.11317824
2019-09-01 00:00:00+00:00,1.0029,1.0033,1.0023,1.0032,1069667.41476108
2019-09-02 00:00:00+00:00,1.0031,1.0034,1.0023,1.0034,3861593.34283472
2019-09-03 00:00:00+00:00,1.0034,1.0034,1.0011,1.0027,2312576.61234139
2019-09-04 00:00:00+00:00,1.0027,1.0031,1.0011,1.0027,1596016.24179775
2019-09-05 00:00:00+00:00,1.003,1.0032,1.0015,1.0021,1663613.05131192
2019-09-06 00:00:00+00:00,1.0018,1.0034,1.0013,1.0019,5723237.0398340495
2019-09-07 00:00:00+00:00,1.0017,1.0031,1.0016,1.0031,1770271.9566814299
2019-09-08 00:00:00+00:00,1.0031,1.0034,1.0025,1.0027,1108742.54062365
2019-09-09 00:00:00+00:00,1.0028,1.0035,1.0024,1.0024,2454777.62313863
2019-09-10 00:00:00+00:00,1.0024,1.0028,1.0014,1.002,1637583.67464549
2019-09-11 00:00:00+00:00,1.0019,1.0021,1.0013,1.0018,717605.45892206
2019-09-12 00:00:00+00:00,1.0018,1.0029,1.0017,1.0027,1461331.40563595
2019-09-13 00:00:00+00:00,1.0029,1.0033,1.0021,1.0029,1316348.2522208
2019-09-14 00:00:00+00:00,1.0029,1.0037,1.0025,1.0036,1040397.44560959
2019-09-15 00:00:00+00:00,1.0037,1.0039,1.003,1.0031,1077136.4116701
2019-09-16 00:00:00+00:00,1.0031,1.0036,1.002,1.0036,3153668.03120458
2019-09-17 00:00:00+00:00,1.0036,1.0039,1.0027,1.0031,1657547.99500815
2019-09-18 00:00:00+00:00,1.0032,1.0033,1.0023,1.0027,1022769.94962678
2019-09-19 00:00:00+00:00,1.0027,1.0045,1.0023,1.0044,4170070.17837343
2019-09-20 00:00:00+00:00,1.0044,1.0044,1.0023,1.0025,2088325.45781133
2019-09-21 00:00:00+00:00,1.0025,1.0026,1.0017,1.0023,3515530.02685318
2019-09-22 00:00:00+00:00,1.0022,1.0023,1.0013,1.0017,2147978.01571299
2019-09-23 00:00:00+00:00,1.0016,1.0017,1.0003,1.0004,2750892.06404581
2019-09-24 00:00:00+00:00,1.0004,1.0212,0.998,1.003,26559890.82578289
2019-09-25 00:00:00+00:00,1.0034,1.006,1.0022,1.0047,5612708.66780115
2019-09-26 00:00:00+00:00,1.0045,1.005,1.0017,1.0046,5062345.06656013
2019-09-27 00:00:00+00:00,1.0046,1.0048,1.0035,1.0038,5352913.51367059
2019-09-28 00:00:00+00:00,1.0041,1.0043,1.0008,1.0029,6168308.76300986
2019-09-29 00:00:00+00:00,1.0029,1.0037,1.0025,1.0037,3265500.88604995
2019-09-30 00:00:00+00:00,1.0037,1.005,1.0028,1.005,7443698.72764707
2019-10-01 00:00:00+00:00,1.005,1.0053,1.0041,1.0041,2702015.56237037
2019-10-02 00:00:00+00:00,1.0043,1.0047,1.0034,1.0047,3318309.7579712598
2019-10-03 00:00:00+00:00,1.0047,1.0049,1.0033,1.0037,1448138.61180348
2019-10-04 00:00:00+00:00,1.0037,1.0039,1.0032,1.0038,1722006.81605278
2019-10-05 00:00:00+00:00,1.0039,1.0039,1.0032,1.0033,976124.17510823
2019-10-06 00:00:00+00:00,1.0033,1.0039,1.0032,1.0032,2187394.5091824
2019-10-07 00:00:00+00:00,1.0032,1.0048,1.0032,1.0036,3612097.48956613
2019-10-08 00:00:00+00:00,1.0036,1.0039,1.003,1.0033,3075083.19126004
2019-10-09 00:00:00+00:00,1.0033,1.0037,1.0018,1.0037,5820083.44973958
2019-10-10 00:00:00+00:00,1.0037,1.004,1.0034,1.0039,1660196.46928294
2019-10-11 00:00:00+00:00,1.0039,1.0043,1.0032,1.0034,3286527.60957508
2019-10-12 00:00:00+00:00,1.0033,1.0035,1.003,1.0031,594869.54206964
2019-10-13 00:00:00+00:00,1.003,1.0037,1.0024,1.0025,813295.10428091
2019-10-14 00:00:00+00:00,1.0024,1.0031,1.0024,1.0031,530754.25130532
2019-10-15 00:00:00+00:00,1.0031,1.0033,1.0022,1.0028,1933071.68125265
2019-10-16 00:00:00+00:00,1.0028,1.0031,1.0021,1.0023,2267847.01249414
2019-10-17 00:00:00+00:00,1.0023,1.003,1.0023,1.003,1157772.83322451
2019-10-18 00:00:00+00:00,1.003,1.0042,1.0029,1.0042,2816650.20401858
2019-10-19 00:00:00+00:00,1.0042,1.0048,1.0041,1.0045,2343397.56622332
2019-10-20 00:00:00+00:00,1.0045,1.0048,1.0043,1.0048,1102716.15477344
2019-10-21 00:00:00+00:00,1.0048,1.0048,1.0036,1.0039,1750510.84655141
2019-10-22 00:00:00+00:00,1.0039,1.0041,1.0036,1.0038,1956934.0154305699
2019-10-23 00:00:00+00:00,1.0037,1.004,1.0024,1.0034,6512608.86841527
2019-10-24 00:00:00+00:00,1.0029,1.004,1.0023,1.004,3051555.29245756
2019-10-25 00:00:00+00:00,1.0039,1.0055,1.0034,1.0036,6840376.5641059
2019-10-26 00:00:00+00:00,1.0036,1.007,1.0016,1.0046,10373728.82426868
2019-10-27 00:00:00+00:00,1.0045,1.005,1.0036,1.0038,2564585.1954288
2019-10-28 00:00:00+00:00,1.0039,1.0052,1.0027,1.0027,4966657.02928808
2019-10-29 00:00:00+00:00,1.0027,1.0042,1.0022,1.0041,2554255.62461298
2019-10-30 00:00:00+00:00,1.0042,1.0052,1.0026,1.004,5009284.19073162
2019-10-31 00:00:00+00:00,1.0041,1.0042,1.0033,1.0039,5195618.18245864
2019-11-01 00:00:00+00:00,1.0039,1.0046,1.0038,1.0045,4476046.23727904
2019-11-02 00:00:00+00:00,1.0045,1.0052,1.0041,1.0042,2546362.97975628
2019-11-03 00:00:00+00:00,1.0041,1.0045,1.0028,1.003,1633419.66883592
2019-11-04 00:00:00+00:00,1.0031,1.0053,1.0028,1.0051,3670352.11127033
2019-11-05 00:00:00+00:00,1.0053,1.0053,1.002,1.0038,1740638.34603264
2019-11-06 00:00:00+00:00,1.0036,1.0052,1.0014,1.002,1873603.13124457
2019-11-07 00:00:00+00:00,1.002,1.0021,1.0003,1.0005,3517036.86451586
2019-11-08 00:00:00+00:00,1.0005,1.0012,1.0,1.0006,5035998.82425769
2019-11-09 00:00:00+00:00,1.0006,1.0012,1.0001,1.0012,1966964.3115802
2019-11-10 00:00:00+00:00,1.0012,1.0027,1.0006,1.0027,2534634.94930807
2019-11-11 00:00:00+00:00,1.0027,1.003,1.001,1.0011,2245538.4278035
2019-11-12 00:00:00+00:00,1.0011,1.0017,1.0006,1.001,2082030.25364489
2019-11-13 00:00:00+00:00,1.001,1.0025,1.0009,1.0025,1602235.48635787
2019-11-14 00:00:00+00:00,1.0025,1.0026,1.0008,1.0008,2129203.48128279
2019-11-15 00:00:00+00:00,1.001,1.0019,1.0008,1.0018,2533645.40704193
2019-11-16 00:00:00+00:00,1.0018,1.0025,1.0012,1.0024,2895835.00488323
2019-11-17 00:00:00+00:00,1.0025,1.0036,1.0022,1.0036,2297995.80512046
2019-11-18 00:00:00+00:00,1.0036,1.0039,1.0029,1.0029,2351505.79360362
2019-11-19 00:00:00+00:00,1.003,1.0044,1.0029,1.0041,2007669.53387494
2019-11-20 00:00:00+00:00,1.0042,1.0045,1.0035,1.0035,1636490.84779133
2019-11-21 00:00:00+00:00,1.0035,1.0038,1.0024,1.0038,5934606.98838423
2019-11-22 00:00:00+00:00,1.0038,1.0058,1.0036,1.005,9266140.89148676
2019-11-23 00:00:00+00:00,1.005,1.0058,1.0049,1.0055,5330228.55022172
2019-11-24 00:00:00+00:00,1.0055,1.0074,1.0052,1.0071,7164388.54360816
2019-11-25 00:00:00+00:00,1.0071,1.0149,1.0067,1.0069,12903252.8394408
2019-11-26 00:00:00+00:00,1.0069,1.0069,1.004,1.0059,3222928.62057095
2019-11-27 00:00:00+00:00,1.0059,1.0065,1.0045,1.0048,3858658.73442557
2019-11-28 00:00:00+00:00,1.0049,1.0054,1.0043,1.0054,2789739.2570614
2019-11-29 00:00:00+00:00,1.0053,1.0064,1.0049,1.0063,3606783.80812068
2019-11-30 00:00:00+00:00,1.0063,1.0064,1.0043,1.0059,715302.47779296
2019-12-01 00:00:00+00:00,1.006,1.0061,1.0051,1.0061,2375115.14741558
2019-12-02 00:00:00+00:00,1.0061,1.0061,1.0053,1.0059,1473510.95441468
2019-12-03 00:00:00+00:00,1.0058,1.0059,1.0055,1.0056,945905.94339714
2019-12-04 00:00:00+00:00,1.0056,1.0071,1.0055,1.0058,6542646.17972232
2019-12-05 00:00:00+00:00,1.0058,1.0058,1.0045,1.0057,1626295.39639688
2019-12-06 00:00:00+00:00,1.0058,1.006,1.0048,1.006,3841060.94147245
2019-12-07 00:00:00+00:00,1.006,1.006,1.0057,1.0058,1120578.48684839
2019-12-08 00:00:00+00:00,1.0058,1.006,1.0054,1.0055,2331059.2256067498
2019-12-09 00:00:00+00:00,1.0054,1.0055,1.0049,1.005,2427501.33103976
2019-12-10 00:00:00+00:00,1.005,1.005,1.0039,1.0041,1641347.71640408
2019-12-11 00:00:00+00:00,1.0041,1.0042,1.0032,1.0033,2075183.68970016
2019-12-12 00:00:00+00:00,1.0032,1.004,1.003,1.0034,2941752.82217865
2019-12-13 00:00:00+00:00,1.0034,1.0037,1.003,1.0034,2912753.16068058
2019-12-14 00:00:00+00:00,1.0034,1.0036,1.0029,1.0036,908108.67674692
2019-12-15 00:00:00+00:00,1.0036,1.0036,1.0029,1.0032,1499694.61276041
2019-12-16 00:00:00+00:00,1.0032,1.0047,1.0032,1.0044,8586352.30936455
2019-12-17 00:00:00+00:00,1.0046,1.0055,1.0043,1.0054,10668546.23935759
2019-12-18 00:00:00+00:00,1.0053,1.0056,1.0046,1.0056,4415747.02493525
2019-12-19 00:00:00+00:00,1.0056,1.0056,1.0043,1.0045,2592278.42849492
2019-12-20 00:00:00+00:00,1.0044,1.0047,1.0037,1.0039,1210263.71183407
2019-12-21 00:00:00+00:00,1.0038,1.0056,1.0035,1.004,1451226.02676647
2019-12-22 00:00:00+00:00,1.004,1.004,1.0032,1.004,850205.10671386
2019-12-23 00:00:00+00:00,1.004,1.004,1.0026,1.0031,2285645.97475832
2019-12-24 00:00:00+00:00,1.0031,1.0035,1.0019,1.0019,2133622.19670053
2019-12-25 00:00:00+00:00,1.0021,1.0034,1.0019,1.0024,1912351.34654253
2019-12-26 00:00:00+00:00,1.0023,1.004,1.0015,1.0038,2962676.14888037
2019-12-27 00:00:00+00:00,1.004,1.004,1.0023,1.004,2518691.91820259
2019-12-28 00:00:00+00:00,1.004,1.004,1.0033,1.0034,2093308.63621534
2019-12-29 00:00:00+00:00,1.0034,1.0037,1.0027,1.0035,695423.7010669
2019-12-30 00:00:00+00:00,1.0035,1.0039,1.0016,1.0017,1477799.07561541
2019-12-31 00:00:00+00:00,1.0017,1.002,1.0015,1.0017,905790.03931931
2020-01-01 00:00:00+00:00,1.0017,1.0027,1.0016,1.0026,533195.42559617
2020-01-02 00:00:00+00:00,1.0026,1.0033,1.0017,1.0033,1423121.6158235
2020-01-03 00:00:00+00:00,1.0033,1.0056,1.0032,1.0037,3863950.61243801
2020-01-04 00:00:00+00:00,1.0041,1.0045,1.0023,1.0023,1607182.47750955
2020-01-05 00:00:00+00:00,1.0023,1.0035,1.0006,1.0007,3420779.61229739
2020-01-06 00:00:00+00:00,1.0009,1.0021,1.0005,1.0005,2247811.1871535
2020-01-07 00:00:00+00:00,1.0005,1.0015,1.0,1.0002,4512410.27705439
2020-01-08 00:00:00+00:00,1.0002,1.0005,0.9999,0.9999,4767215.99584436
2020-01-09 00:00:00+00:00,0.9999,1.0005,0.9999,0.99992,1949199.87172537
2020-01-10 00:00:00+00:00,0.99991,1.0001,0.9998,0.9998,5596496.66645206
2020-01-11 00:00:00+00:00,0.9998,0.99981,0.9997,0.9997,7276348.97868511
2020-01-12 00:00:00+00:00,0.9997,0.99999,0.9993,0.9993,8265399.5667338
2020-01-13 00:00:00+00:00,0.99931,0.99977,0.9993,0.99962,1850111.50373936
2020-01-14 00:00:00+00:00,0.99959,0.99976,0.996,0.996,19131380.55622502
2020-01-15 00:00:00+00:00,0.996,0.99903,0.99501,0.99728,5987352.45121116
2020-01-16 00:00:00+00:00,0.99815,0.9989,0.9965,0.99815,1587661.78654139
2020-01-17 00:00:00+00:00,0.99822,0.9998,0.9965,0.99705,5930119.58874711
2020-01-18 00:00:00+00:00,0.99705,0.99919,0.9966,0.9977,2999013.59438586
2020-01-19 00:00:00+00:00,0.99756,0.9995,0.99515,0.99888,3765420.30553982
2020-01-20 00:00:00+00:00,0.99923,0.99977,0.9985,0.9988,2128416.65140524
2020-01-21 00:00:00+00:00,0.99854,0.9991,0.99821,0.99894,1691424.0764015699
2020-01-22 00:00:00+00:00,0.99893,0.99909,0.99843,0.99843,1323349.80112405
2020-01-23 00:00:00+00:00,0.99844,0.9987,0.99715,0.9987,1659067.42550268
2020-01-24 00:00:00+00:00,0.9987,1.0,0.99833,1.0,2468703.32326426
2020-01-25 00:00:00+00:00,1.0,1.0001,0.9988,1.0001,1142571.17730166
2020-01-26 00:00:00+00:00,1.0001,1.001,0.99966,1.0009,1860273.88747434
2020-01-27 00:00:00+00:00,1.0008,1.0009,0.9991,0.9999,1736791.20750336
2020-01-28 00:00:00+00:00,0.9999,1.002,0.99954,1.002,2075194.1650598699
2020-01-29 00:00:00+00:00,1.0019,1.002,1.0,1.0001,2227790.58992371
2020-01-30 00:00:00+00:00,1.0004,1.0018,0.99995,1.0,3413945.62342782
2020-01-31 00:00:00+00:00,1.0,1.0011,0.99995,1.0011,1844530.06937786
2020-02-01 00:00:00+00:00,1.0011,1.003,1.001,1.002,2096352.88283722
2020-02-02 00:00:00+00:00,1.002,1.0029,1.001,1.0017,1563641.80912156
2020-02-03 00:00:00+00:00,1.0018,1.0028,1.0001,1.0015,3630352.99424208
2020-02-04 00:00:00+00:00,1.0012,1.0016,1.0001,1.0003,3023543.83973441
2020-02-05 00:00:00+00:00,1.0002,1.0014,1.0,1.0,3910737.67678689
2020-02-06 00:00:00+00:00,1.0,1.0012,0.9981,0.99851,6501046.96450478
2020-02-07 00:00:00+00:00,0.99851,0.99997,0.9972,0.99795,7697296.38118119
2020-02-08 00:00:00+00:00,0.99805,1.0,0.9972,0.99916,4311554.05160394
2020-02-09 00:00:00+00:00,0.99915,0.99999,0.99772,0.99884,4534062.29519509
2020-02-10 00:00:00+00:00,0.99884,1.0001,0.99884,0.99982,6435704.39608558
2020-02-11 00:00:00+00:00,0.99989,1.002,0.99923,1.0013,4055328.06033451
2020-02-12 00:00:00+00:00,1.0013,1.0019,0.999,1.0004,6248799.02043413
2020-02-13 00:00:00+00:00,1.0002,1.0008,0.99884,0.99884,8126437.35902299
2020-02-14 00:00:00+00:00,0.99885,0.9994,0.998,0.99877,6725478.46773805
2020-02-15 00:00:00+00:00,0.99891,1.0011,0.99801,1.0003,6490953.50633741
2020-02-16 00:00:00+00:00,1.0004,1.0024,0.9987,1.0014,7058243.79306102
2020-02-17 00:00:00+00:00,1.0013,1.0036,1.001,1.0011,9536933.08996097
2020-02-18 00:00:00+00:00,1.001,1.0029,1.0001,1.0019,5237899.40703285
2020-02-19 00:00:00+00:00,1.002,1.003,0.9987,0.99962,6397681.52733617
2020-02-20 00:00:00+00:00,0.99972,1.0021,0.9985,1.0011,4148595.5732946
2020-02-21 00:00:00+00:00,1.0011,1.0021,1.0001,1.0008,3356509.34111118
2020-02-22 00:00:00+00:00,1.0008,1.0012,1.0001,1.001,1345681.74416813
2020-02-23 00:00:00+00:00,1.001,1.003,1.0006,1.003,2817542.15002195
2020-02-24 00:00:00+00:00,1.003,1.0031,1.0003,1.0005,4009469.44629801
2020-02-25 00:00:00+00:00,1.0006,1.0028,1.0004,1.0015,2970835.67487044
2020-02-26 00:00:00+00:00,1.0014,1.0029,1.0003,1.0018,5687432.71481873
2020-02-27 00:00:00+00:00,1.0018,1.0027,1.0006,1.001,3654385.33819573
2020-02-28 00:00:00+00:00,1.0009,1.0029,1.0003,1.0028,4461517.43574384
2020-02-29 00:00:00+00:00,1.0028,1.0031,1.0023,1.0031,1963629.79146256
2020-03-01 00:00:00+00:00,1.0031,1.0034,1.0023,1.0033,2251996.68704641
2020-03-02 00:00:00+00:00,1.0032,1.0036,1.0023,1.0029,2890801.30134338
2020-03-03 00:00:00+00:00,1.0029,1.0042,1.0027,1.0039,3324042.2610584
2020-03-04 00:00:00+00:00,1.0037,1.0042,1.0024,1.0036,4145034.66341034
2020-03-05 00:00:00+00:00,1.0037,1.0042,1.0033,1.0037,1977266.85915281
2020-03-06 00:00:00+00:00,1.0033,1.004,1.003,1.004,1523512.49237885
2020-03-07 00:00:00+00:00,1.0039,1.0042,1.0039,1.0039,1799523.58681144
2020-03-08 00:00:00+00:00,1.004,1.0055,1.0032,1.0048,5895038.14720639
2020-03-09 00:00:00+00:00,1.005,1.0053,1.0036,1.004,10056892.00219066
2020-03-10 00:00:00+00:00,1.004,1.0042,1.0015,1.0033,5125089.78353442
2020-03-11 00:00:00+00:00,1.0033,1.0042,1.0029,1.0042,3287585.96285051
2020-03-12 00:00:00+00:00,1.0042,1.0455,1.0,1.0142,41036083.97405128
2020-03-13 00:00:00+00:00,1.0141,1.06,1.0015,1.0065,60822688.80418008
2020-03-14 00:00:00+00:00,1.0065,1.0074,1.0026,1.0061,9820857.77139093
2020-03-15 00:00:00+00:00,1.0061,1.0101,1.004,1.004,18842160.85522453
2020-03-16 00:00:00+00:00,1.0039,1.0065,1.002,1.0058,8414689.24986908
2020-03-17 00:00:00+00:00,1.0058,1.0076,1.0054,1.0057,5470767.79356571
2020-03-18 00:00:00+00:00,1.0057,1.0059,1.0034,1.0038,4152467.40086682
2020-03-19 00:00:00+00:00,1.0038,1.006,1.0022,1.0023,10518237.20795747
2020-03-20 00:00:00+00:00,1.0023,1.003,1.0015,1.0015,9715056.95157289
2020-03-21 00:00:00+00:00,1.0015,1.0026,1.0015,1.002,3355310.96570004
2020-03-22 00:00:00+00:00,1.0024,1.0032,1.0015,1.0019,5112929.5188968005
2020-03-23 00:00:00+00:00,1.0019,1.0049,1.0015,1.0037,5369678.28295783
2020-03-24 00:00:00+00:00,1.0037,1.0042,1.0015,1.0024,3828944.69207542
2020-03-25 00:00:00+00:00,1.0024,1.0029,1.0014,1.0014,4927435.66820221
2020-03-26 00:00:00+00:00,1.0014,1.0019,1.0014,1.0018,2389578.22520158
2020-03-27 00:00:00+00:00,1.0019,1.0027,1.0015,1.0015,3038423.29519079
2020-03-28 00:00:00+00:00,1.0016,1.002,1.0014,1.0019,3589457.60364526
2020-03-29 00:00:00+00:00,1.0019,1.0026,1.0015,1.0026,2752647.64051756
2020-03-30 00:00:00+00:00,1.0023,1.0038,1.002,1.0028,2411188.99487629
2020-03-31 00:00:00+00:00,1.0029,1.003,1.0016,1.0026,2687216.21808946
2020-04-01 00:00:00+00:00,1.0026,1.0038,1.0024,1.0038,5195614.74481131
2020-04-02 00:00:00+00:00,1.0038,1.0047,1.0029,1.0032,5020981.29622853
2020-04-03 00:00:00+00:00,1.0033,1.0033,1.0022,1.0022,1892812.04623553
2020-04-04 00:00:00+00:00,1.0022,1.0031,1.0022,1.003,1145321.80738127
2020-04-05 00:00:00+00:00,1.003,1.0033,1.0021,1.0022,1036753.66562391
2020-04-06 00:00:00+00:00,1.0021,1.0028,1.0018,1.0018,3056597.95287047
2020-04-07 00:00:00+00:00,1.0019,1.0025,1.0015,1.0017,3099425.16531867
2020-04-08 00:00:00+00:00,1.0016,1.0019,1.0013,1.0015,3382754.17591292
2020-04-09 00:00:00+00:00,1.0014,1.002,1.0013,1.0015,3187893.27950496
2020-04-10 00:00:00+00:00,1.0016,1.0042,1.0014,1.0023,8266976.3616224
2020-04-11 00:00:00+00:00,1.002,1.0026,1.0017,1.0018,1244282.00893756
2020-04-12 00:00:00+00:00,1.0018,1.003,1.0017,1.0026,2179300.76273522
2020-04-13 00:00:00+00:00,1.0022,1.0026,1.0015,1.0016,2490118.22675509
2020-04-14 00:00:00+00:00,1.0016,1.0021,1.0014,1.0014,1407484.40022522
2020-04-15 00:00:00+00:00,1.0015,1.0018,1.0013,1.0016,1738273.81995588
2020-04-16 00:00:00+00:00,1.0016,1.0045,1.0014,1.0022,4852804.76224501
2020-04-17 00:00:00+00:00,1.0021,1.0026,1.0017,1.0026,1179006.03329654
2020-04-18 00:00:00+00:00,1.0026,1.0029,1.0022,1.0023,1420104.75732537
2020-04-19 00:00:00+00:00,1.0023,1.0025,1.0019,1.0021,1363763.71835735
2020-04-20 00:00:00+00:00,1.0021,1.0024,1.0013,1.0016,2796152.29569815
2020-04-21 00:00:00+00:00,1.0015,1.0018,1.0012,1.0015,1091675.7020062
2020-04-22 00:00:00+00:00,1.0015,1.0024,1.0014,1.0018,1659689.59086228
2020-04-23 00:00:00+00:00,1.0018,1.0036,1.0015,1.0017,3627336.2131393
2020-04-24 00:00:00+00:00,1.0018,1.0021,1.0012,1.0013,2571540.67399595
2020-04-25 00:00:00+00:00,1.0014,1.0015,1.0011,1.0011,3704981.09065079
2020-04-26 00:00:00+00:00,1.0012,1.0012,1.001,1.001,2849781.75508356
2020-04-27 00:00:00+00:00,1.001,1.0012,1.0009,1.001,4069315.42317975
2020-04-28 00:00:00+00:00,1.001,1.001,1.0008,1.0009,4259538.1039857
2020-04-29 00:00:00+00:00,1.0009,1.0013,1.0006,1.0006,10694011.20497004
2020-04-30 00:00:00+00:00,1.0006,1.0013,0.99784,1.0008,11332315.7803452
2020-05-01 00:00:00+00:00,1.0007,1.0009,1.0004,1.0005,1681376.07503491
2020-05-02 00:00:00+00:00,1.0005,1.0007,1.0004,1.0005,1652482.55739048
2020-05-03 00:00:00+00:00,1.0005,1.0005,1.0003,1.0003,2937725.48316573
2020-05-04 00:00:00+00:00,1.0004,1.0004,0.99985,0.99985,11156487.50432999
2020-05-05 00:00:00+00:00,0.99986,0.99998,0.9996,0.99972,2055615.48071613
2020-05-06 00:00:00+00:00,0.99973,1.0007,0.99972,1.0004,2851102.77610539
2020-05-07 00:00:00+00:00,1.0005,1.0014,1.0003,1.0005,4240438.02460887
2020-05-08 00:00:00+00:00,1.0004,1.0006,1.0002,1.0002,6369519.76193598
2020-05-09 00:00:00+00:00,1.0002,1.0006,1.0001,1.0003,5970319.73190266
2020-05-10 00:00:00+00:00,1.0002,1.0012,1.0001,1.0004,8395106.27852961
2020-05-11 00:00:00+00:00,1.0004,1.0008,1.0,1.0,9850024.41094467
2020-05-12 00:00:00+00:00,1.0,1.0002,1.0,1.0,2893206.99706356
2020-05-13 00:00:00+00:00,1.0,1.0003,0.99994,1.0003,3147713.92362387
2020-05-14 00:00:00+00:00,1.0003,1.0014,1.0001,1.0006,5021308.63114802
2020-05-15 00:00:00+00:00,1.0005,1.0006,1.0,1.0,3047370.35399647
2020-05-16 00:00:00+00:00,1.0001,1.0005,1.0001,1.0002,1816614.8058162
2020-05-17 00:00:00+00:00,1.0001,1.0005,1.0001,1.0001,4031712.82030836
2020-05-18 00:00:00+00:00,1.0001,1.0002,0.9999,0.9999,6485449.04940023
2020-05-19 00:00:00+00:00,0.9999,1.0005,0.9996,1.0002,18518644.75226132
2020-05-20 00:00:00+00:00,1.0002,1.0006,0.9996,1.0001,8494696.949385671
2020-05-21 00:00:00+00:00,1.0001,1.0004,0.99963,0.9999,11168714.00236097
2020-05-22 00:00:00+00:00,0.99981,1.0005,0.9997,1.0003,5337543.59084088
2020-05-23 00:00:00+00:00,1.0003,1.0005,0.99989,1.0002,1880470.88827847
2020-05-24 00:00:00+00:00,1.0002,1.0005,0.99974,1.0,2673843.66434961
2020-05-25 00:00:00+00:00,1.0001,1.0002,0.9997,0.99989,2066479.36533092
2020-05-26 00:00:00+00:00,0.9999,1.0,0.9997,0.99998,1391565.2118510199
2020-05-27 00:00:00+00:00,0.99998,1.0003,0.9997,1.0001,1986333.21969259
2020-05-28 00:00:00+00:00,1.0002,1.0007,1.0,1.0004,2853002.11151189
2020-05-29 00:00:00+00:00,1.0004,1.0005,1.0002,1.0002,1780044.01376694
2020-05-30 00:00:00+00:00,1.0002,1.0006,0.99999,1.0,4625222.99437014
2020-05-31 00:00:00+00:00,1.0001,1.0003,0.99961,0.99962,2953225.31400096
2020-06-01 00:00:00+00:00,0.99962,1.0031,0.9995,1.003,6659669.77900806
2020-06-02 00:00:00+00:00,1.003,1.0032,0.9998,1.0005,8553485.91516532
2020-06-03 00:00:00+00:00,1.0005,1.0006,1.0001,1.0003,2719121.65392072
2020-06-04 00:00:00+00:00,1.0003,1.0003,1.0,1.0002,1936034.76446567
2020-06-05 00:00:00+00:00,1.0002,1.0002,0.99975,0.99999,2296091.24708648
2020-06-06 00:00:00+00:00,0.99999,0.99999,0.99988,0.99997,796366.53274225
2020-06-07 00:00:00+00:00,0.99997,1.0002,0.99975,1.0,5496157.29544046
2020-06-08 00:00:00+00:00,1.0,1.0002,0.99999,1.0001,1679872.38318075
2020-06-09 00:00:00+00:00,1.0001,1.0006,1.0,1.0004,2751415.54399492
2020-06-10 00:00:00+00:00,1.0005,1.0011,1.0,1.0011,2819313.0084953
2020-06-11 00:00:00+00:00,1.001,1.0016,0.99901,0.9997,5939515.5303935
2020-06-12 00:00:00+00:00,0.9997,1.0003,0.99967,1.0001,2494880.59702626
2020-06-13 00:00:00+00:00,0.99989,1.0002,0.99987,1.0002,1553231.1115401
2020-06-14 00:00:00+00:00,1.0002,1.0004,0.9997,1.0002,1290624.8301099
2020-06-15 00:00:00+00:00,1.0002,1.0008,1.0,1.0008,2638408.24280575
2020-06-16 00:00:00+00:00,1.0008,1.001,1.0002,1.0005,3060298.92815944
2020-06-17 00:00:00+00:00,1.0005,1.0009,1.0002,1.0009,5630622.5155111
2020-06-18 00:00:00+00:00,1.0009,1.001,1.0005,1.0009,2548778.40970644
2020-06-19 00:00:00+00:00,1.0009,1.0009,1.0001,1.0009,4144792.49345078
2020-06-20 00:00:00+00:00,1.0006,1.0013,1.0004,1.0013,4321202.66706562
2020-06-21 00:00:00+00:00,1.0013,1.0015,1.0007,1.0007,2672770.88345986
2020-06-22 00:00:00+00:00,1.0007,1.0014,1.0007,1.0011,5477153.38406298
2020-06-23 00:00:00+00:00,1.001,1.0015,1.0004,1.0014,11020686.81357814
2020-06-24 00:00:00+00:00,1.0014,1.0017,1.0004,1.0006,6191020.71566879
2020-06-25 00:00:00+00:00,1.0006,1.0011,1.0001,1.001,7562838.16053479
2020-06-26 00:00:00+00:00,1.001,1.0011,1.0,1.001,3049490.37938807
2020-06-27 00:00:00+00:00,1.001,1.0011,1.0,1.0002,4473367.84699696
2020-06-28 00:00:00+00:00,1.0002,1.0009,1.0002,1.0006,1976375.45771978
2020-06-29 00:00:00+00:00,1.0005,1.0008,0.99982,1.0004,6450916.92457688
2020-06-30 00:00:00+00:00,1.0004,1.0008,1.0002,1.0007,6559273.58888618
2020-07-01 00:00:00+00:00,1.0007,1.0009,1.0004,1.0004,6388719.08581265
2020-07-02 00:00:00+00:00,1.0006,1.0008,1.0,1.0005,7897684.34500862
2020-07-03 00:00:00+00:00,1.0006,1.0007,1.0003,1.0005,4550702.6059678
2020-07-04 00:00:00+00:00,1.0006,1.0007,1.0003,1.0005,2255269.93259847
2020-07-05 00:00:00+00:00,1.0006,1.0008,1.0003,1.0008,3901983.59376426
2020-07-06 00:00:00+00:00,1.0007,1.0012,1.0007,1.0012,14551309.05139318
2020-07-07 00:00:00+00:00,1.0012,1.0015,1.0008,1.0013,8582438.93358717
2020-07-08 00:00:00+00:00,1.0013,1.0019,1.0011,1.0015,18923075.26140491
2020-07-09 00:00:00+00:00,1.0015,1.002,1.001,1.0013,10502389.85858489
2020-07-10 00:00:00+00:00,1.0012,1.0017,1.0009,1.0016,7057632.5298629
2020-07-11 00:00:00+00:00,1.0016,1.0017,1.001,1.0012,4072450.94796393
2020-07-12 00:00:00+00:00,1.001,1.0017,1.0009,1.0015,6246103.10353951
2020-07-13 00:00:00+00:00,1.0015,1.0019,1.001,1.0012,9134302.41468936
2020-07-14 00:00:00+00:00,1.0011,1.0012,1.0007,1.0008,4981021.57116596
2020-07-15 00:00:00+00:00,1.0008,1.0014,1.0007,1.0009,5521948.82045622
2020-07-16 00:00:00+00:00,1.0009,1.0013,1.0002,1.0009,9309091.9410173
2020-07-17 00:00:00+00:00,1.0009,1.0015,1.0,1.0011,8198710.86479273
2020-07-18 00:00:00+00:00,1.0011,1.0016,1.0007,1.0014,3090457.0199237
2020-07-19 00:00:00+00:00,1.0015,1.002,1.0008,1.002,8736560.07403879
2020-07-20 00:00:00+00:00,1.002,1.0022,1.0014,1.0017,8050422.08045012
2020-07-21 00:00:00+00:00,1.0017,1.0029,1.0013,1.0019,40692703.5619656
2020-07-22 00:00:00+00:00,1.0019,1.0029,1.0016,1.0027,12635486.50924255
2020-07-23 00:00:00+00:00,1.0027,1.0029,1.001,1.0012,13833649.09362146
2020-07-24 00:00:00+00:00,1.0012,1.0024,1.0012,1.0021,17433805.53958463
2020-07-25 00:00:00+00:00,1.0021,1.0024,1.0011,1.0013,11577903.93402629
2020-07-26 00:00:00+00:00,1.0013,1.0027,1.0012,1.0016,18568892.35346076
2020-07-27 00:00:00+00:00,1.0015,1.0027,1.0008,1.0014,25140208.22441676
2020-07-28 00:00:00+00:00,1.0014,1.0028,1.0012,1.0019,22266006.94212431
2020-07-29 00:00:00+00:00,1.0019,1.0034,1.0012,1.0017,18861141.01982354
2020-07-30 00:00:00+00:00,1.0017,1.0024,1.0011,1.0021,15364368.43177372
2020-07-31 00:00:00+00:00,1.0019,1.0026,1.0001,1.0012,15286953.20580721
2020-08-01 00:00:00+00:00,1.0013,1.0014,0.99907,1.0001,31570043.80478468
2020-08-02 00:00:00+00:00,1.0002,1.0017,0.998,0.99921,29310770.85256897
2020-08-03 00:00:00+00:00,0.99921,1.0005,0.99891,1.0,13865288.90595366
2020-08-04 00:00:00+00:00,1.0,1.0003,0.9987,0.9996,16057219.7405683
2020-08-05 00:00:00+00:00,0.9996,1.001,0.99919,1.0,12996307.20508345
2020-08-06 00:00:00+00:00,0.99999,1.0007,0.99951,0.9999,14391284.89602994
2020-08-07 00:00:00+00:00,0.9998,1.0001,0.9985,0.9991,16221559.73654095
2020-08-08 00:00:00+00:00,0.99921,1.0008,0.99883,0.99976,11409131.92302938
2020-08-09 00:00:00+00:00,0.99976,1.0006,0.99933,0.99975,11314095.54486516
2020-08-10 00:00:00+00:00,0.99975,1.0018,0.99953,1.0005,15819784.10885513
2020-08-11 00:00:00+00:00,1.0004,1.0012,0.999,0.99913,16916256.61842704
2020-08-12 00:00:00+00:00,0.99922,1.002,0.999,1.002,13717739.12316672
2020-08-13 00:00:00+00:00,1.0015,1.0024,0.99913,1.002,17868342.38928101
2020-08-14 00:00:00+00:00,1.002,1.0025,1.0,1.0002,16061696.47013295
2020-08-15 00:00:00+00:00,1.0003,1.0023,1.0001,1.0016,18960127.5882051
2020-08-16 00:00:00+00:00,1.0015,1.0023,1.0004,1.0011,14469463.69021384
2020-08-17 00:00:00+00:00,1.0011,1.0035,1.0006,1.002,26864784.05533727
2020-08-18 00:00:00+00:00,1.002,1.0029,1.0006,1.0012,13557090.58453796
2020-08-19 00:00:00+00:00,1.0011,1.003,1.0008,1.0022,16576094.06192811
2020-08-20 00:00:00+00:00,1.0022,1.003,1.0007,1.0018,16001379.46319075
2020-08-21 00:00:00+00:00,1.0018,1.0025,1.0001,1.0001,21336064.66362801
2020-08-22 00:00:00+00:00,1.0003,1.0017,1.0001,1.0014,10834539.74250496
2020-08-23 00:00:00+00:00,1.0014,1.002,1.0006,1.0012,8799814.78449182
2020-08-24 00:00:00+00:00,1.0012,1.0021,1.0009,1.0013,8610973.71101607
2020-08-25 00:00:00+00:00,1.0013,1.0016,1.0005,1.0014,19172574.2462709
2020-08-26 00:00:00+00:00,1.0014,1.0016,1.0004,1.0014,50614831.96733526
2020-08-27 00:00:00+00:00,1.0015,1.0022,1.0011,1.0014,19974887.85245186
2020-08-28 00:00:00+00:00,1.0014,1.0024,1.0012,1.0016,13542154.41950742
2020-08-29 00:00:00+00:00,1.0016,1.0025,1.0011,1.0019,8500457.37794369
2020-08-30 00:00:00+00:00,1.0018,1.0031,1.0014,1.0018,14489781.71194578
2020-08-31 00:00:00+00:00,1.0018,1.0028,1.0014,1.002,11938015.70455822
2020-09-01 00:00:00+00:00,1.002,1.0026,1.0014,1.0015,17712656.85304433
2020-09-02 00:00:00+00:00,1.0016,1.0027,1.0008,1.0013,20402237.29587114
2020-09-03 00:00:00+00:00,1.0011,1.0021,1.0005,1.0018,27413609.01976064
2020-09-04 00:00:00+00:00,1.0017,1.003,1.0006,1.0027,23345490.63131947
2020-09-05 00:00:00+00:00,1.0027,1.0037,1.0024,1.0029,28259922.54342614
2020-09-06 00:00:00+00:00,1.003,1.0033,1.0016,1.0023,14063241.09731931
2020-09-07 00:00:00+00:00,1.0022,1.0035,1.0012,1.0024,19667272.28172917
2020-09-08 00:00:00+00:00,1.0023,1.0029,1.0014,1.0019,19615456.18716249
2020-09-09 00:00:00+00:00,1.002,1.0026,1.0015,1.0018,16114672.58009898
2020-09-10 00:00:00+00:00,1.0019,1.0033,1.001,1.0012,20148688.74737262
2020-09-11 00:00:00+00:00,1.0012,1.002,1.0009,1.0016,12792104.16824222
2020-09-12 00:00:00+00:00,1.0016,1.0021,1.0009,1.0014,11386137.34066155
2020-09-13 00:00:00+00:00,1.0012,1.0023,1.0004,1.0004,16036367.59778916
2020-09-14 00:00:00+00:00,1.0004,1.0028,1.0004,1.0011,19320732.02494946
2020-09-15 00:00:00+00:00,1.0012,1.0025,1.0007,1.0011,13488316.03051779
2020-09-16 00:00:00+00:00,1.0013,1.0025,1.0003,1.0019,21192214.973009
2020-09-17 00:00:00+00:00,1.002,1.0024,1.001,1.0019,14126362.78247561
2020-09-18 00:00:00+00:00,1.0018,1.0027,1.001,1.0016,12911583.42304255
2020-09-19 00:00:00+00:00,1.0016,1.0025,1.0015,1.0019,12307748.43070163
2020-09-20 00:00:00+00:00,1.0021,1.0031,1.0012,1.0016,12410079.35512406
2020-09-21 00:00:00+00:00,1.0018,1.0033,1.0015,1.0022,21484794.21366232
2020-09-22 00:00:00+00:00,1.002,1.0025,1.0016,1.0019,14174160.32990445
2020-09-23 00:00:00+00:00,1.0018,1.0026,1.0009,1.0018,13572109.23381815
2020-09-24 00:00:00+00:00,1.0018,1.0029,1.0013,1.0017,15330858.58357305
2020-09-25 00:00:00+00:00,1.0017,1.003,1.0008,1.0022,22761851.25365517
2020-09-26 00:00:00+00:00,1.0022,1.0028,1.0016,1.0023,16085793.26972101
2020-09-27 00:00:00+00:00,1.0023,1.0031,1.0013,1.003,16684621.47934585
2020-09-28 00:00:00+00:00,1.0029,1.0031,1.0013,1.0017,21801793.73770026
2020-09-29 00:00:00+00:00,1.0019,1.0022,1.001,1.0019,18907678.60532756
2020-09-30 00:00:00+00:00,1.0017,1.0023,1.0011,1.0017,13512474.93221997
2020-10-01 00:00:00+00:00,1.0016,1.0024,1.0007,1.0016,24267493.8938416
2020-10-02 00:00:00+00:00,1.0016,1.0024,1.0005,1.0016,25541049.88398113
2020-10-03 00:00:00+00:00,1.0017,1.0024,1.0012,1.0016,11408423.10146467
2020-10-04 00:00:00+00:00,1.0017,1.0024,1.0014,1.0017,15074886.63203556
2020-10-05 00:00:00+00:00,1.0019,1.0024,1.0014,1.002,17845936.17894286
2020-10-06 00:00:00+00:00,1.002,1.0023,1.0009,1.001,23978679.08125714
2020-10-07 00:00:00+00:00,1.001,1.0016,1.0004,1.0016,22013745.2733712
2020-10-08 00:00:00+00:00,1.0015,1.0024,1.0008,1.0018,25698482.31021125
2020-10-09 00:00:00+00:00,1.0019,1.0023,1.0013,1.0019,19637683.93864493
2020-10-10 00:00:00+00:00,1.0019,1.0023,1.001,1.0012,19895586.76693416
2020-10-11 00:00:00+00:00,1.0012,1.0019,1.0007,1.0012,16040172.34327431
2020-10-12 00:00:00+00:00,1.0011,1.002,1.0007,1.002,23842410.0126123
2020-10-13 00:00:00+00:00,1.002,1.0022,1.0013,1.0015,20418136.26661451
2020-10-14 00:00:00+00:00,1.0014,1.002,1.0011,1.0015,22513261.3336262
2020-10-15 00:00:00+00:00,1.0016,1.0019,1.0009,1.0011,19776716.48637268
2020-10-16 00:00:00+00:00,1.0011,1.0017,1.0009,1.0011,12184776.10423967
2020-10-17 00:00:00+00:00,1.0011,1.0016,1.0009,1.0011,7219339.84203703
2020-10-18 00:00:00+00:00,1.001,1.0015,1.0008,1.0011,8496601.39358675
2020-10-19 00:00:00+00:00,1.0011,1.0015,1.0007,1.001,15497069.83105442
2020-10-20 00:00:00+00:00,1.001,1.0016,1.0005,1.0011,22880522.24990281
2020-10-21 00:00:00+00:00,1.0011,1.002,1.0005,1.002,25713862.50412317
2020-10-22 00:00:00+00:00,1.0019,1.0021,1.0006,1.0011,20692696.89001731
2020-10-23 00:00:00+00:00,1.0011,1.0015,1.0003,1.0005,14529012.85515165
2020-10-24 00:00:00+00:00,1.0005,1.0015,1.0004,1.0009,10310746.976211
2020-10-25 00:00:00+00:00,1.0009,1.0015,1.0005,1.0005,12469246.3759524
2020-10-26 00:00:00+00:00,1.0005,1.0012,1.0002,1.0006,18060835.46663073
2020-10-27 00:00:00+00:00,1.0007,1.001,0.99995,0.99995,19691033.36062598
2020-10-28 00:00:00+00:00,0.99995,1.0006,0.99981,0.99998,19346771.56859792
2020-10-29 00:00:00+00:00,0.99998,1.0003,0.99973,0.99989,18712174.03551738
2020-10-30 00:00:00+00:00,0.99989,1.0009,0.9998,1.0008,21007789.60639022
2020-10-31 00:00:00+00:00,1.0008,1.0009,0.99972,0.9998,21665912.16737435
2020-11-01 00:00:00+00:00,0.9998,1.0004,0.9997,0.99991,11000957.9569674
2020-11-02 00:00:00+00:00,0.99991,1.0006,0.9996,1.0002,19015530.0299682
2020-11-03 00:00:00+00:00,1.0002,1.0009,0.99956,1.0006,24292233.80832366
2020-11-04 00:00:00+00:00,1.0006,1.0012,0.99971,1.0006,21772859.38623871
2020-11-05 00:00:00+00:00,1.0006,1.0009,0.99912,0.99912,37692281.06447373
2020-11-06 00:00:00+00:00,0.99913,1.0003,0.99784,0.99941,59241132.04919643
2020-11-07 00:00:00+00:00,0.99942,1.0031,0.99891,1.0018,50143752.48877941
2020-11-08 00:00:00+00:00,1.0018,1.0022,1.0001,1.0014,19660900.95234498
2020-11-09 00:00:00+00:00,1.0014,1.002,1.0002,1.0004,30654760.32031441
2020-11-10 00:00:00+00:00,1.0004,1.0014,1.0,1.001,28421030.22571446
2020-11-11 00:00:00+00:00,1.001,1.002,1.0005,1.0012,29235628.19065748
2020-11-12 00:00:00+00:00,1.0012,1.0016,0.99971,0.99998,28083457.52605318
2020-11-13 00:00:00+00:00,0.99988,1.0009,0.9992,0.99954,32453371.20535714
2020-11-14 00:00:00+00:00,0.99955,1.0,0.998,0.99989,32298251.16618882
2020-11-15 00:00:00+00:00,0.99988,1.0009,0.99952,1.0006,21372202.68565291
2020-11-16 00:00:00+00:00,1.0006,1.001,0.99991,1.0002,29091457.21686513
2020-11-17 00:00:00+00:00,1.0002,1.0006,0.9987,1.0004,41504687.14225569
2020-11-18 00:00:00+00:00,1.0005,1.0014,0.99929,0.99971,67178434.6500834
2020-11-19 00:00:00+00:00,0.99992,1.0006,0.99928,1.0004,42235958.15956031
2020-11-20 00:00:00+00:00,1.0004,1.0011,0.99971,0.99998,55011936.28920682
2020-11-21 00:00:00+00:00,1.0001,1.0003,0.99781,0.99786,74723692.18363112
2020-11-22 00:00:00+00:00,0.99785,1.0006,0.99684,0.99826,80791233.75743107
2020-11-23 00:00:00+00:00,0.99826,1.0005,0.99771,0.99939,72277736.09048976
2020-11-24 00:00:00+00:00,0.9994,1.0016,0.99811,0.99879,88413464.17090116
2020-11-25 00:00:00+00:00,0.99878,1.0015,0.9984,0.9999,54920237.16837897
2020-11-26 00:00:00+00:00,0.9999,1.0044,0.99952,1.0033,98761543.4411397
2020-11-27 00:00:00+00:00,1.0032,1.0045,1.0012,1.0021,53028023.01937669
2020-11-28 00:00:00+00:00,1.0021,1.0026,1.0009,1.0012,28243080.52324253
2020-11-29 00:00:00+00:00,1.0012,1.0021,1.0004,1.0008,19254996.50518895
2020-11-30 00:00:00+00:00,1.0008,1.002,0.99991,1.0,46544728.30382212
2020-12-01 00:00:00+00:00,1.0,1.0035,0.99932,1.0022,60442643.14128393
2020-12-02 00:00:00+00:00,1.0022,1.0029,1.0,1.0005,53372531.75161667
2020-12-03 00:00:00+00:00,1.0005,1.0019,1.0,1.0009,42401013.61598277
2020-12-04 00:00:00+00:00,1.0009,1.0016,0.999,1.0002,54051469.76041235
2020-12-05 00:00:00+00:00,1.0001,1.0008,0.99961,1.0007,23848812.72782143
2020-12-06 00:00:00+00:00,1.0007,1.0017,1.0001,1.0016,27356998.33349135
2020-12-07 00:00:00+00:00,1.0016,1.0018,1.0005,1.0009,24524598.95990086
2020-12-08 00:00:00+00:00,1.001,1.0014,0.9997,1.0002,48748463.81309611
2020-12-09 00:00:00+00:00,1.0002,1.0424,1.0,1.0004,85281048.2508489
2020-12-10 00:00:00+00:00,1.0005,1.0024,0.9994,1.0005,37930994.74194994
2020-12-11 00:00:00+00:00,1.0004,1.002,1.0002,1.0011,44976884.77269542
2020-12-12 00:00:00+00:00,1.0012,1.0018,1.0003,1.0006,27586813.31284969
2020-12-13 00:00:00+00:00,1.0005,1.001,0.99958,1.0004,33872445.01736189
2020-12-14 00:00:00+00:00,1.0005,1.001,1.0,1.0002,21040616.37363562
2020-12-15 00:00:00+00:00,1.0002,1.0022,0.99998,1.0016,49402333.6971048
2020-12-16 00:00:00+00:00,1.0016,1.0022,0.99841,0.99866,80941157.18848018
2020-12-17 00:00:00+00:00,0.99866,1.0,0.9952,0.99894,114526746.53146917
2020-12-18 00:00:00+00:00,0.99893,1.0007,0.99879,1.0006,60553566.96032543
2020-12-19 00:00:00+00:00,1.0005,1.0014,0.99974,0.99974,44853683.77846026
2020-12-20 00:00:00+00:00,0.99974,1.0001,0.99871,0.99883,64647779.02962774
2020-12-21 00:00:00+00:00,0.99882,1.0002,0.99751,0.99949,85914014.9558653
2020-12-22 00:00:00+00:00,0.9994,1.0004,0.99772,0.99905,69744328.37123302
2020-12-23 00:00:00+00:00,0.99917,1.0008,0.99861,0.99882,110511709.25417413
2020-12-24 00:00:00+00:00,0.99894,1.0002,0.99861,1.0002,56891341.60749268
2020-12-25 00:00:00+00:00,1.0002,1.0014,0.99894,1.0005,76735948.34920506
2020-12-26 00:00:00+00:00,1.0006,1.0006,0.99791,0.99805,101794716.26551858
2020-12-27 00:00:00+00:00,0.99806,0.99929,0.99505,0.9989,98526683.9699483
2020-12-28 00:00:00+00:00,0.9989,0.99952,0.99661,0.99905,52728115.70108065
2020-12-29 00:00:00+00:00,0.99904,0.9997,0.99731,0.99748,56235547.12522444
2020-12-30 00:00:00+00:00,0.9975,1.0006,0.99736,1.0001,52440040.72871603
2020-12-31 00:00:00+00:00,1.0,1.0002,0.9977,0.99976,59263708.75338995
2021-01-01 00:00:00+00:00,0.99979,1.0018,0.99931,1.0009,69061843.25715744
2021-01-02 00:00:00+00:00,1.001,1.002,0.99871,1.0004,99240538.3347783
2021-01-03 00:00:00+00:00,1.0003,1.002,0.99931,0.99949,112283618.39151993
2021-01-04 00:00:00+00:00,0.99948,1.0021,0.99839,0.99968,183550844.6937082
2021-01-05 00:00:00+00:00,0.99968,1.0023,0.99911,1.0015,134749487.23762435
2021-01-06 00:00:00+00:00,1.0016,1.0024,0.9963,1.0003,157089456.6416962
2021-01-07 00:00:00+00:00,1.0003,1.0017,0.9971,0.99887,135261460.69962
2021-01-08 00:00:00+00:00,0.99887,1.0015,0.99725,0.99833,140992901.91479522
2021-01-09 00:00:00+00:00,0.99833,1.0024,0.99813,1.0019,113128485.2311812
2021-01-10 00:00:00+00:00,1.002,1.0023,0.99881,1.0007,145810195.5231637
2021-01-11 00:00:00+00:00,1.0006,1.0057,0.99961,1.0004,228860682.04643217
2021-01-12 00:00:00+00:00,1.0004,1.003,0.9988,1.002,136589029.9144873
2021-01-13 00:00:00+00:00,1.0019,1.0035,0.99931,0.99951,102268036.69991545
2021-01-14 00:00:00+00:00,0.99951,1.0016,0.9985,0.99903,125085424.79235928
2021-01-15 00:00:00+00:00,0.99902,1.0005,0.99769,0.99962,101752514.0565699
2021-01-16 00:00:00+00:00,0.99959,1.0026,0.99877,1.0005,91295468.83363399
2021-01-17 00:00:00+00:00,1.0006,1.0016,0.99869,1.0015,70156820.5615918
2021-01-18 00:00:00+00:00,1.0014,1.0021,1.0,1.0017,60740013.53022085
2021-01-19 00:00:00+00:00,1.0017,1.0046,1.0002,1.0003,97267966.69062543
2021-01-20 00:00:00+00:00,1.0002,1.0012,0.99735,1.001,119152395.51881357
2021-01-21 00:00:00+00:00,1.0009,1.0014,0.998,1.0007,143921596.9862534
2021-01-22 00:00:00+00:00,1.0007,1.0029,0.99791,1.0021,158140652.27471682
2021-01-23 00:00:00+00:00,1.0021,1.0032,1.0002,1.0002,66540747.79427687
2021-01-24 00:00:00+00:00,1.0002,1.005,1.0,1.0018,101780025.61385538
2021-01-25 00:00:00+00:00,1.0017,1.0027,0.99971,0.99972,84782655.51613256
2021-01-26 00:00:00+00:00,0.99972,1.0029,0.99961,1.001,117099573.1788775
2021-01-27 00:00:00+00:00,1.0009,1.0029,0.99961,1.0018,114963784.91137204
2021-01-28 00:00:00+00:00,1.0018,1.0029,0.9995,1.0001,114746148.7759297
2021-01-29 00:00:00+00:00,1.0001,1.0043,0.999,1.0006,226998725.35723305
2021-01-30 00:00:00+00:00,1.0005,1.0018,0.99951,1.0015,69166160.86304411
2021-01-31 00:00:00+00:00,1.0016,1.0018,0.99957,1.0009,66153598.8255971
2021-02-01 00:00:00+00:00,1.0009,1.0016,1.0,1.0013,73852170.2821339
2021-02-02 00:00:00+00:00,1.0014,1.0034,1.0009,1.0023,99021092.95962396
2021-02-03 00:00:00+00:00,1.0022,1.0039,1.0002,1.0004,88793173.92551585
2021-02-04 00:00:00+00:00,1.0004,1.0012,0.99971,1.0001,80828447.0210411
2021-02-05 00:00:00+00:00,1.0,1.0021,0.99921,0.99937,114156104.2941544
2021-02-06 00:00:00+00:00,0.99922,1.003,0.99921,1.0006,90464554.23907048
2021-02-07 00:00:00+00:00,1.0006,1.002,0.99958,1.0007,100777737.88167302
2021-02-08 00:00:00+00:00,1.0008,1.0047,0.99951,1.0019,185260913.15883672
2021-02-09 00:00:00+00:00,1.0019,1.0044,1.0007,1.0012,138731888.67863694
2021-02-10 00:00:00+00:00,1.0012,1.0012,0.99992,1.0006,121295627.90543109
2021-02-11 00:00:00+00:00,1.0007,1.0019,0.99981,1.0003,89731829.37100963
2021-02-12 00:00:00+00:00,1.0003,1.0017,0.9991,1.001,130264510.66062286
2021-02-13 00:00:00+00:00,1.0009,1.0022,0.9991,1.0002,108428387.57060605
2021-02-14 00:00:00+00:00,1.0002,1.0012,0.99915,1.0002,64388927.70514217
2021-02-15 00:00:00+00:00,1.0002,1.0007,0.99858,1.0002,109963431.88858321
2021-02-16 00:00:00+00:00,1.0001,1.0012,0.9988,1.001,95006523.70368001
2021-02-17 00:00:00+00:00,1.0008,1.0024,0.99962,0.99971,81507017.71344791
2021-02-18 00:00:00+00:00,0.99962,1.0012,0.99961,0.99975,59295578.9365758
2021-02-19 00:00:00+00:00,0.99977,1.0018,0.99912,0.9994,97457672.868723
2021-02-20 00:00:00+00:00,0.9994,1.0012,0.999,0.9991,165436593.09264442
2021-02-21 00:00:00+00:00,0.9991,1.0011,0.999,0.99936,85060332.38294654
2021-02-22 00:00:00+00:00,0.99935,1.0023,0.9983,0.99925,206721067.37359524
2021-02-23 00:00:00+00:00,0.99934,1.0004,0.99505,0.99978,260101804.3842293
2021-02-24 00:00:00+00:00,0.99978,1.0009,0.99871,1.0006,107347411.69473834
2021-02-25 00:00:00+00:00,1.0006,1.0016,0.99974,1.0012,88028226.39101976
2021-02-26 00:00:00+00:00,1.0013,1.0019,0.99678,0.99954,207007131.53924057
2021-02-27 00:00:00+00:00,0.99953,1.0015,0.99909,1.0015,94647814.87734623
2021-02-28 00:00:00+00:00,1.0014,1.0033,1.001,1.0027,126022001.58553785
2021-03-01 00:00:00+00:00,1.0028,1.003,1.0,1.0,106946024.35278597
2021-03-02 00:00:00+00:00,1.0,1.0017,0.99938,1.0017,88368790.26169087
2021-03-03 00:00:00+00:00,1.0016,1.0018,1.0002,1.0009,53027284.80700717
2021-03-04 00:00:00+00:00,1.0009,1.0016,1.0,1.0007,90393106.15099064
2021-03-05 00:00:00+00:00,1.0006,1.0024,1.0005,1.0018,83791316.59134845
2021-03-06 00:00:00+00:00,1.0019,1.002,0.9985,0.9999,142831770.43774524
2021-03-07 00:00:00+00:00,1.0,1.001,0.99976,1.0004,45045806.37684349
2021-03-08 00:00:00+00:00,1.0003,1.0015,0.99989,1.0004,51807540.4875595
2021-03-09 00:00:00+00:00,1.0004,1.002,1.0003,1.0012,74087501.14767782
2021-03-10 00:00:00+00:00,1.0012,1.002,1.0002,1.0016,94321277.96862781
2021-03-11 00:00:00+00:00,1.0016,1.0019,1.0006,1.0016,64111102.68871671
2021-03-12 00:00:00+00:00,1.0016,1.0019,1.0004,1.0011,74948400.88533017
2021-03-13 00:00:00+00:00,1.0012,1.0031,0.9995,1.0003,103453536.4554246
2021-03-14 00:00:00+00:00,1.0002,1.0009,0.9992,0.99953,60579308.98609649
2021-03-15 00:00:00+00:00,0.99954,1.0026,0.99871,1.0012,111950382.84830913
2021-03-16 00:00:00+00:00,1.0012,1.0025,0.9982,0.99991,105642033.10872523
2021-03-17 00:00:00+00:00,0.99991,1.001,0.9966,0.99878,139576212.50532386
2021-03-18 00:00:00+00:00,0.99879,1.0009,0.99877,0.99977,75376634.71990371
2021-03-19 00:00:00+00:00,0.99976,1.0008,0.99891,1.0002,77416814.95610549
2021-03-20 00:00:00+00:00,1.0002,1.0018,0.99913,0.99944,56740668.59222447
2021-03-21 00:00:00+00:00,0.99935,1.0001,0.99861,1.0,134184034.44100516
2021-03-22 00:00:00+00:00,1.0,1.0009,0.99911,1.0001,84754026.56823467
2021-03-23 00:00:00+00:00,1.0001,1.0009,0.99871,1.0002,67810157.38878158
2021-03-24 00:00:00+00:00,1.0002,1.0016,0.99942,1.0004,113516558.31906486
2021-03-25 00:00:00+00:00,1.0004,1.0007,0.99821,1.0007,110211850.99783333
2021-03-26 00:00:00+00:00,1.0007,1.001,0.99946,0.99971,91859083.44154064
2021-03-27 00:00:00+00:00,0.99971,1.001,0.99962,1.0007,48293547.04697368
2021-03-28 00:00:00+00:00,1.0007,1.0014,1.0,1.0,44976609.86689238
2021-03-29 00:00:00+00:00,1.0,1.0021,0.99982,1.0008,96472798.45154864
2021-03-30 00:00:00+00:00,1.0008,1.002,1.0003,1.0016,83061957.79404262
2021-03-31 00:00:00+00:00,1.0016,1.002,0.99983,1.0001,134841009.43486804
2021-04-01 00:00:00+00:00,1.0002,1.0004,0.9995,0.99979,80524824.9646707
2021-04-02 00:00:00+00:00,0.9998,1.0005,0.99941,0.99957,119799896.41034123
2021-04-03 00:00:00+00:00,0.99957,1.0008,0.99903,0.99919,74532370.58469781
2021-04-04 00:00:00+00:00,0.99912,1.0008,0.99911,1.0004,57337977.74515416
2021-04-05 00:00:00+00:00,1.0004,1.001,0.99915,1.0002,100779281.57800353
2021-04-06 00:00:00+00:00,1.0002,1.0006,0.9925,1.0,167237809.1947948
2021-04-07 00:00:00+00:00,1.0001,1.0006,0.9972,1.0001,180047533.77013567
2021-04-08 00:00:00+00:00,1.0002,1.0008,0.99911,1.0001,85980458.48039892
2021-04-09 00:00:00+00:00,1.0001,1.0009,0.99943,1.0002,89314775.72217199
2021-04-10 00:00:00+00:00,1.0002,1.0015,0.99991,1.0007,131821533.19603033
2021-04-11 00:00:00+00:00,1.0007,1.001,0.99993,1.0008,74332978.99187906
2021-04-12 00:00:00+00:00,1.0008,1.0015,0.99966,1.0004,145735730.0780659
2021-04-13 00:00:00+00:00,1.0004,1.0008,0.9971,0.99911,153905400.61687788
2021-04-14 00:00:00+00:00,0.99915,1.0012,0.9991,0.99922,137897813.53014275
2021-04-15 00:00:00+00:00,0.99929,1.0018,0.9986,1.0007,101857479.17312534
2021-04-16 00:00:00+00:00,1.0007,1.0011,0.99912,0.9998,181922892.2683797
2021-04-17 00:00:00+00:00,0.9998,1.0001,0.999,0.9991,108262139.9914053
2021-04-18 00:00:00+00:00,0.999,1.0025,0.9962,1.0,282266606.6071798
2021-04-19 00:00:00+00:00,1.0002,1.0014,0.99895,0.99989,121399334.63207665
2021-04-20 00:00:00+00:00,0.9998,1.0019,0.9998,1.0003,136079647.67867193
2021-04-21 00:00:00+00:00,1.0002,1.0005,0.9991,1.0,103292274.2396403
2021-04-22 00:00:00+00:00,1.0,1.0012,0.9993,1.0006,160239509.72904065
2021-04-23 00:00:00+00:00,1.0006,1.0018,0.99974,1.0005,186470788.735134
2021-04-24 00:00:00+00:00,1.0005,1.0029,1.0004,1.0024,67148796.03222986
2021-04-25 00:00:00+00:00,1.0022,1.003,1.001,1.0011,83299543.9942663
2021-04-26 00:00:00+00:00,1.0011,1.0028,1.0008,1.0015,73258142.81795146
2021-04-27 00:00:00+00:00,1.0015,1.0018,0.9991,1.0001,90893710.26715986
2021-04-28 00:00:00+00:00,1.0001,1.0017,0.9996,1.0004,77509938.03080645
2021-04-29 00:00:00+00:00,1.0004,1.0011,0.99989,1.0001,109221562.02288699
2021-04-30 00:00:00+00:00,1.0002,1.0009,0.9995,0.99953,154033829.4581831
2021-05-01 00:00:00+00:00,0.99953,1.0001,0.99821,0.99973,111387236.16192494
2021-05-02 00:00:00+00:00,0.99971,1.0002,0.999,1.0001,79211262.56377599
2021-05-03 00:00:00+00:00,1.0001,1.0009,0.99933,0.9995,141013493.96511152
2021-05-04 00:00:00+00:00,0.99968,1.0013,0.9992,1.0012,134954519.3288069
2021-05-05 00:00:00+00:00,1.0011,1.0014,0.9997,1.0006,134487971.7714517
2021-05-06 00:00:00+00:00,1.0006,1.003,0.99998,1.0005,207235097.9105252
2021-05-07 00:00:00+00:00,1.0004,1.0016,1.0,1.0006,103213266.5338799
2021-05-08 00:00:00+00:00,1.0006,1.0012,0.99952,1.0003,110675284.03270517
2021-05-09 00:00:00+00:00,1.0003,1.0006,0.9985,1.0006,140431870.46471462
2021-05-10 00:00:00+00:00,1.0006,1.0017,1.0,1.0004,190159348.63927117
2021-05-11 00:00:00+00:00,1.0004,1.0009,0.9992,1.0003,217302475.71936747
2021-05-12 00:00:00+00:00,1.0002,1.002,0.99984,1.0015,249726214.1914702
2021-05-13 00:00:00+00:00,1.0015,1.0033,1.0,1.0009,343184393.2696575
2021-05-14 00:00:00+00:00,1.0009,1.0021,1.0006,1.0013,119082803.33943833
2021-05-15 00:00:00+00:00,1.0013,1.0021,1.0007,1.0019,89620555.52560659
2021-05-16 00:00:00+00:00,1.002,1.0036,1.0007,1.0032,156504012.87292647
2021-05-17 00:00:00+00:00,1.0032,1.0062,0.99763,0.99972,501767017.2996281
2021-05-18 00:00:00+00:00,0.99971,1.0018,0.99821,1.0007,211010031.90588614
2021-05-19 00:00:00+00:00,1.0007,1.009,1.0001,1.0013,569593267.8687363
2021-05-20 00:00:00+00:00,1.0012,1.0028,0.99982,1.0015,243038407.80629766
2021-05-21 00:00:00+00:00,1.0015,1.0034,1.0012,1.0032,231641203.22564986
2021-05-22 00:00:00+00:00,1.003,1.0055,1.0007,1.003,168095974.74610206
2021-05-23 00:00:00+00:00,1.0028,1.0053,1.0015,1.0018,263520879.109305
2021-05-24 00:00:00+00:00,1.0018,1.003,1.0004,1.0007,220888783.53617185
2021-05-25 00:00:00+00:00,1.0006,1.002,1.0004,1.0012,83150291.48862259
2021-05-26 00:00:00+00:00,1.0012,1.0019,1.0008,1.0011,87613331.51605044
2021-05-27 00:00:00+00:00,1.0011,1.0018,1.0002,1.0003,112891466.63865042
2021-05-28 00:00:00+00:00,1.0003,1.0011,0.99945,1.0001,149822355.90483797
2021-05-29 00:00:00+00:00,1.0001,1.0015,0.99915,0.99916,117638621.67843597
2021-05-30 00:00:00+00:00,0.99916,0.9998,0.99735,0.99921,276983528.52055657
2021-05-31 00:00:00+00:00,0.99922,1.0005,0.99921,1.0,90085542.08313827
2021-06-01 00:00:00+00:00,1.0,1.0003,0.99976,0.9999,51575840.17609252
2021-06-02 00:00:00+00:00,0.9999,1.0005,0.99983,1.0002,39053696.55160256
2021-06-03 00:00:00+00:00,1.0003,1.0009,0.99983,0.99985,61579342.96779342
2021-06-04 00:00:00+00:00,0.99986,1.0007,0.9997,1.0005,58123870.72822117
2021-06-05 00:00:00+00:00,1.0004,1.0006,1.0001,1.0006,44750372.37242527
2021-06-06 00:00:00+00:00,1.0005,1.001,0.9996,0.99972,67652171.64546506
2021-06-07 00:00:00+00:00,0.99974,1.0004,0.9986,1.0004,100156757.5151237
2021-06-08 00:00:00+00:00,1.0004,1.0013,1.0001,1.0008,62283848.77560336
2021-06-09 00:00:00+00:00,1.0009,1.0016,0.9984,0.9996,233998402.84180093
2021-06-10 00:00:00+00:00,0.9996,1.0002,0.99947,0.99996,81567906.12752976
2021-06-11 00:00:00+00:00,0.99996,1.0003,0.9997,1.0001,41074761.64185731
2021-06-12 00:00:00+00:00,1.0001,1.001,0.99997,1.0004,57183947.6458063
2021-06-13 00:00:00+00:00,1.0005,1.0005,0.9995,0.99955,47711125.52546461
2021-06-14 00:00:00+00:00,0.99951,1.0002,0.9985,0.9998,115701540.98089468
2021-06-15 00:00:00+00:00,0.99981,1.0001,0.99877,0.99975,72861410.7241267
2021-06-16 00:00:00+00:00,0.99975,1.0,0.99901,0.99979,56952456.71864315
2021-06-17 00:00:00+00:00,0.99979,0.99998,0.99945,0.99982,35189104.60429874
2021-06-18 00:00:00+00:00,0.99984,1.0009,0.9998,1.0007,80108017.4351759
2021-06-19 00:00:00+00:00,1.0008,1.0022,1.0004,1.0019,107600373.38825107
2021-06-20 00:00:00+00:00,1.0018,1.0025,1.0011,1.0015,172286463.37115583
2021-06-21 00:00:00+00:00,1.0016,1.0033,1.0009,1.0032,245841222.6848226
2021-06-22 00:00:00+00:00,1.0031,1.0041,1.0017,1.0018,394767332.775044
2021-06-23 00:00:00+00:00,1.0018,1.0021,1.0,1.0008,138784435.39804605
2021-06-24 00:00:00+00:00,1.0008,1.0009,0.9998,1.0002,58575653.25284665
2021-06-25 00:00:00+00:00,1.0002,1.0006,0.9968,0.99964,530902523.09157205
2021-06-26 00:00:00+00:00,0.99964,1.0021,0.99936,1.0019,281418811.0726222
2021-06-27 00:00:00+00:00,1.0019,1.0043,1.0005,1.0007,434649312.4857803
2021-06-28 00:00:00+00:00,1.0007,1.0011,1.0004,1.0005,104318459.94247738
2021-06-29 00:00:00+00:00,1.0005,1.0008,1.0002,1.0004,86596865.85696822
2021-06-30 00:00:00+00:00,1.0004,1.0007,0.99996,1.0003,57869304.68744224
2021-07-01 00:00:00+00:00,1.0004,1.0006,0.99939,1.0002,48806063.46688764
2021-07-02 00:00:00+00:00,1.0001,1.0006,0.99985,1.0005,38871843.17043822
2021-07-03 00:00:00+00:00,1.0005,1.0007,1.0002,1.0004,22938893.01452457
2021-07-04 00:00:00+00:00,1.0004,1.0004,0.99952,0.99969,31714760.27356227
2021-07-05 00:00:00+00:00,0.99969,1.0003,0.99952,0.99989,41037882.63679733
2021-07-06 00:00:00+00:00,0.99989,1.0006,0.99956,1.0005,53100146.11756543
2021-07-07 00:00:00+00:00,1.0005,1.001,1.0001,1.0005,41181887.94477346
2021-07-08 00:00:00+00:00,1.0004,1.0005,0.99805,0.99938,423928049.7399628
2021-07-09 00:00:00+00:00,0.99938,0.99948,0.9986,0.99892,309686753.71952933
2021-07-10 00:00:00+00:00,0.99892,1.0,0.99857,0.99979,91493728.90437126
2021-07-11 00:00:00+00:00,0.99972,1.0001,0.99972,0.99993,25039960.13027271
2021-07-12 00:00:00+00:00,0.99992,1.0,0.99908,0.99943,105077061.16459186
2021-07-13 00:00:00+00:00,0.99941,1.0004,0.9994,1.0002,57959144.73025872
2021-07-14 00:00:00+00:00,1.0002,1.0006,1.0,1.0002,40503142.20952952
2021-07-15 00:00:00+00:00,1.0002,1.0006,0.9999,1.0005,52907726.02666428
2021-07-16 00:00:00+00:00,1.0004,1.0008,1.0002,1.0008,45245415.8441517
2021-07-17 00:00:00+00:00,1.0008,1.0015,0.99991,1.0008,177746396.63039568
2021-07-18 00:00:00+00:00,1.0007,1.0012,0.9991,1.0011,115967772.9045623
2021-07-19 00:00:00+00:00,1.0011,1.0012,1.0002,1.0007,184293502.44109303
2021-07-20 00:00:00+00:00,1.0006,1.0014,1.0003,1.0007,178477865.77960324
2021-07-21 00:00:00+00:00,1.0006,1.0009,1.0003,1.0004,92219172.63681614
2021-07-22 00:00:00+00:00,1.0004,1.0007,1.0002,1.0004,48110536.40773164
2021-07-23 00:00:00+00:00,1.0004,1.0007,1.0003,1.0003,43424797.83745176
2021-07-24 00:00:00+00:00,1.0003,1.0013,1.0003,1.0007,127139943.72128473
2021-07-25 00:00:00+00:00,1.0008,1.0009,1.0006,1.0008,13617011.71480855
2021-07-26 00:00:00+00:00,1.0008,1.0012,0.99988,1.0004,151802704.24789116
2021-07-27 00:00:00+00:00,1.0004,1.001,1.0001,1.0005,96089033.53127801
2021-07-28 00:00:00+00:00,1.0005,1.0007,1.0001,1.0002,34777802.13794354
2021-07-29 00:00:00+00:00,1.0002,1.0006,1.0001,1.0003,16873993.85547105
2021-07-30 00:00:00+00:00,1.0004,1.0006,1.0001,1.0002,41297431.86494339
2021-07-31 00:00:00+00:00,1.0002,1.0004,0.99957,0.99963,58763714.90578698
2021-08-01 00:00:00+00:00,0.99963,1.0008,0.99948,1.0007,166965314.35347247
2021-08-02 00:00:00+00:00,1.0008,1.0009,1.0003,1.0004,185484051.58213153
2021-08-03 00:00:00+00:00,1.0003,1.0008,1.0002,1.0003,140470277.7081478
2021-08-04 00:00:00+00:00,1.0003,1.0006,0.99999,1.0003,73291247.3916858
2021-08-05 00:00:00+00:00,1.0002,1.0005,1.0,1.0004,87133837.20234752
2021-08-06 00:00:00+00:00,1.0004,1.0005,1.0001,1.0004,52079992.29363364
2021-08-07 00:00:00+00:00,1.0004,1.0005,0.99958,0.99958,118099513.49970756
2021-08-08 00:00:00+00:00,0.99959,1.0002,0.99939,0.99974,259977162.4108467
2021-08-09 00:00:00+00:00,0.99974,1.0006,0.99972,1.0003,207452025.98809707
2021-08-10 00:00:00+00:00,1.0003,1.0004,0.99995,1.0001,106212568.18369277
2021-08-11 00:00:00+00:00,1.0001,1.0004,0.99999,1.0001,97304866.43283002
2021-08-12 00:00:00+00:00,1.0001,1.0005,0.9999,1.0002,96998910.4395271
2021-08-13 00:00:00+00:00,1.0002,1.0007,1.0,1.0003,212610767.55686858
2021-08-14 00:00:00+00:00,1.0003,1.0007,1.0002,1.0004,115149384.18246768
2021-08-15 00:00:00+00:00,1.0004,1.0007,1.0002,1.0006,119000534.83170368
2021-08-16 00:00:00+00:00,1.0006,1.0008,1.0001,1.0003,137734126.12608734
2021-08-17 00:00:00+00:00,1.0003,1.0008,0.99996,1.0004,117385743.74040766
2021-08-18 00:00:00+00:00,1.0004,1.0004,1.0001,1.0003,79001133.3278804
2021-08-19 00:00:00+00:00,1.0002,1.0004,1.0,1.0003,72299993.67618173
2021-08-20 00:00:00+00:00,1.0002,1.0004,0.99991,1.0003,60124677.23495503
2021-08-21 00:00:00+00:00,1.0003,1.0008,1.0002,1.0004,68021694.87117273
2021-08-22 00:00:00+00:00,1.0004,1.0006,1.0004,1.0005,36119306.09480518
2021-08-23 00:00:00+00:00,1.0005,1.0006,1.0003,1.0004,79634966.16642785
2021-08-24 00:00:00+00:00,1.0003,1.0004,0.99991,1.0002,116103262.1794909
2021-08-25 00:00:00+00:00,1.0001,1.0004,0.99997,1.0002,68104921.0514082
2021-08-26 00:00:00+00:00,1.0001,1.0005,1.0,1.0002,73234637.4393877
2021-08-27 00:00:00+00:00,1.0002,1.0004,1.0,1.0003,53936142.46462471
2021-08-28 00:00:00+00:00,1.0003,1.0007,1.0003,1.0005,27764817.24815666
2021-08-29 00:00:00+00:00,1.0006,1.0009,1.0003,1.0008,46658057.32459647
2021-08-30 00:00:00+00:00,1.0008,1.0009,1.0004,1.0007,31364864.50411934
2021-08-31 00:00:00+00:00,1.0007,1.0007,1.0002,1.0004,57916625.97247578
2021-09-01 00:00:00+00:00,1.0004,1.0006,1.0001,1.0002,120673117.55302668
2021-09-02 00:00:00+00:00,1.0001,1.0006,1.0001,1.0002,74641744.93368599
2021-09-03 00:00:00+00:00,1.0001,1.0005,1.0,1.0001,88803573.4431805
2021-09-04 00:00:00+00:00,1.0002,1.0004,1.0,1.0001,62700982.49692942
2021-09-05 00:00:00+00:00,1.0001,1.0005,1.0001,1.0003,89481124.05061194
2021-09-06 00:00:00+00:00,1.0003,1.0013,1.0001,1.0002,73400441.39251353
2021-09-07 00:00:00+00:00,1.0002,1.0009,0.99975,1.0001,185454985.5875332
2021-09-08 00:00:00+00:00,1.0,1.0006,0.9998,1.0001,123740916.6086668
2021-09-09 00:00:00+00:00,1.0002,1.0004,1.0,1.0002,45227030.29762098
2021-09-10 00:00:00+00:00,1.0003,1.0004,1.0,1.0001,74271345.73265618
2021-09-11 00:00:00+00:00,1.0001,1.0004,0.99997,1.0002,75465883.07877716
2021-09-12 00:00:00+00:00,1.0003,1.0003,0.99992,0.99998,66386298.40717912
2021-09-13 00:00:00+00:00,0.99999,1.0004,0.99993,0.99999,164959003.10509515
2021-09-14 00:00:00+00:00,0.99999,1.0005,0.99999,1.0004,75860154.26692948
2021-09-15 00:00:00+00:00,1.0004,1.0006,1.0001,1.0004,61466912.09183119
2021-09-16 00:00:00+00:00,1.0003,1.0006,1.0003,1.0004,38669090.3324128
2021-09-17 00:00:00+00:00,1.0004,1.0006,1.0002,1.0003,25666811.83471747
2021-09-18 00:00:00+00:00,1.0002,1.0004,1.0,1.0002,33399495.14047114
2021-09-19 00:00:00+00:00,1.0002,1.0004,1.0001,1.0001,22362162.14712516
2021-09-20 00:00:00+00:00,1.0001,1.0005,0.99998,1.0001,125523298.21225902
2021-09-21 00:00:00+00:00,1.0,1.0012,0.9998,1.0003,199096586.5426215
2021-09-22 00:00:00+00:00,1.0003,1.0004,1.0,1.0002,66199879.07729482
2021-09-23 00:00:00+00:00,1.0002,1.0006,1.0001,1.0005,41242764.05404825
2021-09-24 00:00:00+00:00,1.0005,1.001,1.0004,1.001,88113127.98249823
2021-09-25 00:00:00+00:00,1.001,1.001,1.0007,1.0007,33714668.2776042
2021-09-26 00:00:00+00:00,1.0008,1.0013,1.0005,1.0008,89753753.29919797
2021-09-27 00:00:00+00:00,1.0008,1.0009,1.0002,1.0005,87533223.43666746
2021-09-28 00:00:00+00:00,1.0005,1.0005,1.0001,1.0003,82643264.87747464
2021-09-29 00:00:00+00:00,1.0003,1.0004,1.0,1.0002,50214200.17916088
2021-09-30 00:00:00+00:00,1.0002,1.0002,1.0,1.0001,80329810.85324974
2021-10-01 00:00:00+00:00,1.0002,1.0004,1.0001,1.0003,52510342.62774348
2021-10-02 00:00:00+00:00,1.0004,1.0005,1.0003,1.0003,26920499.76411033
2021-10-03 00:00:00+00:00,1.0003,1.0007,1.0003,1.0005,33044150.72360181
2021-10-04 00:00:00+00:00,1.0005,1.0005,1.0001,1.0003,42580892.70145237
2021-10-05 00:00:00+00:00,1.0003,1.0005,1.0002,1.0005,55967714.35672949
2021-10-06 00:00:00+00:00,1.0004,1.0006,1.0001,1.0003,64948568.4573811
2021-10-07 00:00:00+00:00,1.0003,1.0005,1.0002,1.0002,50138381.91445809
2021-10-08 00:00:00+00:00,1.0002,1.0004,1.0002,1.0002,65620226.32704586
2021-10-09 00:00:00+00:00,1.0003,1.0005,1.0002,1.0004,34907498.0477591
2021-10-10 00:00:00+00:00,1.0003,1.0005,1.0,1.0,86202757.41713835
2021-10-11 00:00:00+00:00,1.0,1.0005,0.99981,1.0002,115785543.25883088
2021-10-12 00:00:00+00:00,1.0,1.0003,0.99994,0.99999,38528204.22021576
2021-10-13 00:00:00+00:00,0.99999,1.0002,0.999,1.0,44382546.29683073
2021-10-14 00:00:00+00:00,1.0001,1.0003,0.99991,1.0002,49472440.20965729
2021-10-15 00:00:00+00:00,1.0001,1.0002,0.99992,1.0,82114750.08079222
2021-10-16 00:00:00+00:00,1.0,1.0003,0.99992,1.0,62486879.53422433
2021-10-17 00:00:00+00:00,1.0,1.0001,0.9999,0.99995,48826263.7723443
2021-10-18 00:00:00+00:00,0.99994,1.0002,0.99982,1.0,155983178.99417004
2021-10-19 00:00:00+00:00,1.0,1.0005,0.99995,1.0001,119661966.5798262
2021-10-20 00:00:00+00:00,1.0001,1.0006,0.99997,1.0001,100614419.31792396
2021-10-21 00:00:00+00:00,1.0001,1.0007,0.99991,1.0,226398583.60357305
2021-10-22 00:00:00+00:00,1.0,1.0002,0.999,0.99998,94431412.48337357
2021-10-23 00:00:00+00:00,0.99999,1.0001,0.99964,0.99991,34408592.2049444
2021-10-24 00:00:00+00:00,0.99991,1.0004,0.99961,0.99963,54735057.14658587
2021-10-25 00:00:00+00:00,0.99963,1.0004,0.99963,1.0001,64358845.65722344
2021-10-26 00:00:00+00:00,1.0001,1.0002,0.99961,0.99965,73417505.97608234
2021-10-27 00:00:00+00:00,0.99966,1.0005,0.99941,1.0002,150605624.72873378
2021-10-28 00:00:00+00:00,1.0002,1.0005,0.99962,1.0001,153742557.6334998
2021-10-29 00:00:00+00:00,1.0001,1.0005,0.99981,1.0,108645726.59938048
2021-10-30 00:00:00+00:00,1.0,1.0006,0.99991,1.0004,63745656.87922868
2021-10-31 00:00:00+00:00,1.0004,1.0007,1.0,1.0003,78913829.29842974
2021-11-01 00:00:00+00:00,1.0002,1.0007,1.0,1.0002,94124268.43335931
2021-11-02 00:00:00+00:00,1.0002,1.0012,1.0002,1.0007,69157626.20875457
2021-11-03 00:00:00+00:00,1.0007,1.0009,0.99941,1.0001,152894308.20254663
2021-11-04 00:00:00+00:00,1.0,1.0006,1.0,1.0003,77669504.32478471
2021-11-05 00:00:00+00:00,1.0003,1.0009,1.0003,1.0007,67296248.14040451
2021-11-06 00:00:00+00:00,1.0008,1.0013,1.0,1.0005,84681034.01779203
2021-11-07 00:00:00+00:00,1.0006,1.0011,1.0005,1.0005,38386223.73749007
2021-11-08 00:00:00+00:00,1.0005,1.0009,0.99905,1.0,157764329.1866963
2021-11-09 00:00:00+00:00,1.0,1.0005,0.99961,1.0001,131313191.5492987
2021-11-10 00:00:00+00:00,1.0001,1.0006,0.99965,0.99971,235087361.3250385
2021-11-11 00:00:00+00:00,0.99971,1.0005,0.99901,1.0001,166576682.15819895
2021-11-12 00:00:00+00:00,1.0002,1.0006,0.99961,1.0002,159901403.86390597
2021-11-13 00:00:00+00:00,1.0002,1.0004,0.99996,1.0001,57333169.3783491
2021-11-14 00:00:00+00:00,1.0001,1.0001,0.9999,0.99996,48847522.34886913
2021-11-15 00:00:00+00:00,0.99996,1.0001,0.9996,0.99968,108408612.51789434
2021-11-16 00:00:00+00:00,0.99968,1.0013,0.99966,0.99998,230498449.53047466
2021-11-17 00:00:00+00:00,0.99996,1.0013,0.9998,1.0004,130405421.94551638
2021-11-18 00:00:00+00:00,1.0003,1.0014,1.0001,1.0007,197303581.00522074
2021-11-19 00:00:00+00:00,1.0008,1.0014,1.0004,1.0009,91543165.97396173
2021-11-20 00:00:00+00:00,1.0009,1.0013,1.0006,1.001,45558492.45226433
2021-11-21 00:00:00+00:00,1.0009,1.0013,1.0006,1.0013,43774432.87465719
2021-11-22 00:00:00+00:00,1.0012,1.0015,1.0004,1.0007,101414581.05320223
2021-11-23 00:00:00+00:00,1.0007,1.0007,0.99966,1.0004,97681444.54488593
2021-11-24 00:00:00+00:00,1.0003,1.0006,1.0002,1.0003,36969940.28431013
2021-11-25 00:00:00+00:00,1.0003,1.0011,1.0001,1.0007,81052128.91144624
2021-11-26 00:00:00+00:00,1.0007,1.0014,1.0004,1.0008,101042642.96486606
2021-11-27 00:00:00+00:00,1.0007,1.0014,1.0007,1.0009,61781252.78190534
2021-11-28 00:00:00+00:00,1.0008,1.0015,1.0008,1.0011,85892600.57448466
2021-11-29 00:00:00+00:00,1.001,1.0012,1.0006,1.0009,64992753.23342233
2021-11-30 00:00:00+00:00,1.0008,1.0011,1.0006,1.0008,70032736.70569365
2021-12-01 00:00:00+00:00,1.0008,1.0011,1.0006,1.0006,58393982.99061913
2021-12-02 00:00:00+00:00,1.0007,1.0008,1.0005,1.0007,63553004.84968992
2021-12-03 00:00:00+00:00,1.0006,1.001,1.0,1.0005,174730322.17564714
2021-12-04 00:00:00+00:00,1.0006,1.0018,1.0004,1.0012,175650342.5660164
2021-12-05 00:00:00+00:00,1.0013,1.0018,1.0009,1.0014,64537772.72618481
2021-12-06 00:00:00+00:00,1.0014,1.0019,1.0007,1.001,119758586.20126563
2021-12-07 00:00:00+00:00,1.0009,1.0014,1.0007,1.0009,34898506.01083271
2021-12-08 00:00:00+00:00,1.0008,1.0018,1.0006,1.001,42305133.91050614
2021-12-09 00:00:00+00:00,1.001,1.0015,1.0007,1.0009,53059845.81821181
2021-12-10 00:00:00+00:00,1.0009,1.001,1.0004,1.0005,75489904.99949253
2021-12-11 00:00:00+00:00,1.0005,1.0009,1.0004,1.0008,31881739.21379644
2021-12-12 00:00:00+00:00,1.0007,1.0009,1.0005,1.0008,17222774.33360065
2021-12-13 00:00:00+00:00,1.0008,1.002,1.0006,1.001,243159811.40967754
2021-12-14 00:00:00+00:00,1.001,1.0013,1.0005,1.0006,93189971.13960402
2021-12-15 00:00:00+00:00,1.0006,1.0009,1.0005,1.0007,59914584.45357778
2021-12-16 00:00:00+00:00,1.0007,1.0008,1.0004,1.0006,62793002.03511267
2021-12-17 00:00:00+00:00,1.0006,1.0008,1.0004,1.0005,79737147.78946236
2021-12-18 00:00:00+00:00,1.0004,1.0007,1.0004,1.0007,27123522.3575219
2021-12-19 00:00:00+00:00,1.0007,1.0007,1.0004,1.0004,29870708.31690923
2021-12-20 00:00:00+00:00,1.0005,1.0007,1.0003,1.0004,78548678.82422072
2021-12-21 00:00:00+00:00,1.0004,1.0005,1.0002,1.0004,63000015.88347973
2021-12-22 00:00:00+00:00,1.0003,1.0004,1.0002,1.0003,36264452.26884065
2021-12-23 00:00:00+00:00,1.0003,1.0006,1.0002,1.0004,77999985.14974926
2021-12-24 00:00:00+00:00,1.0003,1.0006,1.0002,1.0005,47817157.56769197
2021-12-25 00:00:00+00:00,1.0004,1.0009,1.0004,1.0007,12996192.56439517
2021-12-26 00:00:00+00:00,1.0005,1.0007,1.0004,1.0006,20673362.25432956
2021-12-27 00:00:00+00:00,1.0005,1.0007,1.0003,1.0004,35217059.7673304
2021-12-28 00:00:00+00:00,1.0003,1.0005,1.0001,1.0003,58299321.40573894
2021-12-29 00:00:00+00:00,1.0002,1.0003,1.0,1.0,72876545.499738
2021-12-30 00:00:00+00:00,1.0001,1.0002,1.0,1.0,36638389.51913343
2021-12-31 00:00:00+00:00,1.0,1.0001,1.0,1.0,50539331.52858047
2022-01-01 00:00:00+00:00,1.0,1.0002,1.0,1.0001,34549193.57016061
2022-01-02 00:00:00+00:00,1.0002,1.0003,1.0001,1.0001,17744100.4818453
2022-01-03 00:00:00+00:00,1.0001,1.0002,1.0,1.0001,21980243.99531596
2022-01-04 00:00:00+00:00,1.0001,1.0003,1.0,1.0001,51570189.43063704
2022-01-05 00:00:00+00:00,1.0001,1.0001,0.99997,1.0001,56952677.046472
2022-01-06 00:00:00+00:00,1.0001,1.0002,0.99972,0.99999,38847163.26911863
2022-01-07 00:00:00+00:00,0.99999,1.0001,0.99971,0.99991,77361442.1708088
2022-01-08 00:00:00+00:00,1.0,1.0,0.9999,1.0,31902094.21844211
2022-01-09 00:00:00+00:00,1.0,1.0007,0.99999,1.0001,34132774.00652621
2022-01-10 00:00:00+00:00,1.0,1.0005,0.9999,1.0003,79872396.14760256
2022-01-11 00:00:00+00:00,1.0002,1.0004,1.0,1.0004,33316587.58489168
2022-01-12 00:00:00+00:00,1.0003,1.0011,1.0002,1.0004,38896829.47653973
2022-01-13 00:00:00+00:00,1.0004,1.0005,1.0,1.0002,40915068.07153687
2022-01-14 00:00:00+00:00,1.0002,1.0005,1.0,1.0003,30697869.82367217
2022-01-15 00:00:00+00:00,1.0003,1.0005,1.0,1.0003,28586447.52645311
2022-01-16 00:00:00+00:00,1.0003,1.0005,1.0,1.0004,28993681.21245697
2022-01-17 00:00:00+00:00,1.0005,1.0005,1.0002,1.0004,28773134.34955678
2022-01-18 00:00:00+00:00,1.0004,1.0005,1.0,1.0004,34360095.21145041
2022-01-19 00:00:00+00:00,1.0004,1.001,1.0002,1.0004,58870230.59261663
2022-01-20 00:00:00+00:00,1.0004,1.0007,1.0003,1.0003,30591625.36527031
2022-01-21 00:00:00+00:00,1.0004,1.0009,1.0002,1.0008,101834121.93751442
2022-01-22 00:00:00+00:00,1.0008,1.0012,1.0003,1.0008,88433999.62396096
2022-01-23 00:00:00+00:00,1.001,1.0012,1.0006,1.001,33396762.15768661
2022-01-24 00:00:00+00:00,1.001,1.0011,1.0004,1.0007,63973904.84045738
2022-01-25 00:00:00+00:00,1.0007,1.001,1.0004,1.001,35599757.32173265
2022-01-26 00:00:00+00:00,1.0009,1.001,1.0004,1.0009,62735062.74637584
2022-01-27 00:00:00+00:00,1.0008,1.001,1.0004,1.0006,46244613.41665999
2022-01-28 00:00:00+00:00,1.0007,1.0009,1.0004,1.0007,57271032.11032025
2022-01-29 00:00:00+00:00,1.0007,1.0008,1.0004,1.0006,18467806.0611728
2022-01-30 00:00:00+00:00,1.0007,1.0008,1.0006,1.0007,13542938.01691133
2022-01-31 00:00:00+00:00,1.0007,1.001,1.0006,1.0007,36147227.14720197
2022-02-01 00:00:00+00:00,1.0007,1.001,1.0006,1.0007,33634979.88080295
2022-02-02 00:00:00+00:00,1.0007,1.0008,1.0005,1.0007,23866681.75982309
2022-02-03 00:00:00+00:00,1.0007,1.0009,1.0006,1.0008,30121683.12201545
2022-02-04 00:00:00+00:00,1.0008,1.0009,1.0006,1.0007,12888361.67699037
2022-02-05 00:00:00+00:00,1.0008,1.001,1.0006,1.001,18472304.826882828
2022-02-06 00:00:00+00:00,1.0009,1.001,1.0008,1.0009,8466486.11427934
2022-02-07 00:00:00+00:00,1.001,1.0014,1.0007,1.0009,37203078.11945951
2022-02-08 00:00:00+00:00,1.001,1.0012,1.0007,1.0009,34337917.87632604
2022-02-09 00:00:00+00:00,1.0009,1.0013,1.0008,1.0011,24734078.37913514
2022-02-10 00:00:00+00:00,1.0011,1.0013,1.0009,1.0011,26619583.41347614
2022-02-11 00:00:00+00:00,1.0011,1.0013,1.0009,1.001,28920576.138585642
2022-02-12 00:00:00+00:00,1.001,1.001,1.0008,1.0009,14681973.79811519
2022-02-13 00:00:00+00:00,1.0009,1.001,1.0007,1.0009,17273824.05822656
2022-02-14 00:00:00+00:00,1.0009,1.001,1.0006,1.0006,17551595.95173878
2022-02-15 00:00:00+00:00,1.0006,1.001,1.0006,1.0008,18365758.40423621
2022-02-16 00:00:00+00:00,1.0008,1.0009,1.0006,1.0007,17208435.39163949
2022-02-17 00:00:00+00:00,1.0007,1.0013,1.0006,1.001,37471319.642839134
2022-02-18 00:00:00+00:00,1.0008,1.0012,1.0007,1.0009,37347815.49198075
2022-02-19 00:00:00+00:00,1.0009,1.001,1.0007,1.0009,7544153.91209542
2022-02-20 00:00:00+00:00,1.0008,1.0013,1.0008,1.0011,31914099.08494168
2022-02-21 00:00:00+00:00,1.0012,1.002,1.0007,1.0014,96136110.70135961
2022-02-22 00:00:00+00:00,1.0014,1.0019,1.0011,1.0013,49869105.43808243
2022-02-23 00:00:00+00:00,1.0013,1.0013,1.0009,1.0011,77558607.83132148
2022-02-24 00:00:00+00:00,1.0011,1.0035,1.001,1.0011,217630294.9261116
2022-02-25 00:00:00+00:00,1.001,1.0012,1.0006,1.0009,72229979.3599467
2022-02-26 00:00:00+00:00,1.0008,1.0011,1.0007,1.0009,13479174.15349011
2022-02-27 00:00:00+00:00,1.0009,1.0011,1.0008,1.0009,28115809.11184167
2022-02-28 00:00:00+00:00,1.001,1.0011,1.0006,1.0009,48726249.55572737
2022-03-01 00:00:00+00:00,1.0008,1.0009,1.0005,1.0008,43382948.2105516
2022-03-02 00:00:00+00:00,1.0008,1.0009,1.0006,1.0007,23246129.81614837
2022-03-03 00:00:00+00:00,1.0007,1.0009,1.0005,1.0007,44000178.98614721
2022-03-04 00:00:00+00:00,1.0007,1.001,1.0005,1.0008,34821368.62344943
2022-03-05 00:00:00+00:00,1.0008,1.001,1.0006,1.0006,14616704.58826415
2022-03-06 00:00:00+00:00,1.0007,1.0009,1.0005,1.0007,18912991.56535351
2022-03-07 00:00:00+00:00,1.0007,1.0007,1.0004,1.0006,48239124.41122368
2022-03-08 00:00:00+00:00,1.0006,1.0009,1.0003,1.0004,39503072.39388247
2022-03-09 00:00:00+00:00,1.0005,1.0006,1.0,1.0006,29423852.11292304
2022-03-10 00:00:00+00:00,1.0006,1.0015,1.0004,1.0007,110999388.35200971
2022-03-11 00:00:00+00:00,1.0008,1.0008,1.0001,1.0003,100437960.37382472
2022-03-12 00:00:00+00:00,1.0003,1.0004,1.0001,1.0004,9364370.63366343
2022-03-13 00:00:00+00:00,1.0003,1.0004,1.0001,1.0003,18405035.07707642
2022-03-14 00:00:00+00:00,1.0002,1.0009,1.0001,1.0009,83147209.02645805
2022-03-15 00:00:00+00:00,1.0008,1.001,1.0006,1.0007,38670584.91518886
2022-03-16 00:00:00+00:00,1.0007,1.0009,1.0004,1.0007,37844111.10119216
2022-03-17 00:00:00+00:00,1.0008,1.0008,1.0005,1.0006,28085574.20545417
2022-03-18 00:00:00+00:00,1.0006,1.0009,1.0,1.0002,120003620.78114337
2022-03-19 00:00:00+00:00,1.0002,1.0004,1.0,1.0002,62102192.47570666
2022-03-20 00:00:00+00:00,1.0002,1.0005,1.0,1.0002,33980801.87801929
2022-03-21 00:00:00+00:00,1.0002,1.0007,1.0,1.0001,68571686.16354406
2022-03-22 00:00:00+00:00,1.0,1.0003,1.0,1.0001,122906870.41312207
2022-03-23 00:00:00+00:00,1.0,1.0004,1.0,1.0001,35720445.10819902
2022-03-24 00:00:00+00:00,1.0001,1.0003,1.0,1.0002,96829138.0904738
2022-03-25 00:00:00+00:00,1.0002,1.0006,1.0,1.0004,49850719.52693196
2022-03-26 00:00:00+00:00,1.0004,1.0007,1.0004,1.0005,17305504.56920692
2022-03-27 00:00:00+00:00,1.0004,1.0005,0.9999,0.99995,66269301.67763647
2022-03-28 00:00:00+00:00,0.99993,1.0003,0.9997,1.0,98129030.01460513
2022-03-29 00:00:00+00:00,1.0,1.0004,1.0,1.0002,61715280.42910674
2022-03-30 00:00:00+00:00,1.0002,1.0007,1.0001,1.0001,49624805.42257677
2022-03-31 00:00:00+00:00,1.0001,1.0005,1.0001,1.0002,30989562.88374327
2022-04-01 00:00:00+00:00,1.0002,1.0007,1.0002,1.0005,17085738.16033202
2022-04-02 00:00:00+00:00,1.0005,1.0006,1.0,1.0003,84601147.2227974
2022-04-03 00:00:00+00:00,1.0002,1.0004,0.99985,0.9999,46274759.53519932
2022-04-04 00:00:00+00:00,0.99993,1.0003,0.99977,1.0003,53145816.93014365
2022-04-05 00:00:00+00:00,1.0003,1.0004,0.99999,1.0001,30518187.50088565
2022-04-06 00:00:00+00:00,1.0001,1.0007,1.0,1.0004,56480511.09938501
2022-04-07 00:00:00+00:00,1.0004,1.0007,1.0001,1.0002,11828533.3774191
2022-04-08 00:00:00+00:00,1.0001,1.0005,1.0001,1.0002,24066340.26719815
2022-04-09 00:00:00+00:00,1.0003,1.0005,1.0,1.0003,12955637.06629316
2022-04-10 00:00:00+00:00,1.0003,1.0008,1.0001,1.0007,32492960.6045153
2022-04-11 00:00:00+00:00,1.0007,1.0009,1.0005,1.0007,52563952.714728214
2022-04-12 00:00:00+00:00,1.0006,1.0007,1.0004,1.0005,29197199.38533337
2022-04-13 00:00:00+00:00,1.0005,1.0006,1.0003,1.0004,14154821.03312204
2022-04-14 00:00:00+00:00,1.0005,1.0005,1.0002,1.0004,23449056.43342653
2022-04-15 00:00:00+00:00,1.0004,1.0006,1.0003,1.0005,5310617.69755373
2022-04-16 00:00:00+00:00,1.0005,1.0006,1.0004,1.0005,4424877.05781526
2022-04-17 00:00:00+00:00,1.0006,1.0007,1.0004,1.0005,5419526.61238909
2022-04-18 00:00:00+00:00,1.0005,1.0007,1.0003,1.0005,17339485.74648371
2022-04-19 00:00:00+00:00,1.0004,1.0007,1.0003,1.0004,13118321.85854326
2022-04-20 00:00:00+00:00,1.0005,1.0005,1.0003,1.0003,10722883.05328673
2022-04-21 00:00:00+00:00,1.0004,1.0005,1.0002,1.0004,15397152.3226406
2022-04-22 00:00:00+00:00,1.0005,1.0006,1.0002,1.0004,11311476.73770748
2022-04-23 00:00:00+00:00,1.0004,1.0005,1.0003,1.0004,7427058.30005054
2022-04-24 00:00:00+00:00,1.0004,1.0005,1.0003,1.0005,5177043.39281641
2022-04-25 00:00:00+00:00,1.0005,1.0006,1.0004,1.0005,15378666.72531281
2022-04-26 00:00:00+00:00,1.0006,1.0006,1.0002,1.0003,30190250.45099015
2022-04-27 00:00:00+00:00,1.0004,1.0005,1.0002,1.0003,18316387.89888339
2022-04-28 00:00:00+00:00,1.0003,1.0003,1.0,1.0002,24646595.47748176
2022-04-29 00:00:00+00:00,1.0003,1.0006,1.0001,1.0003,34298673.09235982
2022-04-30 00:00:00+00:00,1.0003,1.0006,1.0002,1.0006,25786114.66418524
2022-05-01 00:00:00+00:00,1.0005,1.0006,1.0003,1.0004,30572223.19725225
2022-05-02 00:00:00+00:00,1.0004,1.0004,1.0001,1.0002,80300950.13466068
2022-05-03 00:00:00+00:00,1.0002,1.0003,1.0001,1.0002,29125786.11324854
2022-05-04 00:00:00+00:00,1.0002,1.0002,1.0001,1.0001,42714109.20335096
2022-05-05 00:00:00+00:00,1.0002,1.0003,1.0,1.0003,44984462.37903461
2022-05-06 00:00:00+00:00,1.0003,1.0005,1.0,1.0003,55201062.70537935
2022-05-07 00:00:00+00:00,1.0003,1.0005,1.0002,1.0003,35252840.27721865
2022-05-08 00:00:00+00:00,1.0004,1.0009,1.0003,1.0004,86207841.42453411
2022-05-09 00:00:00+00:00,1.0004,1.0007,1.0003,1.0006,143408337.0542102
2022-05-10 00:00:00+00:00,1.0006,1.0012,1.0004,1.001,157190689.42187867
2022-05-11 00:00:00+00:00,1.0011,1.0012,1.0001,1.0007,183824348.89363873
2022-05-12 00:00:00+00:00,1.0007,1.0036,0.99753,1.0012,372848641.0556504
2022-05-13 00:00:00+00:00,1.0012,1.002,1.0,1.0,166269836.2634654
2022-05-14 00:00:00+00:00,1.0,1.0003,0.99889,1.0001,55819179.36620744
2022-05-15 00:00:00+00:00,1.0002,1.0007,0.9998,0.99982,28207270.5864665
2022-05-16 00:00:00+00:00,0.99981,1.0,0.99909,0.99976,114141830.33528022
2022-05-17 00:00:00+00:00,0.99976,0.99998,0.99937,0.99988,49063744.68723771
2022-05-18 00:00:00+00:00,0.99988,0.9999,0.99938,0.99954,43480582.06400048
2022-05-19 00:00:00+00:00,0.99955,1.0,0.99942,1.0,69887288.87270762
2022-05-20 00:00:00+00:00,0.99999,1.0001,0.9995,0.99988,48937968.22124713
2022-05-21 00:00:00+00:00,0.99989,1.0,0.99941,0.99982,30492346.29992936
2022-05-22 00:00:00+00:00,0.99983,1.0,0.99963,0.99982,31337972.42607998
2022-05-23 00:00:00+00:00,0.99981,0.99998,0.99954,0.99959,43678284.01345071
2022-05-24 00:00:00+00:00,0.9996,0.99977,0.99954,0.99973,41584129.82408333
2022-05-25 00:00:00+00:00,0.99974,0.99999,0.99954,0.99956,43519354.31802559
2022-05-26 00:00:00+00:00,0.99956,0.99999,0.99954,0.99964,93487586.84103552
2022-05-27 00:00:00+00:00,0.99964,1.0,0.99955,0.99967,57292841.98694266
2022-05-28 00:00:00+00:00,0.99966,1.0,0.99955,1.0,42240725.25824958
2022-05-29 00:00:00+00:00,1.0,1.0003,0.99998,1.0002,52192220.91367188
2022-05-30 00:00:00+00:00,1.0002,1.0004,0.99955,0.99995,55049701.5140561
2022-05-31 00:00:00+00:00,0.99995,1.0003,0.99955,0.99989,50030387.47019793
2022-06-01 00:00:00+00:00,0.99989,1.0008,0.99967,1.0008,89113875.6348455
2022-06-02 00:00:00+00:00,1.0008,1.0025,1.0003,1.0006,57046129.57692109
2022-06-03 00:00:00+00:00,1.0007,1.0009,1.0,1.0005,36109091.20640482
2022-06-04 00:00:00+00:00,1.0005,1.0009,1.0001,1.0004,22410374.92877317
2022-06-05 00:00:00+00:00,1.0004,1.0004,0.9999,1.0002,29598417.23183733
2022-06-06 00:00:00+00:00,1.0002,1.0005,0.99955,1.0,21467414.31549852
2022-06-07 00:00:00+00:00,1.0,1.0008,0.99977,1.0004,41014400.42884237
2022-06-08 00:00:00+00:00,1.0004,1.0008,1.0003,1.0006,28018972.35263241
2022-06-09 00:00:00+00:00,1.0006,1.0008,1.0003,1.0004,29609682.297878042
2022-06-10 00:00:00+00:00,1.0005,1.0007,1.0,1.0003,77612732.7895797
2022-06-11 00:00:00+00:00,1.0003,1.0006,1.0001,1.0004,64217129.88691005
2022-06-12 00:00:00+00:00,1.0004,1.001,1.0004,1.001,128703070.362368
2022-06-13 00:00:00+00:00,1.001,1.0027,0.99955,1.0004,279609050.65094125
2022-06-14 00:00:00+00:00,1.0004,1.0005,0.99995,1.0002,120696938.96145959
2022-06-15 00:00:00+00:00,1.0002,1.0008,0.9998,1.0005,181159470.3129118
2022-06-16 00:00:00+00:00,1.0005,1.0007,0.99981,1.0001,72681329.41776824
2022-06-17 00:00:00+00:00,1.0001,1.0003,0.9974,0.99802,217380262.77403608
2022-06-18 00:00:00+00:00,0.99801,1.0,0.99741,0.99985,123697340.64776446
2022-06-19 00:00:00+00:00,0.99985,1.0,0.9987,0.99882,79299473.57106555
2022-06-20 00:00:00+00:00,0.99881,0.99973,0.99881,0.99899,25614504.4952673
2022-06-21 00:00:00+00:00,0.99899,0.99949,0.9988,0.99882,48071089.78813195
2022-06-22 00:00:00+00:00,0.99881,0.99989,0.99821,0.9988,54629581.63016176
2022-06-23 00:00:00+00:00,0.9988,0.999,0.99845,0.99868,34568995.82089207
2022-06-24 00:00:00+00:00,0.99867,0.9997,0.99857,0.99969,36542054.40840469
2022-06-25 00:00:00+00:00,0.99969,1.0,0.9993,0.99969,42660405.81156595
2022-06-26 00:00:00+00:00,0.99969,1.0005,0.99951,1.0005,30530103.43397741
2022-06-27 00:00:00+00:00,1.0005,1.0005,0.99958,0.99975,21788586.00552664
2022-06-28 00:00:00+00:00,0.99975,1.0004,0.99971,0.99982,45444958.80414875
2022-06-29 00:00:00+00:00,0.99983,0.99983,0.99958,0.99964,39281764.1787536
2022-06-30 00:00:00+00:00,0.99965,0.99998,0.99936,0.99968,42244458.40671403
2022-07-01 00:00:00+00:00,0.99968,1.0006,0.99936,1.0001,42505557.42054484
2022-07-02 00:00:00+00:00,1.0,1.0006,0.9994,0.99941,32286049.15018714
2022-07-03 00:00:00+00:00,0.9994,1.0003,0.9992,0.99968,6590870.99204819
2022-07-04 00:00:00+00:00,0.99967,0.9999,0.99947,0.99954,20367403.36019854
2022-07-05 00:00:00+00:00,0.99955,1.0,0.9986,0.99916,30050135.37522215
2022-07-06 00:00:00+00:00,0.99917,0.99998,0.99915,0.9995,27167321.32313173
2022-07-07 00:00:00+00:00,0.99951,0.99964,0.99878,0.99902,23985699.50260062
2022-07-08 00:00:00+00:00,0.99901,0.99969,0.999,0.99959,44116857.45778986
2022-07-09 00:00:00+00:00,0.99959,0.99999,0.99953,0.99979,9684302.27529988
2022-07-10 00:00:00+00:00,0.99979,0.99998,0.99901,0.99996,13483759.38842785
2022-07-11 00:00:00+00:00,0.99997,1.0,0.99916,0.99952,54637967.39943168
2022-07-12 00:00:00+00:00,0.99952,1.0,0.99901,0.99904,77770312.58536385
2022-07-13 00:00:00+00:00,0.99904,1.0003,0.99856,0.99975,105752243.14988202
2022-07-14 00:00:00+00:00,0.99975,0.99982,0.99948,0.99981,18152651.75344537
2022-07-15 00:00:00+00:00,0.9998,1.0001,0.99974,0.99975,28746630.63459759
2022-07-16 00:00:00+00:00,0.99975,1.0003,0.99975,1.0001,25696070.06934591
2022-07-17 00:00:00+00:00,1.0002,1.0002,0.99999,1.0,29744972.13061936
2022-07-18 00:00:00+00:00,1.0,1.0003,0.99991,0.99991,35353661.60747686
2022-07-19 00:00:00+00:00,0.99992,1.0003,0.9999,0.9999,50289838.50086228
2022-07-20 00:00:00+00:00,0.9999,1.0002,0.9999,0.99992,56986480.10872191
2022-07-21 00:00:00+00:00,0.99992,1.0003,0.99992,1.0002,33762741.50931808
2022-07-22 00:00:00+00:00,1.0001,1.0002,0.99993,0.99995,30966874.07710529
2022-07-23 00:00:00+00:00,0.99994,1.0001,0.9999,0.99992,24402292.69922512
2022-07-24 00:00:00+00:00,0.99992,1.0003,0.9997,1.0001,28845157.63642047
2022-07-25 00:00:00+00:00,1.0,1.0001,0.9995,0.99988,37377756.27526046
2022-07-26 00:00:00+00:00,0.99988,1.0002,0.99988,1.0002,39626029.88497973
2022-07-27 00:00:00+00:00,1.0002,1.0003,1.0,1.0001,37149468.36571297
2022-07-28 00:00:00+00:00,1.0001,1.0002,0.9999,1.0001,30182220.72374154
2022-07-29 00:00:00+00:00,1.0001,1.0009,1.0,1.0003,25869963.89918301
2022-07-30 00:00:00+00:00,1.0004,1.0008,1.0,1.0001,21584503.21167358
2022-07-31 00:00:00+00:00,1.0001,1.0003,0.99998,1.0,24737087.64512905
2022-08-01 00:00:00+00:00,1.0,1.0009,0.99998,0.99998,36791978.54607747
2022-08-02 00:00:00+00:00,0.99998,1.0009,0.99997,0.99998,30480409.98270292
2022-08-03 00:00:00+00:00,0.99998,1.0002,0.9998,0.99982,39655147.50515073
2022-08-04 00:00:00+00:00,0.99983,1.0001,0.99921,0.99991,57799933.39247272
2022-08-05 00:00:00+00:00,0.99991,1.0004,0.99951,0.99983,61280785.04226909
2022-08-06 00:00:00+00:00,0.99983,0.99997,0.99835,0.99981,124722820.9548181
2022-08-07 00:00:00+00:00,0.9998,1.0001,0.9997,1.0001,23251455.12344945
2022-08-08 00:00:00+00:00,1.0001,1.0009,0.99975,1.0001,37981946.58324862
2022-08-09 00:00:00+00:00,1.0,1.0002,0.99985,0.99995,21200146.18498325
2022-08-10 00:00:00+00:00,0.99995,1.0006,0.9999,0.99994,42110608.44102386
2022-08-11 00:00:00+00:00,0.99995,1.0003,0.9999,1.0001,41285050.12486331
2022-08-12 00:00:00+00:00,1.0,1.0009,0.99999,1.0001,18208526.87939879
2022-08-13 00:00:00+00:00,1.0,1.0002,1.0,1.0,19269632.03826819
2022-08-14 00:00:00+00:00,1.0,1.0001,1.0,1.0,18337375.61939754
2022-08-15 00:00:00+00:00,1.0001,1.0002,1.0,1.0,26204691.2047243
2022-08-16 00:00:00+00:00,1.0,1.0001,0.99996,0.99999,11783325.91686108
2022-08-17 00:00:00+00:00,1.0001,1.0001,0.99993,0.99995,18693682.6993382
2022-08-18 00:00:00+00:00,0.99995,1.0001,0.9999,0.99998,14362443.56417859
2022-08-19 00:00:00+00:00,0.99998,1.0001,0.99985,1.0001,25597567.10260496
2022-08-20 00:00:00+00:00,1.0,1.0001,0.99991,0.99997,14621182.24781307
2022-08-21 00:00:00+00:00,0.99997,1.0001,0.99997,1.0,8000557.1839099
2022-08-22 00:00:00+00:00,1.0,1.0002,0.99981,0.99991,24605834.72004095
2022-08-23 00:00:00+00:00,0.99991,1.0009,0.99989,1.0001,14074496.38437901
2022-08-24 00:00:00+00:00,1.0001,1.0004,1.0,1.0003,9257500.92492144
2022-08-25 00:00:00+00:00,1.0002,1.0009,1.0,1.0001,10480981.486241
2022-08-26 00:00:00+00:00,1.0001,1.0009,1.0,1.0006,17754061.96951685
2022-08-27 00:00:00+00:00,1.0007,1.0009,1.0005,1.0006,15611246.39083063
2022-08-28 00:00:00+00:00,1.0006,1.0007,1.0004,1.0005,10020743.55384743
2022-08-29 00:00:00+00:00,1.0005,1.0005,1.0003,1.0004,8120559.22332991
2022-08-30 00:00:00+00:00,1.0005,1.0005,1.0002,1.0003,23755587.50999901
2022-08-31 00:00:00+00:00,1.0004,1.0006,1.0002,1.0004,22460547.80449884
2022-09-01 00:00:00+00:00,1.0005,1.0009,1.0003,1.0005,19343607.61508946
2022-09-02 00:00:00+00:00,1.0005,1.0006,1.0002,1.0006,10084338.87027453
2022-09-03 00:00:00+00:00,1.0006,1.0006,1.0,1.0,29328600.87330534
2022-09-04 00:00:00+00:00,1.0,1.0001,0.99972,1.0,22769477.74909348
2022-09-05 00:00:00+00:00,1.0,1.0001,0.99949,0.99995,10754238.47229004
2022-09-06 00:00:00+00:00,0.99996,1.0009,0.99871,0.99997,65721196.42730673
2022-09-07 00:00:00+00:00,0.99997,0.99998,0.99977,0.99989,26421919.42311683
2022-09-08 00:00:00+00:00,0.99989,0.99996,0.99962,0.99995,23460572.20888355
2022-09-09 00:00:00+00:00,0.99995,1.0008,0.99995,1.0004,28357782.822126
2022-09-10 00:00:00+00:00,1.0004,1.0008,1.0001,1.0002,16285256.27052085
2022-09-11 00:00:00+00:00,1.0003,1.0003,1.0,1.0002,9991271.30292565
2022-09-12 00:00:00+00:00,1.0002,1.0002,1.0,1.0001,16158852.94633357
2022-09-13 00:00:00+00:00,1.0001,1.0009,1.0,1.0004,24421211.82364095
2022-09-14 00:00:00+00:00,1.0004,1.0009,1.0002,1.0004,15678767.87648043
2022-09-15 00:00:00+00:00,1.0004,1.0009,1.0002,1.0008,34492728.05001928
2022-09-16 00:00:00+00:00,1.0008,1.001,0.99999,1.0003,55211573.41736862
2022-09-17 00:00:00+00:00,1.0004,1.0005,1.0002,1.0004,13132124.63918242
2022-09-18 00:00:00+00:00,1.0004,1.0005,1.0,1.0002,10099275.84421827
2022-09-19 00:00:00+00:00,1.0001,1.0007,1.0001,1.0006,19772256.18585456
2022-09-20 00:00:00+00:00,1.0006,1.0009,1.0001,1.0003,25453786.49964332
2022-09-21 00:00:00+00:00,1.0003,1.0009,1.0001,1.0004,29707270.53490368
2022-09-22 00:00:00+00:00,1.0004,1.001,1.0002,1.0004,29227148.3003661
2022-09-23 00:00:00+00:00,1.0005,1.001,1.0004,1.0005,39127954.69891546
2022-09-24 00:00:00+00:00,1.0005,1.001,1.0,1.0004,21882405.6854593
2022-09-25 00:00:00+00:00,1.0004,1.0008,1.0003,1.0007,5694436.60492985
2022-09-26 00:00:00+00:00,1.0006,1.001,1.0004,1.0006,42245634.13192461
2022-09-27 00:00:00+00:00,1.0007,1.001,1.0003,1.0006,17416540.61494284
2022-09-28 00:00:00+00:00,1.0006,1.001,1.0,1.0,29366783.9550437
2022-09-29 00:00:00+00:00,1.0001,1.0006,1.0,1.0002,37156769.63142489
2022-09-30 00:00:00+00:00,1.0001,1.0005,0.99999,1.0005,20474554.87745492
2022-10-01 00:00:00+00:00,1.0004,1.0005,0.99999,1.0001,12222554.23244791
2022-10-02 00:00:00+00:00,1.0,1.0003,0.99999,1.0003,6479439.58972774
2022-10-03 00:00:00+00:00,1.0003,1.0003,1.0,1.0,28833839.97283189
2022-10-04 00:00:00+00:00,1.0,1.0002,1.0,1.0001,16062342.1262774
2022-10-05 00:00:00+00:00,1.0002,1.0002,1.0,1.0,23605200.04914121
2022-10-06 00:00:00+00:00,1.0001,1.0001,0.99999,1.0,19007451.74330559
2022-10-07 00:00:00+00:00,1.0001,1.0003,0.99994,1.0,23602523.97977627
2022-10-08 00:00:00+00:00,1.0001,1.0005,1.0,1.0001,15275704.16764438
2022-10-09 00:00:00+00:00,1.0001,1.0002,0.99999,1.0001,15558711.24166949
2022-10-10 00:00:00+00:00,1.0002,1.0005,1.0,1.0001,20203913.89438935
2022-10-11 00:00:00+00:00,1.0001,1.0002,0.99999,1.0,8928949.68595078
2022-10-12 00:00:00+00:00,1.0001,1.0005,0.99998,1.0002,9164389.51665593
2022-10-13 00:00:00+00:00,1.0001,1.0005,1.0,1.0002,23360131.37481531
2022-10-14 00:00:00+00:00,1.0001,1.0005,0.99999,1.0001,14356582.85941112
2022-10-15 00:00:00+00:00,1.0001,1.0004,1.0,1.0001,6852007.89277038
2022-10-16 00:00:00+00:00,1.0001,1.0004,1.0,1.0003,5313120.87347345
2022-10-17 00:00:00+00:00,1.0004,1.0004,1.0,1.0003,12556357.94617418
2022-10-18 00:00:00+00:00,1.0003,1.0005,1.0002,1.0004,16275653.22830852
2022-10-19 00:00:00+00:00,1.0003,1.0006,1.0003,1.0005,23207132.47632604
2022-10-20 00:00:00+00:00,1.0004,1.0007,1.0003,1.0007,19681105.18776106
2022-10-21 00:00:00+00:00,1.0006,1.0011,1.0001,1.0006,22758432.42635076
2022-10-22 00:00:00+00:00,1.0006,1.001,1.0005,1.0007,10737406.76861208
2022-10-23 00:00:00+00:00,1.0006,1.0009,1.0005,1.0007,9077997.21140751
2022-10-24 00:00:00+00:00,1.0007,1.0009,1.0005,1.0007,8547717.98965559
2022-10-25 00:00:00+00:00,1.0008,1.001,1.0005,1.0008,17215591.82908563
2022-10-26 00:00:00+00:00,1.0009,1.0013,1.0006,1.0008,21784497.41463331
2022-10-27 00:00:00+00:00,1.0008,1.001,1.0008,1.0008,14758293.15483487
2022-10-28 00:00:00+00:00,1.0008,1.001,1.0008,1.0008,8616908.30821906
2022-10-29 00:00:00+00:00,1.0009,1.001,1.0008,1.001,13606918.00492631
2022-10-30 00:00:00+00:00,1.001,1.001,1.0007,1.0008,5455828.92240497
2022-10-31 00:00:00+00:00,1.0009,1.0009,1.0005,1.0007,11576676.94301254
2022-11-01 00:00:00+00:00,1.0006,1.001,1.0004,1.0009,22221595.95463028
2022-11-02 00:00:00+00:00,1.0009,1.0012,1.0008,1.001,22286313.16249125
2022-11-03 00:00:00+00:00,1.001,1.0012,1.0009,1.001,12474197.36725976
2022-11-04 00:00:00+00:00,1.001,1.0013,1.0007,1.0008,42920022.33342755
2022-11-05 00:00:00+00:00,1.0008,1.001,1.0006,1.0009,16883706.49194409
2022-11-06 00:00:00+00:00,1.0009,1.0011,1.0008,1.001,9599144.07452888
2022-11-07 00:00:00+00:00,1.001,1.0012,1.0009,1.0011,6605857.91893833
2022-11-08 00:00:00+00:00,1.001,1.0015,1.0006,1.001,101380537.22985768
2022-11-09 00:00:00+00:00,1.0011,1.0016,1.0,1.0004,180233745.87143052
2022-11-10 00:00:00+00:00,1.0004,1.0008,0.9995,0.99951,212905242.65037552
2022-11-11 00:00:00+00:00,0.99951,1.0004,0.9995,0.99979,75473383.07003085
2022-11-12 00:00:00+00:00,0.99978,1.0007,0.99978,1.0006,23612768.16519383
2022-11-13 00:00:00+00:00,1.0006,1.0007,1.0003,1.0005,20992501.65307124
2022-11-14 00:00:00+00:00,1.0005,1.0007,1.0,1.0005,49787118.68981977
2022-11-15 00:00:00+00:00,1.0005,1.001,0.999,0.99956,84070024.27150437
2022-11-16 00:00:00+00:00,0.99955,1.0,0.999,0.99959,57017456.05880667
2022-11-17 00:00:00+00:00,0.99958,1.0,0.99939,0.99941,37002911.42507619
2022-11-18 00:00:00+00:00,0.99941,1.0,0.9992,0.99929,27397717.32181714
2022-11-19 00:00:00+00:00,0.99929,1.0008,0.99928,0.99974,17771262.66172138
2022-11-20 00:00:00+00:00,0.99974,0.99982,0.9996,0.99974,14039389.53408153
2022-11-21 00:00:00+00:00,0.99974,0.9998,0.9994,0.99941,23175697.94313095
2022-11-22 00:00:00+00:00,0.99941,1.0,0.9993,0.99993,16633360.20845129
2022-11-23 00:00:00+00:00,0.99992,1.001,0.99974,1.0,27099499.90141248
2022-11-24 00:00:00+00:00,1.0,1.001,0.99963,1.0002,14108134.77558687
2022-11-25 00:00:00+00:00,1.0003,1.001,0.99992,1.0004,10589525.73857115
2022-11-26 00:00:00+00:00,1.0003,1.0006,1.0001,1.0001,5127916.0339309
2022-11-27 00:00:00+00:00,1.0001,1.0006,1.0001,1.0005,5133962.24337037
2022-11-28 00:00:00+00:00,1.0004,1.0011,0.9999,1.0003,30158127.81298533
2022-11-29 00:00:00+00:00,1.0002,1.0013,1.0,1.0006,11171387.24040296
2022-11-30 00:00:00+00:00,1.0005,1.001,1.0005,1.0007,19077277.15959496
2022-12-01 00:00:00+00:00,1.0007,1.0007,1.0001,1.0004,9087748.4275644
2022-12-02 00:00:00+00:00,1.0004,1.0005,1.0,1.0002,21653919.28731523
2022-12-03 00:00:00+00:00,1.0003,1.0005,1.0001,1.0002,5449712.00224511
2022-12-04 00:00:00+00:00,1.0001,1.0009,1.0001,1.0008,9015922.7571893
2022-12-05 00:00:00+00:00,1.0009,1.0009,1.0005,1.0007,11172966.59635744
2022-12-06 00:00:00+00:00,1.0006,1.0009,1.0003,1.0006,16487720.24403594
2022-12-07 00:00:00+00:00,1.0006,1.001,1.0005,1.0006,20840280.18422218
2022-12-08 00:00:00+00:00,1.0007,1.0011,1.0004,1.001,31058525.02449263
2022-12-09 00:00:00+00:00,1.001,1.001,1.0005,1.0006,14194793.27414972
2022-12-10 00:00:00+00:00,1.0005,1.0006,1.0004,1.0004,7782452.56153421
2022-12-11 00:00:00+00:00,1.0004,1.001,1.0004,1.001,21033992.3674688
2022-12-12 00:00:00+00:00,1.0009,1.0012,1.0005,1.0009,36878143.55728991
2022-12-13 00:00:00+00:00,1.0009,1.0012,1.0001,1.0003,39997422.92504441
2022-12-14 00:00:00+00:00,1.0003,1.0009,1.0002,1.0006,15830022.59376918
2022-12-15 00:00:00+00:00,1.0005,1.0008,1.0003,1.0008,11745480.82173481
2022-12-16 00:00:00+00:00,1.0007,1.001,1.0005,1.001,16518456.67757007
2022-12-17 00:00:00+00:00,1.0009,1.0014,1.0005,1.0008,20176068.00287715
2022-12-18 00:00:00+00:00,1.0008,1.0009,1.0007,1.0009,3717550.11759968
2022-12-19 00:00:00+00:00,1.0009,1.0009,1.0002,1.0003,16253072.88451476
2022-12-20 00:00:00+00:00,1.0003,1.0009,1.0002,1.0009,11577608.88090187
2022-12-21 00:00:00+00:00,1.0009,1.0009,1.0007,1.0008,14028257.31382211
2022-12-22 00:00:00+00:00,1.0008,1.0014,1.0007,1.0012,19314604.48644521
2022-12-23 00:00:00+00:00,1.0011,1.0017,1.0011,1.0014,18525356.81416001
2022-12-24 00:00:00+00:00,1.0013,1.0015,1.0009,1.0012,13015279.82373709
2022-12-25 00:00:00+00:00,1.0012,1.0013,1.0008,1.001,7696499.68805584
2022-12-26 00:00:00+00:00,1.001,1.0012,1.0009,1.0012,5855652.50396487
2022-12-27 00:00:00+00:00,1.0011,1.0012,1.0008,1.001,19851547.55265711
2022-12-28 00:00:00+00:00,1.001,1.0015,1.0008,1.0008,41559255.16773336
2022-12-29 00:00:00+00:00,1.0008,1.0011,1.0008,1.0011,17413988.75017621
2022-12-30 00:00:00+00:00,1.0011,1.0012,1.0008,1.0009,15064169.20449357
2022-12-31 00:00:00+00:00,1.0009,1.0017,1.0007,1.0014,10863921.08845123
2023-01-01 00:00:00+00:00,1.0015,1.0016,1.001,1.0016,3700044.21128865
2023-01-02 00:00:00+00:00,1.0015,1.0019,1.001,1.0011,9333971.64753505
2023-01-03 00:00:00+00:00,1.0011,1.0017,1.0008,1.0008,34031815.55409147
2023-01-04 00:00:00+00:00,1.0008,1.001,1.0006,1.0007,15166040.3621867
2023-01-05 00:00:00+00:00,1.0007,1.001,1.0006,1.0006,10364098.8044956
2023-01-06 00:00:00+00:00,1.0007,1.0011,1.0005,1.0008,14618939.954986779
2023-01-07 00:00:00+00:00,1.0008,1.0009,1.0007,1.0008,2961558.58016616
2023-01-08 00:00:00+00:00,1.0008,1.0011,1.0007,1.0008,14308655.37270038
2023-01-09 00:00:00+00:00,1.0008,1.0011,1.0002,1.0004,25847968.9080028
2023-01-10 00:00:00+00:00,1.0003,1.0006,1.0001,1.0004,16905454.9197859
2023-01-11 00:00:00+00:00,1.0004,1.001,1.0001,1.0005,19084856.24692937
2023-01-12 00:00:00+00:00,1.0006,1.0006,1.0,1.0001,24824863.9337958
2023-01-13 00:00:00+00:00,1.0001,1.0004,1.0,1.0002,13297239.33908474
2023-01-14 00:00:00+00:00,1.0002,1.0007,1.0,1.0004,21914892.76313494
2023-01-15 00:00:00+00:00,1.0004,1.0005,1.0003,1.0005,4479506.72107621
2023-01-16 00:00:00+00:00,1.0004,1.0011,1.0004,1.0006,16288357.83655489
2023-01-17 00:00:00+00:00,1.0006,1.0007,1.0002,1.0004,10935008.91360417
2023-01-18 00:00:00+00:00,1.0003,1.0011,1.0,1.0002,21551875.77306033
2023-01-19 00:00:00+00:00,1.0001,1.0003,1.0,1.0001,12942332.846486751
2023-01-20 00:00:00+00:00,1.0001,1.0003,1.0,1.0001,20887615.29326887
2023-01-21 00:00:00+00:00,1.0002,1.0003,1.0,1.0,36538894.42200893
2023-01-22 00:00:00+00:00,1.0001,1.0002,1.0,1.0001,10889035.7505821
2023-01-23 00:00:00+00:00,1.0001,1.0003,1.0,1.0001,11400868.33449777
2023-01-24 00:00:00+00:00,1.0,1.0007,0.99997,1.0,21508194.38961574
2023-01-25 00:00:00+00:00,1.0001,1.001,0.99999,1.0001,23187939.51213372
2023-01-26 00:00:00+00:00,1.0,1.0001,0.9999,0.99991,18359082.86177744
2023-01-27 00:00:00+00:00,0.99991,0.99999,0.9998,0.99989,22784118.35784643
2023-01-28 00:00:00+00:00,0.99989,1.0001,0.99981,1.0001,29801999.47393329
2023-01-29 00:00:00+00:00,1.0,1.001,0.99981,0.99982,21276887.8981266
2023-01-30 00:00:00+00:00,0.99982,1.0003,0.9998,1.0001,44399080.68098037
2023-01-31 00:00:00+00:00,1.0,1.0011,0.99993,1.0001,24650853.88814413
2023-02-01 00:00:00+00:00,1.0002,1.0002,0.9999,0.9999,11343549.84231938
2023-02-02 00:00:00+00:00,0.9999,1.0,0.9997,0.99999,35300152.5004412
2023-02-03 00:00:00+00:00,1.0,1.0002,0.99971,1.0,18372244.31943565
2023-02-04 00:00:00+00:00,1.0,1.0,0.9998,0.9998,7508475.85876979
2023-02-05 00:00:00+00:00,0.9998,0.99996,0.9998,0.99995,8409860.37100634
2023-02-06 00:00:00+00:00,0.99995,1.0001,0.9998,0.99981,17067548.4006613
2023-02-07 00:00:00+00:00,0.9998,1.0002,0.9998,0.99991,19382705.27467634
2023-02-08 00:00:00+00:00,0.99992,1.0001,0.9998,0.99997,22815862.60815952
2023-02-09 00:00:00+00:00,0.99998,1.0,0.99969,0.9999,43978685.1809169
2023-02-10 00:00:00+00:00,0.99989,1.0001,0.99987,1.0001,18449639.75206484
2023-02-11 00:00:00+00:00,1.0,1.0001,0.99998,0.99999,4398850.78048998
2023-02-12 00:00:00+00:00,0.99998,1.0004,0.9998,1.0004,10432917.68430508
2023-02-13 00:00:00+00:00,1.0004,1.0011,0.9996,0.99974,39465235.36955293
2023-02-14 00:00:00+00:00,0.99974,1.001,0.99973,1.0,15820415.604632
2023-02-15 00:00:00+00:00,1.0,1.0004,0.99998,0.99999,21220778.65686445
2023-02-16 00:00:00+00:00,0.99999,1.0004,0.9995,1.0003,56115013.85604775
2023-02-17 00:00:00+00:00,1.0003,1.001,0.99999,1.0004,32523308.34774362
2023-02-18 00:00:00+00:00,1.0004,1.0004,0.9999,1.0001,4723277.01592482
2023-02-19 00:00:00+00:00,1.0001,1.0007,0.9999,1.0004,18518860.35230673
2023-02-20 00:00:00+00:00,1.0004,1.0006,0.99961,0.9999,29256200.8632184
2023-02-21 00:00:00+00:00,0.9999,1.0009,0.99961,1.0004,29852977.28274972
2023-02-22 00:00:00+00:00,1.0004,1.0007,1.0,1.0001,10329931.34936099
2023-02-23 00:00:00+00:00,1.0001,1.0009,1.0,1.0004,15252390.99328942
2023-02-24 00:00:00+00:00,1.0004,1.0009,0.9999,1.0004,27908554.11768124
2023-02-25 00:00:00+00:00,1.0003,1.0006,1.0,1.0006,11313029.24719683
2023-02-26 00:00:00+00:00,1.0006,1.0008,1.0,1.0,10774688.1772093
2023-02-27 00:00:00+00:00,1.0001,1.0003,1.0,1.0002,20676846.62835377
2023-02-28 00:00:00+00:00,1.0001,1.0009,1.0,1.0002,13112397.84957305
2023-03-01 00:00:00+00:00,1.0002,1.0002,0.9999,1.0002,21178754.79545773
2023-03-02 00:00:00+00:00,1.0001,1.0003,0.99997,1.0002,12911697.07143402
2023-03-03 00:00:00+00:00,1.0002,1.0003,0.99993,1.0001,17647891.54618688
2023-03-04 00:00:00+00:00,1.0001,1.0002,1.0,1.0,3534324.29658837
2023-03-05 00:00:00+00:00,1.0001,1.0002,1.0,1.0001,3198009.5468397
2023-03-06 00:00:00+00:00,1.0001,1.0004,1.0,1.0003,9359816.6693998
2023-03-07 00:00:00+00:00,1.0002,1.0009,1.0001,1.0002,11265907.34317212
2023-03-08 00:00:00+00:00,1.0002,1.0009,1.0002,1.0006,12284755.43897146
2023-03-09 00:00:00+00:00,1.0006,1.0008,1.0003,1.0005,19279982.50880653
2023-03-10 00:00:00+00:00,1.0005,1.0011,1.0004,1.0011,30032999.20166517
2023-03-11 00:00:00+00:00,1.0011,1.005,1.001,1.0027,91737718.79990998
2023-03-12 00:00:00+00:00,1.0027,1.0045,1.001,1.0039,31624174.78202733
2023-03-13 00:00:00+00:00,1.004,1.0049,1.0015,1.0031,41464376.1126016
2023-03-14 00:00:00+00:00,1.0031,1.0079,1.0012,1.0022,88517924.72527708
2023-03-15 00:00:00+00:00,1.0022,1.0032,1.0016,1.0021,22746270.85598788
2023-03-16 00:00:00+00:00,1.0022,1.003,1.0017,1.0021,21903486.28636732
2023-03-17 00:00:00+00:00,1.002,1.0029,1.0003,1.0003,95190316.05975579
2023-03-18 00:00:00+00:00,1.0003,1.0008,1.0,1.0004,39811029.58756512
2023-03-19 00:00:00+00:00,1.0004,1.001,1.0001,1.0002,47635274.11664242
2023-03-20 00:00:00+00:00,1.0002,1.0006,1.0001,1.0002,30874569.6011074
2023-03-21 00:00:00+00:00,1.0002,1.0004,1.0001,1.0002,18175143.2057452
2023-03-22 00:00:00+00:00,1.0002,1.0008,1.0,1.0003,35289229.29109575
2023-03-23 00:00:00+00:00,1.0003,1.0011,1.0001,1.0005,30531612.11992434
2023-03-24 00:00:00+00:00,1.0004,1.0008,1.0002,1.0004,25370701.2742085
2023-03-25 00:00:00+00:00,1.0004,1.0007,1.0,1.0003,18690362.90029991
2023-03-26 00:00:00+00:00,1.0003,1.0004,0.99998,1.0,8058306.28511764
2023-03-27 00:00:00+00:00,1.0,1.0004,0.99969,0.99991,36174013.72506336
2023-03-28 00:00:00+00:00,0.99991,1.0004,0.99955,0.99989,23602974.45603048
2023-03-29 00:00:00+00:00,0.99989,0.99999,0.99948,0.99977,58164120.89940668
2023-03-30 00:00:00+00:00,0.99976,0.99999,0.99949,0.99975,34568150.86168788
2023-03-31 00:00:00+00:00,0.99975,0.9999,0.9994,0.99972,11347141.14873256
2023-04-01 00:00:00+00:00,0.99972,1.0001,0.9994,0.99997,15394450.07770745
2023-04-02 00:00:00+00:00,0.99996,1.0001,0.9995,0.9997,14300063.8809297
2023-04-03 00:00:00+00:00,0.99969,1.0001,0.99941,0.9999,36545517.80948077
2023-04-04 00:00:00+00:00,0.9999,1.0001,0.9994,0.99985,31989838.76906338
2023-04-05 00:00:00+00:00,0.99985,0.99987,0.99948,0.99955,19509800.78629375
2023-04-06 00:00:00+00:00,0.99956,0.99972,0.9993,0.99954,20981706.36469715
2023-04-07 00:00:00+00:00,0.99954,0.9996,0.999,0.9996,41012854.06596331
2023-04-08 00:00:00+00:00,0.9996,0.99963,0.999,0.99902,12631468.25359056
2023-04-09 00:00:00+00:00,0.99902,1.0,0.99901,0.99986,15597755.95838157
2023-04-10 00:00:00+00:00,0.99986,1.0,0.99901,0.99937,66425063.22722859
2023-04-11 00:00:00+00:00,0.99937,1.0001,0.999,0.99969,116734280.29859166
2023-04-12 00:00:00+00:00,0.99969,1.0005,0.99969,1.0001,43682547.258199
2023-04-13 00:00:00+00:00,1.0001,1.0004,0.99999,1.0001,28886527.66509441
2023-04-14 00:00:00+00:00,1.0001,1.0004,0.9999,1.0001,43034768.35413634
2023-04-15 00:00:00+00:00,1.0,1.0001,0.9997,0.9997,17656682.53261312
2023-04-16 00:00:00+00:00,0.9997,1.0004,0.9996,0.99965,29935036.29603445
2023-04-17 00:00:00+00:00,0.99966,1.0004,0.9996,1.0001,35697820.22238652
2023-04-18 00:00:00+00:00,1.0002,1.0008,1.0001,1.0005,28772062.41327874
2023-04-19 00:00:00+00:00,1.0004,1.001,0.99982,1.0005,53086200.86267006
2023-04-20 00:00:00+00:00,1.0005,1.0012,0.99999,1.0004,31561010.31244213
2023-04-21 00:00:00+00:00,1.0005,1.0007,1.0001,1.0006,29957413.9065966
2023-04-22 00:00:00+00:00,1.0006,1.0007,1.0005,1.0005,4699524.68230056
2023-04-23 00:00:00+00:00,1.0005,1.0007,1.0005,1.0006,20766910.09827914
2023-04-24 00:00:00+00:00,1.0007,1.0008,1.0006,1.0006,22541814.19086617
2023-04-25 00:00:00+00:00,1.0006,1.0008,1.0006,1.0008,10938705.54604155
2023-04-26 00:00:00+00:00,1.0007,1.0008,1.0003,1.0005,16794386.16691675
2023-04-27 00:00:00+00:00,1.0005,1.0007,1.0001,1.0002,10608044.87371702
2023-04-28 00:00:00+00:00,1.0002,1.0007,1.0001,1.0007,21168863.1780746
2023-04-29 00:00:00+00:00,1.0007,1.0008,1.0006,1.0008,6471835.61098007
2023-04-30 00:00:00+00:00,1.0008,1.0008,1.0007,1.0007,14348412.16205423
2023-05-01 00:00:00+00:00,1.0008,1.0008,1.0006,1.0008,20256153.64761291
2023-05-02 00:00:00+00:00,1.0008,1.0008,1.0002,1.0006,15708182.00896577
2023-05-03 00:00:00+00:00,1.0006,1.0008,1.0005,1.0006,11310362.66082385
2023-05-04 00:00:00+00:00,1.0005,1.0008,1.0005,1.0005,8367758.18614164
2023-05-05 00:00:00+00:00,1.0005,1.0009,1.0005,1.0008,14791910.23951409
2023-05-06 00:00:00+00:00,1.0009,1.002,1.0008,1.002,15968050.293008089
2023-05-07 00:00:00+00:00,1.002,1.002,1.0015,1.002,6841781.24776236
2023-05-08 00:00:00+00:00,1.002,1.002,1.001,1.0011,21313734.11877201
2023-05-09 00:00:00+00:00,1.0011,1.0012,1.0009,1.001,6766021.16737336
2023-05-10 00:00:00+00:00,1.001,1.0012,1.0009,1.001,15928009.94635702
2023-05-11 00:00:00+00:00,1.001,1.0012,1.0009,1.0011,20410169.63876176
2023-05-12 00:00:00+00:00,1.0011,1.0012,1.001,1.001,11321686.36201902
2023-05-13 00:00:00+00:00,1.001,1.0011,1.0006,1.0008,5470423.49162273
2023-05-14 00:00:00+00:00,1.0008,1.001,1.0007,1.0008,3641921.14514264
2023-05-15 00:00:00+00:00,1.0008,1.0009,1.0006,1.0009,11361345.25146625
2023-05-16 00:00:00+00:00,1.0008,1.0009,1.0005,1.0008,16827801.01803027
2023-05-17 00:00:00+00:00,1.0009,1.0012,1.0008,1.0009,14862985.83307257
2023-05-18 00:00:00+00:00,1.0009,1.0012,1.0009,1.0011,15238982.25381372
2023-05-19 00:00:00+00:00,1.0011,1.0012,1.001,1.001,7593553.22530203
2023-05-20 00:00:00+00:00,1.001,1.0011,1.0005,1.0006,6121785.88587795
2023-05-21 00:00:00+00:00,1.0005,1.0006,1.0005,1.0006,13103579.02622433
2023-05-22 00:00:00+00:00,1.0006,1.0011,1.0005,1.001,13233653.75831953
2023-05-23 00:00:00+00:00,1.001,1.0011,1.0005,1.0007,14044319.76153195
2023-05-24 00:00:00+00:00,1.0007,1.0007,1.0005,1.0006,27982225.85209762
2023-05-25 00:00:00+00:00,1.0006,1.0009,1.0005,1.0009,6551695.56574046
2023-05-26 00:00:00+00:00,1.0008,1.0012,1.0008,1.001,12183339.35401875
2023-05-27 00:00:00+00:00,1.001,1.0012,1.001,1.0012,3830424.1958581
2023-05-28 00:00:00+00:00,1.0012,1.0012,1.0009,1.0011,9105545.50885158
2023-05-29 00:00:00+00:00,1.0012,1.0012,1.0007,1.001,6448696.16078412
2023-05-30 00:00:00+00:00,1.0011,1.0011,1.001,1.0011,9386799.6113507
2023-05-31 00:00:00+00:00,1.001,1.0012,1.0005,1.0007,29980374.59585899
2023-06-01 00:00:00+00:00,1.0007,1.0008,1.0005,1.0006,13027594.86639219
2023-06-02 00:00:00+00:00,1.0007,1.0007,1.0005,1.0005,6809246.28728958
2023-06-03 00:00:00+00:00,1.0005,1.0006,1.0004,1.0004,3721136.56731435
2023-06-04 00:00:00+00:00,1.0004,1.0005,1.0003,1.0004,2727457.6090467
2023-06-05 00:00:00+00:00,1.0004,1.0007,1.0002,1.0005,21167659.44082429
2023-06-06 00:00:00+00:00,1.0005,1.0007,1.0002,1.0003,18688968.20889097
2023-06-07 00:00:00+00:00,1.0003,1.0008,1.0002,1.0008,13877301.6935571
2023-06-08 00:00:00+00:00,1.0008,1.0012,1.0006,1.001,95250064.17946734
2023-06-09 00:00:00+00:00,1.001,1.0011,1.0007,1.0007,35716306.27125951
2023-06-10 00:00:00+00:00,1.0007,1.001,1.0006,1.001,21290107.37472375
2023-06-11 00:00:00+00:00,1.0009,1.001,1.0009,1.001,4772905.45786984
2023-06-12 00:00:00+00:00,1.0009,1.0011,1.0006,1.0008,23604906.77131339
2023-06-13 00:00:00+00:00,1.0008,1.0011,1.0006,1.0007,13712396.56773535
2023-06-14 00:00:00+00:00,1.0007,1.001,1.0006,1.0007,12216787.04926561
2023-06-15 00:00:00+00:00,1.0007,1.0008,1.0002,1.0006,34515867.13948333
2023-06-16 00:00:00+00:00,1.0006,1.0007,1.0002,1.0006,11841146.48854544
2023-06-17 00:00:00+00:00,1.0006,1.0007,1.0005,1.0006,5466969.20111578
2023-06-18 00:00:00+00:00,1.0006,1.0008,1.0006,1.0007,5355637.88550744
2023-06-19 00:00:00+00:00,1.0008,1.0009,1.0002,1.0006,12349008.45495039
2023-06-20 00:00:00+00:00,1.0006,1.0006,1.0002,1.0005,14154415.7897777
2023-06-21 00:00:00+00:00,1.0005,1.0007,1.0002,1.0006,24462089.55477917
2023-06-22 00:00:00+00:00,1.0007,1.0011,1.0006,1.0009,11926796.29624133
2023-06-23 00:00:00+00:00,1.0009,1.0011,1.0008,1.001,10133415.69818865
2023-06-24 00:00:00+00:00,1.001,1.0011,1.0007,1.0007,4675488.55353397
2023-06-25 00:00:00+00:00,1.0008,1.0009,1.0007,1.0008,3943167.22786011
2023-06-26 00:00:00+00:00,1.0008,1.0009,1.0006,1.0007,14076826.373414
2023-06-27 00:00:00+00:00,1.0008,1.0015,1.0007,1.0009,17412823.87093324
2023-06-28 00:00:00+00:00,1.0009,1.001,1.0006,1.0008,13692887.39040466
2023-06-29 00:00:00+00:00,1.0007,1.001,1.0006,1.0007,10708507.20930786
2023-06-30 00:00:00+00:00,1.0008,1.0014,1.0007,1.0009,28626189.58257378
2023-07-01 00:00:00+00:00,1.0009,1.001,1.0007,1.0008,7812728.06998895
2023-07-02 00:00:00+00:00,1.0008,1.0012,1.0007,1.0012,5510565.53096529
2023-07-03 00:00:00+00:00,1.0011,1.0014,1.0008,1.001,11443959.98381383
2023-07-04 00:00:00+00:00,1.001,1.0011,1.0007,1.0008,16150732.63306636
2023-07-05 00:00:00+00:00,1.0007,1.0011,1.0007,1.0009,31803028.03689126
2023-07-06 00:00:00+00:00,1.0009,1.0011,1.0007,1.0011,25723871.79888233
2023-07-07 00:00:00+00:00,1.001,1.0011,1.0008,1.0009,27592792.15244979
2023-07-08 00:00:00+00:00,1.0009,1.0014,1.0008,1.0012,23349240.26664708
2023-07-09 00:00:00+00:00,1.0012,1.0012,1.0006,1.0007,19030074.05743407
2023-07-10 00:00:00+00:00,1.0007,1.0011,1.0006,1.001,48007629.42355374
2023-07-11 00:00:00+00:00,1.0009,1.0012,1.0006,1.0012,46464602.66154589
2023-07-12 00:00:00+00:00,1.0011,1.0015,1.001,1.0014,28283809.54169601
2023-07-13 00:00:00+00:00,1.0014,1.0014,1.0009,1.0012,62950575.90201853
2023-07-14 00:00:00+00:00,1.0012,1.0018,1.0011,1.0012,41123301.54030593
2023-07-15 00:00:00+00:00,1.0012,1.0012,1.001,1.001,5647406.41183926
2023-07-16 00:00:00+00:00,1.001,1.0012,1.001,1.0011,5887933.13604316
2023-07-17 00:00:00+00:00,1.0011,1.0014,1.001,1.0014,11854745.80154788
2023-07-18 00:00:00+00:00,1.0013,1.0014,1.0011,1.0012,13617991.48283367
2023-07-19 00:00:00+00:00,1.0012,1.0013,1.0009,1.001,11020766.09902939
2023-07-20 00:00:00+00:00,1.0009,1.0015,1.0008,1.0013,23366173.22929866
2023-07-21 00:00:00+00:00,1.0013,1.0014,1.001,1.0012,13980329.31446975
2023-07-22 00:00:00+00:00,1.0013,1.0014,1.0012,1.0012,5133636.54497848
2023-07-23 00:00:00+00:00,1.0012,1.0013,1.001,1.001,3340562.16673889
2023-07-24 00:00:00+00:00,1.001,1.0015,1.001,1.0015,23014531.08424028
2023-07-25 00:00:00+00:00,1.0015,1.0019,1.0012,1.0014,22546676.768243648
2023-07-26 00:00:00+00:00,1.0014,1.0019,1.0013,1.0014,16076188.30503689
2023-07-27 00:00:00+00:00,1.0015,1.0015,1.0011,1.0012,5850666.40363582
2023-07-28 00:00:00+00:00,1.0012,1.0015,1.0012,1.0014,4748830.7109921
2023-07-29 00:00:00+00:00,1.0015,1.0016,1.0014,1.0014,3016196.306362
2023-07-30 00:00:00+00:00,1.0014,1.0016,1.0014,1.0015,8913920.6863962
2023-07-31 00:00:00+00:00,1.0014,1.0015,1.0013,1.0013,7316614.26076589
2023-08-01 00:00:00+00:00,1.0014,1.0016,1.0007,1.0008,48260861.54036292
2023-08-02 00:00:00+00:00,1.0007,1.001,1.0005,1.0008,31878696.3861183
2023-08-03 00:00:00+00:00,1.0008,1.0008,1.0002,1.0002,23984683.02066081
2023-08-04 00:00:00+00:00,1.0003,1.0007,1.0001,1.0002,24443235.00366506
2023-08-05 00:00:00+00:00,1.0002,1.0003,1.0001,1.0001,15483885.39541297
2023-08-06 00:00:00+00:00,1.0001,1.0003,1.0,1.0,16649929.28755914
2023-08-07 00:00:00+00:00,1.0,1.0006,1.0,1.0004,42111267.59199822
2023-08-08 00:00:00+00:00,1.0005,1.0008,1.0002,1.0005,27510413.45603737
2023-08-09 00:00:00+00:00,1.0005,1.001,1.0002,1.0005,21711027.10721541
2023-08-10 00:00:00+00:00,1.0005,1.0009,0.99983,0.99983,38166248.76769421
2023-08-11 00:00:00+00:00,0.99984,1.0002,0.9998,1.0002,22798844.6110013
2023-08-12 00:00:00+00:00,1.0002,1.0007,1.0001,1.0004,9605074.386494441
2023-08-13 00:00:00+00:00,1.0004,1.0006,1.0003,1.0004,5570867.10399039
2023-08-14 00:00:00+00:00,1.0004,1.0005,0.9998,1.0001,38138011.69244814
2023-08-15 00:00:00+00:00,1.0002,1.0003,1.0,1.0001,19900370.8424033
2023-08-16 00:00:00+00:00,1.0,1.0009,0.9999,1.0,34348598.19766457
2023-08-17 00:00:00+00:00,1.0,1.0008,0.9998,1.0007,82897817.83301526
2023-08-18 00:00:00+00:00,1.0007,1.001,1.0002,1.0007,58320330.44802888
2023-08-19 00:00:00+00:00,1.0008,1.0008,1.0005,1.0006,13519764.83572587
2023-08-20 00:00:00+00:00,1.0006,1.0009,1.0005,1.0009,10161492.01528905
2023-08-21 00:00:00+00:00,1.0008,1.001,1.0006,1.0008,26121540.15174256
2023-08-22 00:00:00+00:00,1.0009,1.001,1.0004,1.0005,35539932.82262791
2023-08-23 00:00:00+00:00,1.0005,1.0012,1.0004,1.0009,21749190.99929139
2023-08-24 00:00:00+00:00,1.001,1.0012,1.0007,1.0008,22929597.775999818
2023-08-25 00:00:00+00:00,1.0009,1.0012,1.0007,1.0009,24687127.1010138
2023-08-26 00:00:00+00:00,1.0009,1.001,1.0007,1.0008,10157579.994938299
2023-08-27 00:00:00+00:00,1.0009,1.0009,1.0007,1.0008,3511773.12906924
2023-08-28 00:00:00+00:00,1.0008,1.0012,1.0007,1.0009,27865360.95435736
2023-08-29 00:00:00+00:00,1.0009,1.0014,1.0008,1.0009,54959105.16755042
2023-08-30 00:00:00+00:00,1.0009,1.0011,1.0004,1.0011,18074211.11448252
2023-08-31 00:00:00+00:00,1.001,1.0015,1.0009,1.0011,45546957.70181327
2023-09-01 00:00:00+00:00,1.0011,1.0014,1.0002,1.0004,35076631.29740325
2023-09-02 00:00:00+00:00,1.0004,1.0009,1.0002,1.0004,7840777.70664461
2023-09-03 00:00:00+00:00,1.0004,1.001,1.0001,1.0001,10401439.6718441
2023-09-04 00:00:00+00:00,1.0002,1.0004,0.9998,1.0002,32362100.13887869
2023-09-05 00:00:00+00:00,1.0002,1.0006,1.0001,1.0003,28811647.50198631
2023-09-06 00:00:00+00:00,1.0004,1.0012,1.0003,1.0009,53430494.10194868
2023-09-07 00:00:00+00:00,1.0009,1.001,1.0005,1.0008,24646148.44934658
2023-09-08 00:00:00+00:00,1.0008,1.0009,1.0003,1.0005,31353918.67901505
2023-09-09 00:00:00+00:00,1.0005,1.0012,1.0003,1.0005,18609328.08882006
2023-09-10 00:00:00+00:00,1.0004,1.0006,1.0004,1.0005,11303364.92505015
2023-09-11 00:00:00+00:00,1.0006,1.0008,1.0004,1.0006,26169697.83296797
2023-09-12 00:00:00+00:00,1.0006,1.0014,1.0006,1.0009,26866323.13667851
2023-09-13 00:00:00+00:00,1.0008,1.0011,1.0006,1.0006,18669722.15611408
2023-09-14 00:00:00+00:00,1.0006,1.0013,1.0006,1.0008,31564912.43574093
2023-09-15 00:00:00+00:00,1.0007,1.001,1.0006,1.0009,20088143.26795513
2023-09-16 00:00:00+00:00,1.0009,1.001,1.0008,1.0009,7912074.12721326
2023-09-17 00:00:00+00:00,1.0009,1.001,1.0009,1.001,5537942.4870155
2023-09-18 00:00:00+00:00,1.0009,1.0019,1.0009,1.001,27264773.13972058
2023-09-19 00:00:00+00:00,1.001,1.0014,1.001,1.001,32342549.95998681
2023-09-20 00:00:00+00:00,1.0011,1.0011,1.0004,1.0006,19756675.77961351
2023-09-21 00:00:00+00:00,1.0006,1.0013,1.0006,1.0012,29319588.30390121
2023-09-22 00:00:00+00:00,1.0011,1.0019,1.0007,1.0012,44493822.21087272
2023-09-23 00:00:00+00:00,1.0012,1.0019,1.001,1.0012,22448460.166788
2023-09-24 00:00:00+00:00,1.0012,1.0018,1.0011,1.0017,30389149.21304717
2023-09-25 00:00:00+00:00,1.0017,1.0018,1.0008,1.0009,22032303.11204267
2023-09-26 00:00:00+00:00,1.0009,1.0013,1.0006,1.001,21027174.4769848
2023-09-27 00:00:00+00:00,1.0011,1.0012,1.0005,1.0008,18567849.23693408
2023-09-28 00:00:00+00:00,1.0009,1.001,1.0003,1.001,16406706.0624478
2023-09-29 00:00:00+00:00,1.0009,1.0013,1.0006,1.0007,23196150.978429988
2023-09-30 00:00:00+00:00,1.0007,1.001,1.0004,1.0006,10954004.51388926
2023-10-01 00:00:00+00:00,1.0006,1.0012,1.0004,1.0012,17439834.52730972
2023-10-02 00:00:00+00:00,1.0012,1.0013,1.0004,1.0012,25076724.43784364
2023-10-03 00:00:00+00:00,1.0012,1.0013,1.0,1.0,29760434.751987282
2023-10-04 00:00:00+00:00,1.0001,1.0008,1.0,1.0007,25864176.97872143
2023-10-05 00:00:00+00:00,1.0008,1.0008,1.0,1.0,23502870.50384474
2023-10-06 00:00:00+00:00,1.0001,1.0005,1.0,1.0004,37026108.9695462
2023-10-07 00:00:00+00:00,1.0004,1.0004,1.0002,1.0003,10836805.32955259
2023-10-08 00:00:00+00:00,1.0003,1.0006,1.0002,1.0003,10484593.44056193
2023-10-09 00:00:00+00:00,1.0003,1.0019,1.0002,1.0013,47783792.78018088
2023-10-10 00:00:00+00:00,1.0014,1.0017,1.0006,1.0008,34181973.85872459
2023-10-11 00:00:00+00:00,1.0007,1.0011,1.0005,1.0006,41471749.39295186
2023-10-12 00:00:00+00:00,1.0007,1.001,1.0006,1.001,44728065.35272289
2023-10-13 00:00:00+00:00,1.0009,1.0011,1.0004,1.0006,18569749.51103729
2023-10-14 00:00:00+00:00,1.0007,1.0009,1.0004,1.0008,10248746.25012633
2023-10-15 00:00:00+00:00,1.0008,1.0009,1.0006,1.0006,7862178.4105719
2023-10-16 00:00:00+00:00,1.0007,1.001,1.0004,1.0007,42096535.26716156
2023-10-17 00:00:00+00:00,1.0007,1.0008,1.0002,1.0004,16393391.62661367
2023-10-18 00:00:00+00:00,1.0005,1.0009,1.0003,1.0006,19121480.08928031
2023-10-19 00:00:00+00:00,1.0006,1.0012,1.0002,1.0011,40763634.46175243
2023-10-20 00:00:00+00:00,1.0011,1.0012,1.0002,1.0007,41180973.04906424
2023-10-21 00:00:00+00:00,1.0007,1.0007,1.0002,1.0005,27266725.74268091
2023-10-22 00:00:00+00:00,1.0004,1.001,1.0003,1.001,18419413.11110801
2023-10-23 00:00:00+00:00,1.001,1.002,1.0002,1.0002,80021200.64088646
2023-10-24 00:00:00+00:00,1.0003,1.0012,0.9998,1.001,68186658.00029568
2023-10-25 00:00:00+00:00,1.0011,1.0011,1.0,1.0005,40343018.43738908
2023-10-26 00:00:00+00:00,1.0005,1.0008,1.0,1.0008,26139041.33222253
2023-10-27 00:00:00+00:00,1.0007,1.001,1.0006,1.0008,23247629.79197065
2023-10-28 00:00:00+00:00,1.0008,1.001,1.0007,1.0007,16117081.21611135
2023-10-29 00:00:00+00:00,1.0007,1.001,1.0005,1.0009,18274638.39788429
2023-10-30 00:00:00+00:00,1.0008,1.001,1.0004,1.0007,16535637.53639842
2023-10-31 00:00:00+00:00,1.0006,1.0016,1.0005,1.0006,26247972.03108134
2023-11-01 00:00:00+00:00,1.0006,1.0011,1.0004,1.0011,21172846.74569619
2023-11-02 00:00:00+00:00,1.001,1.0015,1.0001,1.0005,24438386.49877141
2023-11-03 00:00:00+00:00,1.0005,1.0015,1.0003,1.0011,25921202.14948683
2023-11-04 00:00:00+00:00,1.0012,1.0013,1.0011,1.0013,15385141.76871107
2023-11-05 00:00:00+00:00,1.0012,1.0017,1.001,1.0015,17391790.70010722
2023-11-06 00:00:00+00:00,1.0015,1.0019,1.0003,1.0007,26062423.01091472
2023-11-07 00:00:00+00:00,1.0007,1.0015,1.0004,1.001,27595804.05712725
2023-11-08 00:00:00+00:00,1.0009,1.0012,1.0,1.0002,25693727.82947542
2023-11-09 00:00:00+00:00,1.0003,1.0011,1.0,1.0001,63023817.79920497
2023-11-10 00:00:00+00:00,1.0001,1.0011,1.0,1.0001,85663239.63674419
2023-11-11 00:00:00+00:00,1.0,1.0008,1.0,1.0,34277335.6310117
2023-11-12 00:00:00+00:00,1.0,1.0003,0.9995,0.99969,104168199.59413573
2023-11-13 00:00:00+00:00,0.99968,1.001,0.99968,1.0008,29897592.90224068
2023-11-14 00:00:00+00:00,1.0008,1.0009,1.0001,1.0004,33549320.6528208
2023-11-15 00:00:00+00:00,1.0003,1.0008,1.0002,1.0003,20423911.019056648
2023-11-16 00:00:00+00:00,1.0002,1.0007,1.0002,1.0004,15740414.15121405
2023-11-17 00:00:00+00:00,1.0004,1.0008,1.0003,1.0008,15222655.07483235
2023-11-18 00:00:00+00:00,1.0007,1.001,1.0005,1.0008,30761734.7830274
2023-11-19 00:00:00+00:00,1.0007,1.0008,1.0,1.0004,28304974.0526191
2023-11-20 00:00:00+00:00,1.0004,1.0009,1.0001,1.0004,49641445.14501548
2023-11-21 00:00:00+00:00,1.0003,1.0007,1.0,1.0005,57858589.01983169
2023-11-22 00:00:00+00:00,1.0005,1.0008,1.0001,1.0004,28101084.55222527
2023-11-23 00:00:00+00:00,1.0004,1.0005,1.0,1.0,36887123.22572713
2023-11-24 00:00:00+00:00,1.0,1.0005,1.0,1.0002,47562758.54556083
2023-11-25 00:00:00+00:00,1.0002,1.0005,1.0,1.0002,37335325.64018752
2023-11-26 00:00:00+00:00,1.0002,1.0005,1.0,1.0001,46495639.11964886
2023-11-27 00:00:00+00:00,1.0001,1.0009,1.0,1.0003,49484526.83257373
2023-11-28 00:00:00+00:00,1.0003,1.0007,1.0,1.0,52154529.17588598
2023-11-29 00:00:00+00:00,1.0,1.0002,0.9998,0.99987,34944716.63860502
2023-11-30 00:00:00+00:00,0.99987,1.0004,0.9998,1.0002,25067047.67475601
2023-12-01 00:00:00+00:00,1.0001,1.0005,1.0,1.0,67949799.03102946
2023-12-02 00:00:00+00:00,1.0001,1.0006,0.9998,0.99984,77041200.54246657
2023-12-03 00:00:00+00:00,0.99983,0.99988,0.999,0.99962,63687687.453236416
2023-12-04 00:00:00+00:00,0.99962,0.99987,0.99904,0.99916,80869660.51078695
2023-12-05 00:00:00+00:00,0.99916,1.001,0.99912,1.0008,108651500.39738688
2023-12-06 00:00:00+00:00,1.0008,1.001,0.99992,1.0008,166221729.45051786
2023-12-07 00:00:00+00:00,1.0009,1.001,1.0,1.0004,94127660.39631906
2023-12-08 00:00:00+00:00,1.0003,1.0008,1.0,1.0001,35882604.37646393
2023-12-09 00:00:00+00:00,1.0001,1.001,1.0,1.0008,25743268.688216
2023-12-10 00:00:00+00:00,1.0008,1.001,1.0006,1.001,25780832.84048354
2023-12-11 00:00:00+00:00,1.001,1.001,1.0004,1.0007,44835586.32160457
2023-12-12 00:00:00+00:00,1.0006,1.0009,1.0003,1.0006,43515622.83489155
2023-12-13 00:00:00+00:00,1.0006,1.001,1.0005,1.0008,44728109.925431296
2023-12-14 00:00:00+00:00,1.0007,1.001,1.0007,1.0009,42184069.85654185
2023-12-15 00:00:00+00:00,1.0009,1.001,1.0008,1.0009,54386471.39425792
2023-12-16 00:00:00+00:00,1.001,1.001,1.0006,1.001,22831339.23928629
2023-12-17 00:00:00+00:00,1.001,1.001,1.0004,1.0005,31936019.110760782
2023-12-18 00:00:00+00:00,1.0005,1.0008,1.0004,1.0007,60989569.67464769
2023-12-19 00:00:00+00:00,1.0006,1.001,1.0004,1.0009,59137328.80051543
2023-12-20 00:00:00+00:00,1.0009,1.0011,1.0006,1.0011,36287254.81756849
2023-12-21 00:00:00+00:00,1.001,1.0011,1.0009,1.001,40200781.2650283
2023-12-22 00:00:00+00:00,1.0009,1.0018,1.0007,1.0017,25129377.17106697
2023-12-23 00:00:00+00:00,1.0018,1.0019,1.001,1.0012,34135488.44064492
2023-12-24 00:00:00+00:00,1.0013,1.0016,1.0011,1.0014,19799593.17374915
2023-12-25 00:00:00+00:00,1.0014,1.0017,1.001,1.0013,24446276.55729188
2023-12-26 00:00:00+00:00,1.0012,1.0015,1.0006,1.0011,43796367.80993905
2023-12-27 00:00:00+00:00,1.0011,1.0017,1.001,1.001,46252228.45851763
2023-12-28 00:00:00+00:00,1.001,1.0015,1.0009,1.0011,59670234.23647947
2023-12-29 00:00:00+00:00,1.001,1.0011,1.001,1.0011,62845974.37851189
2023-12-30 00:00:00+00:00,1.0011,1.0011,1.0006,1.0011,28970871.26689981
2023-12-31 00:00:00+00:00,1.001,1.0011,1.0007,1.0011,17024435.15994621
2024-01-01 00:00:00+00:00,1.001,1.0012,1.0005,1.0006,27405586.48192301
2024-01-02 00:00:00+00:00,1.0007,1.0015,1.0004,1.001,39315550.81478094
2024-01-03 00:00:00+00:00,1.0011,1.0019,1.0005,1.0008,51418222.99255373
2024-01-04 00:00:00+00:00,1.0008,1.0021,1.0007,1.0014,30334505.28129387
2024-01-05 00:00:00+00:00,1.0015,1.0016,1.0008,1.0015,18618037.50409356
2024-01-06 00:00:00+00:00,1.0014,1.0015,1.0006,1.0009,16471551.37196557
2024-01-07 00:00:00+00:00,1.0008,1.0013,1.0006,1.001,13616644.780944759
2024-01-08 00:00:00+00:00,1.0011,1.0014,1.0005,1.0006,40549720.0984084
2024-01-09 00:00:00+00:00,1.0006,1.0009,0.99912,1.0,45975894.37027467
2024-01-10 00:00:00+00:00,1.0,1.001,0.99912,0.99972,59711510.11847635
2024-01-11 00:00:00+00:00,0.99971,1.0003,0.99912,0.99963,127179486.94503011
2024-01-12 00:00:00+00:00,0.99965,1.0005,0.9994,1.0005,85318317.25619312
2024-01-13 00:00:00+00:00,1.0004,1.0005,0.99951,0.99993,26383256.64568761
2024-01-14 00:00:00+00:00,0.99993,1.0004,0.99966,0.99974,13766159.97181485
2024-01-15 00:00:00+00:00,0.99978,1.0005,0.99967,1.0002,14027380.89696172
2024-01-16 00:00:00+00:00,1.0002,1.0005,1.0,1.0003,14569733.27298718
2024-01-17 00:00:00+00:00,1.0002,1.0005,1.0,1.0001,19146394.86183886
2024-01-18 00:00:00+00:00,1.0001,1.0009,1.0001,1.0008,40925644.80712266
2024-01-19 00:00:00+00:00,1.0008,1.0018,1.0004,1.001,28335478.90331219
2024-01-20 00:00:00+00:00,1.001,1.0024,1.0009,1.0017,32666598.03005994
2024-01-21 00:00:00+00:00,1.0017,1.002,1.0016,1.0018,23364540.61550382
2024-01-22 00:00:00+00:00,1.0018,1.0018,0.9997,1.0003,94096143.71523912
2024-01-23 00:00:00+00:00,1.0002,1.0012,1.0,1.0008,73867541.15035334
2024-01-24 00:00:00+00:00,1.0008,1.0012,1.0006,1.001,49503774.59899012
2024-01-25 00:00:00+00:00,1.001,1.0011,0.99987,1.0008,61099236.4028273
2024-01-26 00:00:00+00:00,1.0008,1.001,0.9996,1.0,29368462.56754132
2024-01-27 00:00:00+00:00,1.0,1.0003,0.99971,0.99989,13054686.60802176
2024-01-28 00:00:00+00:00,0.99989,1.0001,0.99951,0.99999,31091494.64677176
2024-01-29 00:00:00+00:00,0.99998,1.0003,0.99977,1.0001,49128631.5242373
2024-01-30 00:00:00+00:00,1.0001,1.0002,0.99971,1.0,20672972.36961571
2024-01-31 00:00:00+00:00,1.0,1.0004,0.99976,1.0,27295976.27815006
2024-02-01 00:00:00+00:00,1.0001,1.0002,0.9999,1.0001,22752264.470136188
2024-02-02 00:00:00+00:00,1.0002,1.0003,0.99974,0.99985,30384182.17272763
2024-02-03 00:00:00+00:00,0.99984,0.99994,0.99977,0.99993,6801219.66966171
2024-02-04 00:00:00+00:00,0.99992,1.0001,0.99982,0.99989,23608761.47985298
2024-02-05 00:00:00+00:00,0.99987,1.0002,0.99961,0.99979,49177974.86090944
2024-02-06 00:00:00+00:00,0.99979,1.0002,0.99961,0.99995,65826240.15604085
2024-02-07 00:00:00+00:00,0.99996,1.0008,0.99935,0.99955,71256992.21154031
2024-02-08 00:00:00+00:00,0.99955,0.99975,0.9991,0.99966,65640650.98053087
2024-02-09 00:00:00+00:00,0.99967,1.0009,0.9991,1.0005,175344608.47534534
2024-02-10 00:00:00+00:00,1.0006,1.001,1.0005,1.0007,15607211.90843316
2024-02-11 00:00:00+00:00,1.0007,1.001,0.99964,1.0008,27649476.24384816
2024-02-12 00:00:00+00:00,1.0009,1.0016,1.0,1.0004,84882994.29241847
2024-02-13 00:00:00+00:00,1.0004,1.0017,1.0,1.0013,57680354.79586655
2024-02-14 00:00:00+00:00,1.0014,1.0015,0.99999,1.0,43946058.81663659
2024-02-15 00:00:00+00:00,1.0,1.0002,0.99786,0.99992,80642471.95256245
2024-02-16 00:00:00+00:00,0.99993,1.0002,0.99905,0.99999,70394594.28276715
2024-02-17 00:00:00+00:00,0.99999,1.0006,0.99954,0.99981,33369907.49888096
2024-02-18 00:00:00+00:00,0.99981,1.0005,0.99971,0.9998,47053138.83498753
2024-02-19 00:00:00+00:00,0.9998,1.0,0.99892,0.9991,105177039.04540148
2024-02-20 00:00:00+00:00,0.9991,0.99998,0.99803,0.9986,99712576.23056442
2024-02-21 00:00:00+00:00,0.9986,0.99999,0.9986,0.99998,60528229.55421204
2024-02-22 00:00:00+00:00,0.99998,1.0,0.99927,0.99957,63969514.96042801
2024-02-23 00:00:00+00:00,0.99953,1.0,0.99943,0.9999,33911674.25850751
2024-02-24 00:00:00+00:00,0.9999,1.001,0.9998,1.0009,37523166.06875565
2024-02-25 00:00:00+00:00,1.0008,1.0016,0.9997,0.99974,72210725.46969903
2024-02-26 00:00:00+00:00,0.99975,1.0007,0.9986,0.99925,118141528.08746772
2024-02-27 00:00:00+00:00,0.99925,1.0001,0.9987,0.99944,107090882.69220626
2024-02-28 00:00:00+00:00,0.99941,1.0002,0.9987,0.99938,125780270.01900552
2024-02-29 00:00:00+00:00,0.99938,1.0002,0.9987,0.99984,92354436.21306029
2024-03-01 00:00:00+00:00,0.99983,1.0002,0.99872,0.99963,57773934.77067051
2024-03-02 00:00:00+00:00,0.99962,1.0001,0.99905,0.99979,54822456.34194316
2024-03-03 00:00:00+00:00,0.99979,1.0011,0.99937,0.99992,54938317.53073186
2024-03-04 00:00:00+00:00,0.99993,1.0011,0.99875,0.99882,129293369.4504845
2024-03-05 00:00:00+00:00,0.99882,1.0009,0.9987,1.0007,192721976.07676187
2024-03-06 00:00:00+00:00,1.0008,1.001,0.99946,0.99985,94674767.25207318
2024-03-07 00:00:00+00:00,0.99986,1.0007,0.99912,0.99919,75455702.1308817
2024-03-08 00:00:00+00:00,0.99919,1.0004,0.9991,0.99925,126091637.51329616
2024-03-09 00:00:00+00:00,0.99925,1.0,0.999,0.99903,74428825.86126208
2024-03-10 00:00:00+00:00,0.99902,1.0,0.999,0.99986,92293902.32133117
2024-03-11 00:00:00+00:00,0.99986,1.0,0.999,0.99901,224984708.53719258
2024-03-12 00:00:00+00:00,0.999,0.99996,0.99311,0.99901,412409608.9000713
2024-03-13 00:00:00+00:00,0.99901,1.0,0.999,0.99955,120244977.59554651
2024-03-14 00:00:00+00:00,0.99955,0.9996,0.99893,0.99913,101241249.14339033
2024-03-15 00:00:00+00:00,0.99913,1.0002,0.99893,1.0001,122458667.21243839
2024-03-16 00:00:00+00:00,1.0001,1.0003,0.99893,0.99971,66852034.70680529
2024-03-17 00:00:00+00:00,0.9997,1.0005,0.99959,1.0002,78629021.02818844
2024-03-18 00:00:00+00:00,1.0003,1.0004,0.99943,0.99991,40330799.18992679
2024-03-19 00:00:00+00:00,0.99996,1.0011,0.9997,1.0011,163912663.71630085
2024-03-20 00:00:00+00:00,1.0011,1.0011,1.0003,1.0009,94769314.06730156
2024-03-21 00:00:00+00:00,1.0008,1.0011,1.0002,1.0009,117859491.62706666
2024-03-22 00:00:00+00:00,1.001,1.0015,0.999,1.0003,75598764.07627204
2024-03-23 00:00:00+00:00,1.0003,1.0005,0.99996,1.0003,24102307.86161948
2024-03-24 00:00:00+00:00,1.0004,1.0008,0.99996,1.0006,34092562.70156657
2024-03-25 00:00:00+00:00,1.0006,1.0013,0.99893,0.99909,94629445.88224281
2024-03-26 00:00:00+00:00,0.99908,0.99999,0.99903,0.99993,48077767.4688081
2024-03-27 00:00:00+00:00,0.99992,1.0002,0.99909,1.0002,59281668.14010894
2024-03-28 00:00:00+00:00,1.0002,1.0004,0.99965,1.0001,34801030.60601178
2024-03-29 00:00:00+00:00,1.0001,1.0003,0.99905,1.0,35270207.22136205
2024-03-30 00:00:00+00:00,1.0,1.0008,0.9999,1.0007,21146033.23669377
2024-03-31 00:00:00+00:00,1.0008,1.0014,1.0004,1.0011,46584061.04140824
2024-04-01 00:00:00+00:00,1.0011,1.0011,1.0002,1.0004,53135096.30614684
2024-04-02 00:00:00+00:00,1.0004,1.0005,0.99915,1.0002,75219451.25288767
2024-04-03 00:00:00+00:00,1.0002,1.0005,0.99926,0.99982,29413619.99818999
2024-04-04 00:00:00+00:00,0.99982,1.0,0.99918,0.99988,39001278.7629042
2024-04-05 00:00:00+00:00,0.99988,1.0002,0.9995,1.0002,29995506.1529347
2024-04-06 00:00:00+00:00,1.0001,1.0003,0.9999,1.0001,15903533.810907621
2024-04-07 00:00:00+00:00,1.0001,1.0001,0.99954,0.99954,20433816.11995795
2024-04-08 00:00:00+00:00,0.99955,1.0012,0.99953,1.0005,84683744.14414035
2024-04-09 00:00:00+00:00,1.0005,1.0011,1.0,1.0002,54786354.12051096
2024-04-10 00:00:00+00:00,1.0002,1.0012,1.0,1.0011,39188406.38109828
2024-04-11 00:00:00+00:00,1.0012,1.0012,1.0004,1.0012,18941180.11754609
2024-04-12 00:00:00+00:00,1.0011,1.0012,0.99941,0.99941,52136180.75609668
2024-04-13 00:00:00+00:00,0.99941,1.0033,0.99917,1.0009,127614233.0814973
2024-04-14 00:00:00+00:00,1.0009,1.0015,1.0,1.0014,62709275.99773682
2024-04-15 00:00:00+00:00,1.0013,1.002,1.0002,1.0009,61668010.00417132
2024-04-16 00:00:00+00:00,1.0009,1.0019,1.0005,1.0011,41513902.97599922
2024-04-17 00:00:00+00:00,1.0011,1.0012,1.0005,1.0012,42486030.91398146
2024-04-18 00:00:00+00:00,1.0012,1.0015,1.0002,1.0006,42107337.40376028
2024-04-19 00:00:00+00:00,1.0007,1.0012,1.0004,1.0011,26900004.39080183
2024-04-20 00:00:00+00:00,1.001,1.0014,1.0007,1.0011,17226556.58126839
2024-04-21 00:00:00+00:00,1.0011,1.0011,1.0005,1.001,9469997.01824119
2024-04-22 00:00:00+00:00,1.001,1.0012,1.0006,1.0011,21469103.13857496
2024-04-23 00:00:00+00:00,1.0011,1.0014,1.001,1.0011,18545203.93186877
2024-04-24 00:00:00+00:00,1.0012,1.0014,1.0005,1.0009,21039076.30139856
2024-04-25 00:00:00+00:00,1.001,1.0011,1.0003,1.0009,16569882.18545485
2024-04-26 00:00:00+00:00,1.0009,1.0012,1.0006,1.0012,55725936.02186232
2024-04-27 00:00:00+00:00,1.0012,1.0013,1.0009,1.0012,24407162.44633777
2024-04-28 00:00:00+00:00,1.0013,1.0014,1.0011,1.0013,7651551.91743478
2024-04-29 00:00:00+00:00,1.0012,1.0017,1.0011,1.0015,27019583.33148
2024-04-30 00:00:00+00:00,1.0015,1.0018,1.001,1.0018,44838657.88211854
2024-05-01 00:00:00+00:00,1.0017,1.0042,1.0005,1.0014,99770812.66147004
2024-05-02 00:00:00+00:00,1.0015,1.0025,1.001,1.0019,96451658.78519244
2024-05-03 00:00:00+00:00,1.0019,1.0024,1.0011,1.0019,56456701.33924518
2024-05-04 00:00:00+00:00,1.0019,1.002,1.0014,1.0015,6519596.05495221
2024-05-05 00:00:00+00:00,1.0016,1.0028,1.0015,1.0027,13700811.66783965
2024-05-06 00:00:00+00:00,1.0027,1.0027,1.0012,1.0019,25766409.41332345
2024-05-07 00:00:00+00:00,1.0019,1.002,1.0015,1.0016,10429543.66400555
2024-05-08 00:00:00+00:00,1.0017,1.0033,1.0015,1.0017,46861075.30522284
2024-05-09 00:00:00+00:00,1.0018,1.0023,1.0015,1.0018,39105525.1095567
2024-05-10 00:00:00+00:00,1.0019,1.0021,1.0006,1.0006,59153166.65390246
2024-05-11 00:00:00+00:00,1.0006,1.0017,1.0003,1.0016,17715527.91989972
2024-05-12 00:00:00+00:00,1.0016,1.0019,1.0014,1.0019,13392548.44624946
2024-05-13 00:00:00+00:00,1.0019,1.0021,1.001,1.0012,21898904.14602369
2024-05-14 00:00:00+00:00,1.0012,1.0014,1.0005,1.0011,35995518.08091594
2024-05-15 00:00:00+00:00,1.0011,1.0014,1.0005,1.0013,28629995.10511054
2024-05-16 00:00:00+00:00,1.0014,1.0015,1.0008,1.0015,14565717.84970811
2024-05-17 00:00:00+00:00,1.0014,1.002,1.0013,1.002,14548534.31669005
2024-05-18 00:00:00+00:00,1.0019,1.002,1.0009,1.001,7485932.84291106
2024-05-19 00:00:00+00:00,1.0011,1.0013,1.0008,1.0011,4441615.73683124
2024-05-20 00:00:00+00:00,1.001,1.0014,1.0002,1.0003,42537090.25420397
2024-05-21 00:00:00+00:00,1.0002,1.0006,0.9997,0.99991,91033119.671105
2024-05-22 00:00:00+00:00,0.9999,1.0006,0.99973,1.0002,20455183.77677612
2024-05-23 00:00:00+00:00,1.0002,1.0013,0.99984,1.001,29397397.35140813
2024-05-24 00:00:00+00:00,1.0009,1.0013,1.0006,1.0007,33405022.36923367
2024-05-25 00:00:00+00:00,1.0007,1.0012,1.0006,1.001,7250114.87905822
2024-05-26 00:00:00+00:00,1.0009,1.0012,1.0,1.0005,16626127.94070659
2024-05-27 00:00:00+00:00,1.0004,1.0006,1.0,1.0005,32733694.77319444
2024-05-28 00:00:00+00:00,1.0006,1.001,1.0002,1.0008,18830837.60510689
2024-05-29 00:00:00+00:00,1.0009,1.0013,1.0006,1.0008,16118121.77063369
2024-05-30 00:00:00+00:00,1.0008,1.0011,1.0,1.0006,56239976.9264958
2024-05-31 00:00:00+00:00,1.0006,1.0007,0.99972,1.0,23823055.69589412
2024-06-01 00:00:00+00:00,1.0001,1.0003,0.99986,1.0001,9179243.66237704
2024-06-02 00:00:00+00:00,1.0001,1.0004,1.0,1.0003,7231622.00039041
2024-06-03 00:00:00+00:00,1.0003,1.0012,1.0,1.0002,24620129.68366682
2024-06-04 00:00:00+00:00,1.0003,1.0006,1.0001,1.0004,22639587.73301103
2024-06-05 00:00:00+00:00,1.0005,1.0006,0.99999,1.0002,32635850.0551948
2024-06-06 00:00:00+00:00,1.0002,1.0005,1.0002,1.0005,19353245.51666701
2024-06-07 00:00:00+00:00,1.0004,1.0005,1.0001,1.0004,34948316.65934956
2024-06-08 00:00:00+00:00,1.0004,1.0004,1.0001,1.0003,12588915.014769
2024-06-09 00:00:00+00:00,1.0002,1.0003,0.9999,0.99991,15470861.3494231
2024-06-10 00:00:00+00:00,0.99992,1.0002,0.9999,0.9999,21516810.39886366
2024-06-11 00:00:00+00:00,0.99991,0.99998,0.9997,0.99993,44154487.36426129
2024-06-12 00:00:00+00:00,0.99993,1.0004,0.99972,1.0001,33408024.0176974
2024-06-13 00:00:00+00:00,1.0,1.0003,0.99985,0.99996,12498259.69827584
2024-06-14 00:00:00+00:00,0.99997,1.0004,0.99987,0.99988,24686353.30853988
2024-06-15 00:00:00+00:00,0.9999,0.99998,0.99986,0.99986,5497033.69811879
2024-06-16 00:00:00+00:00,0.99986,1.0,0.99986,0.99998,33642859.92866796
2024-06-17 00:00:00+00:00,0.99998,1.0005,0.99986,1.0005,17379578.57580084
2024-06-18 00:00:00+00:00,1.0005,1.0016,1.0004,1.0011,34533084.99414121
2024-06-19 00:00:00+00:00,1.0011,1.0014,1.0008,1.0012,24784883.91735035
2024-06-20 00:00:00+00:00,1.0012,1.0016,1.0011,1.0016,35107764.9379426
2024-06-21 00:00:00+00:00,1.0016,1.0016,1.0006,1.0013,35129620.69663582
2024-06-22 00:00:00+00:00,1.0014,1.0016,1.0005,1.0012,26189727.57183246
2024-06-23 00:00:00+00:00,1.0011,1.0013,1.0005,1.0013,21066757.07734838
2024-06-24 00:00:00+00:00,1.0012,1.0017,0.99962,1.0009,107375083.44450009
2024-06-25 00:00:00+00:00,1.0009,1.0013,1.0004,1.001,32382161.08619997
2024-06-26 00:00:00+00:00,1.0011,1.0011,1.0005,1.001,21059319.80071894
2024-06-27 00:00:00+00:00,1.0011,1.0019,1.0009,1.0012,47421242.47746489
2024-06-28 00:00:00+00:00,1.0012,1.0014,1.0009,1.0013,39424698.80180862
2024-06-29 00:00:00+00:00,1.0013,1.002,1.0005,1.001,44522344.40674711
2024-06-30 00:00:00+00:00,1.001,1.0012,1.0007,1.0011,18572516.56100467
2024-07-01 00:00:00+00:00,1.0011,1.0013,1.0005,1.0007,22675476.03162403
2024-07-02 00:00:00+00:00,1.0007,1.001,1.0004,1.0009,13254585.6869376
2024-07-03 00:00:00+00:00,1.0009,1.0011,1.0008,1.001,24663055.47232945
2024-07-04 00:00:00+00:00,1.0011,1.0013,1.0003,1.0013,47714808.31393916
2024-07-05 00:00:00+00:00,1.0013,1.0023,1.0007,1.002,52471445.89122483
2024-07-06 00:00:00+00:00,1.002,1.0026,1.001,1.0015,27288092.41233965
2024-07-07 00:00:00+00:00,1.0015,1.003,1.0014,1.003,31823292.51842202
2024-07-08 00:00:00+00:00,1.003,1.0037,1.001,1.0025,61524890.98022115
2024-07-09 00:00:00+00:00,1.0025,1.0027,1.0016,1.0025,44451025.99716396
2024-07-10 00:00:00+00:00,1.0026,1.003,1.0016,1.0025,26162094.11368937
2024-07-11 00:00:00+00:00,1.0025,1.003,1.0018,1.0019,46970017.56569468
2024-07-12 00:00:00+00:00,1.0018,1.0027,1.0015,1.0026,32647809.97301162
2024-07-13 00:00:00+00:00,1.0027,1.003,1.0024,1.0029,16916547.81253091
2024-07-14 00:00:00+00:00,1.0029,1.0032,1.0016,1.0026,18792806.92220751
2024-07-15 00:00:00+00:00,1.0025,1.003,1.0015,1.0021,25810654.06013942
2024-07-16 00:00:00+00:00,1.002,1.0028,1.0018,1.0019,13785743.93968868
2024-07-17 00:00:00+00:00,1.0019,1.002,1.001,1.0013,20132091.58378844
2024-07-18 00:00:00+00:00,1.0012,1.0014,1.001,1.0013,22684548.46352293
2024-07-19 00:00:00+00:00,1.0013,1.0018,1.001,1.0017,16661935.11967489
2024-07-20 00:00:00+00:00,1.0017,1.0019,1.0012,1.0014,17184499.47315492
2024-07-21 00:00:00+00:00,1.0014,1.002,1.0012,1.0015,14533171.99530287
2024-07-22 00:00:00+00:00,1.0015,1.0029,1.001,1.0024,14475728.34577394
2024-07-23 00:00:00+00:00,1.0025,1.0026,1.0011,1.002,22874132.87792178
2024-07-24 00:00:00+00:00,1.002,1.003,1.001,1.0019,25412817.04860858
2024-07-25 00:00:00+00:00,1.0019,1.0023,1.001,1.0014,16179422.23747791
2024-07-26 00:00:00+00:00,1.0013,1.0023,1.0011,1.0021,13464203.86162679
2024-07-27 00:00:00+00:00,1.0021,1.0032,1.0018,1.0021,14285530.2910427
2024-07-28 00:00:00+00:00,1.0022,1.0024,1.002,1.0023,4001801.60512698
2024-07-29 00:00:00+00:00,1.0023,1.0029,1.0015,1.0019,17202041.17746151
2024-07-30 00:00:00+00:00,1.0018,1.0024,1.0014,1.0021,15866795.05746676
2024-07-31 00:00:00+00:00,1.0021,1.0023,1.0014,1.0016,15355938.8806516
2024-08-01 00:00:00+00:00,1.0016,1.0023,1.001,1.0014,41267365.45778737
2024-08-02 00:00:00+00:00,1.0014,1.0021,1.0005,1.0009,25053168.95295708
2024-08-03 00:00:00+00:00,1.0009,1.0019,1.0005,1.0018,11742841.23483189
2024-08-04 00:00:00+00:00,1.0017,1.002,1.0011,1.0011,11816641.51756841
2024-08-05 00:00:00+00:00,1.0011,1.0033,1.0005,1.0029,87817035.99476351
2024-08-06 00:00:00+00:00,1.0029,1.003,1.0018,1.0025,28528420.88676123
2024-08-07 00:00:00+00:00,1.0025,1.0027,1.0013,1.0014,28095435.64825518
2024-08-08 00:00:00+00:00,1.0014,1.0021,1.0011,1.0013,37297781.20734142
2024-08-09 00:00:00+00:00,1.0013,1.0016,1.0013,1.0014,10005409.81797245
2024-08-10 00:00:00+00:00,1.0014,1.0016,1.0013,1.0015,6489550.99410414
2024-08-11 00:00:00+00:00,1.0015,1.0017,1.0014,1.0015,9296852.93833764
2024-08-12 00:00:00+00:00,1.0016,1.002,1.0011,1.0017,29982038.2836262
2024-08-13 00:00:00+00:00,1.0017,1.0018,1.0012,1.0015,16174654.14680144
2024-08-14 00:00:00+00:00,1.0015,1.0021,1.0012,1.0013,23855979.0558524
2024-08-15 00:00:00+00:00,1.0013,1.0017,1.0012,1.0013,20922651.36030624
2024-08-16 00:00:00+00:00,1.0013,1.0026,1.0013,1.0025,40497694.77015735
2024-08-17 00:00:00+00:00,1.0026,1.0029,1.0018,1.002,5499123.89289806
2024-08-18 00:00:00+00:00,1.002,1.0021,1.0018,1.002,6553963.60148979
2024-08-19 00:00:00+00:00,1.0021,1.0022,1.0019,1.002,7803484.31346557
2024-08-20 00:00:00+00:00,1.002,1.0032,1.0012,1.0028,27827125.30741056
2024-08-21 00:00:00+00:00,1.0028,1.0028,1.0013,1.0017,21180156.36784027
2024-08-22 00:00:00+00:00,1.0017,1.002,1.0012,1.0016,17112916.82576354
2024-08-23 00:00:00+00:00,1.0016,1.002,1.0015,1.0017,17515806.74547785
2024-08-24 00:00:00+00:00,1.0018,1.0019,1.0015,1.0015,4803816.3439398
2024-08-25 00:00:00+00:00,1.0015,1.0018,1.0014,1.0017,10692047.82812601
2024-08-26 00:00:00+00:00,1.0017,1.0019,1.0015,1.0019,8123303.2626046
2024-08-27 00:00:00+00:00,1.0019,1.0031,1.0017,1.0019,23560243.08591909
2024-08-28 00:00:00+00:00,1.0019,1.0031,1.0018,1.002,33223581.35295668
2024-08-29 00:00:00+00:00,1.002,1.0028,1.0017,1.0026,31247537.89308232
2024-08-30 00:00:00+00:00,1.0026,1.0027,1.0018,1.0027,71414817.5459175
2024-08-31 00:00:00+00:00,1.0027,1.0029,1.0023,1.0028,43004041.33258586
2024-09-01 00:00:00+00:00,1.0028,1.0029,1.0018,1.0028,43206526.72000768
2024-09-02 00:00:00+00:00,1.0027,1.0031,1.002,1.0027,62081882.739405744
2024-09-03 00:00:00+00:00,1.0028,1.003,1.0019,1.0029,39582483.57313735
2024-09-04 00:00:00+00:00,1.003,1.0035,1.0013,1.0023,78062520.91249144
2024-09-05 00:00:00+00:00,1.0023,1.0028,1.0015,1.0021,76077719.10949863
2024-09-06 00:00:00+00:00,1.0021,1.003,1.0017,1.0029,112667043.25113264
2024-09-07 00:00:00+00:00,1.003,1.0032,1.0021,1.0021,69358608.4859877
2024-09-08 00:00:00+00:00,1.0022,1.0026,1.0018,1.0026,35034458.52887677
2024-09-09 00:00:00+00:00,1.0025,1.0028,1.0015,1.0016,58840356.38391733
2024-09-10 00:00:00+00:00,1.0017,1.0021,1.0015,1.0019,10812899.40895337
2024-09-11 00:00:00+00:00,1.0019,1.0028,1.0015,1.0021,26374159.9071987
2024-09-12 00:00:00+00:00,1.0021,1.0028,1.002,1.0027,29387648.26496219
2024-09-13 00:00:00+00:00,1.0026,1.0027,1.0013,1.0018,29490474.12160469
2024-09-14 00:00:00+00:00,1.0018,1.0025,1.0015,1.0024,15894161.94406631
2024-09-15 00:00:00+00:00,1.0024,1.0031,1.0017,1.0026,38956627.33559681
2024-09-16 00:00:00+00:00,1.0025,1.0034,1.0015,1.0023,31177114.98161965
2024-09-17 00:00:00+00:00,1.0022,1.0027,1.0014,1.0019,27790031.57885438
2024-09-18 00:00:00+00:00,1.0019,1.0024,1.0015,1.0016,18593311.58092129
2024-09-19 00:00:00+00:00,1.0016,1.0023,1.0015,1.0016,9830352.7037013
2024-09-20 00:00:00+00:00,1.0017,1.0018,1.0003,1.0005,67871819.59637302
2024-09-21 00:00:00+00:00,1.0005,1.0016,1.0005,1.0011,20678715.34960683
2024-09-22 00:00:00+00:00,1.0011,1.002,1.001,1.0015,17867669.99904793
2024-09-23 00:00:00+00:00,1.0015,1.0025,1.0015,1.0022,36658419.9687181
2024-09-24 00:00:00+00:00,1.0021,1.0023,1.0015,1.0019,110454382.43760026
2024-09-25 00:00:00+00:00,1.0018,1.0021,1.0017,1.0018,6386447.31111392
2024-09-26 00:00:00+00:00,1.0019,1.0022,1.0017,1.0022,20388181.30449251
2024-09-27 00:00:00+00:00,1.0022,1.0022,1.0018,1.0022,17586214.94305908
2024-09-28 00:00:00+00:00,1.0021,1.0027,1.0019,1.002,10832946.19757483
2024-09-29 00:00:00+00:00,1.0019,1.0022,1.0019,1.002,5129085.55058067
2024-09-30 00:00:00+00:00,1.0021,1.0022,1.0018,1.0021,28792797.82035246
2024-10-01 00:00:00+00:00,1.002,1.0021,1.0018,1.002,17875241.85804386
2024-10-02 00:00:00+00:00,1.0021,1.0022,1.0018,1.0021,23210946.542382002
2024-10-03 00:00:00+00:00,1.0021,1.0022,1.0019,1.0021,11969331.29339892
2024-10-04 00:00:00+00:00,1.0021,1.0022,1.0019,1.0019,10637432.6008363
2024-10-05 00:00:00+00:00,1.002,1.002,1.0003,1.0006,21618466.6128418
2024-10-06 00:00:00+00:00,1.0007,1.0011,0.99999,1.0009,17265839.52527989
2024-10-07 00:00:00+00:00,1.0009,1.0013,1.0004,1.0005,16829562.2514591
2024-10-08 00:00:00+00:00,1.0005,1.0012,1.0004,1.0008,10771310.61811105
2024-10-09 00:00:00+00:00,1.0009,1.0009,1.0004,1.0004,12635110.55159089
2024-10-10 00:00:00+00:00,1.0004,1.0009,0.99988,1.0001,14819840.49320995
2024-10-11 00:00:00+00:00,1.0002,1.001,1.0001,1.001,12462060.77329451
2024-10-12 00:00:00+00:00,1.0009,1.0022,1.0009,1.002,38627241.6075531
2024-10-13 00:00:00+00:00,1.0019,1.0022,1.0017,1.0018,27191179.94321157
2024-10-14 00:00:00+00:00,1.0017,1.0019,1.0008,1.0011,21929504.68900718
2024-10-15 00:00:00+00:00,1.0011,1.0017,0.9999,1.001,28323645.02592538
2024-10-16 00:00:00+00:00,1.0011,1.0015,1.0,1.0006,43986599.90318363
2024-10-17 00:00:00+00:00,1.0006,1.0007,1.0003,1.0005,7867051.73850818
2024-10-18 00:00:00+00:00,1.0005,1.0007,0.9999,0.99991,31098429.55889212
2024-10-19 00:00:00+00:00,0.99991,1.0004,0.9999,1.0001,6546951.88472665
2024-10-20 00:00:00+00:00,1.0,1.0002,0.9999,1.0001,8808996.02812485
2024-10-21 00:00:00+00:00,1.0001,1.0012,1.0,1.0009,23533724.92859509
2024-10-22 00:00:00+00:00,1.0008,1.001,0.9999,0.99997,27926060.56180588
2024-10-23 00:00:00+00:00,0.99998,0.99999,0.9997,0.99979,43467494.81420019
2024-10-24 00:00:00+00:00,0.99979,1.0,0.9997,0.99973,38169376.55950147
2024-10-25 00:00:00+00:00,0.99974,1.0002,0.99965,0.99989,51463563.86190165
2024-10-26 00:00:00+00:00,0.99989,1.0003,0.99969,0.99978,47139034.27375052
2024-10-27 00:00:00+00:00,0.99977,1.0001,0.9997,1.0001,17350323.98411231
2024-10-28 00:00:00+00:00,1.0001,1.0007,0.99993,1.0006,34598323.97700486
2024-10-29 00:00:00+00:00,1.0005,1.0008,0.9997,0.9998,79498804.84865838
2024-10-30 00:00:00+00:00,0.99984,1.0013,0.99971,1.0012,38954219.66915786
2024-10-31 00:00:00+00:00,1.0011,1.0012,0.9997,0.99991,45059889.98665877
2024-11-01 00:00:00+00:00,0.99991,1.0008,0.99982,1.0006,26108704.86805404
2024-11-02 00:00:00+00:00,1.0006,1.0008,0.99976,0.99985,15768572.12615596
2024-11-03 00:00:00+00:00,0.99984,1.0011,0.99976,1.0006,25625335.28024989
2024-11-04 00:00:00+00:00,1.0006,1.0008,1.0003,1.0007,38833994.12153501
2024-11-05 00:00:00+00:00,1.0006,1.0014,1.0006,1.0013,22169979.45396941
2024-11-06 00:00:00+00:00,1.0012,1.0015,0.9997,1.0001,98845362.22924091
2024-11-07 00:00:00+00:00,1.0001,1.0005,0.9997,1.0,55960946.91501518
2024-11-08 00:00:00+00:00,1.0,1.0006,0.9997,1.0,54093002.52491828
2024-11-09 00:00:00+00:00,1.0,1.0004,0.9997,1.0002,31029578.54176708
2024-11-10 00:00:00+00:00,1.0002,1.0003,0.9997,1.0002,97088998.38651584
2024-11-11 00:00:00+00:00,1.0,1.0008,0.9997,0.9997,108279261.70514032
2024-11-12 00:00:00+00:00,0.9997,1.0004,0.9997,0.99992,61224465.61117173
2024-11-13 00:00:00+00:00,0.99994,1.0005,0.9997,1.0005,71694606.27046745
2024-11-14 00:00:00+00:00,1.0005,1.0005,0.9997,1.0001,49043817.45402958
2024-11-15 00:00:00+00:00,1.0002,1.0005,0.99986,0.99999,46728485.91428835
2024-11-16 00:00:00+00:00,0.99999,1.0001,0.99971,1.0,43119672.73045957
2024-11-17 00:00:00+00:00,0.99997,1.0004,0.99984,1.0002,28222211.42105108
2024-11-18 00:00:00+00:00,1.0002,1.0011,0.99991,1.0005,50269985.46301375
2024-11-19 00:00:00+00:00,1.0005,1.0009,0.99952,0.99956,90442609.34341417
2024-11-20 00:00:00+00:00,0.99957,0.99999,0.99917,0.9999,86686018.54621026
2024-11-21 00:00:00+00:00,0.9999,1.0,0.99903,0.99999,185672931.6975615
2024-11-22 00:00:00+00:00,0.99999,1.0,0.9987,0.99871,225226201.65810075
2024-11-23 00:00:00+00:00,0.99871,1.0005,0.996,0.99851,193107386.45440155
2024-11-24 00:00:00+00:00,0.99851,0.99969,0.998,0.99901,57291754.556484774
2024-11-25 00:00:00+00:00,0.99901,1.0012,0.999,1.0011,105690711.53487049
2024-11-26 00:00:00+00:00,1.0012,1.0013,1.0,1.001,64882755.0351938
2024-11-27 00:00:00+00:00,1.0009,1.0013,1.0001,1.0008,83544767.61180422
2024-11-28 00:00:00+00:00,1.0008,1.0012,1.0006,1.0011,59812171.83162947
2024-11-29 00:00:00+00:00,1.001,1.0013,1.0009,1.0011,42664078.42083224
2024-11-30 00:00:00+00:00,1.0011,1.0012,1.0001,1.0011,80032862.51635061
2024-12-01 00:00:00+00:00,1.0011,1.0014,1.0009,1.0011,26167417.10003206
2024-12-02 00:00:00+00:00,1.0011,1.0014,1.0005,1.0011,92521523.88661711
2024-12-03 00:00:00+00:00,1.0011,1.0016,1.0009,1.0013,86766072.02893959
2024-12-04 00:00:00+00:00,1.0013,1.0016,1.0009,1.001,79845285.47536094
2024-12-05 00:00:00+00:00,1.0011,1.0016,0.9993,0.9995,202431754.24703896
2024-12-06 00:00:00+00:00,0.99951,1.0014,0.999,1.0004,95030711.71571267
2024-12-07 00:00:00+00:00,1.0003,1.0012,1.0002,1.001,38799110.69114341
2024-12-08 00:00:00+00:00,1.001,1.0012,1.0009,1.001,62613215.925819
2024-12-09 00:00:00+00:00,1.0011,1.0015,1.0007,1.0011,110564657.83724055
2024-12-10 00:00:00+00:00,1.0011,1.0012,1.0007,1.0008,50066001.74443994
2024-12-11 00:00:00+00:00,1.0008,1.0012,0.9999,0.99998,85976879.73348483
2024-12-12 00:00:00+00:00,0.99998,1.0002,0.999,0.99988,82235656.34209844
2024-12-13 00:00:00+00:00,0.99986,1.0005,0.99952,0.99957,52821004.35336557
2024-12-14 00:00:00+00:00,0.99957,1.0,0.99955,0.99955,71977119.96534467
2024-12-15 00:00:00+00:00,0.99957,1.0005,0.99932,0.99934,46859624.38606984
2024-12-16 00:00:00+00:00,0.99944,1.0,0.998,0.999,152399652.38072547
2024-12-17 00:00:00+00:00,0.999,0.99952,0.9988,0.99901,154315990.5302487
2024-12-18 00:00:00+00:00,0.99901,1.0001,0.999,0.99972,89545607.4173357
2024-12-19 00:00:00+00:00,0.99972,1.0005,0.99972,1.0003,78761301.8885364
2024-12-20 00:00:00+00:00,1.0002,1.0016,0.9995,1.0005,148303415.45231366
2024-12-21 00:00:00+00:00,1.0005,1.0008,0.99974,1.0002,37368554.67893507
2024-12-22 00:00:00+00:00,1.0002,1.0009,0.99999,1.0002,53625293.76744426
2024-12-23 00:00:00+00:00,1.0003,1.0009,1.0,1.0006,55778155.83144816
2024-12-24 00:00:00+00:00,1.0006,1.001,1.0,1.0006,27888905.48945701
2024-12-25 00:00:00+00:00,1.0006,1.0008,1.0,1.0001,16223666.44580779
2024-12-26 00:00:00+00:00,1.0001,1.0014,0.99996,1.0007,70145382.21648183
2024-12-27 00:00:00+00:00,1.0006,1.0015,1.0005,1.0013,36565537.06285229
2024-12-28 00:00:00+00:00,1.0013,1.0016,1.0012,1.0016,15238643.41661675
2024-12-29 00:00:00+00:00,1.0015,1.0017,1.0012,1.0016,49635674.96663456
2024-12-30 00:00:00+00:00,1.0016,1.0016,0.99906,1.0012,133543409.38539942
2024-12-31 00:00:00+00:00,1.0013,1.0018,1.0006,1.0014,90560176.66073647
2025-01-01 00:00:00+00:00,1.0013,1.0016,1.0011,1.0014,49655876.84554022
2025-01-02 00:00:00+00:00,1.0014,1.0016,1.0002,1.0006,68658557.96454456
2025-01-03 00:00:00+00:00,1.0005,1.0013,1.0002,1.0002,32353572.53248007
2025-01-04 00:00:00+00:00,1.0002,1.0006,1.0,1.0005,13724800.20455312
2025-01-05 00:00:00+00:00,1.0005,1.0006,1.0002,1.0006,8795360.46541526
2025-01-06 00:00:00+00:00,1.0006,1.0009,1.0,1.0006,40040114.41984931
2025-01-07 00:00:00+00:00,1.0007,1.0007,1.0,1.0005,35001870.51990967
2025-01-08 00:00:00+00:00,1.0004,1.0016,1.0004,1.0013,46204775.23759176
2025-01-09 00:00:00+00:00,1.0012,1.0017,1.001,1.0017,53579151.95507664
2025-01-10 00:00:00+00:00,1.0017,1.0018,1.0005,1.0011,31120985.19105526
2025-01-11 00:00:00+00:00,1.0011,1.0014,1.0009,1.0013,7607063.3147563
2025-01-12 00:00:00+00:00,1.0012,1.0014,1.0005,1.0006,16557888.79331424
2025-01-13 00:00:00+00:00,1.0006,1.0018,1.0005,1.0012,142091914.74798957
2025-01-14 00:00:00+00:00,1.0013,1.0016,1.0011,1.0013,17936220.02878206
2025-01-15 00:00:00+00:00,1.0014,1.0015,0.99996,0.99996,49649412.64740332
2025-01-16 00:00:00+00:00,0.99996,1.0004,0.99901,1.0003,79127467.58314598
2025-01-17 00:00:00+00:00,1.0003,1.0005,0.99916,0.99964,80683096.92453454
2025-01-18 00:00:00+00:00,0.99957,1.0004,0.99919,0.99983,45798903.50465283
2025-01-19 00:00:00+00:00,0.99982,1.0005,0.99926,0.99945,74769207.95592262
2025-01-20 00:00:00+00:00,0.9995,1.0005,0.99928,0.99949,84402852.26613162
2025-01-21 00:00:00+00:00,0.99947,1.0005,0.99934,0.99981,61339669.5413782
2025-01-22 00:00:00+00:00,0.9998,1.0005,0.99948,0.9999,18427039.23554818
2025-01-23 00:00:00+00:00,0.99994,1.0006,0.999,1.0003,74798201.6035613
2025-01-24 00:00:00+00:00,1.0003,1.0004,0.99955,0.99967,25693700.38106757
2025-01-25 00:00:00+00:00,0.99967,1.0002,0.99956,0.99988,8678411.39711897
2025-01-26 00:00:00+00:00,0.99984,1.0005,0.99972,1.0002,9115907.98208065
2025-01-27 00:00:00+00:00,1.0003,1.0017,1.0001,1.0016,77628734.09494308
2025-01-28 00:00:00+00:00,1.0017,1.0017,1.0004,1.0007,36749761.71943182
2025-01-29 00:00:00+00:00,1.0007,1.0009,0.99981,1.0007,15016888.59831803
2025-01-30 00:00:00+00:00,1.0006,1.001,1.0,1.0001,15616656.43756216
2025-01-31 00:00:00+00:00,1.0002,1.0009,0.99981,1.0008,23129912.18310146
2025-02-01 00:00:00+00:00,1.0007,1.0008,1.0002,1.0006,15602274.13696235
2025-02-02 00:00:00+00:00,1.0007,1.001,0.999,0.99902,189253090.23849827
2025-02-03 00:00:00+00:00,0.99901,1.0018,0.999,0.9998,178256838.19514707
2025-02-04 00:00:00+00:00,0.99969,1.0004,0.99932,0.9998,35633534.76263672
2025-02-05 00:00:00+00:00,0.99975,1.0003,0.99932,0.99977,30117026.647682812
2025-02-06 00:00:00+00:00,0.99976,1.0017,0.99975,1.0013,67142681.20911597
2025-02-07 00:00:00+00:00,1.0013,1.0015,0.99981,1.0009,50646129.84160081
2025-02-08 00:00:00+00:00,1.0009,1.0013,1.0,1.0011,26941277.15095397
2025-02-09 00:00:00+00:00,1.0011,1.0016,1.0001,1.0012,45850762.61205623
2025-02-10 00:00:00+00:00,1.0012,1.0016,1.0009,1.001,42594734.18955573
2025-02-11 00:00:00+00:00,1.0009,1.0017,1.0005,1.0017,61400104.82554523
2025-02-12 00:00:00+00:00,1.0016,1.0019,1.0011,1.0011,70611509.95720232
2025-02-13 00:00:00+00:00,1.0011,1.0016,0.999,1.0015,61884817.42473136
2025-02-14 00:00:00+00:00,1.0015,1.0016,0.99987,1.0002,61791841.76378373
2025-02-15 00:00:00+00:00,1.0002,1.0005,1.0,1.0003,8531027.82113726
2025-02-16 00:00:00+00:00,1.0003,1.001,1.0002,1.001,11718350.70711171
2025-02-17 00:00:00+00:00,1.001,1.0016,1.0009,1.0016,39850895.49561962
2025-02-18 00:00:00+00:00,1.0015,1.002,1.0015,1.0019,113665596.71508364
2025-02-19 00:00:00+00:00,1.0018,1.0021,1.0011,1.0016,71673321.52288085
2025-02-20 00:00:00+00:00,1.0016,1.0018,1.0011,1.0013,11250847.67523694
2025-02-21 00:00:00+00:00,1.0013,1.0018,1.0011,1.0017,35128669.84882357
2025-02-22 00:00:00+00:00,1.0017,1.0019,1.0014,1.0015,16288871.69386403
2025-02-23 00:00:00+00:00,1.0015,1.0017,1.0011,1.0017,13204466.515507549
2025-02-24 00:00:00+00:00,1.0017,1.0043,1.0012,1.0034,132496551.40665331
2025-02-25 00:00:00+00:00,1.0033,1.0062,1.0014,1.002,316340259.8468292
2025-02-26 00:00:00+00:00,1.0019,1.0036,1.0017,1.0021,233874354.93802482
2025-02-27 00:00:00+00:00,1.0021,1.0026,1.0014,1.0026,207344353.44121915
2025-02-28 00:00:00+00:00,1.0026,1.0037,1.0016,1.0029,228508888.45175058
2025-03-01 00:00:00+00:00,1.0028,1.0035,1.0021,1.0033,87756187.00478955
2025-03-02 00:00:00+00:00,1.0032,1.0035,1.0022,1.0027,90768878.28062515
2025-03-03 00:00:00+00:00,1.0026,1.0031,1.0021,1.003,82986378.15227433
2025-03-04 00:00:00+00:00,1.003,1.0032,1.002,1.0024,97455529.45221922
2025-03-05 00:00:00+00:00,1.0024,1.0028,1.0021,1.0025,49473658.96682865
2025-03-06 00:00:00+00:00,1.0025,1.0026,1.0021,1.0023,20184418.14988205
2025-03-07 00:00:00+00:00,1.0022,1.0026,1.002,1.0026,61879947.44706278
2025-03-08 00:00:00+00:00,1.0025,1.0033,1.0025,1.0033,68734643.66383381
2025-03-09 00:00:00+00:00,1.0033,1.0043,1.0023,1.0029,61882705.94487157
2025-03-10 00:00:00+00:00,1.0029,1.0032,1.0023,1.003,102619086.69470708
2025-03-11 00:00:00+00:00,1.0029,1.0037,1.0019,1.0023,89007882.54403205
2025-03-12 00:00:00+00:00,1.0023,1.0025,1.002,1.0023,45004950.6605287
2025-03-13 00:00:00+00:00,1.0023,1.0024,1.0017,1.0022,21147140.86305148
2025-03-14 00:00:00+00:00,1.0022,1.0025,1.0018,1.0024,51169950.74026431
2025-03-15 00:00:00+00:00,1.0024,1.0026,1.002,1.0022,28676838.24341324
2025-03-16 00:00:00+00:00,1.0023,1.0025,1.002,1.0022,12159102.68160574
2025-03-17 00:00:00+00:00,1.0022,1.0023,1.0014,1.0019,34724796.06952632
2025-03-18 00:00:00+00:00,1.002,1.0023,1.0016,1.002,63297611.01703867
2025-03-19 00:00:00+00:00,1.002,1.0022,1.0018,1.002,42541312.58120027
2025-03-20 00:00:00+00:00,1.002,1.002,1.0005,1.0007,66820295.333936036
2025-03-21 00:00:00+00:00,1.0008,1.0012,1.0007,1.001,12711608.67563427
2025-03-22 00:00:00+00:00,1.001,1.0013,1.001,1.0011,5742170.38897755
2025-03-23 00:00:00+00:00,1.0012,1.0024,1.001,1.002,13245547.15180343
2025-03-24 00:00:00+00:00,1.002,1.002,1.0007,1.0013,28286386.53481
2025-03-25 00:00:00+00:00,1.0013,1.0024,1.001,1.0015,32831867.35876804
2025-03-26 00:00:00+00:00,1.0015,1.0024,1.0013,1.0018,48373399.54649168
2025-03-27 00:00:00+00:00,1.0019,1.0019,1.0007,1.001,19885619.56372675
2025-03-28 00:00:00+00:00,1.001,1.0024,1.0009,1.0021,57745408.2607704
2025-03-29 00:00:00+00:00,1.0021,1.0024,1.0016,1.0023,30741873.96181861
2025-03-30 00:00:00+00:00,1.0023,1.0024,1.0014,1.0021,61629638.43535217
2025-03-31 00:00:00+00:00,1.0019,1.0022,1.0004,1.0012,45345374.20286177
2025-04-01 00:00:00+00:00,1.0012,1.0012,0.99986,0.99995,35398414.31605515
2025-04-02 00:00:00+00:00,0.99995,1.0,0.99901,0.99974,56727950.09681623
2025-04-03 00:00:00+00:00,0.99974,1.0003,0.9994,1.0002,33181759.684251692
2025-04-04 00:00:00+00:00,1.0001,1.0004,0.99922,0.99982,59132461.32099905
2025-04-05 00:00:00+00:00,0.99982,1.0006,0.9996,1.0005,31468554.17012455
2025-04-06 00:00:00+00:00,1.0004,1.0007,0.999,1.0002,110692553.82271738
2025-04-07 00:00:00+00:00,0.99996,1.0003,0.99894,1.0,121474942.3809767
2025-04-08 00:00:00+00:00,1.0,1.0006,0.99924,0.99989,58130848.64576731
2025-04-09 00:00:00+00:00,0.9998,1.0005,0.99927,0.99972,82055388.1652025
2025-04-10 00:00:00+00:00,0.9997,0.99972,0.99892,0.99893,28657353.66896963
2025-04-11 00:00:00+00:00,0.99904,0.99996,0.99893,0.99939,26437538.40963728
2025-04-12 00:00:00+00:00,0.99938,0.99968,0.99922,0.9995,7138833.06692289
2025-04-13 00:00:00+00:00,0.99946,0.99952,0.99924,0.99947,8902367.00615027
2025-04-14 00:00:00+00:00,0.99946,0.99991,0.99924,0.9998,19395284.73604207
2025-04-15 00:00:00+00:00,0.99979,0.99996,0.99958,0.99996,6205492.9622063795
2025-04-16 00:00:00+00:00,0.99996,1.0004,0.99969,0.99981,31857512.88255746
2025-04-17 00:00:00+00:00,0.99981,0.99982,0.999,0.999,128850813.87298705
2025-04-18 00:00:00+00:00,0.99901,0.99935,0.9988,0.99891,69467374.6642885
2025-04-19 00:00:00+00:00,0.99892,0.99911,0.9988,0.9988,36957160.260077514
2025-04-20 00:00:00+00:00,0.9988,0.99884,0.99804,0.9981,18922948.16611
2025-04-21 00:00:00+00:00,0.9981,0.99982,0.998,0.99943,59883680.69798602
2025-04-22 00:00:00+00:00,0.99943,1.0001,0.99903,0.9992,87568255.95978042
2025-04-23 00:00:00+00:00,0.9992,0.99986,0.99914,0.9997,83420600.52197586
2025-04-24 00:00:00+00:00,0.9997,1.0005,0.9997,1.0,91146919.00419214
2025-04-25 00:00:00+00:00,1.0,1.0008,0.99999,1.0003,85068639.75233279
2025-04-26 00:00:00+00:00,1.0003,1.0014,1.0002,1.0006,19587976.08057485
2025-04-27 00:00:00+00:00,1.0005,1.0009,1.0,1.0004,39084357.88347501
2025-04-28 00:00:00+00:00,1.0002,1.002,1.0,1.0009,79927474.98776858
2025-04-29 00:00:00+00:00,1.0009,1.0019,1.0001,1.0017,29185717.70240409
2025-04-30 00:00:00+00:00,1.0018,1.0038,1.0003,1.0014,78466209.15171707
2025-05-01 00:00:00+00:00,1.0015,1.0015,1.0001,1.0001,25773490.011134658
2025-05-02 00:00:00+00:00,1.0001,1.0004,1.0,1.0002,15590963.3204596
2025-05-03 00:00:00+00:00,1.0001,1.0023,1.0,1.002,67223565.99343337
2025-05-04 00:00:00+00:00,1.0021,1.003,1.001,1.0028,201195030.51370168
2025-05-05 00:00:00+00:00,1.0029,1.0043,1.002,1.0023,236544846.0871699
2025-05-06 00:00:00+00:00,1.0022,1.0028,1.0001,1.0014,47345465.19756421
2025-05-07 00:00:00+00:00,1.0014,1.0015,1.0004,1.0012,27863785.53156879
2025-05-08 00:00:00+00:00,1.0012,1.0014,1.0004,1.0004,55555512.01997803
2025-05-09 00:00:00+00:00,1.0004,1.0008,1.0,1.0,64910705.3797397
2025-05-10 00:00:00+00:00,1.0,1.0001,0.99914,0.99966,77864015.19649366
2025-05-11 00:00:00+00:00,0.99966,1.0004,0.99965,1.0003,94149178.40119454
2025-05-12 00:00:00+00:00,1.0002,1.0006,0.99967,1.0004,71814489.91873138
2025-05-13 00:00:00+00:00,1.0005,1.0006,1.0003,1.0004,43078255.65851232
2025-05-14 00:00:00+00:00,1.0004,1.0005,0.99981,0.99983,54081313.16236313
2025-05-15 00:00:00+00:00,0.99989,1.0003,0.99979,0.99979,29063143.41179642
2025-05-16 00:00:00+00:00,0.99979,1.0002,0.99966,0.99975,29204311.838055838
2025-05-17 00:00:00+00:00,0.99975,1.0002,0.99966,1.0002,28311035.3590061
2025-05-18 00:00:00+00:00,1.0002,1.0002,0.99966,0.99989,37127855.02879583
2025-05-19 00:00:00+00:00,0.99989,1.0002,0.99966,0.9997,158196985.62779048
2025-05-20 00:00:00+00:00,0.9997,0.99981,0.9996,0.9996,71880486.55993782
2025-05-21 00:00:00+00:00,0.9996,1.0004,0.99955,1.0001,87474323.01155265
2025-05-22 00:00:00+00:00,1.0001,1.0009,0.99955,0.99955,124499813.34562254
2025-05-23 00:00:00+00:00,0.99955,0.99985,0.99917,0.99917,92554126.63366161
2025-05-24 00:00:00+00:00,0.99925,1.0001,0.99801,0.99814,157155035.79872942
2025-05-25 00:00:00+00:00,0.99815,1.0001,0.99801,0.9993,53456999.20145487
2025-05-26 00:00:00+00:00,0.99937,1.0002,0.99826,1.0001,110837373.9931312
2025-05-27 00:00:00+00:00,1.0001,1.0002,0.9995,0.99951,108630738.37896112
2025-05-28 00:00:00+00:00,0.99951,1.0,0.99891,0.99959,146789792.20143935
2025-05-29 00:00:00+00:00,0.99956,1.0005,0.99947,0.99998,92005708.65843107
2025-05-30 00:00:00+00:00,1.0,1.0007,0.99966,1.0,88391248.95861079
2025-05-31 00:00:00+00:00,1.0001,1.0004,1.0,1.0003,75194645.57819495
2025-06-01 00:00:00+00:00,1.0002,1.0003,0.99999,1.0001,69120143.17274211
2025-06-02 00:00:00+00:00,1.0001,1.0004,0.9999,1.0002,23644013.61932204
2025-06-03 00:00:00+00:00,1.0002,1.0002,0.99959,0.99999,68910056.2184646
2025-06-04 00:00:00+00:00,1.0001,1.0001,0.99892,0.99903,84766370.18575212
2025-06-05 00:00:00+00:00,0.99893,1.0018,0.99892,1.0013,210676086.00598943
2025-06-06 00:00:00+00:00,1.0013,1.0019,1.0002,1.0011,67243389.90328227
2025-06-07 00:00:00+00:00,1.0009,1.0013,1.0009,1.0012,5370763.52783552
2025-06-08 00:00:00+00:00,1.0011,1.0012,1.0002,1.0007,19109920.28546334
2025-06-09 00:00:00+00:00,1.0008,1.0011,1.0004,1.0004,23784828.858655002
2025-06-10 00:00:00+00:00,1.0004,1.0005,0.99892,0.99912,78731646.09255548
2025-06-11 00:00:00+00:00,0.99914,0.99999,0.99901,0.9996,63500797.35804558
2025-06-12 00:00:00+00:00,0.9996,0.99999,0.99921,0.99999,43535975.66380625
2025-06-13 00:00:00+00:00,0.99999,1.0004,0.99924,1.0003,63517532.86399527
2025-06-14 00:00:00+00:00,1.0002,1.0016,1.0001,1.0015,13572513.73807751
2025-06-15 00:00:00+00:00,1.0015,1.0022,1.001,1.0014,28886733.39712184
2025-06-16 00:00:00+00:00,1.0014,1.0017,1.0004,1.0007,57188602.69182092
2025-06-17 00:00:00+00:00,1.0005,1.0014,1.0002,1.0013,56929744.83954632
2025-06-18 00:00:00+00:00,1.0013,1.0016,1.0005,1.0011,135173795.59160975
2025-06-19 00:00:00+00:00,1.0011,1.0014,1.0004,1.0008,49124408.45514869
2025-06-20 00:00:00+00:00,1.0007,1.001,1.0001,1.0006,38895230.246206
2025-06-21 00:00:00+00:00,1.0005,1.001,1.0002,1.0007,59896258.49583547
2025-06-22 00:00:00+00:00,1.0007,1.0021,1.0007,1.0019,159419491.94691548
2025-06-23 00:00:00+00:00,1.0018,1.002,1.0013,1.0016,78304711.39120615
2025-06-24 00:00:00+00:00,1.0016,1.0017,1.0001,1.0005,53247187.67356548
2025-06-25 00:00:00+00:00,1.0005,1.0007,0.9998,0.99986,18240338.03589931
2025-06-26 00:00:00+00:00,0.99986,1.0003,0.99966,1.0001,24348158.8078803
2025-06-27 00:00:00+00:00,1.0001,1.0006,1.0001,1.0004,15387208.60575874
2025-06-28 00:00:00+00:00,1.0004,1.0006,1.0,1.0001,21978765.20342537
2025-06-29 00:00:00+00:00,1.0001,1.0002,1.0,1.0,9636732.15288356
2025-06-30 00:00:00+00:00,1.0,1.0016,0.99981,1.0011,43925545.90507873
2025-07-01 00:00:00+00:00,1.0012,1.0023,1.0008,1.0019,105140314.9244277
2025-07-02 00:00:00+00:00,1.002,1.0022,1.0013,1.0017,32421717.701715
2025-07-03 00:00:00+00:00,1.0017,1.0017,1.0014,1.0014,12381660.64891738
2025-07-04 00:00:00+00:00,1.0014,1.0017,1.0004,1.0016,26576472.99522193
2025-07-05 00:00:00+00:00,1.0015,1.0016,1.001,1.001,4932640.49208241
2025-07-06 00:00:00+00:00,1.0011,1.0015,1.001,1.0014,7383797.45785439
2025-07-07 00:00:00+00:00,1.0014,1.0016,1.0012,1.0014,14417135.88173586
2025-07-08 00:00:00+00:00,1.0014,1.0015,1.0011,1.0012,13576644.92361582
2025-07-09 00:00:00+00:00,1.0012,1.0014,1.0008,1.0011,31473181.24869093
2025-07-10 00:00:00+00:00,1.0012,1.0014,0.9996,0.99986,115022639.46638303
2025-07-11 00:00:00+00:00,0.99975,1.0002,0.99841,0.99872,89745166.45255382
2025-07-12 00:00:00+00:00,0.9987,0.99907,0.9984,0.99876,28528801.7668906
2025-07-13 00:00:00+00:00,0.99888,0.999,0.9983,0.99861,50406166.78978155
2025-07-14 00:00:00+00:00,0.99861,1.0002,0.99848,1.0001,73116254.41499066
2025-07-15 00:00:00+00:00,1.0001,1.001,1.0,1.001,29268952.42336492
2025-07-16 00:00:00+00:00,1.001,1.001,1.0004,1.0004,29324217.33895471
2025-07-17 00:00:00+00:00,1.0004,1.0008,1.0,1.0005,36517707.31097188
2025-07-18 00:00:00+00:00,1.0004,1.001,1.0003,1.0007,31843350.60182797
2025-07-19 00:00:00+00:00,1.0007,1.0008,1.0,1.0,9553936.23179355
2025-07-20 00:00:00+00:00,1.0001,1.0005,0.99978,0.99989,29675766.06085336
2025-07-21 00:00:00+00:00,0.99988,1.0005,0.99981,1.0,24503647.12650585
2025-07-22 00:00:00+00:00,1.0001,1.0004,0.99985,1.0001,24952155.24779322
2025-07-23 00:00:00+00:00,1.0002,1.0016,1.0001,1.0013,20003180.17215333
2025-07-24 00:00:00+00:00,1.0013,1.0016,1.0009,1.0011,11848842.19995558
2025-07-25 00:00:00+00:00,1.0011,1.0012,1.0004,1.0008,12107352.60208066
2025-07-26 00:00:00+00:00,1.0007,1.0012,1.0006,1.0009,4418884.33920137
2025-07-27 00:00:00+00:00,1.001,1.0012,1.0009,1.0011,6612090.68823775
2025-07-28 00:00:00+00:00,1.0011,1.0016,1.0011,1.0015,9294535.14498103
2025-07-29 00:00:00+00:00,1.0015,1.0016,1.0006,1.0015,29283736.87584948
2025-07-30 00:00:00+00:00,1.0015,1.0016,1.0009,1.0015,21999110.66114465
2025-07-31 00:00:00+00:00,1.0014,1.0015,1.0006,1.0014,19322677.84013091
2025-08-01 00:00:00+00:00,1.0013,1.0016,1.0006,1.001,55595633.28806092
2025-08-02 00:00:00+00:00,1.001,1.002,1.0008,1.0019,23572782.41575008
2025-08-03 00:00:00+00:00,1.0018,1.0019,1.0013,1.0015,48661662.12432793
2025-08-04 00:00:00+00:00,1.0015,1.0017,1.0005,1.0007,37420783.0584509
2025-08-05 00:00:00+00:00,1.0007,1.0008,1.0002,1.0004,34187253.60854067
2025-08-06 00:00:00+00:00,1.0004,1.0013,1.0002,1.0013,23525477.08400385
2025-08-07 00:00:00+00:00,1.0013,1.0016,1.0008,1.0011,33482224.18374303
2025-08-08 00:00:00+00:00,1.0012,1.0016,1.0001,1.0011,92791042.00764354
2025-08-09 00:00:00+00:00,1.001,1.0012,1.0003,1.0006,20308082.80166699
2025-08-10 00:00:00+00:00,1.0006,1.001,1.0003,1.0009,12504875.73487252
2025-08-11 00:00:00+00:00,1.0008,1.0009,1.0001,1.0009,30328337.29209771
2025-08-12 00:00:00+00:00,1.0009,1.0009,0.99932,0.99933,51656449.14460725
2025-08-13 00:00:00+00:00,0.99933,0.99944,0.99831,0.99846,107952552.1080333
2025-08-14 00:00:00+00:00,0.99831,1.0012,0.99825,1.0011,52557861.0072532
2025-08-15 00:00:00+00:00,1.0011,1.0016,1.0005,1.0015,54058962.33773054
2025-08-16 00:00:00+00:00,1.0015,1.0016,1.001,1.0014,26346056.90190752
2025-08-17 00:00:00+00:00,1.0014,1.0015,1.0011,1.0013,11469935.63434736
2025-08-18 00:00:00+00:00,1.0013,1.0016,1.001,1.0015,110585980.54440784
2025-08-19 00:00:00+00:00,1.0015,1.002,1.0009,1.0018,177908508.9900283
2025-08-20 00:00:00+00:00,1.0018,1.0021,1.001,1.0019,92101170.05818003
2025-08-21 00:00:00+00:00,1.0018,1.002,1.0013,1.0019,74400798.8611488
2025-08-22 00:00:00+00:00,1.0019,1.002,1.001,1.0011,80655790.10268377
2025-08-23 00:00:00+00:00,1.0011,1.0017,1.001,1.0015,20536097.6779686
2025-08-24 00:00:00+00:00,1.0014,1.0018,1.0011,1.0015,43420881.53851656
2025-08-25 00:00:00+00:00,1.0016,1.0021,1.0011,1.0019,71928420.14214432
2025-08-26 00:00:00+00:00,1.0019,1.0021,1.0014,1.0019,66209365.93741236
2025-08-27 00:00:00+00:00,1.0019,1.002,1.0013,1.0017,42059211.54706134
2025-08-28 00:00:00+00:00,1.0017,1.0018,1.0012,1.0017,47630588.09384795
2025-08-29 00:00:00+00:00,1.0017,1.0021,1.0013,1.0015,97947977.71192952
2025-08-30 00:00:00+00:00,1.0015,1.0018,1.0013,1.0015,54749183.279512
2025-08-31 00:00:00+00:00,1.0015,1.0018,1.001,1.0016,76309065.23051982
2025-09-01 00:00:00+00:00,1.0016,1.0016,1.0007,1.0012,36346355.7930487
2025-09-02 00:00:00+00:00,1.0012,1.002,1.0011,1.0016,38485665.39857234
2025-09-03 00:00:00+00:00,1.0015,1.0017,1.0012,1.0015,15903829.89297171
2025-09-04 00:00:00+00:00,1.0016,1.002,1.0012,1.0018,21099933.46578672
2025-09-05 00:00:00+00:00,1.0018,1.0018,0.9993,0.9993,31079330.79694603
2025-09-06 00:00:00+00:00,0.99929,1.002,0.9982,1.0001,59252261.33510141
2025-09-07 00:00:00+00:00,1.0001,1.0012,0.9995,1.0004,49351521.10591263
2025-09-08 00:00:00+00:00,1.0004,1.0012,0.9995,0.99977,119911013.68800844
2025-09-09 00:00:00+00:00,0.99974,1.0002,0.9995,1.0002,86609587.66602693
2025-09-10 00:00:00+00:00,1.0001,1.0018,0.99951,0.99956,64975630.37866141
2025-09-11 00:00:00+00:00,0.99955,1.0,0.99901,0.99926,81303519.71533687
2025-09-12 00:00:00+00:00,0.99927,1.0001,0.99827,0.99955,123058773.96083505
2025-09-13 00:00:00+00:00,0.99954,1.0001,0.99928,0.99988,96505887.41379222
2025-09-14 00:00:00+00:00,0.99988,1.002,0.99971,1.002,8732944.94228654
2025-09-15 00:00:00+00:00,1.002,1.002,1.001,1.0016,66242052.13987416
2025-09-16 00:00:00+00:00,1.0016,1.002,1.0007,1.0007,28102481.24035492
2025-09-17 00:00:00+00:00,1.0007,1.0014,1.0005,1.0006,19969614.44962802
2025-09-18 00:00:00+00:00,1.0005,1.0007,1.0001,1.0002,27355123.6809813
2025-09-19 00:00:00+00:00,1.0002,1.002,1.0,1.0017,50065425.54393759
2025-09-20 00:00:00+00:00,1.0016,1.0019,1.0012,1.0015,12882813.2530761
2025-09-21 00:00:00+00:00,1.0015,1.0019,1.0011,1.0017,27534518.50726605
2025-09-22 00:00:00+00:00,1.0017,1.0021,1.0008,1.0014,130731005.81556806
2025-09-23 00:00:00+00:00,1.0015,1.0019,1.0008,1.0019,49741977.012728594
2025-09-24 00:00:00+00:00,1.0019,1.0021,1.0013,1.0017,36613068.5124676
2025-09-25 00:00:00+00:00,1.0016,1.0021,1.0015,1.0017,60568021.2960727
2025-09-26 00:00:00+00:00,1.0015,1.0022,1.0014,1.0022,94394746.63941951
2025-09-27 00:00:00+00:00,1.0021,1.0024,1.0019,1.0021,69065553.26201528
2025-09-28 00:00:00+00:00,1.0022,1.0026,1.002,1.0021,87491877.21358481
2025-09-29 00:00:00+00:00,1.0021,1.0023,1.0017,1.0019,49979821.93788091
2025-09-30 00:00:00+00:00,1.0019,1.0021,1.0001,1.0002,38681502.08367561
2025-10-01 00:00:00+00:00,1.0003,1.0011,1.0001,1.001,56086598.66034797
2025-10-02 00:00:00+00:00,1.001,1.0011,1.0004,1.0006,42204210.0389676
2025-10-03 00:00:00+00:00,1.0006,1.0011,0.9999,0.9999,53299395.59830189
2025-10-04 00:00:00+00:00,0.9999,1.0005,0.9999,1.0001,28571467.84037944
2025-10-05 00:00:00+00:00,1.0001,1.0005,0.99992,1.0002,37794701.32486336
2025-10-06 00:00:00+00:00,1.0002,1.0006,0.9999,0.99991,130865666.32480039
2025-10-07 00:00:00+00:00,0.99992,1.0006,0.9998,1.0005,65173524.45589414
2025-10-08 00:00:00+00:00,1.0005,1.0018,0.99981,1.0006,56675610.12460814
2025-10-09 00:00:00+00:00,1.0005,1.0009,0.99986,1.0008,26542326.29499376
2025-10-10 00:00:00+00:00,1.0008,1.0027,1.0006,1.0022,149269175.42267126
2025-10-11 00:00:00+00:00,1.0022,1.0046,1.0019,1.0023,84997581.4725055
2025-10-12 00:00:00+00:00,1.0023,1.0025,1.0014,1.0017,112623679.83759154
2025-10-13 00:00:00+00:00,1.0017,1.0019,1.0006,1.0018,80861899.10830203
2025-10-14 00:00:00+00:00,1.0018,1.0021,1.0012,1.002,186315263.62374547
2025-10-15 00:00:00+00:00,1.002,1.0023,1.0009,1.0015,105354902.98727374
2025-10-16 00:00:00+00:00,1.0016,1.0021,1.0013,1.0018,97753939.82801893
2025-10-17 00:00:00+00:00,1.0019,1.0023,1.0015,1.0019,90751149.96315543
2025-10-18 00:00:00+00:00,1.0019,1.0021,1.0017,1.0019,60147849.22991734
2025-10-19 00:00:00+00:00,1.0019,1.002,1.0011,1.0018,112002657.07714762
2025-10-20 00:00:00+00:00,1.0019,1.0019,1.0012,1.0018,55657914.73314252
2025-10-21 00:00:00+00:00,1.0018,1.0019,1.0014,1.0018,62480396.6079966
2025-10-22 00:00:00+00:00,1.0017,1.0019,0.9997,1.0003,130711974.3056152
2025-10-23 00:00:00+00:00,1.0003,1.0011,0.9996,1.0007,79874650.04238021
2025-10-24 00:00:00+00:00,1.0006,1.0011,0.99981,1.0007,26866459.52242582
2025-10-25 00:00:00+00:00,1.0007,1.0008,0.9998,0.99994,25980549.93372114
2025-10-26 00:00:00+00:00,0.9999,1.0001,0.9997,0.99992,64521179.47474108
2025-10-27 00:00:00+00:00,0.99994,1.0003,0.9997,0.99995,60821365.45780696
2025-10-28 00:00:00+00:00,0.99997,1.0006,0.99971,1.0006,72882862.12900016
2025-10-29 00:00:00+00:00,1.0005,1.0018,1.0005,1.0017,45171427.50822348
2025-10-30 00:00:00+00:00,1.0017,1.0019,0.99998,1.0015,190737612.00255135
2025-10-31 00:00:00+00:00,1.0016,1.0016,1.001,1.0015,49695446.06552444
2025-11-01 00:00:00+00:00,1.0016,1.0018,1.0001,1.0017,64206927.16070801
2025-11-02 00:00:00+00:00,1.0016,1.0017,1.001,1.0012,25952606.16051156
2025-11-03 00:00:00+00:00,1.0012,1.0019,1.0002,1.0014,155536755.4131626
2025-11-04 00:00:00+00:00,1.0014,1.0018,0.9999,1.0008,308113099.8003983
2025-11-05 00:00:00+00:00,1.0006,1.0018,1.0004,1.0005,89981465.65802257
2025-11-06 00:00:00+00:00,1.0006,1.0017,0.9999,1.0005,205489963.32269543
2025-11-07 00:00:00+00:00,1.0005,1.0015,0.9999,1.0001,132451808.12052003
2025-11-08 00:00:00+00:00,1.0,1.0014,1.0,1.0014,30909753.78587832
2025-11-09 00:00:00+00:00,1.0014,1.0017,1.0,1.0003,91603854.60884032
2025-11-10 00:00:00+00:00,1.0003,1.0016,0.99996,1.0003,110753096.86376908
2025-11-11 00:00:00+00:00,1.0003,1.0014,0.99995,1.0012,150548400.78890136
2025-11-12 00:00:00+00:00,1.0013,1.0014,0.99982,1.0006,323660016.302498
2025-11-13 00:00:00+00:00,1.0005,1.0017,1.0,1.0005,132452678.99935655
2025-11-14 00:00:00+00:00,1.0005,1.0019,0.99982,1.0019,421800026.87559164
2025-11-15 00:00:00+00:00,1.0018,1.0019,1.0001,1.0007,111959524.92098635
2025-11-16 00:00:00+00:00,1.0007,1.0047,1.0006,1.0027,162973859.575812
2025-11-17 00:00:00+00:00,1.0026,1.0041,1.0012,1.0027,278642473.7491963
2025-11-18 00:00:00+00:00,1.0028,1.004,1.0016,1.0019,236772318.71920335
2025-11-19 00:00:00+00:00,1.0019,1.0029,1.0009,1.001,173927363.08925772
2025-11-20 00:00:00+00:00,1.0009,1.0017,1.0003,1.0016,79756302.13667344
2025-11-21 00:00:00+00:00,1.0016,1.0019,1.0012,1.0019,129906294.27898774
2025-11-22 00:00:00+00:00,1.0019,1.0019,1.0012,1.0016,42300547.30367334
2025-11-23 00:00:00+00:00,1.0016,1.002,1.0014,1.0018,79652876.74044669
2025-11-24 00:00:00+00:00,1.0018,1.0018,1.0011,1.0017,90314108.6445269
2025-11-25 00:00:00+00:00,1.0017,1.0017,1.0009,1.0013,61176574.34336524
2025-11-26 00:00:00+00:00,1.0013,1.0015,1.0003,1.0007,51783999.62044516
2025-11-27 00:00:00+00:00,1.0008,1.001,1.0005,1.0009,14843081.96146941
2025-11-28 00:00:00+00:00,1.0009,1.0015,1.0007,1.0012,15761094.92453799
2025-11-29 00:00:00+00:00,1.0012,1.0014,1.0011,1.0012,3022080.15865832
2025-11-30 00:00:00+00:00,1.0012,1.0013,1.0006,1.0007,5089026.77699406
2025-12-01 00:00:00+00:00,1.0007,1.0019,1.0005,1.0016,68615455.07661086
2025-12-02 00:00:00+00:00,1.0015,1.0018,1.0004,1.0006,52549642.41255231
2025-12-03 00:00:00+00:00,1.0006,1.0007,1.0002,1.0003,29593556.254160002
2025-12-04 00:00:00+00:00,1.0003,1.0006,1.0002,1.0003,16065645.13281753
2025-12-05 00:00:00+00:00,1.0003,1.0006,1.0002,1.0004,21466499.79574099
2025-12-06 00:00:00+00:00,1.0005,1.0006,1.0003,1.0005,5361734.87432982
2025-12-07 00:00:00+00:00,1.0003,1.0008,1.0003,1.0006,21317209.80955864
2025-12-08 00:00:00+00:00,1.0006,1.001,1.0003,1.0007,20884353.26035821
2025-12-09 00:00:00+00:00,1.0007,1.0015,1.0001,1.0003,71777363.58158445
2025-12-10 00:00:00+00:00,1.0003,1.0008,1.0001,1.0005,24364063.46320594
2025-12-11 00:00:00+00:00,1.0005,1.0007,1.0001,1.0003,40605528.72638452
2025-12-12 00:00:00+00:00,1.0003,1.001,1.0002,1.0007,18419197.79642239
2025-12-13 00:00:00+00:00,1.0006,1.001,1.0006,1.0008,13315382.3282386
2025-12-14 00:00:00+00:00,1.0008,1.0008,1.0002,1.0005,12575419.99736819
2025-12-15 00:00:00+00:00,1.0004,1.0018,1.0003,1.0016,30699562.40054827
2025-12-16 00:00:00+00:00,1.0017,1.0018,1.001,1.0012,30521374.78680849
2025-12-17 00:00:00+00:00,1.0012,1.002,1.0009,1.0016,148318737.33468562
2025-12-18 00:00:00+00:00,1.0016,1.0017,1.0007,1.0017,67901345.17731129
2025-12-19 00:00:00+00:00,1.0017,1.0019,1.001,1.0011,89153860.82135123
2025-12-20 00:00:00+00:00,1.0012,1.0014,1.0009,1.0011,23296405.83183588
2025-12-21 00:00:00+00:00,1.0011,1.0013,1.0004,1.0008,27615953.12026305
2025-12-22 00:00:00+00:00,1.0008,1.001,1.0001,1.0005,20212643.57592886
2025-12-23 00:00:00+00:00,1.0004,1.0007,1.0,1.0002,37966501.08375466
2025-12-24 00:00:00+00:00,1.0002,1.0004,1.0,1.0003,26669088.917154532
2025-12-25 00:00:00+00:00,1.0002,1.0004,1.0,1.0003,5253814.51420105
2025-12-26 00:00:00+00:00,1.0002,1.0012,0.9999,1.0011,36388568.041235164
2025-12-27 00:00:00+00:00,1.0011,1.0012,1.0006,1.0009,15281854.73249764
2025-12-28 00:00:00+00:00,1.001,1.0011,1.0006,1.0007,13714294.89523362
2025-12-29 00:00:00+00:00,1.0008,1.0008,0.99982,0.99999,61958165.97485388
2025-12-30 00:00:00+00:00,0.99992,1.0006,0.9997,1.0004,70159580.19374971
2025-12-31 00:00:00+00:00,1.0005,1.0009,1.0001,1.0008,27896370.44379915
2026-01-01 00:00:00+00:00,1.0007,1.0008,1.0002,1.0004,21047852.38225388
2026-01-02 00:00:00+00:00,1.0003,1.0004,0.99981,0.99996,37059254.71180387
2026-01-03 00:00:00+00:00,0.99992,1.0001,0.9993,0.99972,59859315.78901402
2026-01-04 00:00:00+00:00,0.99975,0.99976,0.9989,0.99902,57352650.62769467
2026-01-05 00:00:00+00:00,0.9989,0.99904,0.9986,0.99864,62693337.36123229
2026-01-06 00:00:00+00:00,0.9986,0.999,0.9986,0.99865,65601003.07044399
2026-01-07 00:00:00+00:00,0.9986,1.0006,0.9986,0.99982,58741000.58753879
2026-01-08 00:00:00+00:00,0.9998,0.99999,0.99962,0.99979,21268080.20979147
2026-01-09 00:00:00+00:00,0.99979,1.0,0.99962,0.99982,24639837.19200607
2026-01-10 00:00:00+00:00,0.99988,1.0001,0.9998,1.0001,2813160.96912985
2026-01-11 00:00:00+00:00,0.99999,1.0001,0.999,0.99964,13031924.81329795
2026-01-12 00:00:00+00:00,0.9996,0.99977,0.99911,0.99942,23877391.04947712
2026-01-13 00:00:00+00:00,0.9994,0.99998,0.99861,0.99871,59502239.50756513
2026-01-14 00:00:00+00:00,0.99872,0.9997,0.99861,0.99862,115507873.52339226
2026-01-15 00:00:00+00:00,0.99863,0.9995,0.99862,0.99931,55488058.59311992
2026-01-16 00:00:00+00:00,0.99931,0.99958,0.99865,0.99943,45762162.13287492
2026-01-17 00:00:00+00:00,0.99943,0.9997,0.9993,0.99963,14300246.50809976
2026-01-18 00:00:00+00:00,0.99963,0.99999,0.99954,0.99983,33394620.5722219
2026-01-19 00:00:00+00:00,0.99984,1.0002,0.9998,0.99981,26673167.98710349
2026-01-20 00:00:00+00:00,0.99981,1.0001,0.9996,0.99985,46563360.33559155
2026-01-21 00:00:00+00:00,0.99984,1.0007,0.99972,1.0002,112952698.28948835
2026-01-22 00:00:00+00:00,1.0001,1.0003,0.9998,1.0001,38175309.84004509
2026-01-23 00:00:00+00:00,1.0001,1.0002,0.99981,1.0002,41516577.80479273
2026-01-24 00:00:00+00:00,1.0001,1.0002,0.99931,0.99951,83348505.4734265
2026-01-25 00:00:00+00:00,0.99952,1.0002,0.99929,0.99972,96281940.72863942
2026-01-26 00:00:00+00:00,0.99971,1.0014,0.99966,1.0013,59232390.57127709
2026-01-27 00:00:00+00:00,1.0014,1.0016,0.99988,0.99997,58874640.22613895
2026-01-28 00:00:00+00:00,0.99997,1.0003,0.99973,0.9999,39520492.4190739
2026-01-29 00:00:00+00:00,0.99988,1.0003,0.9989,1.0002,114661548.26429223
2026-01-30 00:00:00+00:00,1.0001,1.0007,0.9994,0.99946,102805845.84214999
2026-01-31 00:00:00+00:00,0.99946,1.0007,0.99941,1.0005,57076923.89850339
2026-02-01 00:00:00+00:00,1.0006,1.0007,1.0003,1.0007,68850837.36489743
2026-02-02 00:00:00+00:00,1.0005,1.0021,1.0005,1.0012,160515792.42962044
2026-02-03 00:00:00+00:00,1.0012,1.0014,1.0005,1.0011,72787791.124997
2026-02-04 00:00:00+00:00,1.0013,1.0016,0.99982,1.0012,79330997.27800493
2026-02-05 00:00:00+00:00,1.0012,1.0021,0.99984,1.0011,174945958.39179927
2026-02-06 00:00:00+00:00,1.0013,1.0013,1.0002,1.0011,70299183.491512
2026-02-07 00:00:00+00:00,1.0009,1.0012,1.0003,1.0008,18315232.50920431
2026-02-08 00:00:00+00:00,1.0008,1.0011,1.0004,1.0004,20155583.33657454
2026-02-09 00:00:00+00:00,1.0004,1.001,1.0002,1.0006,43006792.85411861
2026-02-10 00:00:00+00:00,1.0006,1.001,1.0002,1.0009,35455120.56527378
2026-02-11 00:00:00+00:00,1.0008,1.0012,1.0006,1.0012,19915391.51296076
2026-02-12 00:00:00+00:00,1.001,1.0013,1.0006,1.0013,42994695.09653866
2026-02-13 00:00:00+00:00,1.0012,1.0014,1.0006,1.0007,31612536.62773929
2026-02-14 00:00:00+00:00,1.0006,1.0008,1.0002,1.0004,27046967.27823447
2026-02-15 00:00:00+00:00,1.0004,1.001,1.0002,1.0008,36326603.39861551
2026-02-16 00:00:00+00:00,1.0006,1.0014,1.0006,1.001,40837256.14224436
2026-02-17 00:00:00+00:00,1.001,1.0014,1.0009,1.0011,32169485.24833132
2026-02-18 00:00:00+00:00,1.0012,1.0013,1.0007,1.0013,64976950.22714253
2026-02-19 00:00:00+00:00,1.0013,1.0014,1.0009,1.0011,109036521.33034873
2026-02-20 00:00:00+00:00,1.0011,1.0011,1.0004,1.0008,42074242.19703843
2026-02-21 00:00:00+00:00,1.0009,1.001,1.0004,1.0005,7376501.51067628
2026-02-22 00:00:00+00:00,1.0005,1.0011,1.0,1.0009,34105576.66973478
2026-02-23 00:00:00+00:00,1.0009,1.0015,1.0009,1.0011,67067018.95120502
2026-02-24 00:00:00+00:00,1.0012,1.0021,1.0011,1.0012,105399288.93673629
2026-02-25 00:00:00+00:00,1.0012,1.0017,1.0011,1.0014,243992239.21156982
2026-02-26 00:00:00+00:00,1.0015,1.0016,1.001,1.0013,150864812.12393063
2026-02-27 00:00:00+00:00,1.0011,1.0014,1.001,1.0011,78918550.34496866
2026-02-28 00:00:00+00:00,1.0011,1.0014,1.0003,1.0012,223764280.22193673
2026-03-01 00:00:00+00:00,1.001,1.0012,1.0,1.0005,64465678.75685133
2026-03-02 00:00:00+00:00,1.0004,1.0009,1.0001,1.0004,102339512.25146466
2026-03-03 00:00:00+00:00,1.0005,1.0009,1.0001,1.0004,62997413.38521351
2026-03-04 00:00:00+00:00,1.0004,1.0005,0.99981,1.0001,88214955.50202195
2026-03-05 00:00:00+00:00,1.0001,1.0004,0.99976,0.99978,87699320.85660002
2026-03-06 00:00:00+00:00,0.99989,1.0,0.99976,0.99985,56904267.31375163
2026-03-07 00:00:00+00:00,0.99991,1.0001,0.9998,0.99982,17890569.86756292
2026-03-08 00:00:00+00:00,0.99981,1.0,0.99981,0.99999,22167127.93754059
2026-03-09 00:00:00+00:00,0.99999,1.0006,0.99997,1.0006,21135200.24969845
2026-03-10 00:00:00+00:00,1.0005,1.0007,1.0001,1.0003,15549017.72167071
2026-03-11 00:00:00+00:00,1.0002,1.0006,1.0001,1.0005,36978338.93020788
2026-03-12 00:00:00+00:00,1.0004,1.0006,1.0,1.0002,43527480.05142429
2026-03-13 00:00:00+00:00,1.0002,1.0003,0.99916,0.99951,90253158.10673808
2026-03-14 00:00:00+00:00,0.99957,1.0007,0.99931,1.0,128912532.50038223
2026-03-15 00:00:00+00:00,1.0,1.0001,0.99948,1.0,82166278.21800926
2026-03-16 00:00:00+00:00,1.0,1.0001,0.99947,0.99989,125068024.08453576
2026-03-17 00:00:00+00:00,0.99987,1.0001,0.9994,0.99984,69292816.26025788
2026-03-18 00:00:00+00:00,0.99983,1.0001,0.99968,0.99991,67671497.99466982
2026-03-19 00:00:00+00:00,0.99991,1.0004,0.99968,1.0,59806518.00044458
2026-03-20 00:00:00+00:00,1.0001,1.0004,0.99999,1.0003,20934696.10404996
2026-03-21 00:00:00+00:00,1.0003,1.0004,0.99956,1.0,35070980.395419
2026-03-22 00:00:00+00:00,1.0001,1.0003,0.99991,1.0002,49408255.21108496
2026-03-23 00:00:00+00:00,1.0001,1.0005,0.99994,1.0,65534984.16330893
2026-03-24 00:00:00+00:00,1.0,1.0002,0.9996,0.99993,33998958.03412657
2026-03-25 00:00:00+00:00,0.99993,0.99993,0.99956,0.99959,7736103.06905391
2026-03-26 00:00:00+00:00,0.99958,0.99999,0.99956,0.99994,35021595.01761458
2026-03-27 00:00:00+00:00,0.99993,0.99996,0.99928,0.99972,31115451.44772864
2026-03-28 00:00:00+00:00,0.99972,0.99981,0.9995,0.99977,22608350.76872408
2026-03-29 00:00:00+00:00,0.99977,0.99999,0.99965,0.99983,30036562.47350368
2026-03-30 00:00:00+00:00,0.99983,1.0001,0.99923,0.99952,94049512.01060253
2026-03-31 00:00:00+00:00,0.99952,0.9999,0.99932,0.99947,23748135.673718728
2026-04-01 00:00:00+00:00,0.99947,0.99969,0.99937,0.99953,30701408.18578152
2026-04-02 00:00:00+00:00,0.9995,0.99969,0.99938,0.99969,25074848.45944537
2026-04-03 00:00:00+00:00,0.99966,0.99969,0.99919,0.99947,23776101.3344309
2026-04-04 00:00:00+00:00,0.99947,0.99997,0.99935,0.99986,34381444.47107342
2026-04-05 00:00:00+00:00,0.99991,0.99991,0.99948,0.99951,25171416.39828413
2026-04-06 00:00:00+00:00,0.99955,0.99971,0.99941,0.99954,32071834.81597056
2026-04-07 00:00:00+00:00,0.99954,1.0001,0.99943,0.9996,54537397.55938356
2026-04-08 00:00:00+00:00,0.99951,0.99999,0.99913,0.99967,38400353.62456463
2026-04-09 00:00:00+00:00,0.99967,0.99983,0.99926,0.9996,29573989.85742567
2026-04-10 00:00:00+00:00,0.99956,1.0,0.99942,0.99982,46691702.71509306
2026-04-11 00:00:00+00:00,0.99982,1.0002,0.99981,0.99993,16689557.82495441
2026-04-12 00:00:00+00:00,0.99993,1.0,0.9995,0.99971,32864529.229059238
2026-04-13 00:00:00+00:00,0.9997,1.0002,0.999,1.0001,78410136.74669784
2026-04-14 00:00:00+00:00,1.0,1.0007,0.99977,0.99981,108098716.01091851
2026-04-15 00:00:00+00:00,0.99983,1.0001,0.99974,0.99999,40867424.29372005
2026-04-16 00:00:00+00:00,0.99999,1.0002,0.99981,0.99983,40740663.75470368
2026-04-17 00:00:00+00:00,0.99982,1.0001,0.99926,0.9999,76276292.2632963
2026-04-18 00:00:00+00:00,0.9999,1.0001,0.9997,1.0001,36262720.7909429
2026-04-19 00:00:00+00:00,1.0001,1.0002,0.99993,1.0,23306676.86472353
2026-04-20 00:00:00+00:00,1.0,1.0005,0.99999,1.0,68949427.36257899
2026-04-21 00:00:00+00:00,1.0,1.0003,0.99997,1.0,49560690.3126499
2026-04-22 00:00:00+00:00,1.0001,1.0002,0.99997,1.0001,26500273.96461604
2026-04-23 00:00:00+00:00,1.0,1.0011,1.0,1.0007,97179041.86120869
2026-04-24 00:00:00+00:00,1.0007,1.0008,1.0,1.0003,77244467.47383197
2026-04-25 00:00:00+00:00,1.0003,1.0003,1.0,1.0001,7831797.8339085905
2026-04-26 00:00:00+00:00,1.0,1.0007,0.99999,1.0005,50314299.88728564
2026-04-27 00:00:00+00:00,1.0005,1.0007,1.0,1.0004,87934696.72503684
2026-04-28 00:00:00+00:00,1.0006,1.0011,1.0,1.0007,100189665.82978925
2026-04-29 00:00:00+00:00,1.0007,1.0008,1.0,1.0,69063824.8088656
2026-04-30 00:00:00+00:00,1.0001,1.0004,0.99981,1.0,52418528.42634102
2026-05-01 00:00:00+00:00,1.0,1.0001,0.99956,0.99959,49679011.51326251
2026-05-02 00:00:00+00:00,0.99958,1.0,0.99956,0.99962,21637920.59913811
2026-05-03 00:00:00+00:00,0.99963,0.99999,0.99948,0.99981,37002744.158398554
2026-05-04 00:00:00+00:00,0.99981,0.99998,0.99921,0.99956,46435875.89860356
2026-05-05 00:00:00+00:00,0.99958,0.99999,0.99909,0.99932,58439159.718615726
2026-05-06 00:00:00+00:00,0.99939,0.99989,0.99921,0.99926,32395859.53080348
2026-05-07 00:00:00+00:00,0.99927,1.0,0.99926,0.99951,87230047.26559447
2026-05-08 00:00:00+00:00,0.99954,0.9999,0.99951,0.99985,39684767.00288357
2026-05-09 00:00:00+00:00,0.99985,0.99999,0.99949,0.99961,38087693.58008233
2026-05-10 00:00:00+00:00,0.99962,0.99971,0.99927,0.99943,18152556.43519183
2026-05-11 00:00:00+00:00,0.99938,0.99989,0.99933,0.99933,24160611.06329033
2026-05-12 00:00:00+00:00,0.99933,0.99991,0.99933,0.99952,45621083.27613163
2026-05-13 00:00:00+00:00,0.99954,0.9996,0.99935,0.99946,25275468.07249974
2026-05-14 00:00:00+00:00,0.99948,0.99959,0.99938,0.99953,35934622.32669814
2026-05-15 00:00:00+00:00,0.99954,0.9996,0.99936,0.99939,22672750.632234402
2026-05-16 00:00:00+00:00,0.99939,0.99989,0.99936,0.99937,43986463.07916015
2026-05-17 00:00:00+00:00,0.99936,0.99989,0.99936,0.99955,31658152.44899417
2026-05-18 00:00:00+00:00,0.99955,0.9999,0.99936,0.99985,46902236.20186392
2026-05-19 00:00:00+00:00,0.9999,1.0004,0.99948,1.0003,73032265.56704031
2026-05-20 00:00:00+00:00,1.0003,1.0006,0.99963,1.0004,60601263.63964705
2026-05-21 00:00:00+00:00,1.0005,1.0006,0.99979,0.99989,84376337.16710532
2026-05-22 00:00:00+00:00,0.99987,1.0004,0.9998,1.0,64655964.79717728
2026-05-23 00:00:00+00:00,1.0,1.0007,0.99996,1.0007,37887301.77249539
2026-05-24 00:00:00+00:00,1.0006,1.0009,1.0002,1.0009,43983410.06011394
2026-05-25 00:00:00+00:00,1.0009,1.001,1.0,1.0005,80490294.81973843
2026-05-26 00:00:00+00:00,1.0007,1.0008,0.99999,1.0002,76442157.55391733
2026-05-27 00:00:00+00:00,1.0001,1.0004,0.99978,0.99988,39769703.49006468
2026-05-28 00:00:00+00:00,0.99987,0.9999,0.99921,0.99967,66292756.25751516
2026-05-29 00:00:00+00:00,0.99967,1.0001,0.99962,1.0,32903538.61973398
2026-05-30 00:00:00+00:00,1.0,1.0004,0.99971,1.0003,33341348.51184333
2026-05-31 00:00:00+00:00,1.0003,1.0005,0.9999,1.0004,21630855.79380492
2026-06-01 00:00:00+00:00,1.0004,1.0006,0.99981,0.99993,44428877.3856918
2026-06-02 00:00:00+00:00,0.99992,1.0006,0.99918,0.99925,68102878.1161123
2026-06-03 00:00:00+00:00,0.99925,0.99985,0.99861,0.99884,134288413.9531103
2026-06-04 00:00:00+00:00,0.99884,0.9996,0.9986,0.99935,165981519.08223417
2026-06-05 00:00:00+00:00,0.99936,1.0011,0.9987,1.001,166333864.03166413
2026-06-06 00:00:00+00:00,1.001,1.0011,1.0005,1.001,28041985.06412477
2026-06-07 00:00:00+00:00,1.0009,1.0011,1.0009,1.001,20032816.14184019
2026-06-08 00:00:00+00:00,1.0011,1.0011,1.0007,1.001,25316120.58319112
2026-06-09 00:00:00+00:00,1.001,1.001,1.0008,1.0008,21885466.32609195
2026-06-10 00:00:00+00:00,1.0008,1.0009,1.0002,1.0005,29149870.76256446
2026-06-11 00:00:00+00:00,1.0006,1.0007,1.0001,1.0001,28526068.17037488
2026-06-12 00:00:00+00:00,1.0001,1.0002,0.99945,0.99961,56703200.30669791
2026-06-13 00:00:00+00:00,0.9996,0.99972,0.99861,0.99863,78351414.06862597
2026-06-14 00:00:00+00:00,0.99863,0.9992,0.99791,0.99871,98064754.20793706
2026-06-15 00:00:00+00:00,0.99871,0.9998,0.99871,0.9993,146665459.0325676
2026-06-16 00:00:00+00:00,0.9993,0.99999,0.99882,0.99885,116295106.32266822
2026-06-17 00:00:00+00:00,0.99885,0.999,0.9972,0.99812,43076399.34355612
2026-06-18 00:00:00+00:00,0.99811,0.99921,0.99806,0.99881,35763998.96261377
2026-06-19 00:00:00+00:00,0.99881,0.99949,0.99881,0.99944,17016727.51646694
2026-06-20 00:00:00+00:00,0.99945,0.99989,0.99938,0.99972,11212021.62446101
2026-06-21 00:00:00+00:00,0.99972,0.99989,0.99936,0.99962,7699920.73618575
2026-06-22 00:00:00+00:00,0.99962,1.0001,0.99956,0.99997,52891573.965047464
2026-06-23 00:00:00+00:00,0.99998,1.0002,0.99968,1.0002,19133699.28744093
2026-06-24 00:00:00+00:00,1.0001,1.0007,0.99999,1.0004,61037802.77949132
2026-06-25 00:00:00+00:00,1.0005,1.0006,0.99988,1.0002,72098415.5489751
2026-06-26 00:00:00+00:00,1.0003,1.0005,0.99995,1.0,44932724.60812038
2026-06-27 00:00:00+00:00,1.0,1.0003,0.99969,0.99986,17948353.72188595
2026-06-28 00:00:00+00:00,0.99987,1.0001,0.99962,0.99991,32788072.56434221
2026-06-29 00:00:00+00:00,0.9999,0.99999,0.99971,0.99984,21518239.23931317
2026-06-30 00:00:00+00:00,0.99984,1.0002,0.99968,1.0002,28019079.68217906
2026-07-01 00:00:00+00:00,1.0002,1.0003,0.9999,1.0002,26976186.39229988
2026-07-02 00:00:00+00:00,1.0002,1.0006,1.0,1.0004,19804545.5980104
2026-07-03 00:00:00+00:00,1.0003,1.001,1.0003,1.0006,20315188.49017748
2026-07-04 00:00:00+00:00,1.0006,1.0009,1.0,1.0003,19997330.06713534
2026-07-05 00:00:00+00:00,1.0003,1.0004,1.0001,1.0003,7631964.68931021
2026-07-06 00:00:00+00:00,1.0003,1.001,1.0,1.0004,49334804.54457676
2026-07-07 00:00:00+00:00,1.0003,1.0006,0.9999,1.0001,26147681.35982934
2026-07-08 00:00:00+00:00,1.0001,1.0003,0.99981,1.0,10500785.8698739
2026-07-09 00:00:00+00:00,1.0,1.0003,0.9999,1.0001,29275988.30297003
2026-07-10 00:00:00+00:00,1.0001,1.0002,0.9999,0.99996,19678197.06597103
2026-07-11 00:00:00+00:00,0.99998,0.99998,0.99981,0.99989,7291358.20330602
2026-07-12 00:00:00+00:00,0.9999,0.99998,0.99981,0.99994,7366671.66178913
2026-07-13 00:00:00+00:00,0.99994,1.0004,0.999,1.0001,51832522.761078194
2026-07-14 00:00:00+00:00,1.0001,1.0008,1.0,1.0007,43380300.90161842
2026-07-15 00:00:00+00:00,1.0008,1.001,1.0004,1.0006,61792241.26913524
2026-07-16 00:00:00+00:00,1.0006,1.0007,1.0001,1.0003,32839728.04513245
2026-07-17 00:00:00+00:00,1.0002,1.0009,1.0001,1.0006,59350537.65061201
2026-07-18 00:00:00+00:00,1.0005,1.0007,1.0003,1.0004,9497157.31244877
2026-07-19 00:00:00+00:00,1.0005,1.0007,1.0004,1.0005,17219205.13322828
2026-07-20 00:00:00+00:00,1.0006,1.001,1.0001,1.0006,50975139.27943779
2026-07-21 00:00:00+00:00,1.0006,1.0007,1.0003,1.0007,14388581.20890191
2026-07-22 00:00:00+00:00,1.0006,1.0007,1.0001,1.0001,21834548.30290323
2026-07-23 00:00:00+00:00,1.0001,1.0007,1.0001,1.0006,19578460.41954308
2026-07-24 00:00:00+00:00,1.0007,1.001,1.0002,1.0005,69654973.19107325
2026-07-25 00:00:00+00:00,1.0005,1.0007,1.0004,1.0004,22542954.51292891
2026-07-26 00:00:00+00:00,1.0004,1.0009,1.0004,1.0007,40053391.55523013
2026-07-27 00:00:00+00:00,1.0007,1.0008,1.0001,1.0002,39046138.35838829
2026-07-28 00:00:00+00:00,1.0003,1.0005,1.0001,1.0002,12075222.99265391
2026-07-29 00:00:00+00:00,1.0002,1.0004,1.0001,1.0001,15695728.82620927
2026-07-30 00:00:00+00:00,1.0001,1.0004,1.0,1.0004,16028696.892713329
2026-07-31 00:00:00+00:00,1.0003,1.0005,1.0,1.0003,10052706.14831278
2026-08-01 00:00:00+00:00,1.0004,1.0004,1.0,1.0001,12300782.644337941
2026-08-02 00:00:00+00:00,1.0001,1.0005,1.0,1.0004,9628084.78338327
2026-08-03 00:00:00+00:00,1.0005,1.0005,1.0,1.0003,13511875.26968251
2026-08-04 00:00:00+00:00,1.0003,1.0005,1.0,1.0001,27298882.363487132
2026-08-05 00:00:00+00:00,1.0001,1.0004,1.0,1.0002,16260032.82221966
2026-08-06 00:00:00+00:00,1.0003,1.0005,1.0001,1.0003,32229275.91425188
2026-08-07 00:00:00+00:00,1.0003,1.0004,1.0001,1.0004,7592782.23768814
2026-08-08 00:00:00+00:00,1.0003,1.0005,1.0002,1.0004,2687749.14582756
2026-08-09 00:00:00+00:00,1.0003,1.0005,1.0003,1.0003,3201011.29213222
2026-08-10 00:00:00+00:00,1.0004,1.0004,1.0001,1.0003,12997794.15257601
2026-08-11 00:00:00+00:00,1.0003,1.0007,1.0002,1.0005,32690107.05784699
2026-08-12 00:00:00+00:00,1.0004,1.0005,1.0001,1.0002,28132623.11480909
2026-08-13 00:00:00+00:00,1.0002,1.0005,1.0002,1.0003,11582966.26526913
2026-08-14 00:00:00+00:00,1.0004,1.0005,1.0002,1.0003,11374455.27207888
2026-08-15 00:00:00+00:00,1.0003,1.0007,1.0003,1.0004,10626897.76379381
2026-08-16 00:00:00+00:00,1.0004,1.0006,1.0002,1.0003,14334199.8131782
2026-08-17 00:00:00+00:00,1.0003,1.0005,1.0001,1.0004,18156790.3022521
2026-08-18 00:00:00+00:00,1.0003,1.0007,1.0001,1.0007,18110808.7938285
2026-08-19 00:00:00+00:00,1.0007,1.0009,1.0,1.0006,64485880.06133164
2026-08-20 00:00:00+00:00,1.0005,1.0006,0.99981,1.0002,43837847.2020858
2026-08-21 00:00:00+00:00,1.0001,1.001,0.9999,1.0005,64935718.18417485
2026-08-22 00:00:00+00:00,1.0005,1.001,1.0004,1.001,34521605.57220658
2026-08-23 00:00:00+00:00,1.0009,1.0011,0.9998,1.0001,32293073.6970723
