time,dxy,us10y,vix
2015-01-02 00:00:00+00:00,91.08000183105469,2.122999906539917,17.790000915527344
2015-01-05 00:00:00+00:00,91.37999725341797,2.0390000343322754,19.920000076293945
2015-01-06 00:00:00+00:00,91.5,1.9630000591278076,21.1200008392334
2015-01-07 00:00:00+00:00,91.88999938964844,1.9539999961853027,19.309999465942383
2015-01-08 00:00:00+00:00,92.37000274658203,2.0160000324249268,17.010000228881836
2015-01-09 00:00:00+00:00,91.94000244140625,1.9709999561309814,17.549999237060547
2015-01-12 00:00:00+00:00,91.9800033569336,1.9119999408721924,19.600000381469727
2015-01-13 00:00:00+00:00,92.30999755859375,1.8899999856948853,20.559999465942383
2015-01-14 00:00:00+00:00,92.16000366210938,1.8370000123977661,21.479999542236328
2015-01-15 00:00:00+00:00,92.3499984741211,1.774999976158142,22.389999389648438
2015-01-16 00:00:00+00:00,92.5199966430664,1.815000057220459,20.950000762939453
2015-01-20 00:00:00+00:00,93.05000305175781,1.8070000410079956,19.889999389648438
2015-01-21 00:00:00+00:00,92.9000015258789,1.8530000448226929,18.850000381469727
2015-01-22 00:00:00+00:00,94.23999786376953,1.8960000276565552,16.399999618530273
2015-01-23 00:00:00+00:00,95.0,1.8170000314712524,16.65999984741211
2015-01-26 00:00:00+00:00,94.80000305175781,1.8279999494552612,15.520000457763672
2015-01-27 00:00:00+00:00,94.0199966430664,1.8250000476837158,17.219999313354492
2015-01-28 00:00:00+00:00,94.47000122070312,1.7239999771118164,20.440000534057617
2015-01-29 00:00:00+00:00,94.77999877929688,1.7510000467300415,18.760000228881836
2015-01-30 00:00:00+00:00,94.80000305175781,1.6749999523162842,20.969999313354492
2015-02-02 00:00:00+00:00,94.5,1.6729999780654907,19.43000030517578
2015-02-03 00:00:00+00:00,93.5999984741211,1.7799999713897705,17.329999923706055
2015-02-04 00:00:00+00:00,93.98999786376953,1.7970000505447388,18.329999923706055
2015-02-05 00:00:00+00:00,94.69999694824219,1.815000057220459,16.850000381469727
2015-02-06 00:00:00+00:00,94.69999694824219,1.937999963760376,17.290000915527344
2015-02-09 00:00:00+00:00,94.44999694824219,1.9479999542236328,18.549999237060547
2015-02-10 00:00:00+00:00,94.76000213623047,1.9910000562667847,17.229999542236328
2015-02-11 00:00:00+00:00,94.98999786376953,1.9880000352859497,16.959999084472656
2015-02-12 00:00:00+00:00,94.08999633789062,1.9859999418258667,15.34000015258789
2015-02-13 00:00:00+00:00,94.19999694824219,2.0209999084472656,14.6899995803833
2015-02-17 00:00:00+00:00,94.05999755859375,2.1449999809265137,15.800000190734863
2015-02-18 00:00:00+00:00,94.19999694824219,2.065999984741211,15.449999809265137
2015-02-19 00:00:00+00:00,94.4000015258789,2.11299991607666,15.289999961853027
2015-02-20 00:00:00+00:00,94.25,2.132999897003174,14.300000190734863
2015-02-23 00:00:00+00:00,94.56999969482422,2.059000015258789,14.5600004196167
2015-02-24 00:00:00+00:00,94.48999786376953,1.9880000352859497,13.6899995803833
2015-02-25 00:00:00+00:00,94.20999908447266,1.968999981880188,13.84000015258789
2015-02-26 00:00:00+00:00,95.29000091552734,2.0160000324249268,13.90999984741211
2015-02-27 00:00:00+00:00,95.25,2.002000093460083,13.34000015258789
2015-03-02 00:00:00+00:00,95.45999908447266,2.0840001106262207,13.039999961853027
2015-03-03 00:00:00+00:00,95.37999725341797,2.121999979019165,13.859999656677246
2015-03-04 00:00:00+00:00,95.97000122070312,2.122999906539917,14.229999542236328
2015-03-05 00:00:00+00:00,96.37999725341797,2.111999988555908,14.039999961853027
2015-03-06 00:00:00+00:00,97.62000274658203,2.240000009536743,15.199999809265137
2015-03-09 00:00:00+00:00,97.58999633789062,2.194999933242798,15.0600004196167
2015-03-10 00:00:00+00:00,98.62000274658203,2.125999927520752,16.690000534057617
2015-03-11 00:00:00+00:00,99.80000305175781,2.1089999675750732,16.8700008392334
2015-03-12 00:00:00+00:00,99.1500015258789,2.0959999561309814,15.420000076293945
2015-03-13 00:00:00+00:00,100.33000183105469,2.111999988555908,16.0
2015-03-16 00:00:00+00:00,99.5999984741211,2.0980000495910645,15.609999656677246
2015-03-17 00:00:00+00:00,99.58999633789062,2.058000087738037,15.65999984741211
2015-03-18 00:00:00+00:00,98.55000305175781,1.9509999752044678,13.970000267028809
2015-03-19 00:00:00+00:00,99.0999984741211,1.9769999980926514,14.069999694824219
2015-03-20 00:00:00+00:00,97.91000366210938,1.9299999475479126,13.020000457763672
2015-03-23 00:00:00+00:00,97.02999877929688,1.9149999618530273,13.40999984741211
2015-03-24 00:00:00+00:00,97.19000244140625,1.878000020980835,13.619999885559082
2015-03-25 00:00:00+00:00,96.9800033569336,1.9199999570846558,15.4399995803833
2015-03-26 00:00:00+00:00,97.44000244140625,2.006999969482422,15.800000190734863
2015-03-27 00:00:00+00:00,97.29000091552734,1.9479999542236328,15.069999694824219
2015-03-30 00:00:00+00:00,97.9800033569336,1.9630000591278076,14.510000228881836
2015-03-31 00:00:00+00:00,98.36000061035156,1.934000015258789,15.289999961853027
2015-04-01 00:00:00+00:00,98.19000244140625,1.8680000305175781,15.109999656677246
2015-04-02 00:00:00+00:00,97.44000244140625,1.9040000438690186,14.670000076293945
2015-04-06 00:00:00+00:00,97.11000061035156,1.9040000438690186,14.739999771118164
2015-04-07 00:00:00+00:00,97.83000183105469,1.8930000066757202,14.779999732971191
2015-04-08 00:00:00+00:00,98.06999969482422,1.8949999809265137,13.979999542236328
2015-04-09 00:00:00+00:00,99.16000366210938,1.9579999446868896,13.09000015258789
2015-04-10 00:00:00+00:00,99.38999938964844,1.9509999752044678,12.579999923706055
2015-04-13 00:00:00+00:00,99.48999786376953,1.9390000104904175,13.9399995803833
2015-04-14 00:00:00+00:00,98.76000213623047,1.9040000438690186,13.670000076293945
2015-04-15 00:00:00+00:00,98.33000183105469,1.899999976158142,12.84000015258789
2015-04-16 00:00:00+00:00,97.41999816894531,1.878000020980835,12.600000381469727
2015-04-17 00:00:00+00:00,97.5199966430664,1.850000023841858,13.890000343322754
2015-04-20 00:00:00+00:00,97.94000244140625,1.8949999809265137,13.300000190734863
2015-04-21 00:00:00+00:00,97.9800033569336,1.9160000085830688,13.25
2015-04-22 00:00:00+00:00,98.0199966430664,1.972000002861023,12.710000038146973
2015-04-23 00:00:00+00:00,97.27999877929688,1.9470000267028809,12.479999542236328
2015-04-24 00:00:00+00:00,96.91999816894531,1.9170000553131104,12.289999961853027
2015-04-27 00:00:00+00:00,96.7699966430664,1.9240000247955322,13.119999885559082
2015-04-28 00:00:00+00:00,96.08999633789062,1.9730000495910645,12.40999984741211
2015-04-29 00:00:00+00:00,95.12000274658203,2.0350000858306885,13.390000343322754
2015-04-30 00:00:00+00:00,94.5999984741211,2.0460000038146973,14.550000190734863
2015-05-01 00:00:00+00:00,95.30000305175781,2.117000102996826,12.699999809265137
2015-05-04 00:00:00+00:00,95.4800033569336,2.134999990463257,12.850000381469727
2015-05-05 00:00:00+00:00,95.12999725341797,2.1760001182556152,14.3100004196167
2015-05-06 00:00:00+00:00,94.12999725341797,2.240000009536743,15.149999618530273
2015-05-07 00:00:00+00:00,94.62000274658203,2.184000015258789,15.130000114440918
2015-05-08 00:00:00+00:00,94.79000091552734,2.1500000953674316,12.859999656677246
2015-05-11 00:00:00+00:00,95.01000213623047,2.2739999294281006,13.850000381469727
2015-05-12 00:00:00+00:00,94.52999877929688,2.259999990463257,13.859999656677246
2015-05-13 00:00:00+00:00,93.62000274658203,2.2820000648498535,13.760000228881836
2015-05-14 00:00:00+00:00,93.36000061035156,2.239000082015991,12.739999771118164
2015-05-15 00:00:00+00:00,93.13999938964844,2.1410000324249268,12.380000114440918
2015-05-18 00:00:00+00:00,94.19000244140625,2.2279999256134033,12.729999542236328
2015-05-19 00:00:00+00:00,95.2699966430664,2.26200008392334,12.850000381469727
2015-05-20 00:00:00+00:00,95.44999694824219,2.250999927520752,12.880000114440918
2015-05-21 00:00:00+00:00,95.26000213623047,2.184999942779541,12.109999656677246
2015-05-22 00:00:00+00:00,96.01000213623047,2.2149999141693115,12.130000114440918
2015-05-26 00:00:00+00:00,97.30000305175781,2.13700008392334,14.0600004196167
2015-05-27 00:00:00+00:00,97.37000274658203,2.134999990463257,13.270000457763672
2015-05-28 00:00:00+00:00,96.97000122070312,2.130000114440918,13.3100004196167
2015-05-29 00:00:00+00:00,96.91000366210938,2.0950000286102295,13.84000015258789
2015-06-01 00:00:00+00:00,97.38999938964844,2.191999912261963,13.970000267028809
2015-06-02 00:00:00+00:00,95.83999633789062,2.2660000324249268,14.239999771118164
2015-06-03 00:00:00+00:00,95.47000122070312,2.365999937057495,13.65999984741211
2015-06-04 00:00:00+00:00,95.45999908447266,2.306999921798706,14.710000038146973
2015-06-05 00:00:00+00:00,96.30999755859375,2.4019999504089355,14.210000038146973
2015-06-08 00:00:00+00:00,95.30000305175781,2.38100004196167,15.289999961853027
2015-06-09 00:00:00+00:00,95.16999816894531,2.4170000553131104,14.470000267028809
2015-06-10 00:00:00+00:00,94.6500015258789,2.4779999256134033,13.220000267028809
2015-06-11 00:00:00+00:00,94.9800033569336,2.382999897003174,12.850000381469727
2015-06-12 00:00:00+00:00,94.97000122070312,2.384999990463257,13.779999732971191
2015-06-15 00:00:00+00:00,94.80999755859375,2.3580000400543213,15.390000343322754
2015-06-16 00:00:00+00:00,95.0,2.318000078201294,14.8100004196167
2015-06-17 00:00:00+00:00,94.30000305175781,2.305999994277954,14.5
2015-06-18 00:00:00+00:00,94.04000091552734,2.3510000705718994,13.1899995803833
2015-06-19 00:00:00+00:00,94.08999633789062,2.2669999599456787,13.960000038146973
2015-06-22 00:00:00+00:00,94.33000183105469,2.359999895095825,12.739999771118164
2015-06-23 00:00:00+00:00,95.43000030517578,2.4089999198913574,12.109999656677246
2015-06-24 00:00:00+00:00,95.26000213623047,2.371000051498413,13.260000228881836
2015-06-25 00:00:00+00:00,95.19000244140625,2.3929998874664307,14.010000228881836
2015-06-26 00:00:00+00:00,95.47000122070312,2.4760000705718994,14.020000457763672
2015-06-29 00:00:00+00:00,94.79000091552734,2.3310000896453857,18.850000381469727
2015-06-30 00:00:00+00:00,95.48999786376953,2.3350000381469727,18.229999542236328
2015-07-01 00:00:00+00:00,96.30999755859375,2.4179999828338623,16.09000015258789
2015-07-02 00:00:00+00:00,96.11000061035156,2.3929998874664307,16.790000915527344
2015-07-06 00:00:00+00:00,96.30000305175781,2.2780001163482666,17.010000228881836
2015-07-07 00:00:00+00:00,96.87000274658203,2.2309999465942383,16.09000015258789
2015-07-08 00:00:00+00:00,96.29000091552734,2.2060000896453857,19.65999984741211
2015-07-09 00:00:00+00:00,96.61000061035156,2.3010001182556152,19.969999313354492
2015-07-10 00:00:00+00:00,96.02999877929688,2.4170000553131104,16.829999923706055
2015-07-13 00:00:00+00:00,96.86000061035156,2.430000066757202,13.899999618530273
2015-07-14 00:00:00+00:00,96.63999938964844,2.3989999294281006,13.369999885559082
2015-07-15 00:00:00+00:00,97.12999725341797,2.3499999046325684,13.229999542236328
2015-07-16 00:00:00+00:00,97.66000366210938,2.3519999980926514,12.109999656677246
2015-07-17 00:00:00+00:00,97.86000061035156,2.3489999771118164,11.949999809265137
2015-07-20 00:00:00+00:00,98.02999877929688,2.371999979019165,12.25
2015-07-21 00:00:00+00:00,97.33000183105469,2.3399999141693115,12.220000267028809
2015-07-22 00:00:00+00:00,97.5999984741211,2.322000026702881,12.119999885559082
2015-07-23 00:00:00+00:00,97.12000274658203,2.2769999504089355,12.640000343322754
2015-07-24 00:00:00+00:00,97.23999786376953,2.2709999084472656,13.739999771118164
2015-07-27 00:00:00+00:00,96.5,2.2279999256134033,15.600000381469727
2015-07-28 00:00:00+00:00,96.7699966430664,2.25,13.4399995803833
2015-07-29 00:00:00+00:00,96.9800033569336,2.2790000438690186,12.5
2015-07-30 00:00:00+00:00,97.55999755859375,2.2679998874664307,12.130000114440918
2015-07-31 00:00:00+00:00,97.37000274658203,2.2049999237060547,12.119999885559082
2015-08-03 00:00:00+00:00,97.48999786376953,2.1500000953674316,12.5600004196167
2015-08-04 00:00:00+00:00,97.93000030517578,2.2109999656677246,13.0
2015-08-05 00:00:00+00:00,97.95999908447266,2.2679998874664307,12.510000228881836
2015-08-06 00:00:00+00:00,97.83000183105469,2.2339999675750732,13.770000457763672
2015-08-07 00:00:00+00:00,97.55999755859375,2.174999952316284,13.390000343322754
2015-08-10 00:00:00+00:00,97.16000366210938,2.23799991607666,12.229999542236328
2015-08-11 00:00:00+00:00,97.29000091552734,2.13700008392334,13.710000038146973
2015-08-12 00:00:00+00:00,96.26000213623047,2.130000114440918,13.609999656677246
2015-08-13 00:00:00+00:00,96.44999694824219,2.188999891281128,13.489999771118164
2015-08-14 00:00:00+00:00,96.56999969482422,2.196000099182129,12.829999923706055
2015-08-17 00:00:00+00:00,96.81999969482422,2.1500000953674316,13.020000457763672
2015-08-18 00:00:00+00:00,96.97000122070312,2.196000099182129,13.789999961853027
2015-08-19 00:00:00+00:00,96.45999908447266,2.128999948501587,15.25
2015-08-20 00:00:00+00:00,95.75,2.0840001106262207,19.139999389648438
2015-08-21 00:00:00+00:00,94.83000183105469,2.053999900817871,28.030000686645508
2015-08-24 00:00:00+00:00,93.30999755859375,1.996999979019165,40.7400016784668
2015-08-25 00:00:00+00:00,94.52999877929688,2.132999897003174,36.02000045776367
2015-08-26 00:00:00+00:00,95.0999984741211,2.171999931335449,30.31999969482422
2015-08-27 00:00:00+00:00,95.61000061035156,2.1679999828338623,26.100000381469727
2015-08-28 00:00:00+00:00,96.11000061035156,2.186000108718872,26.049999237060547
2015-08-31 00:00:00+00:00,95.94999694824219,2.200000047683716,28.43000030517578
2015-09-01 00:00:00+00:00,95.44999694824219,2.171999931335449,31.399999618530273
2015-09-02 00:00:00+00:00,95.83000183105469,2.193000078201294,26.09000015258789
2015-09-03 00:00:00+00:00,96.41000366210938,2.1679999828338623,25.610000610351562
2015-09-04 00:00:00+00:00,96.2300033569336,2.128000020980835,27.799999237060547
2015-09-08 00:00:00+00:00,95.87999725341797,2.194000005722046,24.899999618530273
2015-09-09 00:00:00+00:00,96.01000213623047,2.180999994277954,26.229999542236328
2015-09-10 00:00:00+00:00,95.45999908447266,2.2219998836517334,24.3700008392334
2015-09-11 00:00:00+00:00,95.19000244140625,2.183000087738037,23.200000762939453
2015-09-14 00:00:00+00:00,95.25,2.180000066757202,24.25
2015-09-15 00:00:00+00:00,95.61000061035156,2.2809998989105225,22.540000915527344
2015-09-16 00:00:00+00:00,95.41999816894531,2.302999973297119,21.350000381469727
2015-09-17 00:00:00+00:00,94.55000305175781,2.2170000076293945,21.139999389648438
2015-09-18 00:00:00+00:00,94.86000061035156,2.130000114440918,22.280000686645508
2015-09-21 00:00:00+00:00,95.88999938964844,2.2139999866485596,20.139999389648438
2015-09-22 00:00:00+00:00,96.27999877929688,2.125,22.440000534057617
2015-09-23 00:00:00+00:00,96.06999969482422,2.1440000534057617,22.1299991607666
2015-09-24 00:00:00+00:00,95.98999786376953,2.119999885559082,23.469999313354492
2015-09-25 00:00:00+00:00,96.2699966430664,2.1679999828338623,23.6200008392334
2015-09-28 00:00:00+00:00,96.02999877929688,2.0950000286102295,27.6299991607666
2015-09-29 00:00:00+00:00,95.88999938964844,2.053999900817871,26.829999923706055
2015-09-30 00:00:00+00:00,96.3499984741211,2.059999942779541,24.5
2015-10-01 00:00:00+00:00,96.19000244140625,2.0420000553131104,22.549999237060547
2015-10-02 00:00:00+00:00,95.83000183105469,1.9889999628067017,20.940000534057617
2015-10-05 00:00:00+00:00,96.11000061035156,2.055999994277954,19.540000915527344
2015-10-06 00:00:00+00:00,95.45999908447266,2.0350000858306885,19.399999618530273
2015-10-07 00:00:00+00:00,95.5,2.062000036239624,18.399999618530273
2015-10-08 00:00:00+00:00,95.31999969482422,2.1080000400543213,17.420000076293945
2015-10-09 00:00:00+00:00,94.80999755859375,2.0989999771118164,17.079999923706055
2015-10-12 00:00:00+00:00,94.83999633789062,2.0899999141693115,16.170000076293945
2015-10-13 00:00:00+00:00,94.76000213623047,2.055000066757202,17.670000076293945
2015-10-14 00:00:00+00:00,93.93000030517578,1.9809999465942383,18.030000686645508
2015-10-15 00:00:00+00:00,94.37000274658203,2.0230000019073486,16.049999237060547
2015-10-16 00:00:00+00:00,94.54000091552734,2.0230000019073486,15.050000190734863
2015-10-19 00:00:00+00:00,94.95999908447266,2.0280001163482666,14.979999542236328
2015-10-20 00:00:00+00:00,94.8499984741211,2.071000099182129,15.75
2015-10-21 00:00:00+00:00,95.05000305175781,2.0299999713897705,16.700000762939453
2015-10-22 00:00:00+00:00,96.33999633789062,2.0250000953674316,14.449999809265137
2015-10-23 00:00:00+00:00,97.06999969482422,2.0829999446868896,14.460000038146973
2015-10-26 00:00:00+00:00,96.86000061035156,2.058000087738037,15.289999961853027
2015-10-27 00:00:00+00:00,96.91000366210938,2.0280001163482666,15.430000305175781
2015-10-28 00:00:00+00:00,97.77999877929688,2.0920000076293945,14.329999923706055
2015-10-29 00:00:00+00:00,97.27999877929688,2.1730000972747803,14.609999656677246
2015-10-30 00:00:00+00:00,96.94999694824219,2.1510000228881836,15.069999694824219
2015-11-02 00:00:00+00:00,96.93000030517578,2.187000036239624,14.149999618530273
2015-11-03 00:00:00+00:00,97.16000366210938,2.2200000286102295,14.539999961853027
2015-11-04 00:00:00+00:00,97.94999694824219,2.2300000190734863,15.510000228881836
2015-11-05 00:00:00+00:00,97.94000244140625,2.244999885559082,15.050000190734863
2015-11-06 00:00:00+00:00,99.16000366210938,2.3329999446868896,14.329999923706055
2015-11-09 00:00:00+00:00,98.9800033569336,2.3420000076293945,16.520000457763672
2015-11-10 00:00:00+00:00,99.29000091552734,2.322000026702881,15.289999961853027
2015-11-11 00:00:00+00:00,99.01000213623047,2.3380000591278076,16.059999465942383
2015-11-12 00:00:00+00:00,98.6500015258789,2.319000005722046,18.3700008392334
2015-11-13 00:00:00+00:00,98.98999786376953,2.2799999713897705,20.079999923706055
2015-11-16 00:00:00+00:00,99.44000244140625,2.2730000019073486,18.15999984741211
2015-11-17 00:00:00+00:00,99.62999725341797,2.260999917984009,18.84000015258789
2015-11-18 00:00:00+00:00,99.6500015258789,2.2690000534057617,16.850000381469727
2015-11-19 00:00:00+00:00,98.98999786376953,2.247999906539917,16.989999771118164
2015-11-20 00:00:00+00:00,99.56999969482422,2.26200008392334,15.470000267028809
2015-11-23 00:00:00+00:00,99.80000305175781,2.25,15.619999885559082
2015-11-24 00:00:00+00:00,99.52999877929688,2.243000030517578,15.930000305175781
2015-11-25 00:00:00+00:00,99.80000305175781,2.2320001125335693,15.1899995803833
2015-11-27 00:00:00+00:00,100.0199966430664,2.2249999046325684,15.119999885559082
2015-11-30 00:00:00+00:00,100.16999816894531,2.2179999351501465,16.1299991607666
2015-12-01 00:00:00+00:00,99.80000305175781,2.1549999713897705,14.670000076293945
2015-12-02 00:00:00+00:00,99.98999786376953,2.177999973297119,15.90999984741211
2015-12-03 00:00:00+00:00,97.62000274658203,2.3299999237060547,18.110000610351562
2015-12-04 00:00:00+00:00,98.3499984741211,2.2750000953674316,14.8100004196167
2015-12-07 00:00:00+00:00,98.66000366210938,2.2249999046325684,15.84000015258789
2015-12-08 00:00:00+00:00,98.47000122070312,2.23799991607666,17.600000381469727
2015-12-09 00:00:00+00:00,97.3499984741211,2.2079999446868896,19.610000610351562
2015-12-10 00:00:00+00:00,97.94000244140625,2.239000082015991,19.34000015258789
2015-12-11 00:00:00+00:00,97.56999969482422,2.1389999389648438,24.389999389648438
2015-12-14 00:00:00+00:00,97.5999984741211,2.2249999046325684,22.729999542236328
2015-12-15 00:00:00+00:00,98.22000122070312,2.2679998874664307,20.950000762939453
2015-12-16 00:00:00+00:00,97.87000274658203,2.2869999408721924,17.860000610351562
2015-12-17 00:00:00+00:00,99.2699966430664,2.23799991607666,18.940000534057617
2015-12-18 00:00:00+00:00,98.69999694824219,2.1989998817443848,20.700000762939453
2015-12-21 00:00:00+00:00,98.45999908447266,2.197000026702881,18.700000762939453
2015-12-22 00:00:00+00:00,98.23999786376953,2.239000082015991,16.600000381469727
2015-12-23 00:00:00+00:00,98.33999633789062,2.2639999389648438,15.569999694824219
2015-12-24 00:00:00+00:00,97.9800033569336,2.243000030517578,15.739999771118164
2015-12-28 00:00:00+00:00,97.91999816894531,2.2249999046325684,16.90999984741211
2015-12-29 00:00:00+00:00,98.0999984741211,2.306999921798706,16.079999923706055
2015-12-30 00:00:00+00:00,98.2699966430664,2.302999973297119,17.290000915527344
2015-12-31 00:00:00+00:00,98.62999725341797,2.2690000534057617,18.209999084472656
2016-01-04 00:00:00+00:00,98.87000274658203,2.244999885559082,20.700000762939453
2016-01-05 00:00:00+00:00,99.4000015258789,2.247999906539917,19.34000015258789
2016-01-06 00:00:00+00:00,99.18000030517578,2.177000045776367,20.59000015258789
2016-01-07 00:00:00+00:00,98.22000122070312,2.1530001163482666,24.989999771118164
2016-01-08 00:00:00+00:00,98.54000091552734,2.130000114440918,27.010000228881836
2016-01-11 00:00:00+00:00,98.7300033569336,2.1579999923706055,24.299999237060547
2016-01-12 00:00:00+00:00,98.97000122070312,2.1019999980926514,22.469999313354492
2016-01-13 00:00:00+00:00,98.93000030517578,2.065999984741211,25.219999313354492
2016-01-14 00:00:00+00:00,99.08999633789062,2.0980000495910645,23.950000762939453
2016-01-15 00:00:00+00:00,98.95999908447266,2.0329999923706055,27.020000457763672
2016-01-18 00:00:00+00:00,99.12000274658203,,
2016-01-19 00:00:00+00:00,98.98999786376953,2.0350000858306885,26.049999237060547
2016-01-20 00:00:00+00:00,99.08999633789062,1.9839999675750732,27.59000015258789
2016-01-21 00:00:00+00:00,99.05999755859375,2.0190000534057617,26.690000534057617
2016-01-22 00:00:00+00:00,99.56999969482422,2.0480000972747803,22.34000015258789
2016-01-25 00:00:00+00:00,99.36000061035156,2.0220000743865967,24.149999618530273
2016-01-26 00:00:00+00:00,99.36000061035156,1.99399995803833,22.5
2016-01-27 00:00:00+00:00,98.9000015258789,2.000999927520752,23.110000610351562
2016-01-28 00:00:00+00:00,98.51000213623047,1.9850000143051147,22.420000076293945
2016-01-29 00:00:00+00:00,99.61000061035156,1.930999994277954,20.200000762939453
2016-02-01 00:00:00+00:00,99.0,1.965999960899353,19.979999542236328
2016-02-02 00:00:00+00:00,98.87000274658203,1.8639999628067017,21.979999542236328
2016-02-03 00:00:00+00:00,97.29000091552734,1.88100004196167,21.649999618530273
2016-02-04 00:00:00+00:00,96.47000122070312,1.8639999628067017,21.84000015258789
2016-02-05 00:00:00+00:00,97.02999877929688,1.8480000495910645,23.3799991607666
2016-02-08 00:00:00+00:00,96.56999969482422,1.7350000143051147,26.0
2016-02-09 00:00:00+00:00,96.06999969482422,1.7289999723434448,26.540000915527344
2016-02-10 00:00:00+00:00,95.88999938964844,1.7050000429153442,26.290000915527344
2016-02-11 00:00:00+00:00,95.55999755859375,1.6440000534057617,28.139999389648438
2016-02-12 00:00:00+00:00,95.9800033569336,1.7480000257492065,25.399999618530273
2016-02-16 00:00:00+00:00,96.87000274658203,1.777999997138977,24.110000610351562
2016-02-17 00:00:00+00:00,96.79000091552734,1.819000005722046,22.309999465942383
2016-02-18 00:00:00+00:00,96.94999694824219,1.7589999437332153,21.639999389648438
2016-02-19 00:00:00+00:00,96.5999984741211,1.7480000257492065,20.530000686645508
2016-02-22 00:00:00+00:00,97.37999725341797,1.7660000324249268,19.3799991607666
2016-02-23 00:00:00+00:00,97.4800033569336,1.7450000047683716,20.979999542236328
2016-02-24 00:00:00+00:00,97.45999908447266,1.7419999837875366,20.719999313354492
2016-02-25 00:00:00+00:00,97.29000091552734,1.6970000267028809,19.110000610351562
2016-02-26 00:00:00+00:00,98.1500015258789,1.7619999647140503,19.809999465942383
2016-02-29 00:00:00+00:00,98.20999908447266,1.7400000095367432,20.549999237060547
2016-03-01 00:00:00+00:00,98.3499984741211,1.8339999914169312,17.700000762939453
2016-03-02 00:00:00+00:00,98.20999908447266,1.8480000495910645,17.09000015258789
2016-03-03 00:00:00+00:00,97.56999969482422,1.8300000429153442,16.700000762939453
2016-03-04 00:00:00+00:00,97.33999633789062,1.8830000162124634,16.860000610351562
2016-03-07 00:00:00+00:00,97.06999969482422,1.9019999504089355,17.350000381469727
2016-03-08 00:00:00+00:00,97.20999908447266,1.8320000171661377,18.670000076293945
2016-03-09 00:00:00+00:00,97.16999816894531,1.8919999599456787,18.34000015258789
2016-03-10 00:00:00+00:00,96.06999969482422,1.9290000200271606,18.049999237060547
2016-03-11 00:00:00+00:00,96.16999816894531,1.9769999980926514,16.5
2016-03-14 00:00:00+00:00,96.62000274658203,1.9630000591278076,16.920000076293945
2016-03-15 00:00:00+00:00,96.62999725341797,1.9589999914169312,16.84000015258789
2016-03-16 00:00:00+00:00,95.88999938964844,1.937999963760376,14.989999771118164
2016-03-17 00:00:00+00:00,94.76000213623047,1.902999997138977,14.4399995803833
2016-03-18 00:00:00+00:00,94.98999786376953,1.871000051498413,14.020000457763672
2016-03-21 00:00:00+00:00,95.29000091552734,1.9229999780654907,13.789999961853027
2016-03-22 00:00:00+00:00,95.6500015258789,1.934999942779541,14.170000076293945
2016-03-23 00:00:00+00:00,96.05000305175781,1.875,14.9399995803833
2016-03-24 00:00:00+00:00,96.13999938964844,1.899999976158142,14.739999771118164
2016-03-28 00:00:00+00:00,95.94000244140625,1.8700000047683716,15.239999771118164
2016-03-29 00:00:00+00:00,95.16000366210938,1.8140000104904175,13.819999694824219
2016-03-30 00:00:00+00:00,94.83999633789062,1.8300000429153442,13.5600004196167
2016-03-31 00:00:00+00:00,94.58999633789062,1.7860000133514404,13.949999809265137
2016-04-01 00:00:00+00:00,94.62000274658203,1.7920000553131104,13.100000381469727
2016-04-04 00:00:00+00:00,94.51000213623047,1.7790000438690186,14.119999885559082
2016-04-05 00:00:00+00:00,94.62999725341797,1.7269999980926514,15.420000076293945
2016-04-06 00:00:00+00:00,94.43000030517578,1.7549999952316284,14.09000015258789
2016-04-07 00:00:00+00:00,94.4800033569336,1.690999984741211,16.15999984741211
2016-04-08 00:00:00+00:00,94.23999786376953,1.7200000286102295,15.359999656677246
2016-04-11 00:00:00+00:00,93.94999694824219,1.7239999771118164,16.260000228881836
2016-04-12 00:00:00+00:00,93.95999908447266,1.781000018119812,14.850000381469727
2016-04-13 00:00:00+00:00,94.73999786376953,1.7619999647140503,13.84000015258789
2016-04-14 00:00:00+00:00,94.9000015258789,1.781000018119812,13.720000267028809
2016-04-15 00:00:00+00:00,94.69999694824219,1.7519999742507935,13.619999885559082
2016-04-18 00:00:00+00:00,94.48999786376953,1.7730000019073486,13.350000381469727
2016-04-19 00:00:00+00:00,93.9800033569336,1.7829999923706055,13.239999771118164
2016-04-20 00:00:00+00:00,94.48999786376953,1.8539999723434448,13.279999732971191
2016-04-21 00:00:00+00:00,94.5999984741211,1.8700000047683716,13.949999809265137
2016-04-22 00:00:00+00:00,95.12000274658203,1.8880000114440918,13.220000267028809
2016-04-25 00:00:00+00:00,94.83999633789062,1.9019999504089355,14.079999923706055
2016-04-26 00:00:00+00:00,94.56999969482422,1.930999994277954,13.960000038146973
2016-04-27 00:00:00+00:00,94.38999938964844,1.8600000143051147,13.770000457763672
2016-04-28 00:00:00+00:00,93.76000213623047,1.8380000591278076,15.220000267028809
2016-04-29 00:00:00+00:00,93.08000183105469,1.819000005722046,15.699999809265137
2016-05-02 00:00:00+00:00,92.62999725341797,1.8650000095367432,14.680000305175781
2016-05-03 00:00:00+00:00,92.94000244140625,1.7999999523162842,15.600000381469727
2016-05-04 00:00:00+00:00,93.18000030517578,1.784000039100647,16.049999237060547
2016-05-05 00:00:00+00:00,93.77999877929688,1.746999979019165,15.90999984741211
2016-05-06 00:00:00+00:00,93.88999938964844,1.7790000438690186,14.720000267028809
2016-05-09 00:00:00+00:00,94.1500015258789,1.7599999904632568,14.569999694824219
2016-05-10 00:00:00+00:00,94.29000091552734,1.7599999904632568,13.630000114440918
2016-05-11 00:00:00+00:00,93.81999969482422,1.7369999885559082,14.6899995803833
2016-05-12 00:00:00+00:00,94.13999938964844,1.7569999694824219,14.40999984741211
2016-05-13 00:00:00+00:00,94.61000061035156,1.7050000429153442,15.039999961853027
2016-05-16 00:00:00+00:00,94.56999969482422,1.753000020980835,14.680000305175781
2016-05-17 00:00:00+00:00,94.55000305175781,1.7589999437332153,15.569999694824219
2016-05-18 00:00:00+00:00,95.08000183105469,1.8799999952316284,15.949999809265137
2016-05-19 00:00:00+00:00,95.29000091552734,1.8450000286102295,16.329999923706055
2016-05-20 00:00:00+00:00,95.30999755859375,1.8489999771118164,15.199999809265137
2016-05-23 00:00:00+00:00,95.2300033569336,1.8380000591278076,15.819999694824219
2016-05-24 00:00:00+00:00,95.56999969482422,1.8589999675750732,14.420000076293945
2016-05-25 00:00:00+00:00,95.3499984741211,1.8700000047683716,13.899999618530273
2016-05-26 00:00:00+00:00,95.16999816894531,1.8229999542236328,13.430000305175781
2016-05-27 00:00:00+00:00,95.5199966430664,1.8509999513626099,13.119999885559082
2016-05-31 00:00:00+00:00,95.88999938964844,1.8339999914169312,14.1899995803833
2016-06-01 00:00:00+00:00,95.45999908447266,1.8459999561309814,14.199999809265137
2016-06-02 00:00:00+00:00,95.55999755859375,1.8109999895095825,13.630000114440918
2016-06-03 00:00:00+00:00,94.02999877929688,1.7039999961853027,13.470000267028809
2016-06-06 00:00:00+00:00,93.9000015258789,1.7230000495910645,13.649999618530273
2016-06-07 00:00:00+00:00,93.83000183105469,1.7130000591278076,14.050000190734863
2016-06-08 00:00:00+00:00,93.58999633789062,1.7059999704360962,14.079999923706055
2016-06-09 00:00:00+00:00,94.0999984741211,1.6799999475479126,14.640000343322754
2016-06-10 00:00:00+00:00,94.5999984741211,1.6390000581741333,17.030000686645508
2016-06-13 00:00:00+00:00,94.37000274658203,1.6160000562667847,20.969999313354492
2016-06-14 00:00:00+00:00,94.93000030517578,1.6109999418258667,20.5
2016-06-15 00:00:00+00:00,94.61000061035156,1.5959999561309814,20.139999389648438
2016-06-16 00:00:00+00:00,94.56999969482422,1.5640000104904175,19.3700008392334
2016-06-17 00:00:00+00:00,94.20999908447266,1.6180000305175781,19.40999984741211
2016-06-20 00:00:00+00:00,93.61000061035156,1.6699999570846558,18.3700008392334
2016-06-21 00:00:00+00:00,94.0199966430664,1.6970000267028809,18.479999542236328
2016-06-22 00:00:00+00:00,93.72000122070312,1.684999942779541,21.170000076293945
2016-06-23 00:00:00+00:00,93.52999877929688,1.7389999628067017,17.25
2016-06-24 00:00:00+00:00,95.44999694824219,1.5789999961853027,25.760000228881836
2016-06-27 00:00:00+00:00,96.54000091552734,1.4600000381469727,23.850000381469727
2016-06-28 00:00:00+00:00,96.25,1.4609999656677246,18.75
2016-06-29 00:00:00+00:00,95.7699966430664,1.4769999980926514,16.639999389648438
2016-06-30 00:00:00+00:00,96.13999938964844,1.4880000352859497,15.630000114440918
2016-07-01 00:00:00+00:00,95.6500015258789,1.4559999704360962,14.770000457763672
2016-07-05 00:00:00+00:00,96.16999816894531,1.3669999837875366,15.579999923706055
2016-07-06 00:00:00+00:00,96.05999755859375,1.3849999904632568,14.960000038146973
2016-07-07 00:00:00+00:00,96.33000183105469,1.3869999647140503,14.760000228881836
2016-07-08 00:00:00+00:00,96.30000305175781,1.3660000562667847,13.199999809265137
2016-07-11 00:00:00+00:00,96.56999969482422,1.434000015258789,13.539999961853027
2016-07-12 00:00:00+00:00,96.44000244140625,1.5130000114440918,13.550000190734863
2016-07-13 00:00:00+00:00,96.22000122070312,1.468000054359436,13.039999961853027
2016-07-14 00:00:00+00:00,96.08000183105469,1.531000018119812,12.819999694824219
2016-07-15 00:00:00+00:00,96.58000183105469,1.593999981880188,12.670000076293945
2016-07-18 00:00:00+00:00,96.55999755859375,1.5870000123977661,12.4399995803833
2016-07-19 00:00:00+00:00,97.05000305175781,1.5579999685287476,11.970000267028809
2016-07-20 00:00:00+00:00,97.19999694824219,1.5800000429153442,11.770000457763672
2016-07-21 00:00:00+00:00,97.0,1.565000057220459,12.739999771118164
2016-07-22 00:00:00+00:00,97.47000122070312,1.5700000524520874,12.020000457763672
2016-07-25 00:00:00+00:00,97.29000091552734,1.5709999799728394,12.869999885559082
2016-07-26 00:00:00+00:00,97.16000366210938,1.562999963760376,13.050000190734863
2016-07-27 00:00:00+00:00,97.05000305175781,1.5149999856948853,12.829999923706055
2016-07-28 00:00:00+00:00,96.73999786376953,1.5110000371932983,12.720000267028809
2016-07-29 00:00:00+00:00,95.52999877929688,1.4579999446868896,11.869999885559082
2016-08-01 00:00:00+00:00,95.70999908447266,1.496000051498413,12.4399995803833
2016-08-02 00:00:00+00:00,95.05999755859375,1.5369999408721924,13.369999885559082
2016-08-03 00:00:00+00:00,95.55999755859375,1.5420000553131104,12.859999656677246
2016-08-04 00:00:00+00:00,95.76000213623047,1.503000020980835,12.420000076293945
2016-08-05 00:00:00+00:00,96.19000244140625,1.5820000171661377,11.390000343322754
2016-08-08 00:00:00+00:00,96.4000015258789,1.5829999446868896,11.5
2016-08-09 00:00:00+00:00,96.18000030517578,1.5449999570846558,11.65999984741211
2016-08-10 00:00:00+00:00,95.6500015258789,1.5089999437332153,12.050000190734863
2016-08-11 00:00:00+00:00,95.86000061035156,1.5729999542236328,11.680000305175781
2016-08-12 00:00:00+00:00,95.72000122070312,1.5149999856948853,11.550000190734863
2016-08-15 00:00:00+00:00,95.62999725341797,1.5529999732971191,11.8100004196167
2016-08-16 00:00:00+00:00,94.79000091552734,1.5759999752044678,12.640000343322754
2016-08-17 00:00:00+00:00,94.72000122070312,1.5609999895095825,12.1899995803833
2016-08-18 00:00:00+00:00,94.16000366210938,1.5360000133514404,11.430000305175781
2016-08-19 00:00:00+00:00,94.51000213623047,1.5779999494552612,11.34000015258789
2016-08-22 00:00:00+00:00,94.5199966430664,1.5390000343322754,12.270000457763672
2016-08-23 00:00:00+00:00,94.54000091552734,1.5529999732971191,12.380000114440918
2016-08-24 00:00:00+00:00,94.79000091552734,1.559000015258789,13.449999809265137
2016-08-25 00:00:00+00:00,94.7699966430664,1.5770000219345093,13.630000114440918
2016-08-26 00:00:00+00:00,95.56999969482422,1.6349999904632568,13.649999618530273
2016-08-29 00:00:00+00:00,95.58000183105469,1.565999984741211,12.9399995803833
2016-08-30 00:00:00+00:00,96.05000305175781,1.5700000524520874,13.119999885559082
2016-08-31 00:00:00+00:00,96.0199966430664,1.5679999589920044,13.420000076293945
2016-09-01 00:00:00+00:00,95.6500015258789,1.5700000524520874,13.479999542236328
2016-09-02 00:00:00+00:00,95.87999725341797,1.5959999561309814,11.979999542236328
2016-09-06 00:00:00+00:00,94.81999969482422,1.5429999828338623,12.020000457763672
2016-09-07 00:00:00+00:00,94.95999908447266,1.5410000085830688,11.9399995803833
2016-09-08 00:00:00+00:00,95.02999877929688,1.6160000562667847,12.510000228881836
2016-09-09 00:00:00+00:00,95.33999633789062,1.6720000505447388,17.5
2016-09-12 00:00:00+00:00,95.0999984741211,1.6720000505447388,15.15999984741211
2016-09-13 00:00:00+00:00,95.62999725341797,1.7339999675750732,17.850000381469727
2016-09-14 00:00:00+00:00,95.33000183105469,1.6890000104904175,18.139999389648438
2016-09-15 00:00:00+00:00,95.29000091552734,1.7029999494552612,16.299999237060547
2016-09-16 00:00:00+00:00,96.11000061035156,1.7009999752044678,15.369999885559082
2016-09-19 00:00:00+00:00,95.83999633789062,1.6959999799728394,15.529999732971191
2016-09-20 00:00:00+00:00,96.0199966430664,1.687999963760376,15.920000076293945
2016-09-21 00:00:00+00:00,95.66000366210938,1.6679999828338623,13.300000190734863
2016-09-22 00:00:00+00:00,95.44999694824219,1.6319999694824219,12.020000457763672
2016-09-23 00:00:00+00:00,95.4800033569336,1.6150000095367432,12.289999961853027
2016-09-26 00:00:00+00:00,95.30999755859375,1.5889999866485596,14.5
2016-09-27 00:00:00+00:00,95.44000244140625,1.555999994277954,13.100000381469727
2016-09-28 00:00:00+00:00,95.43000030517578,1.5670000314712524,12.390000343322754
2016-09-29 00:00:00+00:00,95.54000091552734,1.5570000410079956,14.020000457763672
2016-09-30 00:00:00+00:00,95.45999908447266,1.6080000400543213,13.289999961853027
2016-10-03 00:00:00+00:00,95.75,1.621999979019165,13.569999694824219
2016-10-04 00:00:00+00:00,96.12000274658203,1.6829999685287476,13.630000114440918
2016-10-05 00:00:00+00:00,96.12999725341797,1.715999960899353,12.989999771118164
2016-10-06 00:00:00+00:00,96.66000366210938,1.7419999837875366,12.84000015258789
2016-10-07 00:00:00+00:00,96.5199966430664,1.7359999418258667,13.479999542236328
2016-10-10 00:00:00+00:00,,1.7230000495910645,13.380000114440918
2016-10-11 00:00:00+00:00,97.69999694824219,1.7589999437332153,15.359999656677246
2016-10-12 00:00:00+00:00,97.97000122070312,1.777999997138977,15.90999984741211
2016-10-13 00:00:00+00:00,97.5199966430664,1.7380000352859497,16.690000534057617
2016-10-14 00:00:00+00:00,98.0199966430664,1.7940000295639038,16.1200008392334
2016-10-17 00:00:00+00:00,97.88999938964844,1.7660000324249268,16.209999084472656
2016-10-18 00:00:00+00:00,97.9000015258789,1.7489999532699585,15.279999732971191
2016-10-19 00:00:00+00:00,97.87000274658203,1.7519999742507935,14.40999984741211
2016-10-20 00:00:00+00:00,98.31999969482422,1.746999979019165,13.75
2016-10-21 00:00:00+00:00,98.69999694824219,1.7400000095367432,13.34000015258789
2016-10-24 00:00:00+00:00,98.66999816894531,1.7630000114440918,13.020000457763672
2016-10-25 00:00:00+00:00,98.72000122070312,1.7580000162124634,13.460000038146973
2016-10-26 00:00:00+00:00,98.62999725341797,1.7899999618530273,14.239999771118164
2016-10-27 00:00:00+00:00,98.88999938964844,1.843000054359436,15.359999656677246
2016-10-28 00:00:00+00:00,98.3499984741211,1.8450000286102295,16.190000534057617
2016-10-31 00:00:00+00:00,98.44999694824219,1.8339999914169312,17.059999465942383
2016-11-01 00:00:00+00:00,97.69999694824219,1.8200000524520874,18.559999465942383
2016-11-02 00:00:00+00:00,97.4000015258789,1.7990000247955322,19.31999969482422
2016-11-03 00:00:00+00:00,97.16000366210938,1.812000036239624,22.079999923706055
2016-11-04 00:00:00+00:00,97.06999969482422,1.7829999923706055,22.510000228881836
2016-11-07 00:00:00+00:00,97.77999877929688,1.8279999494552612,18.709999084472656
2016-11-08 00:00:00+00:00,97.86000061035156,1.8619999885559082,18.739999771118164
2016-11-09 00:00:00+00:00,98.5,2.072000026702881,14.380000114440918
2016-11-10 00:00:00+00:00,98.79000091552734,2.117000102996826,14.739999771118164
2016-11-11 00:00:00+00:00,,,14.170000076293945
2016-11-14 00:00:00+00:00,100.11000061035156,2.2219998836517334,14.479999542236328
2016-11-15 00:00:00+00:00,100.19000244140625,2.23799991607666,13.369999885559082
2016-11-16 00:00:00+00:00,100.41000366210938,2.2230000495910645,13.720000267028809
2016-11-17 00:00:00+00:00,100.88999938964844,2.2760000228881836,13.350000381469727
2016-11-18 00:00:00+00:00,101.20999908447266,2.3350000381469727,12.850000381469727
2016-11-21 00:00:00+00:00,101.05000305175781,2.3389999866485596,12.420000076293945
2016-11-22 00:00:00+00:00,101.04000091552734,2.321000099182129,12.40999984741211
2016-11-23 00:00:00+00:00,101.69999694824219,2.3570001125335693,12.430000305175781
2016-11-25 00:00:00+00:00,101.48999786376953,2.371999979019165,12.34000015258789
2016-11-28 00:00:00+00:00,101.33000183105469,2.319999933242798,13.149999618530273
2016-11-29 00:00:00+00:00,100.93000030517578,2.302000045776367,12.899999618530273
2016-11-30 00:00:00+00:00,101.5,2.368000030517578,13.329999923706055
2016-12-01 00:00:00+00:00,101.04000091552734,2.440999984741211,14.069999694824219
2016-12-02 00:00:00+00:00,100.7699966430664,2.390000104904175,14.119999885559082
2016-12-05 00:00:00+00:00,100.13999938964844,2.38700008392334,12.140000343322754
2016-12-06 00:00:00+00:00,100.48999786376953,2.3959999084472656,11.789999961853027
2016-12-07 00:00:00+00:00,100.2300033569336,2.3469998836517334,12.220000267028809
2016-12-08 00:00:00+00:00,101.06999969482422,2.38700008392334,12.640000343322754
2016-12-09 00:00:00+00:00,101.56999969482422,2.4639999866485596,11.75
2016-12-12 00:00:00+00:00,100.95999908447266,2.4790000915527344,12.640000343322754
2016-12-13 00:00:00+00:00,101.02999877929688,2.4809999465942383,12.720000267028809
2016-12-14 00:00:00+00:00,102.0,2.5250000953674316,13.1899995803833
2016-12-15 00:00:00+00:00,103.12999725341797,2.5799999237060547,12.789999961853027
2016-12-16 00:00:00+00:00,102.94999694824219,2.5969998836517334,12.199999809265137
2016-12-19 00:00:00+00:00,103.13999938964844,2.5420000553131104,11.710000038146973
2016-12-20 00:00:00+00:00,103.29000091552734,2.568000078201294,11.449999809265137
2016-12-21 00:00:00+00:00,103.0199966430664,2.5460000038146973,11.270000457763672
2016-12-22 00:00:00+00:00,103.08999633789062,2.552999973297119,11.430000305175781
2016-12-23 00:00:00+00:00,103.01000213623047,2.5429999828338623,11.4399995803833
2016-12-27 00:00:00+00:00,103.0199966430664,2.562999963760376,11.989999771118164
2016-12-28 00:00:00+00:00,103.26000213623047,2.50600004196167,12.949999809265137
2016-12-29 00:00:00+00:00,102.68000030517578,2.4769999980926514,13.369999885559082
2016-12-30 00:00:00+00:00,102.38999938964844,2.446000099182129,14.039999961853027
2017-01-03 00:00:00+00:00,103.20999908447266,2.450000047683716,12.850000381469727
2017-01-04 00:00:00+00:00,102.69999694824219,2.4519999027252197,11.850000381469727
2017-01-05 00:00:00+00:00,101.5199966430664,2.368000030517578,11.670000076293945
2017-01-06 00:00:00+00:00,102.22000122070312,2.4179999828338623,11.319999694824219
2017-01-09 00:00:00+00:00,101.93000030517578,2.375999927520752,11.5600004196167
2017-01-10 00:00:00+00:00,102.01000213623047,2.378999948501587,11.489999771118164
2017-01-11 00:00:00+00:00,101.77999877929688,2.369999885559082,11.260000228881836
2017-01-12 00:00:00+00:00,101.3499984741211,2.3610000610351562,11.539999961853027
2017-01-13 00:00:00+00:00,101.18000030517578,2.380000114440918,11.229999542236328
2017-01-17 00:00:00+00:00,100.33000183105469,2.3269999027252197,11.869999885559082
2017-01-18 00:00:00+00:00,100.93000030517578,2.3889999389648438,12.479999542236328
2017-01-19 00:00:00+00:00,101.1500015258789,2.4590001106262207,12.779999732971191
2017-01-20 00:00:00+00:00,100.73999786376953,2.4670000076293945,11.539999961853027
2017-01-23 00:00:00+00:00,100.16000366210938,2.4030001163482666,11.770000457763672
2017-01-24 00:00:00+00:00,100.3499984741211,2.4709999561309814,11.069999694824219
2017-01-25 00:00:00+00:00,100.02999877929688,2.5230000019073486,10.8100004196167
2017-01-26 00:00:00+00:00,100.37999725341797,2.507999897003174,10.630000114440918
2017-01-27 00:00:00+00:00,100.52999877929688,2.4809999465942383,10.579999923706055
2017-01-30 00:00:00+00:00,100.43000030517578,2.4830000400543213,11.880000114440918
2017-01-31 00:00:00+00:00,99.51000213623047,2.4509999752044678,11.989999771118164
2017-02-01 00:00:00+00:00,99.63999938964844,2.4739999771118164,11.8100004196167
2017-02-02 00:00:00+00:00,99.8499984741211,2.4700000286102295,11.930000305175781
2017-02-03 00:00:00+00:00,99.87000274658203,2.490999937057495,10.970000267028809
2017-02-06 00:00:00+00:00,99.91000366210938,2.4130001068115234,11.369999885559082
2017-02-07 00:00:00+00:00,100.26000213623047,2.3889999389648438,11.289999961853027
2017-02-08 00:00:00+00:00,100.27999877929688,2.3510000705718994,11.449999809265137
2017-02-09 00:00:00+00:00,100.6500015258789,2.3949999809265137,10.880000114440918
2017-02-10 00:00:00+00:00,100.80000305175781,2.4089999198913574,10.850000381469727
2017-02-13 00:00:00+00:00,100.95999908447266,2.434000015258789,11.069999694824219
2017-02-14 00:00:00+00:00,101.25,2.4700000286102295,10.739999771118164
2017-02-15 00:00:00+00:00,101.18000030517578,2.502000093460083,11.970000267028809
2017-02-16 00:00:00+00:00,100.44000244140625,2.450000047683716,11.760000228881836
2017-02-17 00:00:00+00:00,100.94999694824219,2.424999952316284,11.489999771118164
2017-02-21 00:00:00+00:00,101.37000274658203,2.427000045776367,11.569999694824219
2017-02-22 00:00:00+00:00,101.33000183105469,2.4179999828338623,11.739999771118164
2017-02-23 00:00:00+00:00,101.05000305175781,2.388000011444092,11.710000038146973
2017-02-24 00:00:00+00:00,101.08999633789062,2.316999912261963,11.470000267028809
2017-02-27 00:00:00+00:00,101.12999725341797,2.36899995803833,12.09000015258789
2017-02-28 00:00:00+00:00,101.12000274658203,2.3580000400543213,12.920000076293945
2017-03-01 00:00:00+00:00,101.77999877929688,2.4630000591278076,12.539999961853027
2017-03-02 00:00:00+00:00,102.19999694824219,2.489000082015991,11.8100004196167
2017-03-03 00:00:00+00:00,101.54000091552734,2.492000102996826,10.960000038146973
2017-03-06 00:00:00+00:00,101.63999938964844,2.49399995803833,11.239999771118164
2017-03-07 00:00:00+00:00,101.80999755859375,2.510999917984009,11.449999809265137
2017-03-08 00:00:00+00:00,102.06999969482422,2.552000045776367,11.859999656677246
2017-03-09 00:00:00+00:00,101.8499984741211,2.5980000495910645,12.300000190734863
2017-03-10 00:00:00+00:00,101.25,2.5820000171661377,11.65999984741211
2017-03-13 00:00:00+00:00,101.37999725341797,2.6080000400543213,11.350000381469727
2017-03-14 00:00:00+00:00,101.69999694824219,2.5950000286102295,12.300000190734863
2017-03-15 00:00:00+00:00,100.73999786376953,2.507999897003174,11.630000114440918
2017-03-16 00:00:00+00:00,100.2699966430664,2.5220000743865967,11.210000038146973
2017-03-17 00:00:00+00:00,100.30000305175781,2.500999927520752,11.279999732971191
2017-03-20 00:00:00+00:00,100.41000366210938,2.4730000495910645,11.34000015258789
2017-03-21 00:00:00+00:00,99.80999755859375,2.436000108718872,12.470000267028809
2017-03-22 00:00:00+00:00,99.68000030517578,2.3959999084472656,12.8100004196167
2017-03-23 00:00:00+00:00,99.76000213623047,2.4179999828338623,13.119999885559082
2017-03-24 00:00:00+00:00,99.62999725341797,2.4000000953674316,12.960000038146973
2017-03-27 00:00:00+00:00,99.16999816894531,2.372999906539917,12.5
2017-03-28 00:00:00+00:00,99.70999908447266,2.4089999198913574,11.529999732971191
2017-03-29 00:00:00+00:00,100.0,2.385999917984009,11.420000076293945
2017-03-30 00:00:00+00:00,100.41000366210938,2.4159998893737793,11.539999961853027
2017-03-31 00:00:00+00:00,100.3499984741211,2.3959999084472656,12.369999885559082
2017-04-03 00:00:00+00:00,100.54000091552734,2.3499999046325684,12.380000114440918
2017-04-04 00:00:00+00:00,100.54000091552734,2.3499999046325684,11.789999961853027
2017-04-05 00:00:00+00:00,100.55999755859375,2.3570001125335693,12.890000343322754
2017-04-06 00:00:00+00:00,100.66999816894531,2.3429999351501465,12.390000343322754
2017-04-07 00:00:00+00:00,101.18000030517578,2.372999906539917,12.869999885559082
2017-04-10 00:00:00+00:00,101.0199966430664,2.3610000610351562,14.050000190734863
2017-04-11 00:00:00+00:00,100.70999908447266,2.2980000972747803,15.069999694824219
2017-04-12 00:00:00+00:00,100.77999877929688,2.2960000038146973,15.770000457763672
2017-04-13 00:00:00+00:00,100.55999755859375,2.2320001125335693,15.960000038146973
2017-04-17 00:00:00+00:00,100.30000305175781,2.252000093460083,14.65999984741211
2017-04-18 00:00:00+00:00,99.5,2.178999900817871,14.420000076293945
2017-04-19 00:00:00+00:00,99.73999786376953,2.2019999027252197,14.930000305175781
2017-04-20 00:00:00+00:00,99.77999877929688,2.240999937057495,14.149999618530273
2017-04-21 00:00:00+00:00,99.9800033569336,2.236999988555908,14.630000114440918
2017-04-24 00:00:00+00:00,99.08999633789062,2.2730000019073486,10.84000015258789
2017-04-25 00:00:00+00:00,98.81999969482422,2.3269999027252197,10.760000228881836
2017-04-26 00:00:00+00:00,98.95999908447266,2.311000108718872,10.850000381469727
2017-04-27 00:00:00+00:00,99.08000183105469,2.2960000038146973,10.359999656677246
2017-04-28 00:00:00+00:00,99.05000305175781,2.2820000648498535,10.819999694824219
2017-05-01 00:00:00+00:00,99.13999938964844,2.325000047683716,10.109999656677246
2017-05-02 00:00:00+00:00,98.9800033569336,2.2960000038146973,10.59000015258789
2017-05-03 00:00:00+00:00,99.20999908447266,2.309000015258789,10.680000305175781
2017-05-04 00:00:00+00:00,98.76000213623047,2.3559999465942383,10.460000038146973
2017-05-05 00:00:00+00:00,98.6500015258789,2.3519999980926514,10.569999694824219
2017-05-08 00:00:00+00:00,99.1500015258789,2.375999927520752,9.770000457763672
2017-05-09 00:00:00+00:00,99.58999633789062,2.4070000648498535,9.960000038146973
2017-05-10 00:00:00+00:00,99.66999816894531,2.4140000343322754,10.210000038146973
2017-05-11 00:00:00+00:00,99.62000274658203,2.4000000953674316,10.600000381469727
2017-05-12 00:00:00+00:00,99.25,2.3350000381469727,10.399999618530273
2017-05-15 00:00:00+00:00,98.91000366210938,2.3380000591278076,10.420000076293945
2017-05-16 00:00:00+00:00,98.11000061035156,2.3289999961853027,10.649999618530273
2017-05-17 00:00:00+00:00,97.41999816894531,2.2160000801086426,15.59000015258789
2017-05-18 00:00:00+00:00,97.87999725341797,2.2330000400543213,14.65999984741211
2017-05-19 00:00:00+00:00,97.1500015258789,2.244999885559082,12.039999961853027
2017-05-22 00:00:00+00:00,96.9800033569336,2.253999948501587,10.930000305175781
2017-05-23 00:00:00+00:00,97.3499984741211,2.2850000858306885,10.720000267028809
2017-05-24 00:00:00+00:00,97.23999786376953,2.2660000324249268,10.020000457763672
2017-05-25 00:00:00+00:00,97.25,2.255000114440918,9.989999771118164
2017-05-26 00:00:00+00:00,97.4000015258789,2.25,9.8100004196167
2017-05-30 00:00:00+00:00,97.27999877929688,2.2170000076293945,10.380000114440918
2017-05-31 00:00:00+00:00,96.91999816894531,2.196000099182129,10.40999984741211
2017-06-01 00:00:00+00:00,97.19999694824219,2.2170000076293945,9.890000343322754
2017-06-02 00:00:00+00:00,96.72000122070312,2.1589999198913574,9.75
2017-06-05 00:00:00+00:00,96.80000305175781,2.181999921798706,10.069999694824219
2017-06-06 00:00:00+00:00,96.63999938964844,2.1470000743865967,10.449999809265137
2017-06-07 00:00:00+00:00,96.75,2.177999973297119,10.390000343322754
2017-06-08 00:00:00+00:00,96.91999816894531,2.194000005722046,10.15999984741211
2017-06-09 00:00:00+00:00,97.2699966430664,2.1989998817443848,10.699999809265137
2017-06-12 00:00:00+00:00,97.13999938964844,2.2130000591278076,11.460000038146973
2017-06-13 00:00:00+00:00,96.9800033569336,2.2070000171661377,10.420000076293945
2017-06-14 00:00:00+00:00,96.94000244140625,2.138000011444092,10.640000343322754
2017-06-15 00:00:00+00:00,97.43000030517578,2.1619999408721924,10.899999618530273
2017-06-16 00:00:00+00:00,97.16000366210938,2.1570000648498535,10.380000114440918
2017-06-19 00:00:00+00:00,97.52999877929688,2.190000057220459,10.369999885559082
2017-06-20 00:00:00+00:00,97.75,2.1530001163482666,10.859999656677246
2017-06-21 00:00:00+00:00,97.55999755859375,2.1549999713897705,10.75
2017-06-22 00:00:00+00:00,97.54000091552734,2.1530001163482666,10.479999542236328
2017-06-23 00:00:00+00:00,97.30000305175781,2.1440000534057617,10.020000457763672
2017-06-26 00:00:00+00:00,97.43000030517578,2.13700008392334,9.899999618530273
2017-06-27 00:00:00+00:00,96.47000122070312,2.197999954223633,11.0600004196167
2017-06-28 00:00:00+00:00,96.05000305175781,2.2209999561309814,10.029999732971191
2017-06-29 00:00:00+00:00,95.62999725341797,2.2669999599456787,11.4399995803833
2017-06-30 00:00:00+00:00,95.66000366210938,2.302000045776367,11.180000305175781
2017-07-03 00:00:00+00:00,96.19999694824219,2.3459999561309814,11.220000267028809
2017-07-05 00:00:00+00:00,96.29000091552734,2.3340001106262207,11.069999694824219
2017-07-06 00:00:00+00:00,95.81999969482422,2.369999885559082,12.539999961853027
2017-07-07 00:00:00+00:00,96.01000213623047,2.3929998874664307,11.1899995803833
2017-07-10 00:00:00+00:00,96.05000305175781,2.371000051498413,11.109999656677246
2017-07-11 00:00:00+00:00,95.73999786376953,2.361999988555908,10.890000343322754
2017-07-12 00:00:00+00:00,95.79000091552734,2.3269999027252197,10.300000190734863
2017-07-13 00:00:00+00:00,95.7300033569336,2.3480000495910645,9.899999618530273
2017-07-14 00:00:00+00:00,95.11000061035156,2.319000005722046,9.510000228881836
2017-07-17 00:00:00+00:00,95.12999725341797,2.309000015258789,9.819999694824219
2017-07-18 00:00:00+00:00,94.66000366210938,2.263000011444092,9.890000343322754
2017-07-19 00:00:00+00:00,94.80000305175781,2.2679998874664307,9.789999961853027
2017-07-20 00:00:00+00:00,94.2699966430664,2.2660000324249268,9.579999923706055
2017-07-21 00:00:00+00:00,93.94000244140625,2.2320001125335693,9.359999656677246
2017-07-24 00:00:00+00:00,93.9800033569336,2.253999948501587,9.430000305175781
2017-07-25 00:00:00+00:00,94.05000305175781,2.3259999752044678,9.430000305175781
2017-07-26 00:00:00+00:00,93.66999816894531,2.2820000648498535,9.600000381469727
2017-07-27 00:00:00+00:00,93.86000061035156,2.309999942779541,10.109999656677246
2017-07-28 00:00:00+00:00,93.26000213623047,2.2890000343322754,10.289999961853027
2017-07-31 00:00:00+00:00,92.86000061035156,2.2920000553131104,10.260000228881836
2017-08-01 00:00:00+00:00,93.02999877929688,2.250999927520752,10.09000015258789
2017-08-02 00:00:00+00:00,92.83000183105469,2.26200008392334,10.279999732971191
2017-08-03 00:00:00+00:00,92.80999755859375,2.2279999256134033,10.4399995803833
2017-08-04 00:00:00+00:00,93.54000091552734,2.2669999599456787,10.029999732971191
2017-08-07 00:00:00+00:00,93.43000030517578,2.256999969482422,9.930000305175781
2017-08-08 00:00:00+00:00,93.63999938964844,2.2829999923706055,10.960000038146973
2017-08-09 00:00:00+00:00,93.5199966430664,2.240999937057495,11.109999656677246
2017-08-10 00:00:00+00:00,93.4000015258789,2.2119998931884766,16.040000915527344
2017-08-11 00:00:00+00:00,93.06999969482422,2.188999891281128,15.510000228881836
2017-08-14 00:00:00+00:00,93.45999908447266,2.2190001010894775,12.329999923706055
2017-08-15 00:00:00+00:00,93.8499984741211,2.2660000324249268,12.039999961853027
2017-08-16 00:00:00+00:00,93.48999786376953,2.2260000705718994,11.739999771118164
2017-08-17 00:00:00+00:00,93.62000274658203,2.1989998817443848,15.550000190734863
2017-08-18 00:00:00+00:00,93.43000030517578,2.194000005722046,14.260000228881836
2017-08-21 00:00:00+00:00,93.0999984741211,2.180000066757202,13.1899995803833
2017-08-22 00:00:00+00:00,93.55000305175781,2.2149999141693115,11.350000381469727
2017-08-23 00:00:00+00:00,93.1500015258789,2.1710000038146973,12.25
2017-08-24 00:00:00+00:00,93.27999877929688,2.194000005722046,12.229999542236328
2017-08-25 00:00:00+00:00,92.73999786376953,2.1689999103546143,11.279999732971191
2017-08-28 00:00:00+00:00,92.20999908447266,2.1589999198913574,11.319999694824219
2017-08-29 00:00:00+00:00,92.3499984741211,2.135999917984009,11.699999809265137
2017-08-30 00:00:00+00:00,92.87999725341797,2.1429998874664307,11.220000267028809
2017-08-31 00:00:00+00:00,92.66999816894531,2.121000051498413,10.59000015258789
2017-09-01 00:00:00+00:00,92.80999755859375,2.1570000648498535,10.130000114440918
2017-09-05 00:00:00+00:00,92.30999755859375,2.069999933242798,12.229999542236328
2017-09-06 00:00:00+00:00,92.29000091552734,2.1080000400543213,11.630000114440918
2017-09-07 00:00:00+00:00,91.52999877929688,2.061000108718872,11.550000190734863
2017-09-08 00:00:00+00:00,91.33000183105469,2.061000108718872,12.119999885559082
2017-09-11 00:00:00+00:00,91.86000061035156,2.125,10.729999542236328
2017-09-12 00:00:00+00:00,91.91000366210938,2.1710000038146973,10.579999923706055
2017-09-13 00:00:00+00:00,92.5199966430664,2.194999933242798,10.5
2017-09-14 00:00:00+00:00,92.12000274658203,2.197000026702881,10.4399995803833
2017-09-15 00:00:00+00:00,91.87000274658203,2.2019999027252197,10.170000076293945
2017-09-18 00:00:00+00:00,92.05000305175781,2.2290000915527344,10.149999618530273
2017-09-19 00:00:00+00:00,91.79000091552734,2.243000030517578,10.180000305175781
2017-09-20 00:00:00+00:00,92.51000213623047,2.2769999504089355,9.779999732971191
2017-09-21 00:00:00+00:00,92.26000213623047,2.2780001163482666,9.670000076293945
2017-09-22 00:00:00+00:00,92.16999816894531,2.26200008392334,9.59000015258789
2017-09-25 00:00:00+00:00,92.6500015258789,2.2200000286102295,10.210000038146973
2017-09-26 00:00:00+00:00,92.97000122070312,2.2290000915527344,10.170000076293945
2017-09-27 00:00:00+00:00,93.36000061035156,2.309000015258789,9.869999885559082
2017-09-28 00:00:00+00:00,93.08999633789062,2.309000015258789,9.550000190734863
2017-09-29 00:00:00+00:00,93.08000183105469,2.3259999752044678,9.510000228881836
2017-10-02 00:00:00+00:00,93.55999755859375,2.3369998931884766,9.449999809265137
2017-10-03 00:00:00+00:00,93.56999969482422,2.3340001106262207,9.510000228881836
2017-10-04 00:00:00+00:00,93.45999908447266,2.3299999237060547,9.630000114440918
2017-10-05 00:00:00+00:00,93.95999908447266,2.3499999046325684,9.1899995803833
2017-10-06 00:00:00+00:00,93.80000305175781,2.369999885559082,9.649999618530273
2017-10-09 00:00:00+00:00,93.73999786376953,2.3610000610351562,10.329999923706055
2017-10-10 00:00:00+00:00,93.29000091552734,2.3450000286102295,10.079999923706055
2017-10-11 00:00:00+00:00,92.95999908447266,2.3450000286102295,9.850000381469727
2017-10-12 00:00:00+00:00,93.12000274658203,2.322999954223633,9.90999984741211
2017-10-13 00:00:00+00:00,93.08999633789062,2.2799999713897705,9.609999656677246
2017-10-16 00:00:00+00:00,93.27999877929688,2.306999921798706,9.90999984741211
2017-10-17 00:00:00+00:00,93.48999786376953,2.2980000972747803,10.3100004196167
2017-10-18 00:00:00+00:00,93.36000061035156,2.3389999866485596,10.069999694824219
2017-10-19 00:00:00+00:00,93.2699966430664,2.321000099182129,10.050000190734863
2017-10-20 00:00:00+00:00,93.69999694824219,2.38100004196167,9.970000267028809
2017-10-23 00:00:00+00:00,93.94000244140625,2.375999927520752,11.069999694824219
2017-10-24 00:00:00+00:00,93.95999908447266,2.4059998989105225,11.15999984741211
2017-10-25 00:00:00+00:00,93.70999908447266,2.444000005722046,11.229999542236328
2017-10-26 00:00:00+00:00,94.61000061035156,2.4519999027252197,11.300000190734863
2017-10-27 00:00:00+00:00,94.91999816894531,2.427999973297119,9.800000190734863
2017-10-30 00:00:00+00:00,94.48999786376953,2.369999885559082,10.5
2017-10-31 00:00:00+00:00,94.55000305175781,2.375999927520752,10.180000305175781
2017-11-01 00:00:00+00:00,94.81999969482422,2.375999927520752,10.199999809265137
2017-11-02 00:00:00+00:00,94.69000244140625,2.3469998836517334,9.930000305175781
2017-11-03 00:00:00+00:00,94.94000244140625,2.3429999351501465,9.140000343322754
2017-11-06 00:00:00+00:00,94.72000122070312,2.319999933242798,9.399999618530273
2017-11-07 00:00:00+00:00,94.91000366210938,2.306999921798706,9.890000343322754
2017-11-08 00:00:00+00:00,94.87000274658203,2.325000047683716,9.779999732971191
2017-11-09 00:00:00+00:00,94.44000244140625,2.3310000896453857,10.5
2017-11-10 00:00:00+00:00,94.38999938964844,2.4000000953674316,11.289999961853027
2017-11-13 00:00:00+00:00,94.48999786376953,2.4000000953674316,11.5
2017-11-14 00:00:00+00:00,93.83000183105469,2.38100004196167,11.59000015258789
2017-11-15 00:00:00+00:00,93.80999755859375,2.3350000381469727,13.130000114440918
2017-11-16 00:00:00+00:00,93.93000030517578,2.3610000610351562,11.760000228881836
2017-11-17 00:00:00+00:00,93.66000366210938,2.3540000915527344,11.430000305175781
2017-11-20 00:00:00+00:00,94.08000183105469,2.371999979019165,10.649999618530273
2017-11-21 00:00:00+00:00,93.94999694824219,2.36299991607666,9.729999542236328
2017-11-22 00:00:00+00:00,93.22000122070312,2.322000026702881,9.880000114440918
2017-11-24 00:00:00+00:00,92.76000213623047,2.3399999141693115,9.670000076293945
2017-11-27 00:00:00+00:00,92.9000015258789,2.328000068664551,9.869999885559082
2017-11-28 00:00:00+00:00,93.26000213623047,2.3380000591278076,10.029999732971191
2017-11-29 00:00:00+00:00,93.26000213623047,2.375999927520752,10.699999809265137
2017-11-30 00:00:00+00:00,93.01000213623047,2.4170000553131104,11.279999732971191
2017-12-01 00:00:00+00:00,92.9000015258789,2.361999988555908,11.430000305175781
2017-12-04 00:00:00+00:00,93.19000244140625,2.378999948501587,11.680000305175781
2017-12-05 00:00:00+00:00,93.37999725341797,2.3559999465942383,11.329999923706055
2017-12-06 00:00:00+00:00,93.61000061035156,2.3299999237060547,11.020000457763672
2017-12-07 00:00:00+00:00,93.80000305175781,2.375999927520752,10.15999984741211
2017-12-08 00:00:00+00:00,93.9000015258789,2.382999897003174,9.579999923706055
2017-12-11 00:00:00+00:00,93.87000274658203,2.384999990463257,9.34000015258789
2017-12-12 00:00:00+00:00,94.0999984741211,2.4030001163482666,9.920000076293945
2017-12-13 00:00:00+00:00,93.43000030517578,2.3489999771118164,10.180000305175781
2017-12-14 00:00:00+00:00,93.48999786376953,2.3459999561309814,10.489999771118164
2017-12-15 00:00:00+00:00,93.93000030517578,2.3550000190734863,9.420000076293945
2017-12-18 00:00:00+00:00,93.69999694824219,2.3919999599456787,9.529999732971191
2017-12-19 00:00:00+00:00,93.47000122070312,2.4630000591278076,10.029999732971191
2017-12-20 00:00:00+00:00,93.3499984741211,2.496999979019165,9.720000267028809
2017-12-21 00:00:00+00:00,93.27999877929688,2.4809999465942383,9.619999885559082
2017-12-22 00:00:00+00:00,93.3499984741211,2.484999895095825,9.899999618530273
2017-12-26 00:00:00+00:00,93.26000213623047,2.4670000076293945,10.25
2017-12-27 00:00:00+00:00,93.02999877929688,2.4140000343322754,10.470000267028809
2017-12-28 00:00:00+00:00,92.5999984741211,2.431999921798706,10.180000305175781
2017-12-29 00:00:00+00:00,92.12000274658203,2.4049999713897705,11.039999961853027
2018-01-02 00:00:00+00:00,91.8499984741211,2.4649999141693115,9.770000457763672
2018-01-03 00:00:00+00:00,92.16000366210938,2.447000026702881,9.149999618530273
2018-01-04 00:00:00+00:00,91.8499984741211,2.453000068664551,9.220000267028809
2018-01-05 00:00:00+00:00,91.94999694824219,2.4760000705718994,9.220000267028809
2018-01-08 00:00:00+00:00,92.33000183105469,2.4800000190734863,9.520000457763672
2018-01-09 00:00:00+00:00,92.52999877929688,2.5460000038146973,10.079999923706055
2018-01-10 00:00:00+00:00,92.33000183105469,2.549999952316284,9.819999694824219
2018-01-11 00:00:00+00:00,91.8499984741211,2.5309998989105225,9.880000114440918
2018-01-12 00:00:00+00:00,90.97000122070312,2.552000045776367,10.15999984741211
2018-01-16 00:00:00+00:00,90.38999938964844,2.5439999103546143,11.65999984741211
2018-01-17 00:00:00+00:00,90.54000091552734,2.578000068664551,11.90999984741211
2018-01-18 00:00:00+00:00,90.5,2.6110000610351562,12.220000267028809
2018-01-19 00:00:00+00:00,90.56999969482422,2.63700008392334,11.270000457763672
2018-01-22 00:00:00+00:00,90.4000015258789,2.6649999618530273,11.029999732971191
2018-01-23 00:00:00+00:00,90.12000274658203,2.624000072479248,11.100000381469727
2018-01-24 00:00:00+00:00,89.20999908447266,2.6540000438690186,11.470000267028809
2018-01-25 00:00:00+00:00,89.38999938964844,2.621000051498413,11.579999923706055
2018-01-26 00:00:00+00:00,89.06999969482422,2.6619999408721924,11.079999923706055
2018-01-29 00:00:00+00:00,89.30999755859375,2.6989998817443848,13.84000015258789
2018-01-30 00:00:00+00:00,89.19000244140625,2.7260000705718994,14.789999961853027
2018-01-31 00:00:00+00:00,89.12999725341797,2.7200000286102295,13.539999961853027
2018-02-01 00:00:00+00:00,88.66999816894531,2.7730000019073486,13.470000267028809
2018-02-02 00:00:00+00:00,89.19999694824219,2.8540000915527344,17.309999465942383
2018-02-05 00:00:00+00:00,89.55000305175781,2.7939999103546143,37.31999969482422
2018-02-06 00:00:00+00:00,89.58999633789062,2.7679998874664307,29.979999542236328
2018-02-07 00:00:00+00:00,90.26000213623047,2.8440001010894775,27.729999542236328
2018-02-08 00:00:00+00:00,90.2300033569336,2.8510000705718994,33.459999084472656
2018-02-09 00:00:00+00:00,90.44000244140625,2.8289999961853027,29.059999465942383
2018-02-12 00:00:00+00:00,90.20999908447266,2.8570001125335693,25.610000610351562
2018-02-13 00:00:00+00:00,89.69999694824219,2.8399999141693115,24.969999313354492
2018-02-14 00:00:00+00:00,89.12000274658203,2.9130001068115234,19.260000228881836
2018-02-15 00:00:00+00:00,88.58999633789062,2.8910000324249268,19.1299991607666
2018-02-16 00:00:00+00:00,89.0999984741211,2.877000093460083,19.459999084472656
2018-02-20 00:00:00+00:00,89.72000122070312,2.8929998874664307,20.600000381469727
2018-02-21 00:00:00+00:00,90.08000183105469,2.943000078201294,20.020000457763672
2018-02-22 00:00:00+00:00,89.75,2.9170000553131104,18.719999313354492
2018-02-23 00:00:00+00:00,89.87999725341797,2.871000051498413,16.489999771118164
2018-02-26 00:00:00+00:00,89.81999969482422,2.8589999675750732,15.800000190734863
2018-02-27 00:00:00+00:00,90.36000061035156,2.9079999923706055,18.59000015258789
2018-02-28 00:00:00+00:00,90.61000061035156,2.868000030517578,19.850000381469727
2018-03-01 00:00:00+00:00,90.31999969482422,2.803999900817871,22.469999313354492
2018-03-02 00:00:00+00:00,89.94000244140625,2.8570001125335693,19.59000015258789
2018-03-05 00:00:00+00:00,90.08000183105469,2.88100004196167,18.729999542236328
2018-03-06 00:00:00+00:00,89.62000274658203,2.877000093460083,18.360000610351562
2018-03-07 00:00:00+00:00,89.63999938964844,2.882999897003174,17.760000228881836
2018-03-08 00:00:00+00:00,90.12000274658203,2.865999937057495,16.540000915527344
2018-03-09 00:00:00+00:00,90.08999633789062,2.8940000534057617,14.640000343322754
2018-03-12 00:00:00+00:00,89.9000015258789,2.869999885559082,15.779999732971191
2018-03-13 00:00:00+00:00,89.66000366210938,2.8480000495910645,16.350000381469727
2018-03-14 00:00:00+00:00,89.69999694824219,2.816999912261963,17.229999542236328
2018-03-15 00:00:00+00:00,90.13999938964844,2.8259999752044678,16.59000015258789
2018-03-16 00:00:00+00:00,90.2300033569336,2.8480000495910645,15.800000190734863
2018-03-19 00:00:00+00:00,89.9000015258789,2.8450000286102295,19.020000457763672
2018-03-20 00:00:00+00:00,90.37000274658203,2.878999948501587,18.200000762939453
2018-03-21 00:00:00+00:00,89.77999877929688,2.9070000648498535,17.860000610351562
2018-03-22 00:00:00+00:00,89.86000061035156,2.8320000171661377,23.34000015258789
2018-03-23 00:00:00+00:00,89.44000244140625,2.8299999237060547,24.8700008392334
2018-03-26 00:00:00+00:00,89.02999877929688,2.8429999351501465,21.030000686645508
2018-03-27 00:00:00+00:00,89.37000274658203,2.7860000133514404,22.5
2018-03-28 00:00:00+00:00,90.05999755859375,2.7750000953674316,22.8700008392334
2018-03-29 00:00:00+00:00,90.1500015258789,2.740999937057495,19.969999313354492
2018-04-02 00:00:00+00:00,90.05000305175781,2.7320001125335693,23.6200008392334
2018-04-03 00:00:00+00:00,90.19999694824219,2.7839999198913574,21.100000381469727
2018-04-04 00:00:00+00:00,90.13999938964844,2.7880001068115234,20.059999465942383
2018-04-05 00:00:00+00:00,90.45999908447266,2.8320000171661377,18.940000534057617
2018-04-06 00:00:00+00:00,90.11000061035156,2.7750000953674316,21.489999771118164
2018-04-09 00:00:00+00:00,89.83999633789062,2.7860000133514404,21.770000457763672
2018-04-10 00:00:00+00:00,89.58999633789062,2.796999931335449,20.469999313354492
2018-04-11 00:00:00+00:00,89.56999969482422,2.7899999618530273,20.239999771118164
2018-04-12 00:00:00+00:00,89.75,2.8340001106262207,18.489999771118164
2018-04-13 00:00:00+00:00,89.80000305175781,2.8289999961853027,17.40999984741211
2018-04-16 00:00:00+00:00,89.43000030517578,2.8320000171661377,16.559999465942383
2018-04-17 00:00:00+00:00,89.5199966430664,2.813999891281128,15.25
2018-04-18 00:00:00+00:00,89.62000274658203,2.867000102996826,15.600000381469727
2018-04-19 00:00:00+00:00,89.94000244140625,2.9140000343322754,15.960000038146973
2018-04-20 00:00:00+00:00,90.31999969482422,2.9509999752044678,16.8799991607666
2018-04-23 00:00:00+00:00,90.94000244140625,2.9730000495910645,16.34000015258789
2018-04-24 00:00:00+00:00,90.7699966430664,2.9830000400543213,18.020000457763672
2018-04-25 00:00:00+00:00,91.16999816894531,3.0239999294281006,17.84000015258789
2018-04-26 00:00:00+00:00,91.55999755859375,2.990000009536743,16.239999771118164
2018-04-27 00:00:00+00:00,91.54000091552734,2.9570000171661377,15.40999984741211
2018-04-30 00:00:00+00:00,91.83999633789062,2.936000108718872,15.930000305175781
2018-05-01 00:00:00+00:00,92.44999694824219,2.9760000705718994,15.489999771118164
2018-05-02 00:00:00+00:00,92.51000213623047,2.9639999866485596,15.970000267028809
2018-05-03 00:00:00+00:00,92.41000366210938,2.946000099182129,15.899999618530273
2018-05-04 00:00:00+00:00,92.56999969482422,2.944000005722046,14.770000457763672
2018-05-07 00:00:00+00:00,92.75,2.950000047683716,14.75
2018-05-08 00:00:00+00:00,93.12000274658203,2.9690001010894775,14.710000038146973
2018-05-09 00:00:00+00:00,93.04000091552734,3.003999948501587,13.420000076293945
2018-05-10 00:00:00+00:00,92.6500015258789,2.9709999561309814,13.229999542236328
2018-05-11 00:00:00+00:00,92.54000091552734,2.9709999561309814,12.649999618530273
2018-05-14 00:00:00+00:00,92.58999633789062,2.994999885559082,12.930000305175781
2018-05-15 00:00:00+00:00,93.22000122070312,3.0799999237060547,14.630000114440918
2018-05-16 00:00:00+00:00,93.38999938964844,3.0950000286102295,13.420000076293945
2018-05-17 00:00:00+00:00,93.47000122070312,3.1089999675750732,13.430000305175781
2018-05-18 00:00:00+00:00,93.63999938964844,3.066999912261963,13.420000076293945
2018-05-21 00:00:00+00:00,93.68000030517578,3.065000057220459,13.079999923706055
2018-05-22 00:00:00+00:00,93.61000061035156,3.065000057220459,13.220000267028809
2018-05-23 00:00:00+00:00,94.01000213623047,3.003000020980835,12.579999923706055
2018-05-24 00:00:00+00:00,93.77999877929688,2.9809999465942383,12.529999732971191
2018-05-25 00:00:00+00:00,94.19000244140625,2.930999994277954,13.220000267028809
2018-05-29 00:00:00+00:00,94.83000183105469,2.7679998874664307,17.020000457763672
2018-05-30 00:00:00+00:00,94.1500015258789,2.8420000076293945,14.9399995803833
2018-05-31 00:00:00+00:00,93.98999786376953,2.822000026702881,15.430000305175781
2018-06-01 00:00:00+00:00,94.19000244140625,2.8949999809265137,13.460000038146973
2018-06-04 00:00:00+00:00,94.0199966430664,2.937000036239624,12.739999771118164
2018-06-05 00:00:00+00:00,93.88999938964844,2.9189999103546143,12.399999618530273
2018-06-06 00:00:00+00:00,93.66000366210938,2.9749999046325684,11.640000343322754
2018-06-07 00:00:00+00:00,93.4000015258789,2.933000087738037,12.130000114440918
2018-06-08 00:00:00+00:00,93.55000305175781,2.937000036239624,12.180000305175781
2018-06-11 00:00:00+00:00,93.58000183105469,2.9570000171661377,12.350000381469727
2018-06-12 00:00:00+00:00,93.80000305175781,2.9570000171661377,12.34000015258789
2018-06-13 00:00:00+00:00,93.70999908447266,2.9769999980926514,12.9399995803833
2018-06-14 00:00:00+00:00,94.7699966430664,2.946000099182129,12.119999885559082
2018-06-15 00:00:00+00:00,94.79000091552734,2.9240000247955322,11.979999542236328
2018-06-18 00:00:00+00:00,94.75,2.9260001182556152,12.3100004196167
2018-06-19 00:00:00+00:00,95.08999633789062,2.8929998874664307,13.350000381469727
2018-06-20 00:00:00+00:00,95.05999755859375,2.927999973297119,12.789999961853027
2018-06-21 00:00:00+00:00,94.87000274658203,2.8970000743865967,14.640000343322754
2018-06-22 00:00:00+00:00,94.5199966430664,2.9000000953674316,13.770000457763672
2018-06-25 00:00:00+00:00,94.27999877929688,2.875,17.329999923706055
2018-06-26 00:00:00+00:00,94.68000030517578,2.880000114440918,15.920000076293945
2018-06-27 00:00:00+00:00,95.29000091552734,2.8269999027252197,17.90999984741211
2018-06-28 00:00:00+00:00,95.38999938964844,2.8469998836517334,16.850000381469727
2018-06-29 00:00:00+00:00,94.62999725341797,2.8489999771118164,16.09000015258789
2018-07-02 00:00:00+00:00,94.87000274658203,2.865999937057495,15.600000381469727
2018-07-03 00:00:00+00:00,94.58999633789062,2.8380000591278076,16.139999389648438
2018-07-05 00:00:00+00:00,94.47000122070312,2.8399999141693115,14.970000267028809
2018-07-06 00:00:00+00:00,94.04000091552734,2.8310000896453857,13.369999885559082
2018-07-09 00:00:00+00:00,94.08000183105469,2.859999895095825,12.6899995803833
2018-07-10 00:00:00+00:00,94.11000061035156,2.872999906539917,12.640000343322754
2018-07-11 00:00:00+00:00,94.72000122070312,2.8420000076293945,13.630000114440918
2018-07-12 00:00:00+00:00,94.80999755859375,2.8529999256134033,12.579999923706055
2018-07-13 00:00:00+00:00,94.75,2.8310000896453857,12.180000305175781
2018-07-16 00:00:00+00:00,94.51000213623047,2.8580000400543213,12.829999923706055
2018-07-17 00:00:00+00:00,94.97000122070312,2.864000082015991,12.0600004196167
2018-07-18 00:00:00+00:00,95.08000183105469,2.875,12.100000381469727
2018-07-19 00:00:00+00:00,95.16999816894531,2.8469998836517334,12.869999885559082
2018-07-20 00:00:00+00:00,94.45999908447266,2.8949999809265137,12.859999656677246
2018-07-23 00:00:00+00:00,94.66999816894531,2.9649999141693115,12.619999885559082
2018-07-24 00:00:00+00:00,94.61000061035156,2.9489998817443848,12.40999984741211
2018-07-25 00:00:00+00:00,94.36000061035156,2.936000108718872,12.289999961853027
2018-07-26 00:00:00+00:00,94.75,2.9749999046325684,12.140000343322754
2018-07-27 00:00:00+00:00,94.68000030517578,2.9600000381469727,13.029999732971191
2018-07-30 00:00:00+00:00,94.36000061035156,2.9749999046325684,14.260000228881836
2018-07-31 00:00:00+00:00,94.48999786376953,2.9639999866485596,12.829999923706055
2018-08-01 00:00:00+00:00,94.62000274658203,3.003000020980835,13.149999618530273
2018-08-02 00:00:00+00:00,95.16999816894531,2.9860000610351562,12.1899995803833
2018-08-03 00:00:00+00:00,95.13999938964844,2.953000068664551,11.640000343322754
2018-08-06 00:00:00+00:00,95.36000061035156,2.937999963760376,11.270000457763672
2018-08-07 00:00:00+00:00,95.22000122070312,2.9730000495910645,10.930000305175781
2018-08-08 00:00:00+00:00,95.0999984741211,2.9709999561309814,10.850000381469727
2018-08-09 00:00:00+00:00,95.5,2.934999942779541,11.270000457763672
2018-08-10 00:00:00+00:00,96.36000061035156,2.8570001125335693,13.15999984741211
2018-08-13 00:00:00+00:00,96.38999938964844,2.877000093460083,14.779999732971191
2018-08-14 00:00:00+00:00,96.7300033569336,2.8949999809265137,13.3100004196167
2018-08-15 00:00:00+00:00,96.69999694824219,2.8519999980926514,14.640000343322754
2018-08-16 00:00:00+00:00,96.6500015258789,2.871000051498413,13.449999809265137
2018-08-17 00:00:00+00:00,96.0999984741211,2.872999906539917,12.640000343322754
2018-08-20 00:00:00+00:00,95.9000015258789,2.822999954223633,12.489999771118164
2018-08-21 00:00:00+00:00,95.26000213623047,2.8440001010894775,12.859999656677246
2018-08-22 00:00:00+00:00,95.1500015258789,2.822999954223633,12.25
2018-08-23 00:00:00+00:00,95.62000274658203,2.821000099182129,12.40999984741211
2018-08-24 00:00:00+00:00,95.1500015258789,2.8259999752044678,11.989999771118164
2018-08-27 00:00:00+00:00,94.77999877929688,2.8480000495910645,12.15999984741211
2018-08-28 00:00:00+00:00,94.72000122070312,2.884000062942505,12.5
2018-08-29 00:00:00+00:00,94.5999984741211,2.884000062942505,12.25
2018-08-30 00:00:00+00:00,94.72000122070312,2.859999895095825,13.529999732971191
2018-08-31 00:00:00+00:00,95.13999938964844,2.8529999256134033,12.859999656677246
2018-09-04 00:00:00+00:00,95.41999816894531,2.9019999504089355,13.15999984741211
2018-09-05 00:00:00+00:00,95.12999725341797,2.9019999504089355,13.90999984741211
2018-09-06 00:00:00+00:00,95.0199966430664,2.878999948501587,14.649999618530273
2018-09-07 00:00:00+00:00,95.37000274658203,2.941999912261963,14.880000114440918
2018-09-10 00:00:00+00:00,95.1500015258789,2.937000036239624,14.15999984741211
2018-09-11 00:00:00+00:00,95.05999755859375,2.9769999980926514,13.220000267028809
2018-09-12 00:00:00+00:00,94.80000305175781,2.9630000591278076,13.140000343322754
2018-09-13 00:00:00+00:00,94.54000091552734,2.9630000591278076,12.369999885559082
2018-09-14 00:00:00+00:00,94.9800033569336,2.99399995803833,12.069999694824219
2018-09-17 00:00:00+00:00,94.51000213623047,3.000999927520752,13.680000305175781
2018-09-18 00:00:00+00:00,94.62000274658203,3.0480000972747803,12.789999961853027
2018-09-19 00:00:00+00:00,94.55000305175781,3.0829999446868896,11.75
2018-09-20 00:00:00+00:00,93.91000366210938,3.078000068664551,11.800000190734863
2018-09-21 00:00:00+00:00,94.22000122070312,3.068000078201294,11.680000305175781
2018-09-24 00:00:00+00:00,94.26000213623047,3.078000068664551,12.199999809265137
2018-09-25 00:00:00+00:00,94.12999725341797,3.1019999980926514,12.420000076293945
2018-09-26 00:00:00+00:00,94.19000244140625,3.061000108718872,12.890000343322754
2018-09-27 00:00:00+00:00,95.0,3.055999994277954,12.40999984741211
2018-09-28 00:00:00+00:00,95.19000244140625,3.055999994277954,12.119999885559082
2018-10-01 00:00:00+00:00,95.30000305175781,3.0799999237060547,12.0
2018-10-02 00:00:00+00:00,95.51000213623047,3.055999994277954,12.050000190734863
2018-10-03 00:00:00+00:00,95.76000213623047,3.1610000133514404,11.609999656677246
2018-10-04 00:00:00+00:00,95.75,3.197000026702881,14.220000267028809
2018-10-05 00:00:00+00:00,95.62000274658203,3.2249999046325684,14.819999694824219
2018-10-08 00:00:00+00:00,95.7699966430664,3.2330000400543213,15.6899995803833
2018-10-09 00:00:00+00:00,95.68000030517578,3.2079999446868896,15.949999809265137
2018-10-10 00:00:00+00:00,95.51000213623047,3.2249999046325684,22.959999084472656
2018-10-11 00:00:00+00:00,95.0199966430664,3.132999897003174,24.979999542236328
2018-10-12 00:00:00+00:00,95.22000122070312,3.1410000324249268,21.309999465942383
2018-10-15 00:00:00+00:00,95.06999969482422,3.1630001068115234,21.299999237060547
2018-10-16 00:00:00+00:00,95.05000305175781,3.1559998989105225,17.6200008392334
2018-10-17 00:00:00+00:00,95.58000183105469,3.178999900817871,17.399999618530273
2018-10-18 00:00:00+00:00,95.9000015258789,3.174999952316284,20.059999465942383
2018-10-19 00:00:00+00:00,95.70999908447266,3.197999954223633,19.889999389648438
2018-10-22 00:00:00+00:00,96.01000213623047,3.196000099182129,19.639999389648438
2018-10-23 00:00:00+00:00,95.95999908447266,3.1659998893737793,20.709999084472656
2018-10-24 00:00:00+00:00,96.43000030517578,3.124000072479248,25.229999542236328
2018-10-25 00:00:00+00:00,96.68000030517578,3.135999917984009,24.219999313354492
2018-10-26 00:00:00+00:00,96.36000061035156,3.0769999027252197,24.15999984741211
2018-10-29 00:00:00+00:00,96.58000183105469,3.0869998931884766,24.700000762939453
2018-10-30 00:00:00+00:00,97.01000213623047,3.109999895095825,23.350000381469727
2018-10-31 00:00:00+00:00,97.12999725341797,3.1589999198913574,21.229999542236328
2018-11-01 00:00:00+00:00,96.27999877929688,3.1440000534057617,19.34000015258789
2018-11-02 00:00:00+00:00,96.54000091552734,3.2139999866485596,19.510000228881836
2018-11-05 00:00:00+00:00,96.3499984741211,3.2009999752044678,19.959999084472656
2018-11-06 00:00:00+00:00,96.31999969482422,3.2139999866485596,19.90999984741211
2018-11-07 00:00:00+00:00,96.0,3.2130000591278076,16.360000610351562
2018-11-08 00:00:00+00:00,96.63999938964844,3.2339999675750732,16.719999313354492
2018-11-09 00:00:00+00:00,96.91000366210938,3.188999891281128,17.360000610351562
2018-11-12 00:00:00+00:00,97.54000091552734,3.186000108718872,20.450000762939453
2018-11-13 00:00:00+00:00,97.30000305175781,3.1449999809265137,20.020000457763672
2018-11-14 00:00:00+00:00,96.80000305175781,3.119999885559082,21.25
2018-11-15 00:00:00+00:00,96.93000030517578,3.118000030517578,19.979999542236328
2018-11-16 00:00:00+00:00,96.47000122070312,3.0739998817443848,18.139999389648438
2018-11-19 00:00:00+00:00,96.19000244140625,3.056999921798706,20.100000381469727
2018-11-20 00:00:00+00:00,96.80999755859375,3.0480000972747803,22.479999542236328
2018-11-21 00:00:00+00:00,96.70999908447266,3.061000108718872,20.799999237060547
2018-11-23 00:00:00+00:00,96.91999816894531,3.053999900817871,21.520000457763672
2018-11-26 00:00:00+00:00,97.06999969482422,3.072000026702881,18.899999618530273
2018-11-27 00:00:00+00:00,97.37000274658203,3.055000066757202,19.020000457763672
2018-11-28 00:00:00+00:00,96.79000091552734,3.0439999103546143,18.489999771118164
2018-11-29 00:00:00+00:00,96.77999877929688,3.0350000858306885,18.790000915527344
2018-11-30 00:00:00+00:00,97.2699966430664,3.013000011444092,18.06999969482422
2018-12-03 00:00:00+00:00,97.04000091552734,2.992000102996826,16.440000534057617
2018-12-04 00:00:00+00:00,96.97000122070312,2.9240000247955322,20.739999771118164
2018-12-06 00:00:00+00:00,96.80999755859375,2.875999927520752,21.190000534057617
2018-12-07 00:00:00+00:00,96.51000213623047,2.8499999046325684,23.229999542236328
2018-12-10 00:00:00+00:00,97.22000122070312,2.8559999465942383,22.639999389648438
2018-12-11 00:00:00+00:00,97.38999938964844,2.878999948501587,21.760000228881836
2018-12-12 00:00:00+00:00,97.04000091552734,2.9059998989105225,21.459999084472656
2018-12-13 00:00:00+00:00,97.05999755859375,2.9110000133514404,20.649999618530273
2018-12-14 00:00:00+00:00,97.44000244140625,2.8910000324249268,21.6299991607666
2018-12-17 00:00:00+00:00,97.0999984741211,2.8570001125335693,24.520000457763672
2018-12-18 00:00:00+00:00,97.13999938964844,2.825000047683716,25.579999923706055
2018-12-19 00:00:00+00:00,97.04000091552734,2.7780001163482666,25.579999923706055
2018-12-20 00:00:00+00:00,96.27999877929688,2.7890000343322754,28.3799991607666
2018-12-21 00:00:00+00:00,96.95999908447266,2.7920000553131104,30.110000610351562
2018-12-24 00:00:00+00:00,96.55000305175781,2.749000072479248,36.06999969482422
2018-12-26 00:00:00+00:00,97.05000305175781,2.796999931335449,30.40999984741211
2018-12-27 00:00:00+00:00,96.4800033569336,2.743000030517578,29.959999084472656
2018-12-28 00:00:00+00:00,96.38999938964844,2.7360000610351562,28.34000015258789
2018-12-31 00:00:00+00:00,96.16999816894531,2.686000108718872,25.420000076293945
2019-01-02 00:00:00+00:00,96.81999969482422,2.6610000133514404,23.219999313354492
2019-01-03 00:00:00+00:00,96.30999755859375,2.553999900817871,25.450000762939453
2019-01-04 00:00:00+00:00,96.19000244140625,2.6589999198913574,21.3799991607666
2019-01-07 00:00:00+00:00,95.70999908447266,2.681999921798706,21.399999618530273
2019-01-08 00:00:00+00:00,95.9000015258789,2.7160000801086426,20.469999313354492
2019-01-09 00:00:00+00:00,95.22000122070312,2.7279999256134033,19.979999542236328
2019-01-10 00:00:00+00:00,95.54000091552734,2.7309999465942383,19.5
2019-01-11 00:00:00+00:00,95.66999816894531,2.7009999752044678,18.190000534057617
2019-01-14 00:00:00+00:00,95.58999633789062,2.7100000381469727,19.06999969482422
2019-01-15 00:00:00+00:00,95.97000122070312,2.7109999656677246,18.600000381469727
2019-01-16 00:00:00+00:00,96.05999755859375,2.7309999465942383,19.040000915527344
2019-01-17 00:00:00+00:00,96.06999969482422,2.749000072479248,18.059999465942383
2019-01-18 00:00:00+00:00,96.33999633789062,2.7839999198913574,17.799999237060547
2019-01-22 00:00:00+00:00,96.30000305175781,2.7300000190734863,20.799999237060547
2019-01-23 00:00:00+00:00,96.12000274658203,2.755000114440918,19.520000457763672
2019-01-24 00:00:00+00:00,96.5999984741211,2.7119998931884766,18.889999389648438
2019-01-25 00:00:00+00:00,95.79000091552734,2.753000020980835,17.420000076293945
2019-01-28 00:00:00+00:00,95.75,2.74399995803833,18.8700008392334
2019-01-29 00:00:00+00:00,95.81999969482422,2.7119998931884766,19.1299991607666
2019-01-30 00:00:00+00:00,95.33999633789062,2.694999933242798,17.65999984741211
2019-01-31 00:00:00+00:00,95.58000183105469,2.634999990463257,16.56999969482422
2019-02-01 00:00:00+00:00,95.58000183105469,2.690999984741211,16.139999389648438
2019-02-04 00:00:00+00:00,95.8499984741211,2.7239999771118164,15.729999542236328
2019-02-05 00:00:00+00:00,96.0999984741211,2.7019999027252197,15.569999694824219
2019-02-06 00:00:00+00:00,96.41999816894531,2.7019999027252197,15.380000114440918
2019-02-07 00:00:00+00:00,96.51000213623047,2.6519999504089355,16.3700008392334
2019-02-08 00:00:00+00:00,96.63999938964844,2.631999969482422,15.720000267028809
2019-02-11 00:00:00+00:00,97.05999755859375,2.6610000133514404,15.970000267028809
2019-02-12 00:00:00+00:00,96.70999908447266,2.684000015258789,15.430000305175781
2019-02-13 00:00:00+00:00,97.12999725341797,2.7079999446868896,15.649999618530273
2019-02-14 00:00:00+00:00,96.9800033569336,2.6570000648498535,16.219999313354492
2019-02-15 00:00:00+00:00,96.91999816894531,2.6659998893737793,14.90999984741211
2019-02-19 00:00:00+00:00,96.5199966430664,2.6470000743865967,14.880000114440918
2019-02-20 00:00:00+00:00,96.44999694824219,2.6540000438690186,14.020000457763672
2019-02-21 00:00:00+00:00,96.61000061035156,2.687999963760376,14.460000038146973
2019-02-22 00:00:00+00:00,96.51000213623047,2.6549999713897705,13.510000228881836
2019-02-25 00:00:00+00:00,96.41000366210938,2.6730000972747803,14.850000381469727
2019-02-26 00:00:00+00:00,96.0,2.635999917984009,15.170000076293945
2019-02-27 00:00:00+00:00,96.1500015258789,2.693000078201294,14.699999809265137
2019-02-28 00:00:00+00:00,96.16000366210938,2.7109999656677246,14.779999732971191
2019-03-01 00:00:00+00:00,96.52999877929688,2.755000114440918,13.569999694824219
2019-03-04 00:00:00+00:00,96.68000030517578,2.7219998836517334,14.630000114440918
2019-03-05 00:00:00+00:00,96.8499984741211,2.7219998836517334,14.739999771118164
2019-03-06 00:00:00+00:00,96.87000274658203,2.691999912261963,15.739999771118164
2019-03-07 00:00:00+00:00,97.66999816894531,2.635999917984009,16.59000015258789
2019-03-08 00:00:00+00:00,97.37000274658203,2.625,16.049999237060547
2019-03-11 00:00:00+00:00,97.22000122070312,2.6429998874664307,14.329999923706055
2019-03-12 00:00:00+00:00,96.94000244140625,2.6050000190734863,13.770000457763672
2019-03-13 00:00:00+00:00,96.55000305175781,2.6110000610351562,13.40999984741211
2019-03-14 00:00:00+00:00,96.79000091552734,2.630000114440918,13.5
2019-03-15 00:00:00+00:00,96.5999984741211,2.5929999351501465,12.880000114440918
2019-03-18 00:00:00+00:00,96.5199966430664,2.6019999980926514,13.100000381469727
2019-03-19 00:00:00+00:00,96.37999725341797,2.614000082015991,13.5600004196167
2019-03-20 00:00:00+00:00,95.76000213623047,2.5350000858306885,13.90999984741211
2019-03-21 00:00:00+00:00,96.5,2.5369999408721924,13.630000114440918
2019-03-22 00:00:00+00:00,96.6500015258789,2.4549999237060547,16.479999542236328
2019-03-25 00:00:00+00:00,96.56999969482422,2.4200000762939453,16.329999923706055
2019-03-26 00:00:00+00:00,96.73999786376953,2.4140000343322754,14.680000305175781
2019-03-27 00:00:00+00:00,96.7699966430664,2.374000072479248,15.149999618530273
2019-03-28 00:00:00+00:00,97.19999694824219,2.3889999389648438,14.430000305175781
2019-03-29 00:00:00+00:00,97.27999877929688,2.4140000343322754,13.710000038146973
2019-04-01 00:00:00+00:00,97.25,2.496999979019165,13.399999618530273
2019-04-02 00:00:00+00:00,97.36000061035156,2.4809999465942383,13.359999656677246
2019-04-03 00:00:00+00:00,97.08999633789062,2.5169999599456787,13.739999771118164
2019-04-04 00:00:00+00:00,97.30999755859375,2.51200008392334,13.579999923706055
2019-04-05 00:00:00+00:00,97.4000015258789,2.500999927520752,12.819999694824219
2019-04-08 00:00:00+00:00,97.05000305175781,2.5190000534057617,13.180000305175781
2019-04-09 00:00:00+00:00,97.01000213623047,2.499000072479248,14.279999732971191
2019-04-10 00:00:00+00:00,96.94999694824219,2.4769999980926514,13.300000190734863
2019-04-11 00:00:00+00:00,97.18000030517578,2.503999948501587,13.020000457763672
2019-04-12 00:00:00+00:00,96.97000122070312,2.559999942779541,12.010000228881836
2019-04-15 00:00:00+00:00,96.94000244140625,2.552999973297119,12.319999694824219
2019-04-16 00:00:00+00:00,97.04000091552734,2.5920000076293945,12.180000305175781
2019-04-17 00:00:00+00:00,97.01000213623047,2.5920000076293945,12.600000381469727
2019-04-18 00:00:00+00:00,97.47000122070312,2.559999942779541,12.09000015258789
2019-04-22 00:00:00+00:00,97.27999877929688,2.5899999141693115,12.420000076293945
2019-04-23 00:00:00+00:00,97.56999969482422,2.569999933242798,12.279999732971191
2019-04-24 00:00:00+00:00,98.0999984741211,2.5220000743865967,13.140000343322754
2019-04-25 00:00:00+00:00,98.19999694824219,2.5339999198913574,13.25
2019-04-26 00:00:00+00:00,98.01000213623047,2.505000114440918,12.729999542236328
2019-04-29 00:00:00+00:00,97.86000061035156,2.5360000133514404,13.109999656677246
2019-04-30 00:00:00+00:00,97.4800033569336,2.509000062942505,13.119999885559082
2019-05-01 00:00:00+00:00,97.69000244140625,2.510999917984009,14.800000190734863
2019-05-02 00:00:00+00:00,97.83000183105469,2.552000045776367,14.420000076293945
2019-05-03 00:00:00+00:00,97.5199966430664,2.5309998989105225,12.869999885559082
2019-05-06 00:00:00+00:00,97.5199966430664,2.5,15.4399995803833
2019-05-07 00:00:00+00:00,97.62999725341797,2.447999954223633,19.31999969482422
2019-05-08 00:00:00+00:00,97.62000274658203,2.4820001125335693,19.399999618530273
2019-05-09 00:00:00+00:00,97.37000274658203,2.4570000171661377,19.100000381469727
2019-05-10 00:00:00+00:00,97.33000183105469,2.4549999237060547,16.040000915527344
2019-05-13 00:00:00+00:00,97.31999969482422,2.4049999713897705,20.549999237060547
2019-05-14 00:00:00+00:00,97.52999877929688,2.4189999103546143,18.059999465942383
2019-05-15 00:00:00+00:00,97.56999969482422,2.378999948501587,16.440000534057617
2019-05-16 00:00:00+00:00,97.83999633789062,2.4049999713897705,15.289999961853027
2019-05-17 00:00:00+00:00,98.0,2.3929998874664307,15.960000038146973
2019-05-20 00:00:00+00:00,97.93000030517578,2.4159998893737793,16.309999465942383
2019-05-21 00:00:00+00:00,98.05999755859375,2.4260001182556152,14.949999809265137
2019-05-22 00:00:00+00:00,98.11000061035156,2.3929998874664307,14.75
2019-05-23 00:00:00+00:00,97.8499984741211,2.2960000038146973,16.920000076293945
2019-05-24 00:00:00+00:00,97.61000061035156,2.3239998817443848,15.850000381469727
2019-05-28 00:00:00+00:00,97.95999908447266,2.2679998874664307,17.5
2019-05-29 00:00:00+00:00,98.13999938964844,2.2360000610351562,17.899999618530273
2019-05-30 00:00:00+00:00,98.13999938964844,2.2269999980926514,17.299999237060547
2019-05-31 00:00:00+00:00,97.75,2.1419999599456787,18.709999084472656
2019-06-03 00:00:00+00:00,97.13999938964844,2.0810000896453857,18.860000610351562
2019-06-04 00:00:00+00:00,97.06999969482422,2.11899995803833,16.969999313354492
2019-06-05 00:00:00+00:00,97.37000274658203,2.122999906539917,16.09000015258789
2019-06-06 00:00:00+00:00,97.02999877929688,2.124000072479248,15.930000305175781
2019-06-07 00:00:00+00:00,96.61000061035156,2.0840001106262207,16.299999237060547
2019-06-10 00:00:00+00:00,96.76000213623047,2.1429998874664307,15.9399995803833
2019-06-11 00:00:00+00:00,96.69000244140625,2.140000104904175,15.989999771118164
2019-06-12 00:00:00+00:00,97.0,2.127000093460083,15.90999984741211
2019-06-13 00:00:00+00:00,97.01000213623047,2.0910000801086426,15.819999694824219
2019-06-14 00:00:00+00:00,97.56999969482422,2.0929999351501465,15.279999732971191
2019-06-17 00:00:00+00:00,97.55999755859375,2.0859999656677246,15.350000381469727
2019-06-18 00:00:00+00:00,97.63999938964844,2.059999942779541,15.149999618530273
2019-06-19 00:00:00+00:00,97.12000274658203,2.0290000438690186,14.329999923706055
2019-06-20 00:00:00+00:00,96.62999725341797,2.000999927520752,14.75
2019-06-21 00:00:00+00:00,96.22000122070312,2.068000078201294,15.399999618530273
2019-06-24 00:00:00+00:00,95.9800033569336,2.0209999084472656,15.260000228881836
2019-06-25 00:00:00+00:00,96.16000366210938,1.99399995803833,16.280000686645508
2019-06-26 00:00:00+00:00,96.20999908447266,2.0490000247955322,16.209999084472656
2019-06-27 00:00:00+00:00,96.19000244140625,2.005000114440918,15.819999694824219
2019-06-28 00:00:00+00:00,96.12999725341797,2.0,15.079999923706055
2019-07-01 00:00:00+00:00,96.83999633789062,2.0339999198913574,14.0600004196167
2019-07-02 00:00:00+00:00,96.7300033569336,1.9759999513626099,12.930000305175781
2019-07-03 00:00:00+00:00,96.7699966430664,1.9529999494552612,12.569999694824219
2019-07-05 00:00:00+00:00,97.25,2.0480000972747803,13.279999732971191
2019-07-08 00:00:00+00:00,97.37999725341797,2.0339999198913574,13.960000038146973
2019-07-09 00:00:00+00:00,97.48999786376953,2.053999900817871,14.09000015258789
2019-07-10 00:00:00+00:00,97.0999984741211,2.061000108718872,13.029999732971191
2019-07-11 00:00:00+00:00,97.05000305175781,2.119999885559082,12.930000305175781
2019-07-12 00:00:00+00:00,96.80999755859375,2.1059999465942383,12.390000343322754
2019-07-15 00:00:00+00:00,96.93000030517578,2.0920000076293945,12.680000305175781
2019-07-16 00:00:00+00:00,97.4000015258789,2.121999979019165,12.859999656677246
2019-07-17 00:00:00+00:00,97.22000122070312,2.061000108718872,13.970000267028809
2019-07-18 00:00:00+00:00,96.79000091552734,2.0380001068115234,13.529999732971191
2019-07-19 00:00:00+00:00,97.1500015258789,2.0480000972747803,14.449999809265137
2019-07-22 00:00:00+00:00,97.26000213623047,2.0429999828338623,13.529999732971191
2019-07-23 00:00:00+00:00,97.70999908447266,2.0739998817443848,12.609999656677246
2019-07-24 00:00:00+00:00,97.7300033569336,2.049999952316284,12.069999694824219
2019-07-25 00:00:00+00:00,97.81999969482422,2.0739998817443848,12.739999771118164
2019-07-26 00:00:00+00:00,98.01000213623047,2.0810000896453857,12.15999984741211
2019-07-29 00:00:00+00:00,98.04000091552734,2.055000066757202,12.829999923706055
2019-07-30 00:00:00+00:00,98.05000305175781,2.061000108718872,13.9399995803833
2019-07-31 00:00:00+00:00,98.5199966430664,2.0209999084472656,16.1200008392334
2019-08-01 00:00:00+00:00,98.38999938964844,1.8940000534057617,17.8700008392334
2019-08-02 00:00:00+00:00,98.0999984741211,1.8550000190734863,17.610000610351562
2019-08-05 00:00:00+00:00,97.5,1.7350000143051147,24.59000015258789
2019-08-06 00:00:00+00:00,97.62999725341797,1.7389999628067017,20.170000076293945
2019-08-07 00:00:00+00:00,97.54000091552734,1.684000015258789,19.489999771118164
2019-08-08 00:00:00+00:00,97.62000274658203,1.715999960899353,16.90999984741211
2019-08-09 00:00:00+00:00,97.48999786376953,1.7339999675750732,17.969999313354492
2019-08-12 00:00:00+00:00,97.37999725341797,1.6390000581741333,21.09000015258789
2019-08-13 00:00:00+00:00,97.80999755859375,1.6799999475479126,17.520000457763672
2019-08-14 00:00:00+00:00,97.98999786376953,1.5809999704360962,22.100000381469727
2019-08-15 00:00:00+00:00,98.13999938964844,1.5290000438690186,21.18000030517578
2019-08-16 00:00:00+00:00,98.13999938964844,1.5390000343322754,18.469999313354492
2019-08-19 00:00:00+00:00,98.3499984741211,1.5980000495910645,16.8799991607666
2019-08-20 00:00:00+00:00,98.19000244140625,1.5609999895095825,17.5
2019-08-21 00:00:00+00:00,98.30000305175781,1.5770000219345093,15.800000190734863
2019-08-22 00:00:00+00:00,98.16999816894531,1.6100000143051147,16.68000030517578
2019-08-23 00:00:00+00:00,97.63999938964844,1.527999997138977,19.8700008392334
2019-08-26 00:00:00+00:00,98.08000183105469,1.5449999570846558,19.31999969482422
2019-08-27 00:00:00+00:00,98.0,1.4900000095367432,20.309999465942383
2019-08-28 00:00:00+00:00,98.20999908447266,1.465999960899353,19.350000381469727
2019-08-29 00:00:00+00:00,98.51000213623047,1.5160000324249268,17.8799991607666
2019-08-30 00:00:00+00:00,98.91999816894531,1.50600004196167,18.979999542236328
2019-09-03 00:00:00+00:00,98.94999694824219,1.465999960899353,19.65999984741211
2019-09-04 00:00:00+00:00,98.44999694824219,1.4589999914169312,17.329999923706055
2019-09-05 00:00:00+00:00,98.41000366210938,1.565000057220459,16.270000457763672
2019-09-06 00:00:00+00:00,98.38999938964844,1.5499999523162842,15.0
2019-09-09 00:00:00+00:00,98.27999877929688,1.621999979019165,15.270000457763672
2019-09-10 00:00:00+00:00,98.33000183105469,1.7020000219345093,15.199999809265137
2019-09-11 00:00:00+00:00,98.6500015258789,1.7330000400543213,14.609999656677246
2019-09-12 00:00:00+00:00,98.30999755859375,1.7910000085830688,14.220000267028809
2019-09-13 00:00:00+00:00,98.26000213623047,1.902999997138977,13.739999771118164
2019-09-16 00:00:00+00:00,98.6500015258789,1.840999960899353,14.670000076293945
2019-09-17 00:00:00+00:00,98.26000213623047,1.812000036239624,14.4399995803833
2019-09-18 00:00:00+00:00,98.5999984741211,1.7860000133514404,13.949999809265137
2019-09-19 00:00:00+00:00,98.2699966430664,1.7740000486373901,14.050000190734863
2019-09-20 00:00:00+00:00,98.51000213623047,1.7549999952316284,15.319999694824219
2019-09-23 00:00:00+00:00,98.5999984741211,1.7079999446868896,14.90999984741211
2019-09-24 00:00:00+00:00,98.33999633789062,1.6349999904632568,17.049999237060547
2019-09-25 00:00:00+00:00,99.04000091552734,1.7319999933242798,15.960000038146973
2019-09-26 00:00:00+00:00,99.20999908447266,1.684999942779541,16.06999969482422
2019-09-27 00:00:00+00:00,99.11000061035156,1.6749999523162842,17.219999313354492
2019-09-30 00:00:00+00:00,99.37999725341797,1.6749999523162842,16.239999771118164
2019-10-01 00:00:00+00:00,99.12999725341797,1.6440000534057617,18.559999465942383
2019-10-02 00:00:00+00:00,99.04000091552734,1.5959999561309814,20.559999465942383
2019-10-03 00:00:00+00:00,98.86000061035156,1.5360000133514404,19.1200008392334
2019-10-04 00:00:00+00:00,98.80999755859375,1.5149999856948853,17.040000915527344
2019-10-07 00:00:00+00:00,98.98999786376953,1.5529999732971191,17.860000610351562
2019-10-08 00:00:00+00:00,99.13999938964844,1.5369999408721924,20.280000686645508
2019-10-09 00:00:00+00:00,99.12000274658203,1.5889999866485596,18.639999389648438
2019-10-10 00:00:00+00:00,98.70999908447266,1.6579999923706055,17.56999969482422
2019-10-11 00:00:00+00:00,98.30000305175781,1.7519999742507935,15.579999923706055
2019-10-14 00:00:00+00:00,98.44999694824219,1.7330000400543213,14.569999694824219
2019-10-15 00:00:00+00:00,98.29000091552734,1.7710000276565552,13.539999961853027
2019-10-16 00:00:00+00:00,98.01000213623047,1.7480000257492065,13.680000305175781
2019-10-17 00:00:00+00:00,97.61000061035156,1.7569999694824219,13.789999961853027
2019-10-18 00:00:00+00:00,97.27999877929688,1.746999979019165,14.25
2019-10-21 00:00:00+00:00,97.33000183105469,1.7920000553131104,14.0
2019-10-22 00:00:00+00:00,97.52999877929688,1.7680000066757202,14.460000038146973
2019-10-23 00:00:00+00:00,97.47000122070312,1.7589999437332153,14.010000228881836
2019-10-24 00:00:00+00:00,97.62999725341797,1.7660000324249268,13.710000038146973
2019-10-25 00:00:00+00:00,97.83000183105469,1.8009999990463257,12.649999618530273
2019-10-28 00:00:00+00:00,97.76000213623047,1.8530000448226929,13.109999656677246
2019-10-29 00:00:00+00:00,97.69000244140625,1.8350000381469727,13.199999809265137
2019-10-30 00:00:00+00:00,97.6500015258789,1.7979999780654907,12.329999923706055
2019-10-31 00:00:00+00:00,97.3499984741211,1.690999984741211,13.220000267028809
2019-11-01 00:00:00+00:00,97.23999786376953,1.7280000448226929,12.300000190734863
2019-11-04 00:00:00+00:00,97.51000213623047,1.7860000133514404,12.829999923706055
2019-11-05 00:00:00+00:00,97.9800033569336,1.8660000562667847,13.100000381469727
2019-11-06 00:00:00+00:00,97.94999694824219,1.8140000104904175,12.619999885559082
2019-11-07 00:00:00+00:00,98.13999938964844,1.9259999990463257,12.729999542236328
2019-11-08 00:00:00+00:00,98.3499984741211,1.9329999685287476,12.069999694824219
2019-11-11 00:00:00+00:00,98.19999694824219,1.9429999589920044,12.6899995803833
2019-11-12 00:00:00+00:00,98.30999755859375,1.909000039100647,12.680000305175781
2019-11-13 00:00:00+00:00,98.37000274658203,1.8700000047683716,13.0
2019-11-14 00:00:00+00:00,98.16000366210938,1.815000057220459,13.050000190734863
2019-11-15 00:00:00+00:00,98.0,1.8339999914169312,12.050000190734863
2019-11-18 00:00:00+00:00,97.79000091552734,1.8079999685287476,12.460000038146973
2019-11-19 00:00:00+00:00,97.86000061035156,1.7860000133514404,12.859999656677246
2019-11-20 00:00:00+00:00,97.93000030517578,1.7380000352859497,12.779999732971191
2019-11-21 00:00:00+00:00,97.98999786376953,1.7719999551773071,13.130000114440918
2019-11-22 00:00:00+00:00,98.2699966430664,1.7740000486373901,12.34000015258789
2019-11-25 00:00:00+00:00,98.31999969482422,1.7640000581741333,11.869999885559082
2019-11-26 00:00:00+00:00,98.25,1.7400000095367432,11.539999961853027
2019-11-27 00:00:00+00:00,98.41000366210938,1.7669999599456787,11.75
2019-11-29 00:00:00+00:00,98.2699966430664,1.7760000228881836,12.619999885559082
2019-12-02 00:00:00+00:00,97.86000061035156,1.8359999656677246,14.90999984741211
2019-12-03 00:00:00+00:00,97.73999786376953,1.7089999914169312,15.960000038146973
2019-12-04 00:00:00+00:00,97.6500015258789,1.781000018119812,14.800000190734863
2019-12-05 00:00:00+00:00,97.41000366210938,1.7970000505447388,14.520000457763672
2019-12-06 00:00:00+00:00,97.69999694824219,1.8420000076293945,13.619999885559082
2019-12-09 00:00:00+00:00,97.63999938964844,1.8289999961853027,15.859999656677246
2019-12-10 00:00:00+00:00,97.41000366210938,1.8329999446868896,15.680000305175781
2019-12-11 00:00:00+00:00,97.16000366210938,1.7899999618530273,14.989999771118164
2019-12-12 00:00:00+00:00,97.4000015258789,1.8969999551773071,13.9399995803833
2019-12-13 00:00:00+00:00,97.16999816894531,1.819000005722046,12.630000114440918
2019-12-16 00:00:00+00:00,97.06999969482422,1.8919999599456787,12.140000343322754
2019-12-17 00:00:00+00:00,97.20999908447266,1.8890000581741333,12.289999961853027
2019-12-18 00:00:00+00:00,97.41000366210938,1.9240000247955322,12.579999923706055
2019-12-19 00:00:00+00:00,97.41999816894531,1.9079999923706055,12.5
2019-12-20 00:00:00+00:00,97.70999908447266,1.9170000553131104,12.510000228881836
2019-12-23 00:00:00+00:00,97.66000366210938,1.934999942779541,12.609999656677246
2019-12-24 00:00:00+00:00,97.6500015258789,1.909999966621399,12.670000076293945
2019-12-26 00:00:00+00:00,97.58999633789062,1.9049999713897705,12.649999618530273
2019-12-27 00:00:00+00:00,96.91999816894531,1.8739999532699585,13.430000305175781
2019-12-30 00:00:00+00:00,96.73999786376953,1.8949999809265137,14.819999694824219
2019-12-31 00:00:00+00:00,96.38999938964844,1.9190000295639038,13.779999732971191
2020-01-02 00:00:00+00:00,96.8499984741211,1.8819999694824219,12.470000267028809
2020-01-03 00:00:00+00:00,96.83999633789062,1.7879999876022339,14.020000457763672
2020-01-06 00:00:00+00:00,96.66999816894531,1.8109999895095825,13.850000381469727
2020-01-07 00:00:00+00:00,96.9800033569336,1.8270000219345093,13.789999961853027
2020-01-08 00:00:00+00:00,97.30000305175781,1.8739999532699585,13.449999809265137
2020-01-09 00:00:00+00:00,97.44999694824219,1.8580000400543213,12.539999961853027
2020-01-10 00:00:00+00:00,97.36000061035156,1.8250000476837158,12.5600004196167
2020-01-13 00:00:00+00:00,97.3499984741211,1.8480000495910645,12.319999694824219
2020-01-14 00:00:00+00:00,97.37000274658203,1.8179999589920044,12.390000343322754
2020-01-15 00:00:00+00:00,97.2300033569336,1.7879999876022339,12.420000076293945
2020-01-16 00:00:00+00:00,97.31999969482422,1.809000015258789,12.319999694824219
2020-01-17 00:00:00+00:00,97.61000061035156,1.8359999656677246,12.100000381469727
2020-01-21 00:00:00+00:00,97.52999877929688,1.7690000534057617,12.850000381469727
2020-01-22 00:00:00+00:00,97.52999877929688,1.7690000534057617,12.90999984741211
2020-01-23 00:00:00+00:00,97.69000244140625,1.7400000095367432,12.979999542236328
2020-01-24 00:00:00+00:00,97.8499984741211,1.680999994277954,14.5600004196167
2020-01-27 00:00:00+00:00,97.95999908447266,1.6050000190734863,18.229999542236328
2020-01-28 00:00:00+00:00,98.0199966430664,1.6410000324249268,16.280000686645508
2020-01-29 00:00:00+00:00,97.98999786376953,1.593999981880188,16.389999389648438
2020-01-30 00:00:00+00:00,97.87000274658203,1.5579999685287476,15.489999771118164
2020-01-31 00:00:00+00:00,97.38999938964844,1.5199999809265137,18.84000015258789
2020-02-03 00:00:00+00:00,97.80000305175781,1.5199999809265137,17.969999313354492
2020-02-04 00:00:00+00:00,97.95999908447266,1.6030000448226929,16.049999237060547
2020-02-05 00:00:00+00:00,98.2699966430664,1.6490000486373901,15.149999618530273
2020-02-06 00:00:00+00:00,98.5,1.6440000534057617,14.960000038146973
2020-02-07 00:00:00+00:00,98.68000030517578,1.5779999494552612,15.470000267028809
2020-02-10 00:00:00+00:00,98.83000183105469,1.5470000505447388,15.039999961853027
2020-02-11 00:00:00+00:00,98.72000122070312,1.590000033378601,15.180000305175781
2020-02-12 00:00:00+00:00,99.05000305175781,1.6299999952316284,13.739999771118164
2020-02-13 00:00:00+00:00,99.06999969482422,1.6169999837875366,14.149999618530273
2020-02-14 00:00:00+00:00,99.12000274658203,1.5880000591278076,13.680000305175781
2020-02-18 00:00:00+00:00,99.45999908447266,1.555999994277954,14.829999923706055
2020-02-19 00:00:00+00:00,99.5999984741211,1.5700000524520874,14.380000114440918
2020-02-20 00:00:00+00:00,99.87000274658203,1.524999976158142,15.5600004196167
2020-02-21 00:00:00+00:00,99.26000213623047,1.4709999561309814,17.079999923706055
2020-02-24 00:00:00+00:00,99.29000091552734,1.3769999742507935,25.030000686645508
2020-02-25 00:00:00+00:00,98.97000122070312,1.3300000429153442,27.850000381469727
2020-02-26 00:00:00+00:00,99.0,1.309999942779541,27.559999465942383
2020-02-27 00:00:00+00:00,98.44000244140625,1.2990000247955322,39.15999984741211
2020-02-28 00:00:00+00:00,98.12999725341797,1.1269999742507935,40.11000061035156
2020-03-02 00:00:00+00:00,97.36000061035156,1.0880000591278076,33.41999816894531
2020-03-03 00:00:00+00:00,97.1500015258789,1.0099999904632568,36.81999969482422
2020-03-04 00:00:00+00:00,97.33999633789062,0.9919999837875366,31.989999771118164
2020-03-05 00:00:00+00:00,96.81999969482422,0.9259999990463257,39.619998931884766
2020-03-06 00:00:00+00:00,95.94999694824219,0.7059999704360962,41.939998626708984
2020-03-09 00:00:00+00:00,94.9000015258789,0.49900001287460327,54.459999084472656
2020-03-10 00:00:00+00:00,96.41000366210938,0.7480000257492065,47.29999923706055
2020-03-11 00:00:00+00:00,96.51000213623047,0.8199999928474426,53.900001525878906
2020-03-12 00:00:00+00:00,97.47000122070312,0.8489999771118164,75.47000122070312
2020-03-13 00:00:00+00:00,98.75,0.9509999752044678,57.83000183105469
2020-03-16 00:00:00+00:00,98.08999633789062,0.7279999852180481,82.69000244140625
2020-03-17 00:00:00+00:00,99.58000183105469,0.996999979019165,75.91000366210938
2020-03-18 00:00:00+00:00,101.16000366210938,1.2660000324249268,76.44999694824219
2020-03-19 00:00:00+00:00,102.76000213623047,1.11899995803833,72.0
2020-03-20 00:00:00+00:00,102.81999969482422,0.9380000233650208,66.04000091552734
2020-03-23 00:00:00+00:00,102.48999786376953,0.7639999985694885,61.59000015258789
2020-03-24 00:00:00+00:00,101.73999786376953,0.8159999847412109,61.66999816894531
2020-03-25 00:00:00+00:00,101.05000305175781,0.8579999804496765,63.95000076293945
2020-03-26 00:00:00+00:00,99.41999816894531,0.8109999895095825,61.0
2020-03-27 00:00:00+00:00,98.37000274658203,0.7490000128746033,65.54000091552734
2020-03-30 00:00:00+00:00,99.18000030517578,0.6700000166893005,57.08000183105469
2020-03-31 00:00:00+00:00,99.05000305175781,0.6980000138282776,53.540000915527344
2020-04-01 00:00:00+00:00,99.66999816894531,0.6349999904632568,57.060001373291016
2020-04-02 00:00:00+00:00,100.18000030517578,0.6269999742507935,50.90999984741211
2020-04-03 00:00:00+00:00,100.58000183105469,0.5870000123977661,46.79999923706055
2020-04-06 00:00:00+00:00,100.69000244140625,0.6759999990463257,45.2400016784668
2020-04-07 00:00:00+00:00,99.9800033569336,0.7360000014305115,46.70000076293945
2020-04-08 00:00:00+00:00,100.12000274658203,0.7639999985694885,43.349998474121094
2020-04-09 00:00:00+00:00,99.5199966430664,0.7289999723434448,41.66999816894531
2020-04-13 00:00:00+00:00,99.3499984741211,0.7490000128746033,41.16999816894531
2020-04-14 00:00:00+00:00,98.88999938964844,0.7519999742507935,37.7599983215332
2020-04-15 00:00:00+00:00,99.45999908447266,0.6380000114440918,40.84000015258789
2020-04-16 00:00:00+00:00,100.02999877929688,0.609000027179718,40.11000061035156
2020-04-17 00:00:00+00:00,99.77999877929688,0.6539999842643738,38.150001525878906
2020-04-20 00:00:00+00:00,99.95999908447266,0.6259999871253967,43.83000183105469
2020-04-21 00:00:00+00:00,100.26000213623047,0.5709999799728394,45.40999984741211
2020-04-22 00:00:00+00:00,100.38999938964844,0.6190000176429749,41.97999954223633
2020-04-23 00:00:00+00:00,100.43000030517578,0.6129999756813049,41.380001068115234
2020-04-24 00:00:00+00:00,100.37999725341797,0.5960000157356262,35.93000030517578
2020-04-27 00:00:00+00:00,100.04000091552734,0.656000018119812,33.290000915527344
2020-04-28 00:00:00+00:00,99.87000274658203,0.6100000143051147,33.56999969482422
2020-04-29 00:00:00+00:00,99.56999969482422,0.6269999742507935,31.229999542236328
2020-04-30 00:00:00+00:00,99.0199966430664,0.621999979019165,34.150001525878906
2020-05-01 00:00:00+00:00,98.80000305175781,0.6420000195503235,37.189998626708984
2020-05-04 00:00:00+00:00,99.4800033569336,0.6370000243186951,35.970001220703125
2020-05-05 00:00:00+00:00,99.70999908447266,0.6570000052452087,33.61000061035156
2020-05-06 00:00:00+00:00,100.08999633789062,0.7110000252723694,34.119998931884766
2020-05-07 00:00:00+00:00,99.88999938964844,0.6309999823570251,31.440000534057617
2020-05-08 00:00:00+00:00,99.7300033569336,0.6819999814033508,27.979999542236328
2020-05-11 00:00:00+00:00,100.23999786376953,0.7260000109672546,27.56999969482422
2020-05-12 00:00:00+00:00,99.93000030517578,0.6779999732971191,33.040000915527344
2020-05-13 00:00:00+00:00,100.23999786376953,0.6489999890327454,35.279998779296875
2020-05-14 00:00:00+00:00,100.47000122070312,0.6190000176429749,32.61000061035156
2020-05-15 00:00:00+00:00,100.4000015258789,0.6399999856948853,31.889999389648438
2020-05-18 00:00:00+00:00,99.66999816894531,0.7440000176429749,29.299999237060547
2020-05-19 00:00:00+00:00,99.37000274658203,0.7110000252723694,30.530000686645508
2020-05-20 00:00:00+00:00,99.12000274658203,0.6800000071525574,27.989999771118164
2020-05-21 00:00:00+00:00,99.37000274658203,0.6769999861717224,29.530000686645508
2020-05-22 00:00:00+00:00,99.86000061035156,0.6570000052452087,28.15999984741211
2020-05-26 00:00:00+00:00,98.91000366210938,0.6980000138282776,28.010000228881836
2020-05-27 00:00:00+00:00,99.05999755859375,0.6800000071525574,27.6200008392334
2020-05-28 00:00:00+00:00,98.37999725341797,0.7049999833106995,28.59000015258789
2020-05-29 00:00:00+00:00,98.33999633789062,0.6480000019073486,27.510000228881836
2020-06-01 00:00:00+00:00,97.83000183105469,0.6620000004768372,28.229999542236328
2020-06-02 00:00:00+00:00,97.66999816894531,0.6800000071525574,26.84000015258789
2020-06-03 00:00:00+00:00,97.27999877929688,0.7609999775886536,25.65999984741211
2020-06-04 00:00:00+00:00,96.68000030517578,0.8199999928474426,25.809999465942383
2020-06-05 00:00:00+00:00,96.94000244140625,0.9039999842643738,24.520000457763672
2020-06-08 00:00:00+00:00,96.62000274658203,0.8840000033378601,25.809999465942383
2020-06-09 00:00:00+00:00,96.31999969482422,0.8289999961853027,27.56999969482422
2020-06-10 00:00:00+00:00,95.95999908447266,0.7480000257492065,27.56999969482422
2020-06-11 00:00:00+00:00,96.7300033569336,0.652999997138977,40.790000915527344
2020-06-12 00:00:00+00:00,97.31999969482422,0.6990000009536743,36.09000015258789
2020-06-15 00:00:00+00:00,96.68000030517578,0.7020000219345093,34.400001525878906
2020-06-16 00:00:00+00:00,96.95999908447266,0.7559999823570251,33.66999816894531
2020-06-17 00:00:00+00:00,97.16000366210938,0.7329999804496765,33.470001220703125
2020-06-18 00:00:00+00:00,97.41999816894531,0.6940000057220459,32.939998626708984
2020-06-19 00:00:00+00:00,97.62000274658203,0.6970000267028809,35.119998931884766
2020-06-22 00:00:00+00:00,97.04000091552734,0.7039999961853027,31.770000457763672
2020-06-23 00:00:00+00:00,96.69000244140625,0.7089999914169312,31.3700008392334
2020-06-24 00:00:00+00:00,97.1500015258789,0.6840000152587891,33.84000015258789
2020-06-25 00:00:00+00:00,97.43000030517578,0.6740000247955322,32.220001220703125
2020-06-26 00:00:00+00:00,97.5,0.6359999775886536,34.72999954223633
2020-06-29 00:00:00+00:00,97.54000091552734,0.6359999775886536,31.780000686645508
2020-06-30 00:00:00+00:00,97.38999938964844,0.652999997138977,30.43000030517578
2020-07-01 00:00:00+00:00,97.19999694824219,0.6819999814033508,28.6200008392334
2020-07-02 00:00:00+00:00,97.31999969482422,0.6690000295639038,27.68000030517578
2020-07-06 00:00:00+00:00,96.79000091552734,0.6840000152587891,27.940000534057617
2020-07-07 00:00:00+00:00,96.87999725341797,0.6499999761581421,29.43000030517578
2020-07-08 00:00:00+00:00,96.43000030517578,0.652999997138977,28.079999923706055
2020-07-09 00:00:00+00:00,96.69999694824219,0.6050000190734863,29.260000228881836
2020-07-10 00:00:00+00:00,96.6500015258789,0.6330000162124634,27.290000915527344
2020-07-13 00:00:00+00:00,96.45999908447266,0.6399999856948853,32.189998626708984
2020-07-14 00:00:00+00:00,96.26000213623047,0.6150000095367432,29.520000457763672
2020-07-15 00:00:00+00:00,96.08000183105469,0.6299999952316284,27.760000228881836
2020-07-16 00:00:00+00:00,96.3499984741211,0.6119999885559082,28.0
2020-07-17 00:00:00+00:00,95.94000244140625,0.628000020980835,25.68000030517578
2020-07-20 00:00:00+00:00,95.83000183105469,0.6200000047683716,24.459999084472656
2020-07-21 00:00:00+00:00,95.12000274658203,0.6069999933242798,24.84000015258789
2020-07-22 00:00:00+00:00,94.97000122070312,0.5950000286102295,24.31999969482422
2020-07-23 00:00:00+00:00,94.69000244140625,0.5820000171661377,26.079999923706055
2020-07-24 00:00:00+00:00,94.44000244140625,0.5889999866485596,25.84000015258789
2020-07-27 00:00:00+00:00,93.66999816894531,0.609000027179718,24.739999771118164
2020-07-28 00:00:00+00:00,93.76000213623047,0.5809999704360962,25.440000534057617
2020-07-29 00:00:00+00:00,93.26000213623047,0.5789999961853027,24.100000381469727
2020-07-30 00:00:00+00:00,93.0199966430664,0.5410000085830688,24.760000228881836
2020-07-31 00:00:00+00:00,93.48999786376953,0.5360000133514404,24.459999084472656
2020-08-03 00:00:00+00:00,93.5,0.5630000233650208,24.280000686645508
2020-08-04 00:00:00+00:00,93.37999725341797,0.5149999856948853,23.760000228881836
2020-08-05 00:00:00+00:00,92.83000183105469,0.5429999828338623,22.989999771118164
2020-08-06 00:00:00+00:00,92.79000091552734,0.5360000133514404,22.649999618530273
2020-08-07 00:00:00+00:00,93.44000244140625,0.5619999766349792,22.209999084472656
2020-08-10 00:00:00+00:00,93.58000183105469,0.5740000009536743,22.1299991607666
2020-08-11 00:00:00+00:00,93.62999725341797,0.6579999923706055,24.030000686645508
2020-08-12 00:00:00+00:00,93.44000244140625,0.6700000166893005,22.280000686645508
2020-08-13 00:00:00+00:00,93.33999633789062,0.7160000205039978,22.1299991607666
2020-08-14 00:00:00+00:00,93.0999984741211,0.7089999914169312,22.049999237060547
2020-08-17 00:00:00+00:00,92.8499984741211,0.6830000281333923,21.350000381469727
2020-08-18 00:00:00+00:00,92.2699966430664,0.6690000295639038,21.510000228881836
2020-08-19 00:00:00+00:00,92.88999938964844,0.675000011920929,22.540000915527344
2020-08-20 00:00:00+00:00,92.79000091552734,0.6439999938011169,22.719999313354492
2020-08-21 00:00:00+00:00,93.25,0.6399999856948853,22.540000915527344
2020-08-24 00:00:00+00:00,93.30000305175781,0.6460000276565552,22.3700008392334
2020-08-25 00:00:00+00:00,93.0199966430664,0.6819999814033508,22.030000686645508
2020-08-26 00:00:00+00:00,93.01000213623047,0.6869999766349792,23.270000457763672
2020-08-27 00:00:00+00:00,93.01000213623047,0.7459999918937683,24.469999313354492
2020-08-28 00:00:00+00:00,92.37000274658203,0.7289999723434448,22.959999084472656
2020-08-31 00:00:00+00:00,92.13999938964844,0.6930000185966492,26.40999984741211
2020-09-01 00:00:00+00:00,92.33999633789062,0.671999990940094,26.1200008392334
2020-09-02 00:00:00+00:00,92.8499984741211,0.6510000228881836,26.56999969482422
2020-09-03 00:00:00+00:00,92.73999786376953,0.621999979019165,33.599998474121094
2020-09-04 00:00:00+00:00,92.72000122070312,0.7210000157356262,30.75
2020-09-08 00:00:00+00:00,93.4800033569336,0.6840000152587891,31.459999084472656
2020-09-09 00:00:00+00:00,93.26000213623047,0.703000009059906,28.809999465942383
2020-09-10 00:00:00+00:00,93.33999633789062,0.6850000023841858,29.709999084472656
2020-09-11 00:00:00+00:00,93.33000183105469,0.6690000295639038,26.8700008392334
2020-09-14 00:00:00+00:00,93.06999969482422,0.6710000038146973,25.850000381469727
2020-09-15 00:00:00+00:00,93.05000305175781,0.6790000200271606,25.59000015258789
2020-09-16 00:00:00+00:00,93.20999908447266,0.6869999766349792,26.040000915527344
2020-09-17 00:00:00+00:00,92.97000122070312,0.6840000152587891,26.459999084472656
2020-09-18 00:00:00+00:00,92.93000030517578,0.6940000057220459,25.829999923706055
2020-09-21 00:00:00+00:00,93.54000091552734,0.6710000038146973,27.780000686645508
2020-09-22 00:00:00+00:00,93.98999786376953,0.6639999747276306,26.860000610351562
2020-09-23 00:00:00+00:00,94.38999938964844,0.6759999990463257,28.579999923706055
2020-09-24 00:00:00+00:00,94.3499984741211,0.6660000085830688,28.510000228881836
2020-09-25 00:00:00+00:00,94.58000183105469,0.6589999794960022,26.3799991607666
2020-09-28 00:00:00+00:00,94.26000213623047,0.6629999876022339,26.190000534057617
2020-09-29 00:00:00+00:00,93.88999938964844,0.6449999809265137,26.270000457763672
2020-09-30 00:00:00+00:00,93.88999938964844,0.6769999861717224,26.3700008392334
2020-10-01 00:00:00+00:00,93.70999908447266,0.6769999861717224,26.700000762939453
2020-10-02 00:00:00+00:00,93.83999633789062,0.6959999799728394,27.6299991607666
2020-10-05 00:00:00+00:00,93.51000213623047,0.7620000243186951,27.959999084472656
2020-10-06 00:00:00+00:00,93.83000183105469,0.7419999837875366,29.479999542236328
2020-10-07 00:00:00+00:00,93.62999725341797,0.7850000262260437,28.059999465942383
2020-10-08 00:00:00+00:00,93.61000061035156,0.7649999856948853,26.360000610351562
2020-10-09 00:00:00+00:00,93.05999755859375,0.7749999761581421,25.0
2020-10-12 00:00:00+00:00,93.06999969482422,0.7770000100135803,25.06999969482422
2020-10-13 00:00:00+00:00,93.52999877929688,0.7269999980926514,26.06999969482422
2020-10-14 00:00:00+00:00,93.37999725341797,0.722000002861023,26.399999618530273
2020-10-15 00:00:00+00:00,93.86000061035156,0.7310000061988831,26.969999313354492
2020-10-16 00:00:00+00:00,93.68000030517578,0.7440000176429749,27.40999984741211
2020-10-19 00:00:00+00:00,93.43000030517578,0.7609999775886536,29.18000030517578
2020-10-20 00:00:00+00:00,93.06999969482422,0.796999990940094,29.350000381469727
2020-10-21 00:00:00+00:00,92.61000061035156,0.8159999847412109,28.649999618530273
2020-10-22 00:00:00+00:00,92.94999694824219,0.8479999899864197,28.110000610351562
2020-10-23 00:00:00+00:00,92.7699966430664,0.8410000205039978,27.549999237060547
2020-10-26 00:00:00+00:00,93.05000305175781,0.8009999990463257,32.459999084472656
2020-10-27 00:00:00+00:00,92.94000244140625,0.777999997138977,33.349998474121094
2020-10-28 00:00:00+00:00,93.41000366210938,0.781000018119812,40.279998779296875
2020-10-29 00:00:00+00:00,93.95999908447266,0.8349999785423279,37.59000015258789
2020-10-30 00:00:00+00:00,94.04000091552734,0.8600000143051147,38.02000045776367
2020-11-02 00:00:00+00:00,94.05000305175781,0.8489999771118164,37.130001068115234
2020-11-03 00:00:00+00:00,93.55000305175781,0.8820000290870667,35.54999923706055
2020-11-04 00:00:00+00:00,93.41000366210938,0.7680000066757202,29.56999969482422
2020-11-05 00:00:00+00:00,92.52999877929688,0.7760000228881836,27.579999923706055
2020-11-06 00:00:00+00:00,92.2300033569336,0.8199999928474426,24.860000610351562
2020-11-09 00:00:00+00:00,92.7300033569336,0.9580000042915344,25.75
2020-11-10 00:00:00+00:00,92.75,0.972000002861023,24.799999237060547
2020-11-11 00:00:00+00:00,93.04000091552734,0.9580000042915344,23.450000762939453
2020-11-12 00:00:00+00:00,92.95999908447266,0.8849999904632568,25.350000381469727
2020-11-13 00:00:00+00:00,92.76000213623047,0.8930000066757202,23.100000381469727
2020-11-16 00:00:00+00:00,92.56999969482422,0.906000018119812,22.450000762939453
2020-11-17 00:00:00+00:00,92.41999816894531,0.871999979019165,22.709999084472656
2020-11-18 00:00:00+00:00,92.31999969482422,0.8820000290870667,23.84000015258789
2020-11-19 00:00:00+00:00,92.29000091552734,0.8539999723434448,23.110000610351562
2020-11-20 00:00:00+00:00,92.38999938964844,0.8289999961853027,23.700000762939453
2020-11-23 00:00:00+00:00,92.51000213623047,0.8569999933242798,22.65999984741211
2020-11-24 00:00:00+00:00,92.2300033569336,0.8820000290870667,21.639999389648438
2020-11-25 00:00:00+00:00,91.98999786376953,0.878000020980835,21.25
2020-11-27 00:00:00+00:00,91.79000091552734,0.8420000076293945,20.84000015258789
2020-11-30 00:00:00+00:00,91.87000274658203,0.843999981880188,20.56999969482422
2020-12-01 00:00:00+00:00,91.30999755859375,0.9340000152587891,20.770000457763672
2020-12-02 00:00:00+00:00,91.12000274658203,0.9480000138282776,21.170000076293945
2020-12-03 00:00:00+00:00,90.70999908447266,0.9200000166893005,21.280000686645508
2020-12-04 00:00:00+00:00,90.69999694824219,0.968999981880188,20.790000915527344
2020-12-07 00:00:00+00:00,90.79000091552734,0.9279999732971191,21.299999237060547
2020-12-08 00:00:00+00:00,90.97000122070312,0.9129999876022339,20.68000030517578
2020-12-09 00:00:00+00:00,91.08999633789062,0.9409999847412109,22.270000457763672
2020-12-10 00:00:00+00:00,90.79000091552734,0.9079999923706055,22.520000457763672
2020-12-11 00:00:00+00:00,90.9800033569336,0.8930000066757202,23.309999465942383
2020-12-14 00:00:00+00:00,90.70999908447266,0.8920000195503235,24.719999313354492
2020-12-15 00:00:00+00:00,90.47000122070312,0.9229999780654907,22.889999389648438
2020-12-16 00:00:00+00:00,90.44999694824219,0.9200000166893005,22.5
2020-12-17 00:00:00+00:00,89.81999969482422,0.9300000071525574,21.93000030517578
2020-12-18 00:00:00+00:00,90.0199966430664,0.9480000138282776,21.56999969482422
2020-12-21 00:00:00+00:00,90.04000091552734,0.9409999847412109,25.15999984741211
2020-12-22 00:00:00+00:00,90.6500015258789,0.9179999828338623,24.229999542236328
2020-12-23 00:00:00+00:00,90.41000366210938,0.9549999833106995,23.309999465942383
2020-12-24 00:00:00+00:00,90.33000183105469,0.9279999732971191,21.530000686645508
2020-12-28 00:00:00+00:00,90.33999633789062,0.9330000281333923,21.700000762939453
2020-12-29 00:00:00+00:00,90.01000213623047,0.9350000023841858,23.079999923706055
2020-12-30 00:00:00+00:00,89.62999725341797,0.9259999990463257,22.770000457763672
2020-12-31 00:00:00+00:00,89.94000244140625,0.9169999957084656,22.75
2021-01-04 00:00:00+00:00,89.87999725341797,0.9169999957084656,26.969999313354492
2021-01-05 00:00:00+00:00,89.44000244140625,0.9549999833106995,25.34000015258789
2021-01-06 00:00:00+00:00,89.52999877929688,1.0420000553131104,25.06999969482422
2021-01-07 00:00:00+00:00,89.83000183105469,1.0709999799728394,22.3700008392334
2021-01-08 00:00:00+00:00,90.0999984741211,1.1050000190734863,21.559999465942383
2021-01-11 00:00:00+00:00,90.54000091552734,1.1319999694824219,24.079999923706055
2021-01-12 00:00:00+00:00,90.05000305175781,1.1380000114440918,23.329999923706055
2021-01-13 00:00:00+00:00,90.31999969482422,1.0880000591278076,22.209999084472656
2021-01-14 00:00:00+00:00,90.23999786376953,1.128999948501587,23.25
2021-01-15 00:00:00+00:00,90.77999877929688,1.097000002861023,24.34000015258789
2021-01-19 00:00:00+00:00,90.5,1.0920000076293945,23.239999771118164
2021-01-20 00:00:00+00:00,90.47000122070312,1.090000033378601,21.579999923706055
2021-01-21 00:00:00+00:00,90.12999725341797,1.1089999675750732,21.31999969482422
2021-01-22 00:00:00+00:00,90.23999786376953,1.090999960899353,21.90999984741211
2021-01-25 00:00:00+00:00,90.38999938964844,1.0399999618530273,23.190000534057617
2021-01-26 00:00:00+00:00,90.16999816894531,1.0399999618530273,23.020000457763672
2021-01-27 00:00:00+00:00,90.6500015258789,1.0140000581741333,37.209999084472656
2021-01-28 00:00:00+00:00,90.45999908447266,1.0570000410079956,30.209999084472656
2021-01-29 00:00:00+00:00,90.58000183105469,1.093000054359436,33.09000015258789
2021-02-01 00:00:00+00:00,91.0199966430664,1.0770000219345093,30.239999771118164
2021-02-02 00:00:00+00:00,91.19999694824219,1.1050000190734863,25.559999465942383
2021-02-03 00:00:00+00:00,91.12000274658203,1.13100004196167,22.90999984741211
2021-02-04 00:00:00+00:00,91.52999877929688,1.1390000581741333,21.770000457763672
2021-02-05 00:00:00+00:00,91.04000091552734,1.1699999570846558,20.8700008392334
2021-02-08 00:00:00+00:00,90.93000030517578,1.159999966621399,21.239999771118164
2021-02-09 00:00:00+00:00,90.44000244140625,1.156999945640564,21.6299991607666
2021-02-10 00:00:00+00:00,90.37000274658203,1.1330000162124634,21.989999771118164
2021-02-11 00:00:00+00:00,90.41999816894531,1.1579999923706055,21.25
2021-02-12 00:00:00+00:00,90.4800033569336,1.2000000476837158,19.969999313354492
2021-02-16 00:00:00+00:00,90.51000213623047,1.2990000247955322,21.459999084472656
2021-02-17 00:00:00+00:00,90.94999694824219,1.3009999990463257,21.5
2021-02-18 00:00:00+00:00,90.58999633789062,1.2869999408721924,22.489999771118164
2021-02-19 00:00:00+00:00,90.36000061035156,1.3450000286102295,22.049999237060547
2021-02-22 00:00:00+00:00,90.01000213623047,1.3700000047683716,23.450000762939453
2021-02-23 00:00:00+00:00,90.16999816894531,1.3619999885559082,23.110000610351562
2021-02-24 00:00:00+00:00,90.18000030517578,1.3890000581741333,21.34000015258789
2021-02-25 00:00:00+00:00,90.12999725341797,1.5180000066757202,28.889999389648438
2021-02-26 00:00:00+00:00,90.93000030517578,1.4600000381469727,27.950000762939453
2021-03-01 00:00:00+00:00,91.04000091552734,1.4459999799728394,23.350000381469727
2021-03-02 00:00:00+00:00,90.79000091552734,1.4149999618530273,24.100000381469727
2021-03-03 00:00:00+00:00,90.94999694824219,1.4700000286102295,26.670000076293945
2021-03-04 00:00:00+00:00,91.62999725341797,1.5499999523162842,28.56999969482422
2021-03-05 00:00:00+00:00,91.9800033569336,1.5540000200271606,24.65999984741211
2021-03-08 00:00:00+00:00,92.30999755859375,1.5959999561309814,25.469999313354492
2021-03-09 00:00:00+00:00,91.95999908447266,1.5460000038146973,24.030000686645508
2021-03-10 00:00:00+00:00,91.79000091552734,1.5199999809265137,22.559999465942383
2021-03-11 00:00:00+00:00,91.41999816894531,1.5269999504089355,21.90999984741211
2021-03-12 00:00:00+00:00,91.68000030517578,1.6349999904632568,20.690000534057617
2021-03-15 00:00:00+00:00,91.83000183105469,1.6069999933242798,20.030000686645508
2021-03-16 00:00:00+00:00,91.87000274658203,1.621000051498413,19.790000915527344
2021-03-17 00:00:00+00:00,91.4000015258789,1.6410000324249268,19.229999542236328
2021-03-18 00:00:00+00:00,91.8499984741211,1.7300000190734863,21.579999923706055
2021-03-19 00:00:00+00:00,91.91999816894531,1.7319999933242798,20.950000762939453
2021-03-22 00:00:00+00:00,91.80000305175781,1.684000015258789,18.8799991607666
2021-03-23 00:00:00+00:00,92.33999633789062,1.6380000114440918,20.299999237060547
2021-03-24 00:00:00+00:00,92.52999877929688,1.6139999628067017,21.200000762939453
2021-03-25 00:00:00+00:00,92.87999725341797,1.6139999628067017,19.809999465942383
2021-03-26 00:00:00+00:00,92.7699966430664,1.659999966621399,18.860000610351562
2021-03-29 00:00:00+00:00,92.94000244140625,1.7209999561309814,20.739999771118164
2021-03-30 00:00:00+00:00,93.30000305175781,1.7259999513626099,19.610000610351562
2021-03-31 00:00:00+00:00,93.2300033569336,1.746000051498413,19.399999618530273
2021-04-01 00:00:00+00:00,92.93000030517578,1.6790000200271606,17.329999923706055
2021-04-05 00:00:00+00:00,92.5999984741211,1.7200000286102295,17.90999984741211
2021-04-06 00:00:00+00:00,92.33999633789062,1.656000018119812,18.1200008392334
2021-04-07 00:00:00+00:00,92.45999908447266,1.652999997138977,17.15999984741211
2021-04-08 00:00:00+00:00,92.05999755859375,1.6319999694824219,16.950000762939453
2021-04-09 00:00:00+00:00,92.16000366210938,1.6660000085830688,16.690000534057617
2021-04-12 00:00:00+00:00,92.13999938964844,1.6749999523162842,16.90999984741211
2021-04-13 00:00:00+00:00,91.8499984741211,1.6230000257492065,16.649999618530273
2021-04-14 00:00:00+00:00,91.69000244140625,1.6380000114440918,16.989999771118164
2021-04-15 00:00:00+00:00,91.66999816894531,1.5299999713897705,16.56999969482422
2021-04-16 00:00:00+00:00,91.55999755859375,1.5729999542236328,16.25
2021-04-19 00:00:00+00:00,91.06999969482422,1.6009999513626099,17.290000915527344
2021-04-20 00:00:00+00:00,91.23999786376953,1.562000036239624,18.68000030517578
2021-04-21 00:00:00+00:00,91.16000366210938,1.5640000104904175,17.5
2021-04-22 00:00:00+00:00,91.33000183105469,1.5540000200271606,18.709999084472656
2021-04-23 00:00:00+00:00,90.86000061035156,1.5670000314712524,17.329999923706055
2021-04-26 00:00:00+00:00,90.80999755859375,1.5700000524520874,17.639999389648438
2021-04-27 00:00:00+00:00,90.91000366210938,1.621999979019165,17.559999465942383
2021-04-28 00:00:00+00:00,90.61000061035156,1.6200000047683716,17.280000686645508
2021-04-29 00:00:00+00:00,90.61000061035156,1.6399999856948853,17.610000610351562
2021-04-30 00:00:00+00:00,91.27999877929688,1.63100004196167,18.610000610351562
2021-05-03 00:00:00+00:00,90.94999694824219,1.6069999933242798,18.309999465942383
2021-05-04 00:00:00+00:00,91.29000091552734,1.5920000076293945,19.479999542236328
2021-05-05 00:00:00+00:00,91.30999755859375,1.5839999914169312,19.149999618530273
2021-05-06 00:00:00+00:00,90.94999694824219,1.5609999895095825,18.389999389648438
2021-05-07 00:00:00+00:00,90.2300033569336,1.5770000219345093,16.690000534057617
2021-05-10 00:00:00+00:00,90.20999908447266,1.6019999980926514,19.65999984741211
2021-05-11 00:00:00+00:00,90.13999938964844,1.6239999532699585,21.84000015258789
2021-05-12 00:00:00+00:00,90.70999908447266,1.6950000524520874,27.59000015258789
2021-05-13 00:00:00+00:00,90.75,1.6679999828338623,23.1299991607666
2021-05-14 00:00:00+00:00,90.31999969482422,1.6349999904632568,18.809999465942383
2021-05-17 00:00:00+00:00,90.22000122070312,1.6399999856948853,19.719999313354492
2021-05-18 00:00:00+00:00,89.75,1.6419999599456787,21.34000015258789
2021-05-19 00:00:00+00:00,90.19000244140625,1.6829999685287476,22.18000030517578
2021-05-20 00:00:00+00:00,89.80999755859375,1.6339999437332153,20.670000076293945
2021-05-21 00:00:00+00:00,90.0199966430664,1.6319999694824219,20.149999618530273
2021-05-24 00:00:00+00:00,89.83000183105469,1.6080000400543213,18.399999618530273
2021-05-25 00:00:00+00:00,89.63999938964844,1.5640000104904175,18.84000015258789
2021-05-26 00:00:00+00:00,90.04000091552734,1.5740000009536743,17.360000610351562
2021-05-27 00:00:00+00:00,89.97000122070312,1.6100000143051147,16.739999771118164
2021-05-28 00:00:00+00:00,90.02999877929688,1.5809999704360962,16.760000228881836
2021-06-01 00:00:00+00:00,89.83000183105469,1.6150000095367432,17.899999618530273
2021-06-02 00:00:00+00:00,89.9000015258789,1.590999960899353,17.479999542236328
2021-06-03 00:00:00+00:00,90.5,1.625,18.040000915527344
2021-06-04 00:00:00+00:00,90.13999938964844,1.559999942779541,16.420000076293945
2021-06-07 00:00:00+00:00,89.94999694824219,1.569000005722046,16.420000076293945
2021-06-08 00:00:00+00:00,90.08000183105469,1.527999997138977,17.06999969482422
2021-06-09 00:00:00+00:00,90.12000274658203,1.4889999628067017,17.889999389648438
2021-06-10 00:00:00+00:00,90.08000183105469,1.4589999914169312,16.100000381469727
2021-06-11 00:00:00+00:00,90.55999755859375,1.4620000123977661,15.649999618530273
2021-06-14 00:00:00+00:00,90.5199966430664,1.5010000467300415,16.389999389648438
2021-06-15 00:00:00+00:00,90.54000091552734,1.4989999532699585,17.020000457763672
2021-06-16 00:00:00+00:00,91.12999725341797,1.569000005722046,18.149999618530273
2021-06-17 00:00:00+00:00,91.88999938964844,1.5110000371932983,17.75
2021-06-18 00:00:00+00:00,92.2300033569336,1.4500000476837158,20.700000762939453
2021-06-21 00:00:00+00:00,91.86000061035156,1.4839999675750732,17.889999389648438
2021-06-22 00:00:00+00:00,91.7300033569336,1.472000002861023,16.65999984741211
2021-06-23 00:00:00+00:00,91.80000305175781,1.4869999885559082,16.31999969482422
2021-06-24 00:00:00+00:00,91.81999969482422,1.4869999885559082,15.970000267028809
2021-06-25 00:00:00+00:00,91.80999755859375,1.5360000133514404,15.619999885559082
2021-06-28 00:00:00+00:00,91.87999725341797,1.4780000448226929,15.760000228881836
2021-06-29 00:00:00+00:00,92.05000305175781,1.4800000190734863,16.020000457763672
2021-06-30 00:00:00+00:00,92.44000244140625,1.4429999589920044,15.829999923706055
2021-07-01 00:00:00+00:00,92.5999984741211,1.4800000190734863,15.479999542236328
2021-07-02 00:00:00+00:00,92.2300033569336,1.430999994277954,15.069999694824219
2021-07-06 00:00:00+00:00,92.55000305175781,1.3700000047683716,16.440000534057617
2021-07-07 00:00:00+00:00,92.63999938964844,1.3209999799728394,16.200000762939453
2021-07-08 00:00:00+00:00,92.36000061035156,1.2879999876022339,19.0
2021-07-09 00:00:00+00:00,92.12999725341797,1.3559999465942383,16.18000030517578
2021-07-12 00:00:00+00:00,92.2300033569336,1.3630000352859497,16.170000076293945
2021-07-13 00:00:00+00:00,92.75,1.4149999618530273,17.1200008392334
2021-07-14 00:00:00+00:00,92.41000366210938,1.3559999465942383,16.329999923706055
2021-07-15 00:00:00+00:00,92.62000274658203,1.2970000505447388,17.010000228881836
2021-07-16 00:00:00+00:00,92.69000244140625,1.2999999523162842,18.450000762939453
2021-07-19 00:00:00+00:00,92.88999938964844,1.180999994277954,22.5
2021-07-20 00:00:00+00:00,92.97000122070312,1.2089999914169312,19.729999542236328
2021-07-21 00:00:00+00:00,92.75,1.2799999713897705,17.90999984741211
2021-07-22 00:00:00+00:00,92.81999969482422,1.2649999856948853,17.690000534057617
2021-07-23 00:00:00+00:00,92.91000366210938,1.2860000133514404,17.200000762939453
2021-07-26 00:00:00+00:00,92.6500015258789,1.2760000228881836,17.579999923706055
2021-07-27 00:00:00+00:00,92.43000030517578,1.2339999675750732,19.360000610351562
2021-07-28 00:00:00+00:00,92.31999969482422,1.2610000371932983,18.309999465942383
2021-07-29 00:00:00+00:00,91.86000061035156,1.2690000534057617,17.700000762939453
2021-07-30 00:00:00+00:00,92.16999816894531,1.2389999628067017,18.239999771118164
2021-08-02 00:00:00+00:00,92.05000305175781,1.1740000247955322,19.459999084472656
2021-08-03 00:00:00+00:00,92.08000183105469,1.1759999990463257,18.040000915527344
2021-08-04 00:00:00+00:00,92.2699966430664,1.184000015258789,17.969999313354492
2021-08-05 00:00:00+00:00,92.23999786376953,1.2170000076293945,17.280000686645508
2021-08-06 00:00:00+00:00,92.80000305175781,1.2899999618530273,16.149999618530273
2021-08-09 00:00:00+00:00,92.94999694824219,1.3170000314712524,16.719999313354492
2021-08-10 00:00:00+00:00,93.05999755859375,1.3420000076293945,16.790000915527344
2021-08-11 00:00:00+00:00,92.91000366210938,1.3289999961853027,16.170000076293945
2021-08-12 00:00:00+00:00,93.04000091552734,1.3669999837875366,15.59000015258789
2021-08-13 00:00:00+00:00,92.5199966430664,1.2970000505447388,15.449999809265137
2021-08-16 00:00:00+00:00,92.62999725341797,1.2569999694824219,16.1200008392334
2021-08-17 00:00:00+00:00,93.12999725341797,1.2580000162124634,17.90999984741211
2021-08-18 00:00:00+00:00,93.13999938964844,1.2730000019073486,21.56999969482422
2021-08-19 00:00:00+00:00,93.56999969482422,1.2419999837875366,21.670000076293945
2021-08-20 00:00:00+00:00,93.5,1.2599999904632568,18.559999465942383
2021-08-23 00:00:00+00:00,92.95999908447266,1.2549999952316284,17.149999618530273
2021-08-24 00:00:00+00:00,92.88999938964844,1.2899999618530273,17.219999313354492
2021-08-25 00:00:00+00:00,92.83000183105469,1.3420000076293945,16.790000915527344
2021-08-26 00:00:00+00:00,93.05999755859375,1.3420000076293945,18.84000015258789
2021-08-27 00:00:00+00:00,92.69000244140625,1.312000036239624,16.389999389648438
2021-08-30 00:00:00+00:00,92.6500015258789,1.284999966621399,16.190000534057617
2021-08-31 00:00:00+00:00,92.62999725341797,1.3040000200271606,16.479999542236328
2021-09-01 00:00:00+00:00,92.44999694824219,1.3020000457763672,16.110000610351562
2021-09-02 00:00:00+00:00,92.2300033569336,1.2940000295639038,16.40999984741211
2021-09-03 00:00:00+00:00,92.04000091552734,1.3220000267028809,16.40999984741211
2021-09-07 00:00:00+00:00,92.5199966430664,1.3700000047683716,18.139999389648438
2021-09-08 00:00:00+00:00,92.6500015258789,1.3339999914169312,17.959999084472656
2021-09-09 00:00:00+00:00,92.4800033569336,1.2990000247955322,18.799999237060547
2021-09-10 00:00:00+00:00,92.58000183105469,1.340999960899353,20.950000762939453
2021-09-13 00:00:00+00:00,92.62000274658203,1.3240000009536743,19.3700008392334
2021-09-14 00:00:00+00:00,92.6500015258789,1.2769999504089355,19.459999084472656
2021-09-15 00:00:00+00:00,92.48999786376953,1.3040000200271606,18.18000030517578
2021-09-16 00:00:00+00:00,92.86000061035156,1.3309999704360962,18.690000534057617
2021-09-17 00:00:00+00:00,93.19999694824219,1.3700000047683716,20.809999465942383
2021-09-20 00:00:00+00:00,93.23999786376953,1.309000015258789,25.709999084472656
2021-09-21 00:00:00+00:00,93.19999694824219,1.3240000009536743,24.360000610351562
2021-09-22 00:00:00+00:00,93.45999908447266,1.3359999656677246,20.8700008392334
2021-09-23 00:00:00+00:00,93.0999984741211,1.409999966621399,18.6299991607666
2021-09-24 00:00:00+00:00,93.33000183105469,1.4600000381469727,17.75
2021-09-27 00:00:00+00:00,93.37999725341797,1.4839999675750732,18.760000228881836
2021-09-28 00:00:00+00:00,93.7699966430664,1.534000039100647,23.25
2021-09-29 00:00:00+00:00,94.33999633789062,1.5410000085830688,22.559999465942383
2021-09-30 00:00:00+00:00,94.25,1.5290000438690186,23.139999389648438
2021-10-01 00:00:00+00:00,94.04000091552734,1.4789999723434448,21.100000381469727
2021-10-04 00:00:00+00:00,93.80999755859375,1.4809999465942383,22.959999084472656
2021-10-05 00:00:00+00:00,93.9800033569336,1.5290000438690186,21.299999237060547
2021-10-06 00:00:00+00:00,94.2699966430664,1.5240000486373901,21.0
2021-10-07 00:00:00+00:00,94.22000122070312,1.5709999799728394,19.540000915527344
2021-10-08 00:00:00+00:00,94.06999969482422,1.6050000190734863,18.770000457763672
2021-10-11 00:00:00+00:00,94.31999969482422,1.6139999628067017,20.0
2021-10-12 00:00:00+00:00,94.5199966430664,1.5800000429153442,19.850000381469727
2021-10-13 00:00:00+00:00,94.08000183105469,1.5490000247955322,18.639999389648438
2021-10-14 00:00:00+00:00,93.95999908447266,1.5190000534057617,16.860000610351562
2021-10-15 00:00:00+00:00,93.94000244140625,1.5759999752044678,16.299999237060547
2021-10-18 00:00:00+00:00,93.94999694824219,1.5839999914169312,16.309999465942383
2021-10-19 00:00:00+00:00,93.79000091552734,1.6349999904632568,15.699999809265137
2021-10-20 00:00:00+00:00,93.55999755859375,1.6360000371932983,15.489999771118164
2021-10-21 00:00:00+00:00,93.7699966430664,1.6759999990463257,15.010000228881836
2021-10-22 00:00:00+00:00,93.61000061035156,1.6549999713897705,15.430000305175781
2021-10-25 00:00:00+00:00,93.80999755859375,1.6349999904632568,15.239999771118164
2021-10-26 00:00:00+00:00,93.94999694824219,1.61899995803833,15.979999542236328
2021-10-27 00:00:00+00:00,93.86000061035156,1.5290000438690186,16.979999542236328
2021-10-28 00:00:00+00:00,93.3499984741211,1.5679999589920044,16.530000686645508
2021-10-29 00:00:00+00:00,94.12000274658203,1.5570000410079956,16.260000228881836
2021-11-01 00:00:00+00:00,93.87999725341797,1.5750000476837158,16.40999984741211
2021-11-02 00:00:00+00:00,94.08999633789062,1.5490000247955322,16.030000686645508
2021-11-03 00:00:00+00:00,93.86000061035156,1.5789999961853027,15.100000381469727
2021-11-04 00:00:00+00:00,94.3499984741211,1.5240000486373901,15.4399995803833
2021-11-05 00:00:00+00:00,94.31999969482422,1.4529999494552612,16.479999542236328
2021-11-08 00:00:00+00:00,94.05000305175781,1.496999979019165,17.219999313354492
2021-11-09 00:00:00+00:00,93.95999908447266,1.4320000410079956,17.780000686645508
2021-11-10 00:00:00+00:00,94.8499984741211,1.559999942779541,18.729999542236328
2021-11-11 00:00:00+00:00,95.18000030517578,1.559999942779541,17.65999984741211
2021-11-12 00:00:00+00:00,95.12999725341797,1.5820000171661377,16.290000915527344
2021-11-15 00:00:00+00:00,95.41000366210938,1.6230000257492065,16.489999771118164
2021-11-16 00:00:00+00:00,95.91999816894531,1.6339999437332153,16.3700008392334
2021-11-17 00:00:00+00:00,95.83000183105469,1.6039999723434448,17.110000610351562
2021-11-18 00:00:00+00:00,95.54000091552734,1.5889999866485596,17.59000015258789
2021-11-19 00:00:00+00:00,96.06999969482422,1.5360000133514404,17.90999984741211
2021-11-22 00:00:00+00:00,96.5,1.625,19.170000076293945
2021-11-23 00:00:00+00:00,96.48999786376953,1.6670000553131104,19.3799991607666
2021-11-24 00:00:00+00:00,96.83999633789062,1.6449999809265137,18.579999923706055
2021-11-26 00:00:00+00:00,96.08999633789062,1.4819999933242798,28.6200008392334
2021-11-29 00:00:00+00:00,96.33999633789062,1.5299999713897705,22.959999084472656
2021-11-30 00:00:00+00:00,95.98999786376953,1.4429999589920044,27.190000534057617
2021-12-01 00:00:00+00:00,96.05000305175781,1.434000015258789,31.1200008392334
2021-12-02 00:00:00+00:00,96.12999725341797,1.4479999542236328,27.950000762939453
2021-12-03 00:00:00+00:00,96.12000274658203,1.343000054359436,30.670000076293945
2021-12-06 00:00:00+00:00,96.29000091552734,1.434000015258789,27.18000030517578
2021-12-07 00:00:00+00:00,96.37000274658203,1.4800000190734863,21.889999389648438
2021-12-08 00:00:00+00:00,95.88999938964844,1.5089999437332153,19.899999618530273
2021-12-09 00:00:00+00:00,96.2699966430664,1.4869999885559082,21.579999923706055
2021-12-10 00:00:00+00:00,96.05000305175781,1.4889999628067017,18.690000534057617
2021-12-13 00:00:00+00:00,96.31999969482422,1.4240000247955322,20.309999465942383
2021-12-14 00:00:00+00:00,96.56999969482422,1.437999963760376,21.889999389648438
2021-12-15 00:00:00+00:00,96.51000213623047,1.4630000591278076,19.290000915527344
2021-12-16 00:00:00+00:00,96.04000091552734,1.4220000505447388,20.56999969482422
2021-12-17 00:00:00+00:00,96.56999969482422,1.4019999504089355,21.56999969482422
2021-12-20 00:00:00+00:00,96.55000305175781,1.4190000295639038,22.8700008392334
2021-12-21 00:00:00+00:00,96.48999786376953,1.4869999885559082,21.010000228881836
2021-12-22 00:00:00+00:00,96.08000183105469,1.4570000171661377,18.6299991607666
2021-12-23 00:00:00+00:00,96.0199966430664,1.4930000305175781,17.959999084472656
2021-12-27 00:00:00+00:00,96.08999633789062,1.4809999465942383,17.68000030517578
2021-12-28 00:00:00+00:00,96.19999694824219,1.4809999465942383,17.540000915527344
2021-12-29 00:00:00+00:00,95.93000030517578,1.5429999828338623,16.950000762939453
2021-12-30 00:00:00+00:00,95.97000122070312,1.5149999856948853,17.329999923706055
2021-12-31 00:00:00+00:00,95.66999816894531,1.5119999647140503,17.219999313354492
2022-01-03 00:00:00+00:00,96.23999786376953,1.628000020980835,16.600000381469727
2022-01-04 00:00:00+00:00,96.29000091552734,1.6679999828338623,16.90999984741211
2022-01-05 00:00:00+00:00,96.19000244140625,1.7050000429153442,19.729999542236328
2022-01-06 00:00:00+00:00,96.25,1.7330000400543213,19.610000610351562
2022-01-07 00:00:00+00:00,95.73999786376953,1.7710000276565552,18.760000228881836
2022-01-10 00:00:00+00:00,95.98999786376953,1.7799999713897705,19.399999618530273
2022-01-11 00:00:00+00:00,95.62000274658203,1.746000051498413,18.40999984741211
2022-01-12 00:00:00+00:00,95.0,1.725000023841858,17.6200008392334
2022-01-13 00:00:00+00:00,94.79000091552734,1.7109999656677246,20.309999465942383
2022-01-14 00:00:00+00:00,95.16999816894531,1.7719999551773071,19.190000534057617
2022-01-18 00:00:00+00:00,95.7300033569336,1.8650000095367432,22.790000915527344
2022-01-19 00:00:00+00:00,95.51000213623047,1.8270000219345093,23.850000381469727
2022-01-20 00:00:00+00:00,95.73999786376953,1.8329999446868896,25.59000015258789
2022-01-21 00:00:00+00:00,95.63999938964844,1.746999979019165,28.850000381469727
2022-01-24 00:00:00+00:00,95.91999816894531,1.7350000143051147,29.899999618530273
2022-01-25 00:00:00+00:00,95.94999694824219,1.7829999923706055,31.15999984741211
2022-01-26 00:00:00+00:00,96.48999786376953,1.8480000495910645,31.959999084472656
2022-01-27 00:00:00+00:00,97.26000213623047,1.8070000410079956,30.489999771118164
2022-01-28 00:00:00+00:00,97.2699966430664,1.781999945640564,27.65999984741211
2022-01-31 00:00:00+00:00,96.54000091552734,1.781999945640564,24.829999923706055
2022-02-01 00:00:00+00:00,96.38999938964844,1.7999999523162842,21.959999084472656
2022-02-02 00:00:00+00:00,95.94000244140625,1.7660000324249268,22.09000015258789
2022-02-03 00:00:00+00:00,95.37999725341797,1.8270000219345093,24.350000381469727
2022-02-04 00:00:00+00:00,95.4800033569336,1.9299999475479126,23.219999313354492
2022-02-07 00:00:00+00:00,95.4000015258789,1.9160000085830688,22.860000610351562
2022-02-08 00:00:00+00:00,95.63999938964844,1.9539999961853027,21.440000534057617
2022-02-09 00:00:00+00:00,95.48999786376953,1.9290000200271606,19.959999084472656
2022-02-10 00:00:00+00:00,95.55000305175781,2.0309998989105225,23.90999984741211
2022-02-11 00:00:00+00:00,96.08000183105469,1.9550000429153442,27.360000610351562
2022-02-14 00:00:00+00:00,96.37000274658203,1.996000051498413,28.329999923706055
2022-02-15 00:00:00+00:00,95.98999786376953,2.0450000762939453,25.700000762939453
2022-02-16 00:00:00+00:00,95.69999694824219,2.046999931335449,24.290000915527344
2022-02-17 00:00:00+00:00,95.80000305175781,1.972000002861023,28.110000610351562
2022-02-18 00:00:00+00:00,96.04000091552734,1.9320000410079956,27.75
2022-02-22 00:00:00+00:00,96.02999877929688,1.9479999542236328,28.809999465942383
2022-02-23 00:00:00+00:00,96.19000244140625,1.9769999980926514,31.020000457763672
2022-02-24 00:00:00+00:00,97.13999938964844,1.968999981880188,30.31999969482422
2022-02-25 00:00:00+00:00,96.62000274658203,1.9859999418258667,27.59000015258789
2022-02-28 00:00:00+00:00,96.70999908447266,1.8389999866485596,30.149999618530273
2022-03-01 00:00:00+00:00,97.41000366210938,1.7070000171661377,33.31999969482422
2022-03-02 00:00:00+00:00,97.38999938964844,1.8650000095367432,30.739999771118164
2022-03-03 00:00:00+00:00,97.79000091552734,1.843999981880188,30.479999542236328
2022-03-04 00:00:00+00:00,98.6500015258789,1.7239999771118164,31.979999542236328
2022-03-07 00:00:00+00:00,99.29000091552734,1.7510000467300415,36.45000076293945
2022-03-08 00:00:00+00:00,99.05999755859375,1.871999979019165,35.130001068115234
2022-03-09 00:00:00+00:00,97.97000122070312,1.9479999542236328,32.45000076293945
2022-03-10 00:00:00+00:00,98.51000213623047,2.010999917984009,30.229999542236328
2022-03-11 00:00:00+00:00,99.12000274658203,2.003999948501587,30.75
2022-03-14 00:00:00+00:00,99.05999755859375,2.140000104904175,31.770000457763672
2022-03-15 00:00:00+00:00,99.06999969482422,2.1600000858306885,29.829999923706055
2022-03-16 00:00:00+00:00,98.37999725341797,2.187999963760376,26.670000076293945
2022-03-17 00:00:00+00:00,98.01000213623047,2.191999912261963,25.670000076293945
2022-03-18 00:00:00+00:00,98.2300033569336,2.1480000019073486,23.8700008392334
2022-03-21 00:00:00+00:00,98.5,2.315000057220459,23.530000686645508
2022-03-22 00:00:00+00:00,98.48999786376953,2.372999906539917,22.940000534057617
2022-03-23 00:00:00+00:00,98.62000274658203,2.321000099182129,23.56999969482422
2022-03-24 00:00:00+00:00,98.79000091552734,2.3410000801086426,21.670000076293945
2022-03-25 00:00:00+00:00,98.80999755859375,2.492000102996826,20.809999465942383
2022-03-28 00:00:00+00:00,99.08999633789062,2.4769999980926514,19.6299991607666
2022-03-29 00:00:00+00:00,98.4000015258789,2.4000000953674316,18.899999618530273
2022-03-30 00:00:00+00:00,97.79000091552734,2.3580000400543213,19.329999923706055
2022-03-31 00:00:00+00:00,98.30999755859375,2.3269999027252197,20.559999465942383
2022-04-01 00:00:00+00:00,98.62999725341797,2.377000093460083,19.6299991607666
2022-04-04 00:00:00+00:00,98.98999786376953,2.4119999408721924,18.56999969482422
2022-04-05 00:00:00+00:00,99.47000122070312,2.555999994277954,21.030000686645508
2022-04-06 00:00:00+00:00,99.5999984741211,2.6089999675750732,22.100000381469727
2022-04-07 00:00:00+00:00,99.75,2.6519999504089355,21.549999237060547
2022-04-08 00:00:00+00:00,99.80000305175781,2.7130000591278076,21.15999984741211
2022-04-11 00:00:00+00:00,99.93000030517578,2.7799999713897705,24.3700008392334
2022-04-12 00:00:00+00:00,100.29000091552734,2.7249999046325684,24.260000228881836
2022-04-13 00:00:00+00:00,99.87999725341797,2.687000036239624,21.81999969482422
2022-04-14 00:00:00+00:00,100.31999969482422,2.828000068664551,22.700000762939453
2022-04-18 00:00:00+00:00,100.77999877929688,2.861999988555908,22.170000076293945
2022-04-19 00:00:00+00:00,100.95999908447266,2.9130001068115234,21.3700008392334
2022-04-20 00:00:00+00:00,100.38999938964844,2.8399999141693115,20.31999969482422
2022-04-21 00:00:00+00:00,100.58000183105469,2.9170000553131104,22.68000030517578
2022-04-22 00:00:00+00:00,101.22000122070312,2.9059998989105225,28.209999084472656
2022-04-25 00:00:00+00:00,101.75,2.8259999752044678,27.020000457763672
2022-04-26 00:00:00+00:00,102.30000305175781,2.7720000743865967,33.52000045776367
2022-04-27 00:00:00+00:00,102.94999694824219,2.818000078201294,31.600000381469727
2022-04-28 00:00:00+00:00,103.62000274658203,2.86299991607666,29.989999771118164
2022-04-29 00:00:00+00:00,102.95999908447266,2.88700008392334,33.400001525878906
2022-05-02 00:00:00+00:00,103.73999786376953,2.996000051498413,32.34000015258789
2022-05-03 00:00:00+00:00,103.47000122070312,2.9600000381469727,29.25
2022-05-04 00:00:00+00:00,102.58999633789062,2.9170000553131104,25.420000076293945
2022-05-05 00:00:00+00:00,103.75,3.065999984741211,31.200000762939453
2022-05-06 00:00:00+00:00,103.66000366210938,3.122999906539917,30.190000534057617
2022-05-09 00:00:00+00:00,103.6500015258789,3.0789999961853027,34.75
2022-05-10 00:00:00+00:00,103.91999816894531,2.993000030517578,32.9900016784668
2022-05-11 00:00:00+00:00,103.8499984741211,2.9210000038146973,32.560001373291016
2022-05-12 00:00:00+00:00,104.8499984741211,2.816999912261963,31.770000457763672
2022-05-13 00:00:00+00:00,104.55999755859375,2.934999942779541,28.8700008392334
2022-05-16 00:00:00+00:00,104.19000244140625,2.877000093460083,27.469999313354492
2022-05-17 00:00:00+00:00,103.36000061035156,2.9679999351501465,26.100000381469727
2022-05-18 00:00:00+00:00,103.80999755859375,2.885999917984009,30.959999084472656
2022-05-19 00:00:00+00:00,102.72000122070312,2.8550000190734863,29.350000381469727
2022-05-20 00:00:00+00:00,103.1500015258789,2.7869999408721924,29.43000030517578
2022-05-23 00:00:00+00:00,102.08000183105469,2.8589999675750732,28.479999542236328
2022-05-24 00:00:00+00:00,101.86000061035156,2.759999990463257,29.450000762939453
2022-05-25 00:00:00+00:00,102.05999755859375,2.749000072479248,28.3700008392334
2022-05-26 00:00:00+00:00,101.83000183105469,2.75600004196167,27.5
2022-05-27 00:00:00+00:00,101.66999816894531,2.743000030517578,25.719999313354492
2022-05-31 00:00:00+00:00,101.75,2.8440001010894775,26.190000534057617
2022-06-01 00:00:00+00:00,102.55000305175781,2.930999994277954,25.690000534057617
2022-06-02 00:00:00+00:00,101.7699966430664,2.9130001068115234,24.719999313354492
2022-06-03 00:00:00+00:00,102.13999938964844,2.9570000171661377,24.790000915527344
2022-06-06 00:00:00+00:00,102.44000244140625,3.0380001068115234,25.06999969482422
2022-06-07 00:00:00+00:00,102.31999969482422,2.9719998836517334,24.020000457763672
2022-06-08 00:00:00+00:00,102.54000091552734,3.0290000438690186,23.959999084472656
2022-06-09 00:00:00+00:00,103.22000122070312,3.0439999103546143,26.09000015258789
2022-06-10 00:00:00+00:00,104.1500015258789,3.1559998989105225,27.75
2022-06-13 00:00:00+00:00,105.08000183105469,3.365999937057495,34.02000045776367
2022-06-14 00:00:00+00:00,105.5199966430664,3.4830000400543213,32.689998626708984
2022-06-15 00:00:00+00:00,105.16000366210938,3.3949999809265137,29.6200008392334
2022-06-16 00:00:00+00:00,103.62999725341797,3.306999921798706,32.95000076293945
2022-06-17 00:00:00+00:00,104.69999694824219,3.239000082015991,31.1299991607666
2022-06-21 00:00:00+00:00,104.44000244140625,3.306999921798706,30.190000534057617
2022-06-22 00:00:00+00:00,104.19999694824219,3.1559998989105225,28.950000762939453
2022-06-23 00:00:00+00:00,104.43000030517578,3.068000078201294,29.049999237060547
2022-06-24 00:00:00+00:00,104.19000244140625,3.125,27.229999542236328
2022-06-27 00:00:00+00:00,103.94000244140625,3.194000005722046,26.950000762939453
2022-06-28 00:00:00+00:00,104.51000213623047,3.2060000896453857,28.360000610351562
2022-06-29 00:00:00+00:00,105.11000061035156,3.0929999351501465,28.15999984741211
2022-06-30 00:00:00+00:00,104.69000244140625,2.9719998836517334,28.709999084472656
2022-07-01 00:00:00+00:00,105.13999938964844,2.8889999389648438,26.700000762939453
2022-07-05 00:00:00+00:00,106.5,2.809000015258789,27.540000915527344
2022-07-06 00:00:00+00:00,107.0999984741211,2.9130001068115234,26.729999542236328
2022-07-07 00:00:00+00:00,107.12999725341797,3.007999897003174,26.079999923706055
2022-07-08 00:00:00+00:00,107.01000213623047,3.1010000705718994,24.639999389648438
2022-07-11 00:00:00+00:00,108.0199966430664,2.990999937057495,26.170000076293945
2022-07-12 00:00:00+00:00,108.06999969482422,2.9579999446868896,27.290000915527344
2022-07-13 00:00:00+00:00,107.95999908447266,2.9040000438690186,26.81999969482422
2022-07-14 00:00:00+00:00,108.54000091552734,2.9600000381469727,26.399999618530273
2022-07-15 00:00:00+00:00,108.05999755859375,2.930000066757202,24.229999542236328
2022-07-18 00:00:00+00:00,107.37000274658203,2.9600000381469727,25.299999237060547
2022-07-19 00:00:00+00:00,106.68000030517578,3.0190000534057617,24.5
2022-07-20 00:00:00+00:00,107.08000183105469,3.0360000133514404,23.8799991607666
2022-07-21 00:00:00+00:00,106.91000366210938,2.9100000858306885,23.110000610351562
2022-07-22 00:00:00+00:00,106.7300033569336,2.7829999923706055,23.030000686645508
2022-07-25 00:00:00+00:00,106.4800033569336,2.819999933242798,23.360000610351562
2022-07-26 00:00:00+00:00,107.19000244140625,2.7869999408721924,24.690000534057617
2022-07-27 00:00:00+00:00,106.44999694824219,2.7339999675750732,23.239999771118164
2022-07-28 00:00:00+00:00,106.3499984741211,2.680999994277954,22.329999923706055
2022-07-29 00:00:00+00:00,105.9000015258789,2.6419999599456787,21.329999923706055
2022-08-01 00:00:00+00:00,105.44999694824219,2.6059999465942383,22.84000015258789
2022-08-02 00:00:00+00:00,106.23999786376953,2.740999937057495,23.93000030517578
2022-08-03 00:00:00+00:00,106.51000213623047,2.747999906539917,21.950000762939453
2022-08-04 00:00:00+00:00,105.69000244140625,2.6760001182556152,21.440000534057617
2022-08-05 00:00:00+00:00,106.62000274658203,2.8399999141693115,21.149999618530273
2022-08-08 00:00:00+00:00,106.44000244140625,2.765000104904175,21.290000915527344
2022-08-09 00:00:00+00:00,106.37000274658203,2.796999931335449,21.770000457763672
2022-08-10 00:00:00+00:00,105.19999694824219,2.7860000133514404,19.739999771118164
2022-08-11 00:00:00+00:00,105.08999633789062,2.888000011444092,20.200000762939453
2022-08-12 00:00:00+00:00,105.62999725341797,2.8489999771118164,19.530000686645508
2022-08-15 00:00:00+00:00,106.55000305175781,2.7909998893737793,19.950000762939453
2022-08-16 00:00:00+00:00,106.5,2.8239998817443848,19.690000534057617
2022-08-17 00:00:00+00:00,106.56999969482422,2.8929998874664307,19.899999618530273
2022-08-18 00:00:00+00:00,107.4800033569336,2.880000114440918,19.559999465942383
2022-08-19 00:00:00+00:00,108.16999816894531,2.989000082015991,20.600000381469727
2022-08-22 00:00:00+00:00,109.05000305175781,3.0369999408721924,23.799999237060547
2022-08-23 00:00:00+00:00,108.62000274658203,3.053999900817871,24.110000610351562
2022-08-24 00:00:00+00:00,108.68000030517578,3.1059999465942383,22.81999969482422
2022-08-25 00:00:00+00:00,108.47000122070312,3.0260000228881836,21.780000686645508
2022-08-26 00:00:00+00:00,108.80000305175781,3.0350000858306885,25.559999465942383
2022-08-29 00:00:00+00:00,108.83999633789062,3.109999895095825,26.209999084472656
2022-08-30 00:00:00+00:00,108.7699966430664,3.109999895095825,26.209999084472656
2022-08-31 00:00:00+00:00,108.69999694824219,3.132999897003174,25.8700008392334
2022-09-01 00:00:00+00:00,109.69000244140625,3.265000104904175,25.559999465942383
2022-09-02 00:00:00+00:00,109.52999877929688,3.193000078201294,25.469999313354492
2022-09-06 00:00:00+00:00,110.20999908447266,3.3399999141693115,26.90999984741211
2022-09-07 00:00:00+00:00,109.83999633789062,3.265000104904175,24.639999389648438
2022-09-08 00:00:00+00:00,109.70999908447266,3.2920000553131104,23.610000610351562
2022-09-09 00:00:00+00:00,109.0,3.321000099182129,22.790000915527344
2022-09-12 00:00:00+00:00,108.33000183105469,3.361999988555908,23.8700008392334
2022-09-13 00:00:00+00:00,109.81999969482422,3.421999931335449,27.270000457763672
2022-09-14 00:00:00+00:00,109.66000366210938,3.4119999408721924,26.15999984741211
2022-09-15 00:00:00+00:00,109.73999786376953,3.4590001106262207,26.270000457763672
2022-09-16 00:00:00+00:00,109.76000213623047,3.447999954223633,26.299999237060547
2022-09-19 00:00:00+00:00,109.73999786376953,3.490000009536743,25.760000228881836
2022-09-20 00:00:00+00:00,110.22000122070312,3.571000099182129,27.15999984741211
2022-09-21 00:00:00+00:00,110.63999938964844,3.509999990463257,27.989999771118164
2022-09-22 00:00:00+00:00,111.3499984741211,3.7079999446868896,27.350000381469727
2022-09-23 00:00:00+00:00,113.19000244140625,3.697000026702881,29.920000076293945
2022-09-26 00:00:00+00:00,114.0999984741211,3.878000020980835,32.2599983215332
2022-09-27 00:00:00+00:00,114.11000061035156,3.9639999866485596,32.599998474121094
2022-09-28 00:00:00+00:00,112.5999984741211,3.7049999237060547,30.18000030517578
2022-09-29 00:00:00+00:00,112.25,3.746999979019165,31.84000015258789
2022-09-30 00:00:00+00:00,112.12000274658203,3.803999900817871,31.6200008392334
2022-10-03 00:00:00+00:00,111.75,3.6510000228881836,30.100000381469727
2022-10-04 00:00:00+00:00,110.06999969482422,3.617000102996826,29.06999969482422
2022-10-05 00:00:00+00:00,111.06999969482422,3.759000062942505,28.549999237060547
2022-10-06 00:00:00+00:00,112.26000213623047,3.8259999752044678,30.520000457763672
2022-10-07 00:00:00+00:00,112.80000305175781,3.882999897003174,31.360000610351562
2022-10-10 00:00:00+00:00,113.13999938964844,3.888000011444092,32.45000076293945
2022-10-11 00:00:00+00:00,113.22000122070312,3.938999891281128,33.630001068115234
2022-10-12 00:00:00+00:00,113.31999969482422,3.9019999504089355,33.56999969482422
2022-10-13 00:00:00+00:00,112.36000061035156,3.9519999027252197,31.940000534057617
2022-10-14 00:00:00+00:00,113.30999755859375,4.010000228881836,32.02000045776367
2022-10-17 00:00:00+00:00,112.04000091552734,4.014999866485596,31.3700008392334
2022-10-18 00:00:00+00:00,112.12999725341797,3.997999906539917,30.5
2022-10-19 00:00:00+00:00,112.9800033569336,4.126999855041504,30.760000228881836
2022-10-20 00:00:00+00:00,112.87999725341797,4.22599983215332,29.979999542236328
2022-10-21 00:00:00+00:00,112.01000213623047,4.2129998207092285,29.690000534057617
2022-10-24 00:00:00+00:00,111.98999786376953,4.234000205993652,29.850000381469727
2022-10-25 00:00:00+00:00,110.94999694824219,4.107999801635742,28.459999084472656
2022-10-26 00:00:00+00:00,109.69999694824219,4.014999866485596,27.280000686645508
2022-10-27 00:00:00+00:00,110.58999633789062,3.937000036239624,27.389999389648438
2022-10-28 00:00:00+00:00,110.66999816894531,4.010000228881836,25.75
2022-10-31 00:00:00+00:00,111.52999877929688,4.077000141143799,25.8799991607666
2022-11-01 00:00:00+00:00,111.4800033569336,4.052000045776367,25.809999465942383
2022-11-02 00:00:00+00:00,111.3499984741211,4.059000015258789,25.860000610351562
2022-11-03 00:00:00+00:00,112.93000030517578,4.124000072479248,25.299999237060547
2022-11-04 00:00:00+00:00,110.87999725341797,4.156000137329102,24.549999237060547
2022-11-07 00:00:00+00:00,110.12000274658203,4.214000225067139,24.350000381469727
2022-11-08 00:00:00+00:00,109.62000274658203,4.125999927520752,25.540000915527344
2022-11-09 00:00:00+00:00,110.55000305175781,4.151000022888184,26.09000015258789
2022-11-10 00:00:00+00:00,108.20999908447266,3.8289999961853027,23.530000686645508
2022-11-11 00:00:00+00:00,106.29000091552734,3.812999963760376,22.520000457763672
2022-11-14 00:00:00+00:00,106.66000366210938,3.865000009536743,23.729999542236328
2022-11-15 00:00:00+00:00,106.4000015258789,3.7990000247955322,24.540000915527344
2022-11-16 00:00:00+00:00,106.27999877929688,3.691999912261963,24.110000610351562
2022-11-17 00:00:00+00:00,106.69000244140625,3.7750000953674316,23.93000030517578
2022-11-18 00:00:00+00:00,106.93000030517578,3.818000078201294,23.1200008392334
2022-11-21 00:00:00+00:00,107.83999633789062,3.825000047683716,22.360000610351562
2022-11-22 00:00:00+00:00,107.22000122070312,3.757999897003174,21.290000915527344
2022-11-23 00:00:00+00:00,106.08000183105469,3.7060000896453857,20.350000381469727
2022-11-25 00:00:00+00:00,105.95999908447266,3.690999984741211,20.5
2022-11-28 00:00:00+00:00,106.68000030517578,3.703000068664551,22.209999084472656
2022-11-29 00:00:00+00:00,106.81999969482422,3.747999906539917,21.889999389648438
2022-11-30 00:00:00+00:00,105.94999694824219,3.703000068664551,20.579999923706055
2022-12-01 00:00:00+00:00,104.7300033569336,3.5290000438690186,19.84000015258789
2022-12-02 00:00:00+00:00,104.55000305175781,3.50600004196167,19.059999465942383
2022-12-05 00:00:00+00:00,105.29000091552734,3.5989999771118164,20.75
2022-12-06 00:00:00+00:00,105.58000183105469,3.513000011444092,22.170000076293945
2022-12-07 00:00:00+00:00,105.0999984741211,3.4079999923706055,22.68000030517578
2022-12-08 00:00:00+00:00,104.7699966430664,3.490999937057495,22.290000915527344
2022-12-09 00:00:00+00:00,104.80999755859375,3.566999912261963,22.829999923706055
2022-12-12 00:00:00+00:00,105.12999725341797,3.6110000610351562,25.0
2022-12-13 00:00:00+00:00,103.9800033569336,3.500999927520752,22.549999237060547
2022-12-14 00:00:00+00:00,103.7699966430664,3.503000020980835,21.139999389648438
2022-12-15 00:00:00+00:00,104.55999755859375,3.450000047683716,22.829999923706055
2022-12-16 00:00:00+00:00,104.69999694824219,3.4820001125335693,22.6200008392334
2022-12-19 00:00:00+00:00,104.72000122070312,3.5810000896453857,22.420000076293945
2022-12-20 00:00:00+00:00,103.97000122070312,3.684000015258789,21.479999542236328
2022-12-21 00:00:00+00:00,104.16000366210938,3.684000015258789,20.06999969482422
2022-12-22 00:00:00+00:00,104.43000030517578,3.6689999103546143,21.969999313354492
2022-12-23 00:00:00+00:00,104.30999755859375,3.750999927520752,20.8700008392334
2022-12-27 00:00:00+00:00,104.18000030517578,3.859999895095825,21.649999618530273
2022-12-28 00:00:00+00:00,104.45999908447266,3.88700008392334,22.139999389648438
2022-12-29 00:00:00+00:00,103.83999633789062,3.8350000381469727,21.440000534057617
2022-12-30 00:00:00+00:00,103.5199966430664,3.878999948501587,21.670000076293945
2023-01-03 00:00:00+00:00,104.5199966430664,3.7929999828338623,22.899999618530273
2023-01-04 00:00:00+00:00,104.25,3.7090001106262207,22.010000228881836
2023-01-05 00:00:00+00:00,105.04000091552734,3.7200000286102295,22.459999084472656
2023-01-06 00:00:00+00:00,103.87999725341797,3.569000005722046,21.1299991607666
2023-01-09 00:00:00+00:00,103.0,3.5169999599456787,21.969999313354492
2023-01-10 00:00:00+00:00,103.23999786376953,3.621000051498413,20.579999923706055
2023-01-11 00:00:00+00:00,103.19000244140625,3.553999900817871,21.09000015258789
2023-01-12 00:00:00+00:00,102.25,3.4489998817443848,18.829999923706055
2023-01-13 00:00:00+00:00,102.19999694824219,3.510999917984009,18.350000381469727
2023-01-17 00:00:00+00:00,102.38999938964844,3.5350000858306885,19.360000610351562
2023-01-18 00:00:00+00:00,102.36000061035156,3.375,20.34000015258789
2023-01-19 00:00:00+00:00,102.05999755859375,3.3970000743865967,20.520000457763672
2023-01-20 00:00:00+00:00,102.01000213623047,3.4839999675750732,19.850000381469727
2023-01-23 00:00:00+00:00,102.13999938964844,3.5250000953674316,19.809999465942383
2023-01-24 00:00:00+00:00,101.91999816894531,3.4690001010894775,19.200000762939453
2023-01-25 00:00:00+00:00,101.63999938964844,3.4619998931884766,19.079999923706055
2023-01-26 00:00:00+00:00,101.83999633789062,3.493000030517578,18.729999542236328
2023-01-27 00:00:00+00:00,101.93000030517578,3.5179998874664307,18.510000228881836
2023-01-30 00:00:00+00:00,102.27999877929688,3.5510001182556152,19.940000534057617
2023-01-31 00:00:00+00:00,102.0999984741211,3.5290000438690186,19.399999618530273
2023-02-01 00:00:00+00:00,101.22000122070312,3.3970000743865967,17.8700008392334
2023-02-02 00:00:00+00:00,101.75,3.3959999084472656,18.729999542236328
2023-02-03 00:00:00+00:00,102.91999816894531,3.5320000648498535,18.329999923706055
2023-02-06 00:00:00+00:00,103.62000274658203,3.634000062942505,19.43000030517578
2023-02-07 00:00:00+00:00,103.43000030517578,3.6740000247955322,18.65999984741211
2023-02-08 00:00:00+00:00,103.41000366210938,3.6530001163482666,19.6299991607666
2023-02-09 00:00:00+00:00,103.22000122070312,3.683000087738037,20.709999084472656
2023-02-10 00:00:00+00:00,103.62999725341797,3.74399995803833,20.530000686645508
2023-02-13 00:00:00+00:00,103.3499984741211,3.7170000076293945,20.34000015258789
2023-02-14 00:00:00+00:00,103.2300033569336,3.760999917984009,18.90999984741211
2023-02-15 00:00:00+00:00,103.91999816894531,3.809000015258789,18.229999542236328
2023-02-16 00:00:00+00:00,103.86000061035156,3.8429999351501465,20.170000076293945
2023-02-17 00:00:00+00:00,103.86000061035156,3.828000068664551,20.020000457763672
2023-02-21 00:00:00+00:00,104.18000030517578,3.9549999237060547,22.8700008392334
2023-02-22 00:00:00+00:00,104.58999633789062,3.9230000972747803,22.290000915527344
2023-02-23 00:00:00+00:00,104.5999984741211,3.878999948501587,21.139999389648438
2023-02-24 00:00:00+00:00,105.20999908447266,3.9489998817443848,21.670000076293945
2023-02-27 00:00:00+00:00,104.66999816894531,3.921999931335449,20.950000762939453
2023-02-28 00:00:00+00:00,104.87000274658203,3.9159998893737793,20.700000762939453
2023-03-01 00:00:00+00:00,104.4800033569336,3.99399995803833,20.579999923706055
2023-03-02 00:00:00+00:00,105.02999877929688,4.072999954223633,19.59000015258789
2023-03-03 00:00:00+00:00,104.5199966430664,3.9639999866485596,18.489999771118164
2023-03-06 00:00:00+00:00,104.3499984741211,3.9830000400543213,18.610000610351562
2023-03-07 00:00:00+00:00,105.62000274658203,3.9749999046325684,19.59000015258789
2023-03-08 00:00:00+00:00,105.66000366210938,3.9760000705718994,19.110000610351562
2023-03-09 00:00:00+00:00,105.30999755859375,3.924999952316284,22.610000610351562
2023-03-10 00:00:00+00:00,104.58000183105469,3.694999933242798,24.799999237060547
2023-03-13 00:00:00+00:00,103.5999984741211,3.515000104904175,26.520000457763672
2023-03-14 00:00:00+00:00,103.5999984741211,3.638000011444092,23.729999542236328
2023-03-15 00:00:00+00:00,104.6500015258789,3.492000102996826,26.139999389648438
2023-03-16 00:00:00+00:00,104.41999816894531,3.5850000381469727,22.989999771118164
2023-03-17 00:00:00+00:00,103.70999908447266,3.3949999809265137,25.510000228881836
2023-03-20 00:00:00+00:00,103.27999877929688,3.4809999465942383,24.149999618530273
2023-03-21 00:00:00+00:00,103.26000213623047,3.6059999465942383,21.3799991607666
2023-03-22 00:00:00+00:00,102.3499984741211,3.5,22.260000228881836
2023-03-23 00:00:00+00:00,102.52999877929688,3.4059998989105225,22.610000610351562
2023-03-24 00:00:00+00:00,103.12000274658203,3.380000114440918,21.739999771118164
2023-03-27 00:00:00+00:00,102.86000061035156,3.5280001163482666,20.600000381469727
2023-03-28 00:00:00+00:00,102.43000030517578,3.563999891281128,19.969999313354492
2023-03-29 00:00:00+00:00,102.63999938964844,3.565999984741211,19.1200008392334
2023-03-30 00:00:00+00:00,102.13999938964844,3.5510001182556152,19.020000457763672
2023-03-31 00:00:00+00:00,102.51000213623047,3.49399995803833,18.700000762939453
2023-04-03 00:00:00+00:00,102.08999633789062,3.430000066757202,18.549999237060547
2023-04-04 00:00:00+00:00,101.58999633789062,3.3369998931884766,19.0
2023-04-05 00:00:00+00:00,101.8499984741211,3.2869999408721924,19.079999923706055
2023-04-06 00:00:00+00:00,101.81999969482422,3.2880001068115234,18.399999618530273
2023-04-10 00:00:00+00:00,102.58000183105469,3.4149999618530273,18.969999313354492
2023-04-11 00:00:00+00:00,102.19999694824219,3.434000015258789,19.100000381469727
2023-04-12 00:00:00+00:00,101.5,3.4210000038146973,19.09000015258789
2023-04-13 00:00:00+00:00,101.01000213623047,3.4519999027252197,17.799999237060547
2023-04-14 00:00:00+00:00,101.55000305175781,3.5220000743865967,17.06999969482422
2023-04-17 00:00:00+00:00,102.0999984741211,3.5910000801086426,16.950000762939453
2023-04-18 00:00:00+00:00,101.75,3.572000026702881,16.829999923706055
2023-04-19 00:00:00+00:00,101.97000122070312,3.6019999980926514,16.459999084472656
2023-04-20 00:00:00+00:00,101.83999633789062,3.5450000762939453,17.170000076293945
2023-04-21 00:00:00+00:00,101.81999969482422,3.569999933242798,16.770000457763672
2023-04-24 00:00:00+00:00,101.3499984741211,3.515000104904175,16.889999389648438
2023-04-25 00:00:00+00:00,101.86000061035156,3.3959999084472656,18.760000228881836
2023-04-26 00:00:00+00:00,101.47000122070312,3.431999921798706,18.84000015258789
2023-04-27 00:00:00+00:00,101.5,3.5280001163482666,17.030000686645508
2023-04-28 00:00:00+00:00,101.66999816894531,3.4519999027252197,15.779999732971191
2023-05-01 00:00:00+00:00,102.1500015258789,3.5739998817443848,16.079999923706055
2023-05-02 00:00:00+00:00,101.95999908447266,3.438999891281128,17.780000686645508
2023-05-03 00:00:00+00:00,101.33999633789062,3.4030001163482666,18.34000015258789
2023-05-04 00:00:00+00:00,101.4000015258789,3.3510000705718994,20.09000015258789
2023-05-05 00:00:00+00:00,101.20999908447266,3.446000099182129,17.190000534057617
2023-05-08 00:00:00+00:00,101.37000274658203,3.5209999084472656,16.979999542236328
2023-05-09 00:00:00+00:00,101.63999938964844,3.5209999084472656,17.709999084472656
2023-05-10 00:00:00+00:00,101.4800033569336,3.438999891281128,16.940000534057617
2023-05-11 00:00:00+00:00,102.05999755859375,3.3970000743865967,16.93000030517578
2023-05-12 00:00:00+00:00,102.68000030517578,3.4630000591278076,17.030000686645508
2023-05-15 00:00:00+00:00,102.43000030517578,3.507999897003174,17.1200008392334
2023-05-16 00:00:00+00:00,102.55999755859375,3.5490000247955322,17.989999771118164
2023-05-17 00:00:00+00:00,102.87999725341797,3.5810000896453857,16.8700008392334
2023-05-18 00:00:00+00:00,103.58000183105469,3.6480000019073486,16.049999237060547
2023-05-19 00:00:00+00:00,103.19999694824219,3.691999912261963,16.809999465942383
2023-05-22 00:00:00+00:00,103.19999694824219,3.7190001010894775,17.209999084472656
2023-05-23 00:00:00+00:00,103.48999786376953,3.697999954223633,18.530000686645508
2023-05-24 00:00:00+00:00,103.88999938964844,3.7190001010894775,20.030000686645508
2023-05-25 00:00:00+00:00,104.20999908447266,3.813999891281128,19.139999389648438
2023-05-26 00:00:00+00:00,104.20999908447266,3.809999942779541,17.950000762939453
2023-05-30 00:00:00+00:00,104.16999816894531,3.700000047683716,17.459999084472656
2023-05-31 00:00:00+00:00,104.31999969482422,3.63700008392334,17.940000534057617
2023-06-01 00:00:00+00:00,103.55999755859375,3.6080000400543213,15.649999618530273
2023-06-02 00:00:00+00:00,104.0199966430664,3.690999984741211,14.600000381469727
2023-06-05 00:00:00+00:00,104.0,3.693000078201294,14.729999542236328
2023-06-06 00:00:00+00:00,104.12999725341797,3.6989998817443848,13.960000038146973
2023-06-07 00:00:00+00:00,104.0999984741211,3.7839999198913574,13.9399995803833
2023-06-08 00:00:00+00:00,103.33999633789062,3.7139999866485596,13.649999618530273
2023-06-09 00:00:00+00:00,103.55999755859375,3.744999885559082,13.829999923706055
2023-06-12 00:00:00+00:00,103.62999725341797,3.765000104904175,15.010000228881836
2023-06-13 00:00:00+00:00,103.33999633789062,3.8389999866485596,14.609999656677246
2023-06-14 00:00:00+00:00,103.01000213623047,3.7960000038146973,13.880000114440918
2023-06-15 00:00:00+00:00,102.12000274658203,3.7279999256134033,14.5
2023-06-16 00:00:00+00:00,102.30000305175781,3.7690000534057617,13.539999961853027
2023-06-20 00:00:00+00:00,102.54000091552734,3.7290000915527344,13.880000114440918
2023-06-21 00:00:00+00:00,102.06999969482422,3.7230000495910645,13.199999809265137
2023-06-22 00:00:00+00:00,102.38999938964844,3.7990000247955322,12.90999984741211
2023-06-23 00:00:00+00:00,102.9000015258789,3.739000082015991,13.4399995803833
2023-06-26 00:00:00+00:00,102.69000244140625,3.7190001010894775,14.25
2023-06-27 00:00:00+00:00,102.48999786376953,3.7679998874664307,13.739999771118164
2023-06-28 00:00:00+00:00,102.91000366210938,3.7100000381469727,13.430000305175781
2023-06-29 00:00:00+00:00,103.33999633789062,3.8540000915527344,13.539999961853027
2023-06-30 00:00:00+00:00,102.91000366210938,3.819000005722046,13.59000015258789
2023-07-03 00:00:00+00:00,102.98999786376953,3.8580000400543213,13.569999694824219
2023-07-05 00:00:00+00:00,103.37000274658203,3.944999933242798,14.180000305175781
2023-07-06 00:00:00+00:00,103.16999816894531,4.040999889373779,15.4399995803833
2023-07-07 00:00:00+00:00,102.2699966430664,4.050000190734863,14.829999923706055
2023-07-10 00:00:00+00:00,101.97000122070312,4.00600004196167,15.069999694824219
2023-07-11 00:00:00+00:00,101.7300033569336,3.9800000190734863,14.84000015258789
2023-07-12 00:00:00+00:00,100.5199966430664,3.8610000610351562,13.539999961853027
2023-07-13 00:00:00+00:00,99.7699966430664,3.760999917984009,13.609999656677246
2023-07-14 00:00:00+00:00,99.91000366210938,3.819000005722046,13.34000015258789
2023-07-17 00:00:00+00:00,99.83999633789062,3.796999931335449,13.479999542236328
2023-07-18 00:00:00+00:00,99.94000244140625,3.7890000343322754,13.300000190734863
2023-07-19 00:00:00+00:00,100.27999877929688,3.742000102996826,13.760000228881836
2023-07-20 00:00:00+00:00,100.87999725341797,3.8540000915527344,13.989999771118164
2023-07-21 00:00:00+00:00,101.06999969482422,3.8369998931884766,13.600000381469727
2023-07-24 00:00:00+00:00,101.3499984741211,3.8570001125335693,13.90999984741211
2023-07-25 00:00:00+00:00,101.3499984741211,3.9119999408721924,13.859999656677246
2023-07-26 00:00:00+00:00,100.88999938964844,3.8510000705718994,13.1899995803833
2023-07-27 00:00:00+00:00,101.7699966430664,4.01200008392334,14.40999984741211
2023-07-28 00:00:00+00:00,101.62000274658203,3.9690001010894775,13.329999923706055
2023-07-31 00:00:00+00:00,101.86000061035156,3.9590001106262207,13.630000114440918
2023-08-01 00:00:00+00:00,102.30000305175781,4.051000118255615,13.930000305175781
2023-08-02 00:00:00+00:00,102.58999633789062,4.078000068664551,16.09000015258789
2023-08-03 00:00:00+00:00,102.54000091552734,4.189000129699707,15.920000076293945
2023-08-04 00:00:00+00:00,102.0199966430664,4.059999942779541,17.100000381469727
2023-08-07 00:00:00+00:00,102.05000305175781,4.078000068664551,15.770000457763672
2023-08-08 00:00:00+00:00,102.52999877929688,4.026000022888184,15.989999771118164
2023-08-09 00:00:00+00:00,102.48999786376953,4.01200008392334,15.960000038146973
2023-08-10 00:00:00+00:00,102.5199966430664,4.079999923706055,15.850000381469727
2023-08-11 00:00:00+00:00,102.83999633789062,4.168000221252441,14.84000015258789
2023-08-14 00:00:00+00:00,103.19000244140625,4.184000015258789,14.819999694824219
2023-08-15 00:00:00+00:00,103.20999908447266,4.2210001945495605,16.459999084472656
2023-08-16 00:00:00+00:00,103.41999816894531,4.257999897003174,16.780000686645508
2023-08-17 00:00:00+00:00,103.44000244140625,4.308000087738037,17.889999389648438
2023-08-18 00:00:00+00:00,103.37999725341797,4.250999927520752,17.299999237060547
2023-08-21 00:00:00+00:00,103.33000183105469,4.3420000076293945,17.1299991607666
2023-08-22 00:00:00+00:00,103.55999755859375,4.328000068664551,16.969999313354492
2023-08-23 00:00:00+00:00,103.36000061035156,4.197999954223633,15.979999542236328
2023-08-24 00:00:00+00:00,103.9800033569336,4.235000133514404,17.200000762939453
2023-08-25 00:00:00+00:00,104.08000183105469,4.238999843597412,15.680000305175781
2023-08-28 00:00:00+00:00,104.05999755859375,4.211999893188477,15.079999923706055
2023-08-29 00:00:00+00:00,103.55000305175781,4.122000217437744,14.449999809265137
2023-08-30 00:00:00+00:00,103.16000366210938,4.118000030517578,13.880000114440918
2023-08-31 00:00:00+00:00,103.62000274658203,4.0929999351501465,13.569999694824219
2023-09-01 00:00:00+00:00,104.23999786376953,4.172999858856201,13.09000015258789
2023-09-05 00:00:00+00:00,104.80999755859375,4.26800012588501,14.010000228881836
2023-09-06 00:00:00+00:00,104.86000061035156,4.289999961853027,14.449999809265137
2023-09-07 00:00:00+00:00,105.05999755859375,4.260000228881836,14.399999618530273
2023-09-08 00:00:00+00:00,105.08999633789062,4.257999897003174,13.84000015258789
2023-09-11 00:00:00+00:00,104.56999969482422,4.288000106811523,13.800000190734863
2023-09-12 00:00:00+00:00,104.70999908447266,4.263999938964844,14.229999542236328
2023-09-13 00:00:00+00:00,104.7699966430664,4.249000072479248,13.479999542236328
2023-09-14 00:00:00+00:00,105.41000366210938,4.288000106811523,12.819999694824219
2023-09-15 00:00:00+00:00,105.31999969482422,4.322000026702881,13.789999961853027
2023-09-18 00:00:00+00:00,105.19999694824219,4.318999767303467,14.0
2023-09-19 00:00:00+00:00,105.19999694824219,4.364999771118164,14.109999656677246
2023-09-20 00:00:00+00:00,105.16000366210938,4.348999977111816,15.140000343322754
2023-09-21 00:00:00+00:00,105.36000061035156,4.480000019073486,17.540000915527344
2023-09-22 00:00:00+00:00,105.58000183105469,4.438000202178955,17.200000762939453
2023-09-25 00:00:00+00:00,106.0,4.541999816894531,16.899999618530273
2023-09-26 00:00:00+00:00,106.2300033569336,4.558000087738037,18.940000534057617
2023-09-27 00:00:00+00:00,106.66999816894531,4.625999927520752,18.219999313354492
2023-09-28 00:00:00+00:00,106.22000122070312,4.5970001220703125,17.34000015258789
2023-09-29 00:00:00+00:00,106.16999816894531,4.572999954223633,17.520000457763672
2023-10-02 00:00:00+00:00,106.9000015258789,4.683000087738037,17.610000610351562
2023-10-03 00:00:00+00:00,107.0,4.802000045776367,19.780000686645508
2023-10-04 00:00:00+00:00,106.80000305175781,4.735000133514404,18.579999923706055
2023-10-05 00:00:00+00:00,106.33000183105469,4.7170000076293945,18.489999771118164
2023-10-06 00:00:00+00:00,106.04000091552734,4.783999919891357,17.450000762939453
2023-10-09 00:00:00+00:00,106.08000183105469,4.796999931335449,17.700000762939453
2023-10-10 00:00:00+00:00,105.83000183105469,4.65500020980835,17.030000686645508
2023-10-11 00:00:00+00:00,105.81999969482422,4.59499979019165,16.09000015258789
2023-10-12 00:00:00+00:00,106.56999969482422,4.711999893188477,16.690000534057617
2023-10-13 00:00:00+00:00,106.6500015258789,4.629000186920166,19.31999969482422
2023-10-16 00:00:00+00:00,106.23999786376953,4.711999893188477,17.209999084472656
2023-10-17 00:00:00+00:00,106.25,4.8470001220703125,17.8799991607666
2023-10-18 00:00:00+00:00,106.56999969482422,4.9039998054504395,19.219999313354492
2023-10-19 00:00:00+00:00,106.25,4.98799991607666,21.399999618530273
2023-10-20 00:00:00+00:00,106.16000366210938,4.923999786376953,21.709999084472656
2023-10-23 00:00:00+00:00,105.54000091552734,4.8379998207092285,20.3700008392334
2023-10-24 00:00:00+00:00,106.2699966430664,4.840000152587891,18.969999313354492
2023-10-25 00:00:00+00:00,106.52999877929688,4.953000068664551,20.190000534057617
2023-10-26 00:00:00+00:00,106.5999984741211,4.84499979019165,20.68000030517578
2023-10-27 00:00:00+00:00,106.55999755859375,4.84499979019165,21.270000457763672
2023-10-30 00:00:00+00:00,106.12000274658203,4.875,19.75
2023-10-31 00:00:00+00:00,106.66000366210938,4.875,18.139999389648438
2023-11-01 00:00:00+00:00,106.87999725341797,4.789000034332275,16.8700008392334
2023-11-02 00:00:00+00:00,106.12000274658203,4.669000148773193,15.65999984741211
2023-11-03 00:00:00+00:00,105.0199966430664,4.558000087738037,14.90999984741211
2023-11-06 00:00:00+00:00,105.22000122070312,4.6620001792907715,14.890000343322754
2023-11-07 00:00:00+00:00,105.54000091552734,4.571000099182129,14.8100004196167
2023-11-08 00:00:00+00:00,105.58999633789062,4.5229997634887695,14.449999809265137
2023-11-09 00:00:00+00:00,105.91000366210938,4.630000114440918,15.289999961853027
2023-11-10 00:00:00+00:00,105.86000061035156,4.627999782562256,14.170000076293945
2023-11-13 00:00:00+00:00,105.66000366210938,4.631999969482422,14.760000228881836
2023-11-14 00:00:00+00:00,104.11000061035156,4.440999984741211,14.15999984741211
2023-11-15 00:00:00+00:00,104.38999938964844,4.534999847412109,14.180000305175781
2023-11-16 00:00:00+00:00,104.37000274658203,4.445000171661377,14.319999694824219
2023-11-17 00:00:00+00:00,103.81999969482422,4.440999984741211,13.800000190734863
2023-11-20 00:00:00+00:00,103.47000122070312,4.421999931335449,13.40999984741211
2023-11-21 00:00:00+00:00,103.58999633789062,4.418000221252441,13.350000381469727
2023-11-22 00:00:00+00:00,103.91999816894531,4.415999889373779,12.850000381469727
2023-11-24 00:00:00+00:00,103.4000015258789,4.4720001220703125,12.460000038146973
2023-11-27 00:00:00+00:00,103.19999694824219,4.388999938964844,12.6899995803833
2023-11-28 00:00:00+00:00,102.75,4.335999965667725,12.6899995803833
2023-11-29 00:00:00+00:00,102.7699966430664,4.270999908447266,12.979999542236328
2023-11-30 00:00:00+00:00,103.5,4.3520002365112305,12.920000076293945
2023-12-01 00:00:00+00:00,103.2699966430664,4.22599983215332,12.630000114440918
2023-12-04 00:00:00+00:00,103.63999938964844,4.288000106811523,13.079999923706055
2023-12-05 00:00:00+00:00,104.05000305175781,4.171000003814697,12.850000381469727
2023-12-06 00:00:00+00:00,104.1500015258789,4.120999813079834,12.970000267028809
2023-12-07 00:00:00+00:00,103.54000091552734,4.129000186920166,13.0600004196167
2023-12-08 00:00:00+00:00,104.01000213623047,4.244999885559082,12.350000381469727
2023-12-11 00:00:00+00:00,104.0999984741211,4.238999843597412,12.630000114440918
2023-12-12 00:00:00+00:00,103.87000274658203,4.205999851226807,12.069999694824219
2023-12-13 00:00:00+00:00,102.87000274658203,4.0329999923706055,12.1899995803833
2023-12-14 00:00:00+00:00,101.95999908447266,3.930000066757202,12.479999542236328
2023-12-15 00:00:00+00:00,102.55000305175781,3.927999973297119,12.279999732971191
2023-12-18 00:00:00+00:00,102.51000213623047,3.9539999961853027,12.5600004196167
2023-12-19 00:00:00+00:00,102.16999816894531,3.921999931335449,12.529999732971191
2023-12-20 00:00:00+00:00,102.41000366210938,3.877000093460083,13.670000076293945
2023-12-21 00:00:00+00:00,101.83999633789062,3.8940000534057617,13.649999618530273
2023-12-22 00:00:00+00:00,101.69999694824219,3.9010000228881836,13.029999732971191
2023-12-26 00:00:00+00:00,101.47000122070312,3.885999917984009,12.989999771118164
2023-12-27 00:00:00+00:00,100.98999786376953,3.7890000343322754,12.430000305175781
2023-12-28 00:00:00+00:00,101.2300033569336,3.8499999046325684,12.470000267028809
2023-12-29 00:00:00+00:00,101.33000183105469,3.865999937057495,12.449999809265137
2024-01-02 00:00:00+00:00,102.19999694824219,3.946000099182129,13.199999809265137
2024-01-03 00:00:00+00:00,102.45999908447266,3.9070000648498535,14.039999961853027
2024-01-04 00:00:00+00:00,102.41999816894531,3.990999937057495,14.130000114440918
2024-01-05 00:00:00+00:00,102.41000366210938,4.041999816894531,13.350000381469727
2024-01-08 00:00:00+00:00,102.20999908447266,4.001999855041504,13.079999923706055
2024-01-09 00:00:00+00:00,102.56999969482422,4.019000053405762,12.760000228881836
2024-01-10 00:00:00+00:00,102.36000061035156,4.03000020980835,12.6899995803833
2024-01-11 00:00:00+00:00,102.29000091552734,3.9769999980926514,12.4399995803833
2024-01-12 00:00:00+00:00,102.4000015258789,3.950000047683716,12.699999809265137
2024-01-16 00:00:00+00:00,103.36000061035156,4.065999984741211,13.84000015258789
2024-01-17 00:00:00+00:00,103.44999694824219,4.105999946594238,14.789999961853027
2024-01-18 00:00:00+00:00,103.54000091552734,4.144000053405762,14.130000114440918
2024-01-19 00:00:00+00:00,103.29000091552734,4.145999908447266,13.300000190734863
2024-01-22 00:00:00+00:00,103.33000183105469,4.093999862670898,13.1899995803833
2024-01-23 00:00:00+00:00,103.62000274658203,4.142000198364258,12.550000190734863
2024-01-24 00:00:00+00:00,103.23999786376953,4.177999973297119,13.140000343322754
2024-01-25 00:00:00+00:00,103.56999969482422,4.131999969482422,13.449999809265137
2024-01-26 00:00:00+00:00,103.47000122070312,4.159999847412109,13.260000228881836
2024-01-29 00:00:00+00:00,103.61000061035156,4.091000080108643,13.600000381469727
2024-01-30 00:00:00+00:00,103.4000015258789,4.059000015258789,13.3100004196167
2024-01-31 00:00:00+00:00,103.2699966430664,3.9670000076293945,14.350000381469727
2024-02-01 00:00:00+00:00,103.05000305175781,3.86299991607666,13.880000114440918
2024-02-02 00:00:00+00:00,103.91999816894531,4.0329999923706055,13.850000381469727
2024-02-05 00:00:00+00:00,104.44999694824219,4.164000034332275,13.670000076293945
2024-02-06 00:00:00+00:00,104.18000030517578,4.090000152587891,13.0600004196167
2024-02-07 00:00:00+00:00,104.04000091552734,4.110000133514404,12.829999923706055
2024-02-08 00:00:00+00:00,104.1500015258789,4.170000076293945,12.789999961853027
2024-02-09 00:00:00+00:00,104.08000183105469,4.186999797821045,12.930000305175781
2024-02-12 00:00:00+00:00,104.16999816894531,4.171999931335449,13.930000305175781
2024-02-13 00:00:00+00:00,104.95999908447266,4.315999984741211,15.850000381469727
2024-02-14 00:00:00+00:00,104.72000122070312,4.267000198364258,14.380000114440918
2024-02-15 00:00:00+00:00,104.30000305175781,4.239999771118164,14.010000228881836
2024-02-16 00:00:00+00:00,104.27999877929688,4.295000076293945,14.239999771118164
2024-02-20 00:00:00+00:00,104.08000183105469,4.275000095367432,15.420000076293945
2024-02-21 00:00:00+00:00,104.01000213623047,4.324999809265137,15.34000015258789
2024-02-22 00:00:00+00:00,103.95999908447266,4.327000141143799,14.539999961853027
2024-02-23 00:00:00+00:00,103.94000244140625,4.260000228881836,13.75
2024-02-26 00:00:00+00:00,103.83000183105469,4.298999786376953,13.739999771118164
2024-02-27 00:00:00+00:00,103.83000183105469,4.315000057220459,13.430000305175781
2024-02-28 00:00:00+00:00,103.9800033569336,4.27400016784668,13.84000015258789
2024-02-29 00:00:00+00:00,104.16000366210938,4.251999855041504,13.399999618530273
2024-03-01 00:00:00+00:00,103.86000061035156,4.179999828338623,13.109999656677246
2024-03-04 00:00:00+00:00,103.83000183105469,4.218999862670898,13.489999771118164
2024-03-05 00:00:00+00:00,103.80000305175781,4.13700008392334,14.460000038146973
2024-03-06 00:00:00+00:00,103.37000274658203,4.104000091552734,14.5
2024-03-07 00:00:00+00:00,102.81999969482422,4.0920000076293945,14.4399995803833
2024-03-08 00:00:00+00:00,102.73999786376953,4.089000225067139,14.739999771118164
2024-03-11 00:00:00+00:00,102.87000274658203,4.104000091552734,15.220000267028809
2024-03-12 00:00:00+00:00,102.95999908447266,4.15500020980835,13.84000015258789
2024-03-13 00:00:00+00:00,102.79000091552734,4.191999912261963,13.75
2024-03-14 00:00:00+00:00,103.36000061035156,4.297999858856201,14.399999618530273
2024-03-15 00:00:00+00:00,103.43000030517578,4.303999900817871,14.40999984741211
2024-03-18 00:00:00+00:00,103.58000183105469,4.340000152587891,14.329999923706055
2024-03-19 00:00:00+00:00,103.80999755859375,4.296999931335449,13.819999694824219
2024-03-20 00:00:00+00:00,103.41000366210938,4.2729997634887695,13.039999961853027
2024-03-21 00:00:00+00:00,104.0,4.270999908447266,12.920000076293945
2024-03-22 00:00:00+00:00,104.43000030517578,4.2179999351501465,13.0600004196167
2024-03-25 00:00:00+00:00,104.2300033569336,4.252999782562256,13.1899995803833
2024-03-26 00:00:00+00:00,104.29000091552734,4.234000205993652,13.239999771118164
2024-03-27 00:00:00+00:00,104.3499984741211,4.196000099182129,12.779999732971191
2024-03-28 00:00:00+00:00,104.55000305175781,4.205999851226807,13.010000228881836
2024-04-01 00:00:00+00:00,105.0199966430664,4.328999996185303,13.649999618530273
2024-04-02 00:00:00+00:00,104.81999969482422,4.364999771118164,14.609999656677246
2024-04-03 00:00:00+00:00,104.25,4.355000019073486,14.329999923706055
2024-04-04 00:00:00+00:00,104.12000274658203,4.309000015258789,16.350000381469727
2024-04-05 00:00:00+00:00,104.30000305175781,4.377999782562256,16.030000686645508
2024-04-08 00:00:00+00:00,104.13999938964844,4.423999786376953,15.1899995803833
2024-04-09 00:00:00+00:00,104.1500015258789,4.366000175476074,14.979999542236328
2024-04-10 00:00:00+00:00,105.25,4.559999942779541,15.800000190734863
2024-04-11 00:00:00+00:00,105.27999877929688,4.576000213623047,14.90999984741211
2024-04-12 00:00:00+00:00,106.04000091552734,4.499000072479248,17.309999465942383
2024-04-15 00:00:00+00:00,106.20999908447266,4.627999782562256,19.229999542236328
2024-04-16 00:00:00+00:00,106.26000213623047,4.658999919891357,18.399999618530273
2024-04-17 00:00:00+00:00,105.94999694824219,4.585000038146973,18.209999084472656
2024-04-18 00:00:00+00:00,106.1500015258789,4.646999835968018,18.0
2024-04-19 00:00:00+00:00,106.1500015258789,4.614999771118164,18.709999084472656
2024-04-22 00:00:00+00:00,106.08000183105469,4.623000144958496,16.940000534057617
2024-04-23 00:00:00+00:00,105.69000244140625,4.5980000495910645,15.6899995803833
2024-04-24 00:00:00+00:00,105.86000061035156,4.6519999504089355,15.970000267028809
2024-04-25 00:00:00+00:00,105.5999984741211,4.705999851226807,15.369999885559082
2024-04-26 00:00:00+00:00,105.94000244140625,4.669000148773193,15.029999732971191
2024-04-29 00:00:00+00:00,105.58000183105469,4.613999843597412,14.670000076293945
2024-04-30 00:00:00+00:00,106.22000122070312,4.685999870300293,15.649999618530273
2024-05-01 00:00:00+00:00,105.76000213623047,4.59499979019165,15.390000343322754
2024-05-02 00:00:00+00:00,105.30000305175781,4.571000099182129,14.680000305175781
2024-05-03 00:00:00+00:00,105.02999877929688,4.5,13.489999771118164
2024-05-06 00:00:00+00:00,105.05000305175781,4.488999843597412,13.489999771118164
2024-05-07 00:00:00+00:00,105.41000366210938,4.4629998207092285,13.229999542236328
2024-05-08 00:00:00+00:00,105.55000305175781,4.492000102996826,13.0
2024-05-09 00:00:00+00:00,105.2300033569336,4.448999881744385,12.6899995803833
2024-05-10 00:00:00+00:00,105.30999755859375,4.504000186920166,12.550000190734863
2024-05-13 00:00:00+00:00,105.22000122070312,4.480999946594238,13.600000381469727
2024-05-14 00:00:00+00:00,105.01000213623047,4.445000171661377,13.420000076293945
2024-05-15 00:00:00+00:00,104.3499984741211,4.355999946594238,12.449999809265137
2024-05-16 00:00:00+00:00,104.45999908447266,4.376999855041504,12.420000076293945
2024-05-17 00:00:00+00:00,104.44999694824219,4.420000076293945,11.989999771118164
2024-05-20 00:00:00+00:00,104.56999969482422,4.436999797821045,12.149999618530273
2024-05-21 00:00:00+00:00,104.66000366210938,4.414000034332275,11.859999656677246
2024-05-22 00:00:00+00:00,104.94000244140625,4.434000015258789,12.289999961853027
2024-05-23 00:00:00+00:00,105.11000061035156,4.474999904632568,12.770000457763672
2024-05-24 00:00:00+00:00,104.72000122070312,4.4670000076293945,11.930000305175781
2024-05-28 00:00:00+00:00,104.61000061035156,4.541999816894531,12.920000076293945
2024-05-29 00:00:00+00:00,105.0999984741211,4.624000072479248,14.279999732971191
2024-05-30 00:00:00+00:00,104.72000122070312,4.553999900817871,14.470000267028809
2024-05-31 00:00:00+00:00,104.66999816894531,4.513999938964844,12.920000076293945
2024-06-03 00:00:00+00:00,104.13999938964844,4.4019999504089355,13.109999656677246
2024-06-04 00:00:00+00:00,104.11000061035156,4.335999965667725,13.15999984741211
2024-06-05 00:00:00+00:00,104.2699966430664,4.289000034332275,12.630000114440918
2024-06-06 00:00:00+00:00,104.0999984741211,4.281000137329102,12.579999923706055
2024-06-07 00:00:00+00:00,104.88999938964844,4.429999828338623,12.220000267028809
2024-06-10 00:00:00+00:00,105.1500015258789,4.468999862670898,12.739999771118164
2024-06-11 00:00:00+00:00,105.2300033569336,4.4039998054504395,12.850000381469727
2024-06-12 00:00:00+00:00,104.6500015258789,4.295000076293945,12.039999961853027
2024-06-13 00:00:00+00:00,105.19999694824219,4.23799991607666,11.9399995803833
2024-06-14 00:00:00+00:00,105.55000305175781,4.2129998207092285,12.65999984741211
2024-06-17 00:00:00+00:00,105.31999969482422,4.2789998054504395,12.75
2024-06-18 00:00:00+00:00,105.26000213623047,4.2170000076293945,12.300000190734863
2024-06-20 00:00:00+00:00,105.58999633789062,4.254000186920166,13.279999732971191
2024-06-21 00:00:00+00:00,105.80000305175781,4.256999969482422,13.199999809265137
2024-06-24 00:00:00+00:00,105.47000122070312,4.248000144958496,13.329999923706055
2024-06-25 00:00:00+00:00,105.61000061035156,4.23799991607666,12.84000015258789
2024-06-26 00:00:00+00:00,106.05000305175781,4.315999984741211,12.550000190734863
2024-06-27 00:00:00+00:00,105.91000366210938,4.288000106811523,12.239999771118164
2024-06-28 00:00:00+00:00,105.87000274658203,4.3429999351501465,12.4399995803833
2024-07-01 00:00:00+00:00,105.9000015258789,4.479000091552734,12.220000267028809
2024-07-02 00:00:00+00:00,105.72000122070312,4.435999870300293,12.029999732971191
2024-07-03 00:00:00+00:00,105.4000015258789,4.355000019073486,12.09000015258789
2024-07-05 00:00:00+00:00,104.87999725341797,4.271999835968018,12.479999542236328
2024-07-08 00:00:00+00:00,105.01000213623047,4.269000053405762,12.369999885559082
2024-07-09 00:00:00+00:00,105.12000274658203,4.300000190734863,12.510000228881836
2024-07-10 00:00:00+00:00,105.05000305175781,4.28000020980835,12.850000381469727
2024-07-11 00:00:00+00:00,104.44000244140625,4.192999839782715,12.920000076293945
2024-07-12 00:00:00+00:00,104.08999633789062,4.189000129699707,12.460000038146973
2024-07-15 00:00:00+00:00,104.19000244140625,4.229000091552734,13.119999885559082
2024-07-16 00:00:00+00:00,104.2699966430664,4.166999816894531,13.1899995803833
2024-07-17 00:00:00+00:00,103.75,4.145999908447266,14.479999542236328
2024-07-18 00:00:00+00:00,104.16999816894531,4.189000129699707,15.930000305175781
2024-07-19 00:00:00+00:00,104.4000015258789,4.238999843597412,16.520000457763672
2024-07-22 00:00:00+00:00,104.30999755859375,4.260000228881836,14.90999984741211
2024-07-23 00:00:00+00:00,104.44999694824219,4.238999843597412,14.720000267028809
2024-07-24 00:00:00+00:00,104.38999938964844,4.285999774932861,18.040000915527344
2024-07-25 00:00:00+00:00,104.36000061035156,4.25600004196167,18.459999084472656
2024-07-26 00:00:00+00:00,104.31999969482422,4.199999809265137,16.389999389648438
2024-07-29 00:00:00+00:00,104.55999755859375,4.177999973297119,16.600000381469727
2024-07-30 00:00:00+00:00,104.55000305175781,4.14300012588501,17.690000534057617
2024-07-31 00:00:00+00:00,104.0999984741211,4.109000205993652,16.360000610351562
2024-08-01 00:00:00+00:00,104.41999816894531,3.9760000705718994,18.59000015258789
2024-08-02 00:00:00+00:00,103.20999908447266,3.7920000553131104,23.389999389648438
2024-08-05 00:00:00+00:00,102.69000244140625,3.7850000858306885,38.56999969482422
2024-08-06 00:00:00+00:00,102.97000122070312,3.888000011444092,27.709999084472656
2024-08-07 00:00:00+00:00,103.19999694824219,3.9679999351501465,27.850000381469727
2024-08-08 00:00:00+00:00,103.20999908447266,3.996999979019165,23.790000915527344
2024-08-09 00:00:00+00:00,103.13999938964844,3.941999912261963,20.3700008392334
2024-08-12 00:00:00+00:00,103.13999938964844,3.9089999198913574,20.709999084472656
2024-08-13 00:00:00+00:00,102.55999755859375,3.8519999980926514,18.1200008392334
2024-08-14 00:00:00+00:00,102.56999969482422,3.819999933242798,16.190000534057617
2024-08-15 00:00:00+00:00,102.9800033569336,3.9260001182556152,15.229999542236328
2024-08-16 00:00:00+00:00,102.45999908447266,3.8919999599456787,14.800000190734863
2024-08-19 00:00:00+00:00,101.88999938964844,3.867000102996826,14.649999618530273
2024-08-20 00:00:00+00:00,101.44000244140625,3.818000078201294,15.880000114440918
2024-08-21 00:00:00+00:00,101.04000091552734,3.7780001163482666,16.270000457763672
2024-08-22 00:00:00+00:00,101.51000213623047,3.861999988555908,17.549999237060547
2024-08-23 00:00:00+00:00,100.72000122070312,3.806999921798706,15.859999656677246
2024-08-26 00:00:00+00:00,100.8499984741211,3.818000078201294,16.149999618530273
2024-08-27 00:00:00+00:00,100.55000305175781,3.8329999446868896,15.430000305175781
2024-08-28 00:00:00+00:00,101.08999633789062,3.8410000801086426,17.110000610351562
2024-08-29 00:00:00+00:00,101.33999633789062,3.867000102996826,15.649999618530273
2024-08-30 00:00:00+00:00,101.69999694824219,3.9110000133514404,15.0
2024-09-03 00:00:00+00:00,101.83000183105469,3.8440001010894775,20.719999313354492
2024-09-04 00:00:00+00:00,101.36000061035156,3.7679998874664307,21.31999969482422
2024-09-05 00:00:00+00:00,101.11000061035156,3.7309999465942383,19.899999618530273
2024-09-06 00:00:00+00:00,101.18000030517578,3.7100000381469727,22.3799991607666
2024-09-09 00:00:00+00:00,101.55000305175781,3.697000026702881,19.450000762939453
2024-09-10 00:00:00+00:00,101.62999725341797,3.6459999084472656,19.079999923706055
2024-09-11 00:00:00+00:00,101.68000030517578,3.6530001163482666,17.690000534057617
2024-09-12 00:00:00+00:00,101.37000274658203,3.680000066757202,17.06999969482422
2024-09-13 00:00:00+00:00,101.11000061035156,3.6500000953674316,16.559999465942383
2024-09-16 00:00:00+00:00,100.76000213623047,3.621000051498413,17.139999389648438
2024-09-17 00:00:00+00:00,100.88999938964844,3.6419999599456787,17.610000610351562
2024-09-18 00:00:00+00:00,100.5999984741211,3.684999942779541,18.229999542236328
2024-09-19 00:00:00+00:00,100.61000061035156,3.740000009536743,16.329999923706055
2024-09-20 00:00:00+00:00,100.72000122070312,3.7279999256134033,16.149999618530273
2024-09-23 00:00:00+00:00,100.91999816894531,3.739000082015991,15.890000343322754
2024-09-24 00:00:00+00:00,100.37000274658203,3.7360000610351562,15.390000343322754
2024-09-25 00:00:00+00:00,100.91999816894531,3.7809998989105225,15.40999984741211
2024-09-26 00:00:00+00:00,100.55999755859375,3.7909998893737793,15.369999885559082
2024-09-27 00:00:00+00:00,100.41999816894531,3.749000072479248,16.959999084472656
2024-09-30 00:00:00+00:00,100.77999877929688,3.802000045776367,16.729999542236328
2024-10-01 00:00:00+00:00,101.19000244140625,3.743000030517578,19.260000228881836
2024-10-02 00:00:00+00:00,101.68000030517578,3.7850000858306885,18.899999618530273
2024-10-03 00:00:00+00:00,101.98999786376953,3.8499999046325684,20.489999771118164
2024-10-04 00:00:00+00:00,102.5199966430664,3.9809999465942383,19.209999084472656
2024-10-07 00:00:00+00:00,102.54000091552734,4.026000022888184,22.639999389648438
2024-10-08 00:00:00+00:00,102.55000305175781,4.0329999923706055,21.420000076293945
2024-10-09 00:00:00+00:00,102.93000030517578,4.066999912261963,20.860000610351562
2024-10-10 00:00:00+00:00,102.98999786376953,4.0960001945495605,20.93000030517578
2024-10-11 00:00:00+00:00,102.88999938964844,4.072999954223633,20.459999084472656
2024-10-14 00:00:00+00:00,103.30000305175781,4.0980000495910645,19.700000762939453
2024-10-15 00:00:00+00:00,103.26000213623047,4.038000106811523,20.639999389648438
2024-10-16 00:00:00+00:00,103.58999633789062,4.015999794006348,19.579999923706055
2024-10-17 00:00:00+00:00,103.83000183105469,4.0960001945495605,19.110000610351562
2024-10-18 00:00:00+00:00,103.48999786376953,4.072999954223633,18.030000686645508
2024-10-21 00:00:00+00:00,104.01000213623047,4.182000160217285,18.3700008392334
2024-10-22 00:00:00+00:00,104.08000183105469,4.203999996185303,18.200000762939453
2024-10-23 00:00:00+00:00,104.43000030517578,4.242000102996826,19.239999771118164
2024-10-24 00:00:00+00:00,104.05999755859375,4.199999809265137,19.079999923706055
2024-10-25 00:00:00+00:00,104.26000213623047,4.23199987411499,20.329999923706055
2024-10-28 00:00:00+00:00,104.31999969482422,4.2779998779296875,19.799999237060547
2024-10-29 00:00:00+00:00,104.27999877929688,4.27400016784668,19.34000015258789
2024-10-30 00:00:00+00:00,103.98999786376953,4.265999794006348,20.350000381469727
2024-10-31 00:00:00+00:00,103.9800033569336,4.283999919891357,23.15999984741211
2024-11-01 00:00:00+00:00,104.27999877929688,4.361000061035156,21.8799991607666
2024-11-04 00:00:00+00:00,103.88999938964844,4.309000015258789,21.979999542236328
2024-11-05 00:00:00+00:00,103.41999816894531,4.289000034332275,20.489999771118164
2024-11-06 00:00:00+00:00,105.08999633789062,4.426000118255615,16.270000457763672
2024-11-07 00:00:00+00:00,104.51000213623047,4.341000080108643,15.199999809265137
2024-11-08 00:00:00+00:00,105.0,4.306000232696533,14.9399995803833
2024-11-11 00:00:00+00:00,105.54000091552734,4.308000087738037,14.970000267028809
2024-11-12 00:00:00+00:00,106.0199966430664,4.432000160217285,14.710000038146973
2024-11-13 00:00:00+00:00,106.4800033569336,4.451000213623047,14.020000457763672
2024-11-14 00:00:00+00:00,106.66999816894531,4.418000221252441,14.3100004196167
2024-11-15 00:00:00+00:00,106.69000244140625,4.427999973297119,16.139999389648438
2024-11-18 00:00:00+00:00,106.27999877929688,4.414000034332275,15.579999923706055
2024-11-19 00:00:00+00:00,106.20999908447266,4.379000186920166,16.350000381469727
2024-11-20 00:00:00+00:00,106.68000030517578,4.406000137329102,17.15999984741211
2024-11-21 00:00:00+00:00,106.97000122070312,4.432000160217285,16.8700008392334
2024-11-22 00:00:00+00:00,107.48999786376953,4.409999847412109,15.239999771118164
2024-11-25 00:00:00+00:00,106.81999969482422,4.264999866485596,14.600000381469727
2024-11-26 00:00:00+00:00,107.01000213623047,4.302000045776367,14.100000381469727
2024-11-27 00:00:00+00:00,106.08000183105469,4.242000102996826,14.100000381469727
2024-11-29 00:00:00+00:00,105.73999786376953,4.177999973297119,13.510000228881836
2024-12-02 00:00:00+00:00,106.44999694824219,4.196000099182129,13.34000015258789
2024-12-03 00:00:00+00:00,106.37000274658203,4.2230000495910645,13.300000190734863
2024-12-04 00:00:00+00:00,106.33999633789062,4.179999828338623,13.449999809265137
2024-12-05 00:00:00+00:00,105.70999908447266,4.179999828338623,13.539999961853027
2024-12-06 00:00:00+00:00,105.97000122070312,4.151000022888184,12.770000457763672
2024-12-09 00:00:00+00:00,106.1500015258789,4.198999881744385,14.1899995803833
2024-12-10 00:00:00+00:00,106.4000015258789,4.2210001945495605,14.180000305175781
2024-12-11 00:00:00+00:00,106.70999908447266,4.270999908447266,13.579999923706055
2024-12-12 00:00:00+00:00,106.95999908447266,4.323999881744385,13.920000076293945
2024-12-13 00:00:00+00:00,107.0,4.39900016784668,13.8100004196167
2024-12-16 00:00:00+00:00,106.86000061035156,4.396999835968018,14.6899995803833
2024-12-17 00:00:00+00:00,106.95999908447266,4.385000228881836,15.869999885559082
2024-12-18 00:00:00+00:00,108.02999877929688,4.49399995803833,27.6200008392334
2024-12-19 00:00:00+00:00,108.41000366210938,4.570000171661377,24.09000015258789
2024-12-20 00:00:00+00:00,107.62000274658203,4.52400016784668,18.360000610351562
2024-12-23 00:00:00+00:00,108.04000091552734,4.598999977111816,16.780000686645508
2024-12-24 00:00:00+00:00,108.26000213623047,4.591000080108643,14.270000457763672
2024-12-26 00:00:00+00:00,108.12999725341797,4.578999996185303,14.729999542236328
2024-12-27 00:00:00+00:00,108.0,4.61899995803833,15.949999809265137
2024-12-30 00:00:00+00:00,108.12999725341797,4.545000076293945,17.399999618530273
2024-12-31 00:00:00+00:00,108.48999786376953,4.572999954223633,17.350000381469727
2025-01-02 00:00:00+00:00,109.38999938964844,4.574999809265137,17.93000030517578
2025-01-03 00:00:00+00:00,108.94999694824219,4.5960001945495605,16.1299991607666
2025-01-06 00:00:00+00:00,108.26000213623047,4.618000030517578,16.040000915527344
2025-01-07 00:00:00+00:00,108.54000091552734,4.683000087738037,17.81999969482422
2025-01-08 00:00:00+00:00,109.08999633789062,4.692999839782715,17.700000762939453
2025-01-09 00:00:00+00:00,109.18000030517578,,
2025-01-10 00:00:00+00:00,109.6500015258789,4.776000022888184,19.540000915527344
2025-01-13 00:00:00+00:00,109.95999908447266,4.802999973297119,19.190000534057617
2025-01-14 00:00:00+00:00,109.2699966430664,4.788000106811523,18.709999084472656
2025-01-15 00:00:00+00:00,109.08999633789062,4.6529998779296875,16.1200008392334
2025-01-16 00:00:00+00:00,108.95999908447266,4.605999946594238,16.600000381469727
2025-01-17 00:00:00+00:00,109.3499984741211,4.609000205993652,15.970000267028809
2025-01-21 00:00:00+00:00,108.05999755859375,4.573999881744385,15.0600004196167
2025-01-22 00:00:00+00:00,108.16999816894531,4.598999977111816,15.100000381469727
2025-01-23 00:00:00+00:00,108.05000305175781,4.638000011444092,15.020000457763672
2025-01-24 00:00:00+00:00,107.44000244140625,4.625999927520752,14.850000381469727
2025-01-27 00:00:00+00:00,107.33999633789062,4.5279998779296875,17.899999618530273
2025-01-28 00:00:00+00:00,107.87000274658203,4.551000118255615,16.40999984741211
2025-01-29 00:00:00+00:00,108.0,4.554999828338623,16.559999465942383
2025-01-30 00:00:00+00:00,107.80000305175781,4.51200008392334,15.84000015258789
2025-01-31 00:00:00+00:00,108.37000274658203,4.568999767303467,16.43000030517578
2025-02-03 00:00:00+00:00,108.98999786376953,4.543000221252441,18.6200008392334
2025-02-04 00:00:00+00:00,107.95999908447266,4.513000011444092,17.209999084472656
2025-02-05 00:00:00+00:00,107.58000183105469,4.421999931335449,15.770000457763672
2025-02-06 00:00:00+00:00,107.69000244140625,4.440000057220459,15.5
2025-02-07 00:00:00+00:00,108.04000091552734,4.486999988555908,16.540000915527344
2025-02-10 00:00:00+00:00,108.31999969482422,4.493000030517578,15.8100004196167
2025-02-11 00:00:00+00:00,107.95999908447266,4.5370001792907715,16.020000457763672
2025-02-12 00:00:00+00:00,107.94000244140625,4.63700008392334,15.890000343322754
2025-02-13 00:00:00+00:00,107.30999755859375,4.525000095367432,15.100000381469727
2025-02-14 00:00:00+00:00,106.56999969482422,4.4720001220703125,14.770000457763672
2025-02-18 00:00:00+00:00,107.05000305175781,4.544000148773193,15.350000381469727
2025-02-19 00:00:00+00:00,107.16999816894531,4.534999847412109,15.270000457763672
2025-02-20 00:00:00+00:00,106.33999633789062,4.5,15.65999984741211
2025-02-21 00:00:00+00:00,106.61000061035156,4.420000076293945,18.209999084472656
2025-02-24 00:00:00+00:00,106.5999984741211,4.39300012588501,18.979999542236328
2025-02-25 00:00:00+00:00,106.30999755859375,4.297999858856201,19.43000030517578
2025-02-26 00:00:00+00:00,106.41999816894531,4.249000072479248,19.100000381469727
2025-02-27 00:00:00+00:00,107.23999786376953,4.284999847412109,21.1299991607666
2025-02-28 00:00:00+00:00,107.61000061035156,4.230999946594238,19.6299991607666
2025-03-03 00:00:00+00:00,106.75,4.179999828338623,22.780000686645508
2025-03-04 00:00:00+00:00,105.73999786376953,4.210000038146973,23.510000228881836
2025-03-05 00:00:00+00:00,105.73999786376953,4.264999866485596,21.93000030517578
2025-03-06 00:00:00+00:00,104.05999755859375,4.285999774932861,24.8700008392334
2025-03-07 00:00:00+00:00,103.83999633789062,4.316999912261963,23.3700008392334
2025-03-10 00:00:00+00:00,103.91000366210938,4.2129998207092285,27.860000610351562
2025-03-11 00:00:00+00:00,103.44000244140625,4.288000106811523,26.920000076293945
2025-03-12 00:00:00+00:00,103.61000061035156,4.317999839782715,24.229999542236328
2025-03-13 00:00:00+00:00,103.83000183105469,4.27400016784668,24.65999984741211
2025-03-14 00:00:00+00:00,103.72000122070312,4.308000087738037,21.770000457763672
2025-03-17 00:00:00+00:00,103.37000274658203,4.306000232696533,20.510000228881836
2025-03-18 00:00:00+00:00,103.23999786376953,4.281000137329102,21.700000762939453
2025-03-19 00:00:00+00:00,103.43000030517578,4.25600004196167,19.899999618530273
2025-03-20 00:00:00+00:00,103.8499984741211,4.232999801635742,19.799999237060547
2025-03-21 00:00:00+00:00,104.08999633789062,4.251999855041504,19.280000686645508
2025-03-24 00:00:00+00:00,104.26000213623047,4.330999851226807,17.479999542236328
2025-03-25 00:00:00+00:00,104.18000030517578,4.307000160217285,17.149999618530273
2025-03-26 00:00:00+00:00,104.55000305175781,4.3379998207092285,18.329999923706055
2025-03-27 00:00:00+00:00,104.06999969482422,4.36899995803833,18.690000534057617
2025-03-28 00:00:00+00:00,104.04000091552734,4.255000114440918,21.649999618530273
2025-03-31 00:00:00+00:00,104.20999908447266,4.245999813079834,22.280000686645508
2025-04-01 00:00:00+00:00,104.26000213623047,4.156000137329102,21.770000457763672
2025-04-02 00:00:00+00:00,103.80999755859375,4.196000099182129,21.510000228881836
2025-04-03 00:00:00+00:00,102.06999969482422,4.054999828338623,30.020000457763672
2025-04-04 00:00:00+00:00,103.0199966430664,3.984999895095825,45.310001373291016
2025-04-07 00:00:00+00:00,103.26000213623047,4.15500020980835,46.97999954223633
2025-04-08 00:00:00+00:00,102.95999908447266,4.26200008392334,52.33000183105469
2025-04-09 00:00:00+00:00,102.9000015258789,4.400000095367432,33.619998931884766
2025-04-10 00:00:00+00:00,100.87000274658203,4.394000053405762,40.720001220703125
2025-04-11 00:00:00+00:00,99.77999877929688,4.493000030517578,37.560001373291016
2025-04-14 00:00:00+00:00,99.63999938964844,4.363999843597412,30.889999389648438
2025-04-15 00:00:00+00:00,100.22000122070312,4.322999954223633,30.1200008392334
2025-04-16 00:00:00+00:00,99.37999725341797,4.2789998054504395,32.63999938964844
2025-04-17 00:00:00+00:00,99.37999725341797,4.333000183105469,29.649999618530273
2025-04-21 00:00:00+00:00,98.27999877929688,4.40500020980835,33.81999969482422
2025-04-22 00:00:00+00:00,98.91999816894531,4.388999938964844,30.56999969482422
2025-04-23 00:00:00+00:00,99.83999633789062,4.38700008392334,28.450000762939453
2025-04-24 00:00:00+00:00,99.29000091552734,4.304999828338623,26.469999313354492
2025-04-25 00:00:00+00:00,99.47000122070312,4.265999794006348,24.84000015258789
2025-04-28 00:00:00+00:00,99.01000213623047,4.216000080108643,25.149999618530273
2025-04-29 00:00:00+00:00,99.23999786376953,4.172999858856201,24.170000076293945
2025-04-30 00:00:00+00:00,99.47000122070312,4.177000045776367,24.700000762939453
2025-05-01 00:00:00+00:00,100.25,4.230999946594238,24.600000381469727
2025-05-02 00:00:00+00:00,100.0,4.322000026702881,22.68000030517578
2025-05-05 00:00:00+00:00,99.83000183105469,4.3429999351501465,23.639999389648438
2025-05-06 00:00:00+00:00,99.23999786376953,4.308000087738037,24.760000228881836
2025-05-07 00:00:00+00:00,99.61000061035156,4.275000095367432,23.549999237060547
2025-05-08 00:00:00+00:00,100.63999938964844,4.373000144958496,22.479999542236328
2025-05-09 00:00:00+00:00,100.33999633789062,4.375,21.899999618530273
2025-05-12 00:00:00+00:00,101.79000091552734,4.456999778747559,18.389999389648438
2025-05-13 00:00:00+00:00,101.0,4.499000072479248,18.219999313354492
2025-05-14 00:00:00+00:00,101.04000091552734,4.5279998779296875,18.6200008392334
2025-05-15 00:00:00+00:00,100.87999725341797,4.454999923706055,17.829999923706055
2025-05-16 00:00:00+00:00,101.08999633789062,4.440999984741211,17.239999771118164
2025-05-19 00:00:00+00:00,100.43000030517578,4.474999904632568,18.139999389648438
2025-05-20 00:00:00+00:00,100.12000274658203,4.480999946594238,18.09000015258789
2025-05-21 00:00:00+00:00,99.55999755859375,4.5960001945495605,20.8700008392334
2025-05-22 00:00:00+00:00,99.95999908447266,4.552999973297119,20.280000686645508
2025-05-23 00:00:00+00:00,99.11000061035156,4.508999824523926,22.290000915527344
2025-05-26 00:00:00+00:00,98.93000030517578,,
2025-05-27 00:00:00+00:00,99.5199966430664,4.434000015258789,18.959999084472656
2025-05-28 00:00:00+00:00,99.87999725341797,4.4770002365112305,19.309999465942383
2025-05-29 00:00:00+00:00,99.27999877929688,4.423999786376953,19.18000030517578
2025-05-30 00:00:00+00:00,99.33000183105469,4.415999889373779,18.56999969482422
2025-06-02 00:00:00+00:00,98.69999694824219,4.461999893188477,18.360000610351562
2025-06-03 00:00:00+00:00,99.25,4.460000038146973,17.690000534057617
2025-06-04 00:00:00+00:00,98.79000091552734,4.364999771118164,17.610000610351562
2025-06-05 00:00:00+00:00,98.73999786376953,4.394000053405762,18.479999542236328
2025-06-06 00:00:00+00:00,99.19000244140625,4.510000228881836,16.770000457763672
2025-06-09 00:00:00+00:00,98.94000244140625,4.48199987411499,17.15999984741211
2025-06-10 00:00:00+00:00,99.05000305175781,4.473999977111816,16.950000762939453
2025-06-11 00:00:00+00:00,98.62999725341797,4.4120001792907715,17.260000228881836
2025-06-12 00:00:00+00:00,97.91999816894531,4.35699987411499,18.020000457763672
2025-06-13 00:00:00+00:00,98.18000030517578,4.423999786376953,20.81999969482422
2025-06-16 00:00:00+00:00,98.0,4.452000141143799,19.110000610351562
2025-06-17 00:00:00+00:00,98.81999969482422,4.39300012588501,21.600000381469727
2025-06-18 00:00:00+00:00,98.91000366210938,4.396999835968018,20.139999389648438
2025-06-20 00:00:00+00:00,98.70999908447266,4.375,20.6200008392334
2025-06-23 00:00:00+00:00,98.41999816894531,4.320000171661377,19.829999923706055
2025-06-24 00:00:00+00:00,97.86000061035156,4.293000221252441,17.479999542236328
2025-06-25 00:00:00+00:00,97.68000030517578,4.293000221252441,16.760000228881836
2025-06-26 00:00:00+00:00,97.1500015258789,4.252999782562256,16.59000015258789
2025-06-27 00:00:00+00:00,97.4000015258789,4.2829999923706055,16.31999969482422
2025-06-30 00:00:00+00:00,96.87999725341797,4.230000019073486,16.729999542236328
2025-07-01 00:00:00+00:00,96.81999969482422,4.250999927520752,16.829999923706055
2025-07-02 00:00:00+00:00,96.77999877929688,4.293000221252441,16.639999389648438
2025-07-03 00:00:00+00:00,97.18000030517578,4.3480000495910645,16.3799991607666
2025-07-07 00:00:00+00:00,97.4800033569336,4.394999980926514,17.790000915527344
2025-07-08 00:00:00+00:00,97.51000213623047,4.414999961853027,16.809999465942383
2025-07-09 00:00:00+00:00,97.47000122070312,4.3420000076293945,15.9399995803833
2025-07-10 00:00:00+00:00,97.6500015258789,4.3460001945495605,15.779999732971191
2025-07-11 00:00:00+00:00,97.8499984741211,4.422999858856201,16.399999618530273
2025-07-14 00:00:00+00:00,98.08000183105469,4.427000045776367,17.200000762939453
2025-07-15 00:00:00+00:00,98.62000274658203,4.488999843597412,17.3799991607666
2025-07-16 00:00:00+00:00,98.38999938964844,4.454999923706055,17.15999984741211
2025-07-17 00:00:00+00:00,98.7300033569336,4.4629998207092285,16.520000457763672
2025-07-18 00:00:00+00:00,98.4800033569336,4.432000160217285,16.40999984741211
2025-07-21 00:00:00+00:00,97.8499984741211,4.372000217437744,16.649999618530273
2025-07-22 00:00:00+00:00,97.38999938964844,4.335999965667725,16.5
2025-07-23 00:00:00+00:00,97.20999908447266,4.388000011444092,15.369999885559082
2025-07-24 00:00:00+00:00,97.37999725341797,4.4079999923706055,15.390000343322754
2025-07-25 00:00:00+00:00,97.6500015258789,4.386000156402588,14.930000305175781
2025-07-28 00:00:00+00:00,98.66000366210938,4.420000076293945,15.029999732971191
2025-07-29 00:00:00+00:00,98.91000366210938,4.329999923706055,15.979999542236328
2025-07-30 00:00:00+00:00,99.94000244140625,4.375999927520752,15.479999542236328
2025-07-31 00:00:00+00:00,100.02999877929688,4.360000133514404,16.719999313354492
2025-08-01 00:00:00+00:00,98.69000244140625,4.21999979019165,20.3799991607666
2025-08-04 00:00:00+00:00,98.77999877929688,4.199999809265137,17.520000457763672
2025-08-05 00:00:00+00:00,98.77999877929688,4.196000099182129,17.850000381469727
2025-08-06 00:00:00+00:00,98.18000030517578,4.21999979019165,16.770000457763672
2025-08-07 00:00:00+00:00,98.4000015258789,4.24399995803833,16.56999969482422
2025-08-08 00:00:00+00:00,98.18000030517578,4.284999847412109,15.149999618530273
2025-08-11 00:00:00+00:00,98.5199966430664,4.2729997634887695,16.25
2025-08-12 00:00:00+00:00,98.0999984741211,4.293000221252441,14.729999542236328
2025-08-13 00:00:00+00:00,97.83999633789062,4.23799991607666,14.489999771118164
2025-08-14 00:00:00+00:00,98.25,4.293000221252441,14.829999923706055
2025-08-15 00:00:00+00:00,97.8499984741211,4.328000068664551,15.09000015258789
2025-08-18 00:00:00+00:00,98.16999816894531,4.341000080108643,14.989999771118164
2025-08-19 00:00:00+00:00,98.2699966430664,4.302000045776367,15.569999694824219
2025-08-20 00:00:00+00:00,98.22000122070312,4.296000003814697,15.6899995803833
2025-08-21 00:00:00+00:00,98.62000274658203,4.329999923706055,16.600000381469727
2025-08-22 00:00:00+00:00,97.72000122070312,4.260000228881836,14.220000267028809
2025-08-25 00:00:00+00:00,98.43000030517578,4.275000095367432,14.789999961853027
2025-08-26 00:00:00+00:00,98.2300033569336,4.257999897003174,14.619999885559082
2025-08-27 00:00:00+00:00,98.2300033569336,4.23799991607666,14.850000381469727
2025-08-28 00:00:00+00:00,97.80999755859375,4.206999778747559,14.430000305175781
2025-08-29 00:00:00+00:00,97.7699966430664,4.2270002365112305,15.359999656677246
2025-09-02 00:00:00+00:00,98.4000015258789,4.2769999504089355,17.170000076293945
2025-09-03 00:00:00+00:00,98.13999938964844,4.210999965667725,16.350000381469727
2025-09-04 00:00:00+00:00,98.3499984741211,4.176000118255615,15.300000190734863
2025-09-05 00:00:00+00:00,97.7699966430664,4.085999965667725,15.180000305175781
2025-09-08 00:00:00+00:00,97.44999694824219,4.046000003814697,15.109999656677246
2025-09-09 00:00:00+00:00,97.79000091552734,4.073999881744385,15.039999961853027
2025-09-10 00:00:00+00:00,97.77999877929688,4.0320000648498535,15.350000381469727
2025-09-11 00:00:00+00:00,97.54000091552734,4.011000156402588,14.710000038146973
2025-09-12 00:00:00+00:00,97.55000305175781,4.060999870300293,14.760000228881836
2025-09-15 00:00:00+00:00,97.30000305175781,4.033999919891357,15.6899995803833
2025-09-16 00:00:00+00:00,96.62999725341797,4.026000022888184,16.360000610351562
2025-09-17 00:00:00+00:00,96.87000274658203,4.076000213623047,15.720000267028809
2025-09-18 00:00:00+00:00,97.3499984741211,4.104000091552734,15.699999809265137
2025-09-19 00:00:00+00:00,97.63999938964844,4.138999938964844,15.449999809265137
2025-09-22 00:00:00+00:00,97.33000183105469,4.14300012588501,16.100000381469727
2025-09-23 00:00:00+00:00,97.26000213623047,4.119999885559082,16.639999389648438
2025-09-24 00:00:00+00:00,97.87000274658203,4.146999835968018,16.18000030517578
2025-09-25 00:00:00+00:00,98.55000305175781,4.171999931335449,16.739999771118164
2025-09-26 00:00:00+00:00,98.1500015258789,4.186999797821045,15.289999961853027
2025-09-29 00:00:00+00:00,97.91000366210938,4.140999794006348,16.1200008392334
2025-09-30 00:00:00+00:00,97.7699966430664,4.1479997634887695,16.280000686645508
2025-10-01 00:00:00+00:00,97.70999908447266,4.105999946594238,16.290000915527344
2025-10-02 00:00:00+00:00,97.8499984741211,4.0879998207092285,16.6299991607666
2025-10-03 00:00:00+00:00,97.72000122070312,4.11899995803833,16.649999618530273
2025-10-06 00:00:00+00:00,98.11000061035156,4.1620001792907715,16.3700008392334
2025-10-07 00:00:00+00:00,98.58000183105469,4.126999855041504,17.239999771118164
2025-10-08 00:00:00+00:00,98.8499984741211,4.129000186920166,16.299999237060547
2025-10-09 00:00:00+00:00,99.54000091552734,4.1479997634887695,16.43000030517578
2025-10-10 00:00:00+00:00,98.9800033569336,4.051000118255615,21.65999984741211
2025-10-13 00:00:00+00:00,99.2699966430664,4.051000118255615,19.030000686645508
2025-10-14 00:00:00+00:00,99.05000305175781,4.021999835968018,20.809999465942383
2025-10-15 00:00:00+00:00,98.79000091552734,4.046000003814697,20.639999389648438
2025-10-16 00:00:00+00:00,98.38999938964844,3.9760000705718994,25.309999465942383
2025-10-17 00:00:00+00:00,98.43000030517578,4.006999969482422,20.780000686645508
2025-10-20 00:00:00+00:00,98.58999633789062,3.9860000610351562,18.229999542236328
2025-10-21 00:00:00+00:00,98.93000030517578,3.9630000591278076,17.8700008392334
2025-10-22 00:00:00+00:00,98.9000015258789,3.953000068664551,18.600000381469727
2025-10-23 00:00:00+00:00,98.94000244140625,3.990999937057495,17.299999237060547
2025-10-24 00:00:00+00:00,98.94999694824219,3.996999979019165,16.3700008392334
2025-10-27 00:00:00+00:00,98.77999877929688,3.996999979019165,15.789999961853027
2025-10-28 00:00:00+00:00,98.69000244140625,3.9830000400543213,16.420000076293945
2025-10-29 00:00:00+00:00,99.22000122070312,4.058000087738037,16.920000076293945
2025-10-30 00:00:00+00:00,99.52999877929688,4.0929999351501465,16.90999984741211
2025-10-31 00:00:00+00:00,99.80000305175781,4.10099983215332,17.440000534057617
2025-11-03 00:00:00+00:00,99.87000274658203,4.105999946594238,17.170000076293945
2025-11-04 00:00:00+00:00,100.22000122070312,4.089000225067139,19.0
2025-11-05 00:00:00+00:00,100.19999694824219,4.1570000648498535,18.010000228881836
2025-11-06 00:00:00+00:00,99.7300033569336,4.0929999351501465,19.5
2025-11-07 00:00:00+00:00,99.5999984741211,4.0929999351501465,19.079999923706055
2025-11-10 00:00:00+00:00,99.62000274658203,4.110000133514404,17.600000381469727
2025-11-11 00:00:00+00:00,99.45999908447266,4.119999885559082,17.280000686645508
2025-11-12 00:00:00+00:00,99.4800033569336,4.065000057220459,17.510000228881836
2025-11-13 00:00:00+00:00,99.18000030517578,4.111999988555908,20.0
2025-11-14 00:00:00+00:00,99.2699966430664,4.1479997634887695,19.829999923706055
2025-11-17 00:00:00+00:00,99.58999633789062,4.132999897003174,22.3799991607666
2025-11-18 00:00:00+00:00,99.55000305175781,4.123000144958496,24.690000534057617
2025-11-19 00:00:00+00:00,100.2300033569336,4.132999897003174,23.65999984741211
2025-11-20 00:00:00+00:00,100.16000366210938,4.105999946594238,26.420000076293945
2025-11-21 00:00:00+00:00,100.18000030517578,4.063000202178955,23.43000030517578
2025-11-24 00:00:00+00:00,100.13999938964844,4.038000106811523,20.520000457763672
2025-11-25 00:00:00+00:00,99.66000366210938,4.001999855041504,18.559999465942383
2025-11-26 00:00:00+00:00,99.5999984741211,3.997999906539917,17.190000534057617
2025-11-28 00:00:00+00:00,99.45999908447266,4.017000198364258,16.350000381469727
2025-12-01 00:00:00+00:00,99.41000366210938,4.0960001945495605,17.239999771118164
2025-12-02 00:00:00+00:00,99.36000061035156,4.085999965667725,16.59000015258789
2025-12-03 00:00:00+00:00,98.8499984741211,4.057000160217285,16.079999923706055
2025-12-04 00:00:00+00:00,98.98999786376953,4.107999801635742,15.779999732971191
2025-12-05 00:00:00+00:00,98.98999786376953,4.138999938964844,15.40999984741211
2025-12-08 00:00:00+00:00,99.08999633789062,4.171999931335449,16.65999984741211
2025-12-09 00:00:00+00:00,99.22000122070312,4.185999870300293,16.93000030517578
2025-12-10 00:00:00+00:00,98.79000091552734,4.164000034332275,15.770000457763672
2025-12-11 00:00:00+00:00,98.3499984741211,4.140999794006348,14.850000381469727
2025-12-12 00:00:00+00:00,98.4000015258789,4.193999767303467,15.739999771118164
2025-12-15 00:00:00+00:00,98.1500015258789,4.182000160217285,16.5
2025-12-16 00:00:00+00:00,98.1500015258789,4.14900016784668,16.479999542236328
2025-12-17 00:00:00+00:00,98.37000274658203,4.151000022888184,17.6200008392334
2025-12-18 00:00:00+00:00,98.43000030517578,4.116000175476074,16.8700008392334
2025-12-19 00:00:00+00:00,98.5999984741211,4.151000022888184,14.90999984741211
2025-12-22 00:00:00+00:00,98.29000091552734,4.169000148773193,14.079999923706055
2025-12-23 00:00:00+00:00,97.94000244140625,4.169000148773193,14.0
2025-12-24 00:00:00+00:00,97.9800033569336,4.136000156402588,13.470000267028809
2025-12-26 00:00:00+00:00,98.0199966430664,4.136000156402588,13.600000381469727
2025-12-29 00:00:00+00:00,98.04000091552734,4.116000175476074,14.199999809265137
2025-12-30 00:00:00+00:00,98.23999786376953,4.130000114440918,14.329999923706055
2025-12-31 00:00:00+00:00,98.27999877929688,4.163000106811523,14.949999809265137
