time,open,high,low,close,volume
2015-01-01 22:00:00+00:00,1183.949,1194.998,1167.43,1188.354,1378.0
2015-01-04 22:00:00+00:00,1188.111,1207.387,1177.929,1204.361,1380.0
2015-01-05 22:00:00+00:00,1204.111,1223.022,1201.603,1218.162,1381.0
2015-01-06 22:00:00+00:00,1217.862,1218.568,1208.951,1210.962,1381.0
2015-01-07 22:00:00+00:00,1210.514,1216.429,1204.771,1208.621,1381.0
2015-01-08 22:00:00+00:00,1208.621,1223.978,1206.939,1223.032,1381.0
2015-01-11 22:00:00+00:00,1223.029,1235.822,1217.472,1233.002,1380.0
2015-01-12 22:00:00+00:00,1232.979,1244.087,1227.238,1230.504,1380.0
2015-01-13 22:00:00+00:00,1230.463,1244.308,1224.976,1228.418,1381.0
2015-01-14 22:00:00+00:00,1228.449,1266.712,1225.965,1261.985,1381.0
2015-01-15 22:00:00+00:00,1261.995,1282.031,1254.93,1280.222,1380.0
2015-01-18 22:00:00+00:00,1280.082,1281.358,1271.998,1276.518,1141.0
2015-01-19 22:00:00+00:00,1275.849,1297.121,1274.001,1294.942,1380.0
2015-01-20 22:00:00+00:00,1294.477,1305.244,1284.549,1292.963,1381.0
2015-01-21 22:00:00+00:00,1292.99,1307.474,1279.534,1301.841,1380.0
2015-01-22 22:00:00+00:00,1301.658,1302.078,1284.308,1294.001,1381.0
2015-01-25 22:00:00+00:00,1293.109,1299.109,1275.828,1281.092,1380.0
2015-01-26 22:00:00+00:00,1281.094,1297.527,1272.221,1291.972,1381.0
2015-01-27 22:00:00+00:00,1291.71,1293.629,1279.7,1284.252,1380.0
2015-01-28 22:00:00+00:00,1283.49,1285.871,1252.05,1257.041,1381.0
2015-01-29 22:00:00+00:00,1256.627,1284.699,1256.627,1283.351,1381.0
2015-02-01 22:00:00+00:00,1281.849,1283.341,1266.292,1274.071,1380.0
2015-02-02 22:00:00+00:00,1273.981,1285.67,1255.461,1259.952,1381.0
2015-02-03 22:00:00+00:00,1259.497,1272.349,1256.634,1268.841,1381.0
2015-02-04 22:00:00+00:00,1270.08,1273.879,1256.141,1264.472,1380.0
2015-02-05 22:00:00+00:00,1264.829,1268.696,1228.298,1233.602,1380.0
2015-02-08 22:00:00+00:00,1236.38,1243.658,1234.229,1238.722,1380.0
2015-02-09 22:00:00+00:00,1237.85,1245.808,1230.946,1233.431,1380.0
2015-02-10 22:00:00+00:00,1233.68,1238.649,1216.499,1218.711,1380.0
2015-02-11 22:00:00+00:00,1218.769,1232.867,1217.949,1221.691,1380.0
2015-02-12 22:00:00+00:00,1221.571,1234.899,1221.571,1229.461,1381.0
2015-02-15 22:00:00+00:00,1227.921,1236.538,1227.242,1231.728,1110.0
2015-02-16 22:00:00+00:00,1229.811,1233.932,1203.713,1209.351,1376.0
2015-02-17 22:00:00+00:00,1208.845,1213.38,1197.531,1212.092,1381.0
2015-02-18 22:00:00+00:00,1212.092,1222.912,1205.334,1206.475,1381.0
2015-02-19 22:00:00+00:00,1206.454,1215.388,1198.141,1201.582,1381.0
2015-02-22 22:00:00+00:00,1203.37,1210.279,1190.749,1201.471,1380.0
2015-02-23 22:00:00+00:00,1201.431,1204.472,1190.388,1200.091,1381.0
2015-02-24 22:00:00+00:00,1199.469,1211.782,1199.46,1204.651,1381.0
2015-02-25 22:00:00+00:00,1204.605,1219.941,1203.531,1209.051,1380.0
2015-02-26 22:00:00+00:00,1208.57,1219.329,1204.439,1212.971,1381.0
2015-03-01 22:00:00+00:00,1213.669,1223.189,1204.595,1206.502,1380.0
2015-03-02 22:00:00+00:00,1205.842,1214.768,1195.378,1203.342,1380.0
2015-03-03 22:00:00+00:00,1203.848,1208.931,1198.214,1200.002,1380.0
2015-03-04 22:00:00+00:00,1200.322,1209.38,1196.458,1198.072,1379.0
2015-03-05 22:00:00+00:00,1197.769,1200.639,1163.723,1166.991,1380.0
2015-03-08 22:00:00+00:00,1169.209,1175.289,1165.798,1166.641,1334.0
2015-03-09 22:00:00+00:00,1167.301,1170.529,1155.192,1161.548,1320.0
2015-03-10 22:00:00+00:00,1161.644,1165.191,1147.462,1154.661,1381.0
2015-03-11 22:00:00+00:00,1155.06,1166.479,1148.538,1153.518,1380.0
2015-03-12 22:00:00+00:00,1153.249,1161.718,1151.348,1158.093,1380.0
2015-03-15 22:00:00+00:00,1158.72,1164.047,1150.336,1154.489,1379.0
2015-03-16 22:00:00+00:00,1154.279,1159.829,1142.759,1149.086,1381.0
2015-03-17 22:00:00+00:00,1148.31,1175.605,1145.908,1167.238,1379.0
2015-03-18 22:00:00+00:00,1166.791,1177.741,1159.514,1170.918,1380.0
2015-03-19 22:00:00+00:00,1170.611,1187.947,1168.728,1181.884,1379.0
2015-03-22 22:00:00+00:00,1183.469,1191.579,1179.308,1189.278,1380.0
2015-03-23 22:00:00+00:00,1188.909,1194.989,1185.399,1192.694,1381.0
2015-03-24 22:00:00+00:00,1192.606,1199.689,1186.618,1194.856,1381.0
2015-03-25 22:00:00+00:00,1195.37,1219.681,1194.468,1204.388,1380.0
2015-03-26 22:00:00+00:00,1203.571,1206.147,1192.599,1198.293,1380.0
2015-03-29 22:00:00+00:00,1198.571,1199.361,1182.318,1185.835,1380.0
2015-03-30 22:00:00+00:00,1185.637,1190.719,1178.391,1182.842,1381.0
2015-03-31 22:00:00+00:00,1183.102,1208.598,1180.821,1203.607,1381.0
2015-04-01 22:00:00+00:00,1203.789,1207.302,1194.909,1201.899,1381.0
2015-04-05 22:00:00+00:00,1213.16,1224.188,1212.9,1213.807,1381.0
2015-04-06 22:00:00+00:00,1214.259,1215.744,1207.425,1208.729,1380.0
2015-04-07 22:00:00+00:00,1208.66,1212.311,1197.379,1202.118,1380.0
2015-04-08 22:00:00+00:00,1202.63,1203.28,1192.618,1194.263,1381.0
2015-04-09 22:00:00+00:00,1193.91,1210.739,1193.252,1206.774,1380.0
2015-04-12 22:00:00+00:00,1206.831,1209.498,1196.388,1198.314,1381.0
2015-04-13 22:00:00+00:00,1198.65,1201.429,1183.97,1191.837,1381.0
2015-04-14 22:00:00+00:00,1192.169,1204.538,1188.901,1202.209,1380.0
2015-04-15 22:00:00+00:00,1202.179,1209.168,1194.752,1197.923,1381.0
2015-04-16 22:00:00+00:00,1198.636,1207.779,1197.428,1203.046,1380.0
2015-04-19 22:00:00+00:00,1204.572,1209.077,1191.383,1195.015,1381.0
2015-04-20 22:00:00+00:00,1195.988,1204.282,1193.139,1202.063,1381.0
2015-04-21 22:00:00+00:00,1202.526,1204.759,1185.679,1186.887,1381.0
2015-04-22 22:00:00+00:00,1187.29,1197.98,1184.304,1193.205,1380.0
2015-04-23 22:00:00+00:00,1193.32,1195.902,1175.204,1179.054,1380.0
2015-04-26 22:00:00+00:00,1179.82,1207.218,1178.613,1201.777,1381.0
2015-04-27 22:00:00+00:00,1201.833,1215.031,1199.211,1211.499,1381.0
2015-04-28 22:00:00+00:00,1211.619,1214.044,1201.347,1204.282,1381.0
2015-04-29 22:00:00+00:00,1204.733,1207.179,1177.051,1183.593,1381.0
2015-04-30 22:00:00+00:00,1184.239,1185.189,1169.583,1178.028,1380.0
2015-05-03 22:00:00+00:00,1177.962,1192.812,1177.709,1187.712,1381.0
2015-05-04 22:00:00+00:00,1187.97,1199.809,1185.709,1193.035,1381.0
2015-05-05 22:00:00+00:00,1192.855,1197.605,1188.222,1191.622,1318.0
2015-05-06 22:00:00+00:00,1191.766,1192.8,1178.837,1184.112,1381.0
2015-05-07 22:00:00+00:00,1184.235,1193.445,1181.811,1187.88,1380.0
2015-05-10 22:00:00+00:00,1189.489,1191.77,1178.891,1183.435,1381.0
2015-05-11 22:00:00+00:00,1183.339,1197.025,1180.829,1193.343,1381.0
2015-05-12 22:00:00+00:00,1192.88,1218.858,1191.249,1215.053,1381.0
2015-05-13 22:00:00+00:00,1215.415,1227.27,1212.311,1220.601,1381.0
2015-05-14 22:00:00+00:00,1221.04,1226.139,1210.96,1223.693,1380.0
2015-05-17 22:00:00+00:00,1223.859,1232.329,1221.587,1224.838,1372.0
2015-05-18 22:00:00+00:00,1225.299,1225.592,1205.753,1207.252,1381.0
2015-05-19 22:00:00+00:00,1207.701,1213.369,1203.284,1209.378,1381.0
2015-05-20 22:00:00+00:00,1209.519,1212.759,1201.589,1205.628,1379.0
2015-05-21 22:00:00+00:00,1206.239,1214.839,1201.529,1205.888,1380.0
2015-05-24 22:00:00+00:00,1205.568,1208.58,1202.801,1206.998,1141.0
2015-05-25 22:00:00+00:00,1206.799,1207.51,1185.532,1186.918,1380.0
2015-05-26 22:00:00+00:00,1186.998,1190.858,1183.668,1187.349,1378.0
2015-05-27 22:00:00+00:00,1187.598,1192.148,1180.421,1188.078,1379.0
2015-05-28 22:00:00+00:00,1187.679,1193.873,1185.748,1190.298,1380.0
2015-05-31 22:00:00+00:00,1189.269,1204.248,1184.559,1188.718,1381.0
2015-06-01 22:00:00+00:00,1188.989,1196.249,1185.951,1192.418,1381.0
2015-06-02 22:00:00+00:00,1193.269,1195.543,1179.391,1184.578,1381.0
2015-06-03 22:00:00+00:00,1185.369,1186.17,1172.908,1176.249,1381.0
2015-06-04 22:00:00+00:00,1176.81,1178.579,1162.741,1171.689,1380.0
2015-06-07 22:00:00+00:00,1170.532,1177.58,1169.069,1173.818,1381.0
2015-06-08 22:00:00+00:00,1173.778,1182.899,1172.498,1176.048,1381.0
2015-06-09 22:00:00+00:00,1176.268,1192.259,1175.198,1185.519,1381.0
2015-06-10 22:00:00+00:00,1185.879,1187.928,1175.629,1181.538,1381.0
2015-06-11 22:00:00+00:00,1181.33,1184.252,1176.679,1181.418,1380.0
2015-06-14 22:00:00+00:00,1180.438,1190.492,1172.729,1185.948,1380.0
2015-06-15 22:00:00+00:00,1185.609,1187.871,1176.029,1181.369,1381.0
2015-06-16 22:00:00+00:00,1181.468,1189.139,1174.569,1184.459,1380.0
2015-06-17 22:00:00+00:00,1184.59,1205.69,1183.558,1201.249,1381.0
2015-06-18 22:00:00+00:00,1201.948,1204.139,1198.319,1199.798,1380.0
2015-06-21 22:00:00+00:00,1199.628,1200.96,1182.121,1185.268,1380.0
2015-06-22 22:00:00+00:00,1185.378,1188.069,1176.408,1178.058,1381.0
2015-06-23 22:00:00+00:00,1177.899,1180.229,1170.849,1175.169,1380.0
2015-06-24 22:00:00+00:00,1174.708,1178.099,1171.54,1172.879,1381.0
2015-06-25 22:00:00+00:00,1172.919,1178.619,1168.529,1175.239,1380.0
2015-06-28 22:00:00+00:00,1184.231,1188.069,1173.808,1179.489,1380.0
2015-06-29 22:00:00+00:00,1179.988,1180.45,1166.898,1171.889,1381.0
2015-06-30 22:00:00+00:00,1172.782,1175.049,1167.551,1168.519,1215.0
2015-07-01 22:00:00+00:00,1168.149,1169.359,1156.98,1165.879,1380.0
2015-07-02 22:00:00+00:00,1165.748,1170.229,1164.559,1168.649,1141.0
2015-07-05 22:00:00+00:00,1173.599,1174.88,1162.848,1169.879,1379.0
2015-07-06 22:00:00+00:00,1169.269,1170.381,1147.979,1154.779,1380.0
2015-07-07 22:00:00+00:00,1154.729,1164.628,1147.158,1157.988,1380.0
2015-07-08 22:00:00+00:00,1157.809,1167.66,1155.949,1158.938,1380.0
2015-07-09 22:00:00+00:00,1159.509,1165.379,1157.309,1162.921,1380.0
2015-07-12 22:00:00+00:00,1162.999,1164.759,1151.119,1157.628,1380.0
2015-07-13 22:00:00+00:00,1157.478,1159.738,1152.889,1155.558,1380.0
2015-07-14 22:00:00+00:00,1154.999,1156.789,1143.209,1149.049,1381.0
2015-07-15 22:00:00+00:00,1147.258,1149.369,1142.229,1144.959,1380.0
2015-07-16 22:00:00+00:00,1145.419,1145.739,1131.158,1134.2,1380.0
2015-07-19 22:00:00+00:00,1133.469,1133.469,1070.698,1096.138,1380.0
2015-07-20 22:00:00+00:00,1098.36,1109.879,1096.869,1100.779,1380.0
2015-07-21 22:00:00+00:00,1101.168,1103.279,1087.078,1093.729,1381.0
2015-07-22 22:00:00+00:00,1094.548,1105.873,1087.189,1090.238,1380.0
2015-07-23 22:00:00+00:00,1090.408,1101.561,1077.219,1098.572,1380.0
2015-07-26 22:00:00+00:00,1099.029,1105.001,1088.339,1093.508,1380.0
2015-07-27 22:00:00+00:00,1094.658,1098.949,1091.559,1095.179,1380.0
2015-07-28 22:00:00+00:00,1095.068,1101.85,1090.398,1096.04,1380.0
2015-07-29 22:00:00+00:00,1096.898,1098.59,1082.498,1088.159,1380.0
2015-07-30 22:00:00+00:00,1088.128,1103.378,1079.949,1095.272,1379.0
2015-08-02 22:00:00+00:00,1095.909,1097.689,1085.811,1086.338,1380.0
2015-08-03 22:00:00+00:00,1083.188,1094.702,1080.968,1087.189,1380.0
2015-08-04 22:00:00+00:00,1087.889,1092.571,1082.959,1084.6,1381.0
2015-08-05 22:00:00+00:00,1084.878,1093.969,1083.472,1089.199,1380.0
2015-08-06 22:00:00+00:00,1089.309,1099.459,1082.779,1092.919,1380.0
2015-08-09 22:00:00+00:00,1094.342,1108.879,1089.598,1104.138,1380.0
2015-08-10 22:00:00+00:00,1104.149,1119.348,1093.778,1108.539,1380.0
2015-08-11 22:00:00+00:00,1108.668,1125.66,1101.741,1124.058,1380.0
2015-08-12 22:00:00+00:00,1125.448,1126.808,1113.589,1114.719,1380.0
2015-08-13 22:00:00+00:00,1115.148,1121.021,1111.858,1113.828,1380.0
2015-08-16 22:00:00+00:00,1113.961,1122.788,1113.56,1117.229,1380.0
2015-08-17 22:00:00+00:00,1117.788,1121.08,1109.638,1117.178,1380.0
2015-08-18 22:00:00+00:00,1117.679,1134.582,1116.258,1133.508,1381.0
2015-08-19 22:00:00+00:00,1133.589,1153.97,1132.589,1150.829,1381.0
2015-08-20 22:00:00+00:00,1153.509,1168.219,1148.912,1160.071,1380.0
2015-08-23 22:00:00+00:00,1160.739,1170.029,1145.758,1154.349,1380.0
2015-08-24 22:00:00+00:00,1155.558,1156.578,1134.569,1140.068,1380.0
2015-08-25 22:00:00+00:00,1139.96,1146.409,1117.722,1124.759,1380.0
2015-08-26 22:00:00+00:00,1125.408,1129.301,1118.278,1124.518,1380.0
2015-08-27 22:00:00+00:00,1124.949,1140.792,1123.758,1133.021,1380.0
2015-08-30 22:00:00+00:00,1132.849,1136.629,1125.668,1134.469,1380.0
2015-08-31 22:00:00+00:00,1134.23,1147.861,1134.218,1139.939,1380.0
2015-09-01 22:00:00+00:00,1139.448,1142.398,1132.048,1133.709,1379.0
2015-09-02 22:00:00+00:00,1133.559,1134.26,1121.809,1124.799,1380.0
2015-09-03 22:00:00+00:00,1125.029,1132.21,1116.78,1120.921,1379.0
2015-09-06 22:00:00+00:00,1122.92,1124.779,1115.788,1118.818,1140.0
2015-09-07 22:00:00+00:00,1118.311,1126.681,1118.311,1121.098,1380.0
2015-09-08 22:00:00+00:00,1121.708,1125.342,1101.239,1107.179,1380.0
2015-09-09 22:00:00+00:00,1106.388,1114.988,1103.742,1110.628,1380.0
2015-09-10 22:00:00+00:00,1110.999,1112.869,1098.728,1107.201,1379.0
2015-09-13 22:00:00+00:00,1107.69,1110.421,1103.529,1108.699,1380.0
2015-09-14 22:00:00+00:00,1107.839,1109.322,1102.459,1104.909,1379.0
2015-09-15 22:00:00+00:00,1105.088,1124.152,1103.958,1119.118,1380.0
2015-09-16 22:00:00+00:00,1119.199,1135.68,1115.388,1131.039,1381.0
2015-09-17 22:00:00+00:00,1130.219,1141.639,1127.529,1138.421,1379.0
2015-09-20 22:00:00+00:00,1138.911,1139.89,1129.518,1133.011,1380.0
2015-09-21 22:00:00+00:00,1132.899,1136.602,1121.328,1124.29,1379.0
2015-09-22 22:00:00+00:00,1124.319,1134.171,1121.819,1130.012,1380.0
2015-09-23 22:00:00+00:00,1130.498,1156.711,1130.039,1153.529,1380.0
2015-09-24 22:00:00+00:00,1151.01,1151.619,1140.731,1145.78,1380.0
2015-09-27 22:00:00+00:00,1145.041,1148.199,1127.92,1131.73,1380.0
2015-09-28 22:00:00+00:00,1131.809,1134.638,1124.298,1126.859,1380.0
2015-09-29 22:00:00+00:00,1127.129,1128.119,1111.698,1114.519,1380.0
2015-09-30 22:00:00+00:00,1115.069,1119.111,1111.038,1113.24,1380.0
2015-10-01 22:00:00+00:00,1112.889,1141.223,1104.608,1138.059,1380.0
2015-10-04 22:00:00+00:00,1137.521,1141.882,1130.089,1135.349,1380.0
2015-10-05 22:00:00+00:00,1135.219,1151.13,1134.951,1146.859,1380.0
2015-10-06 22:00:00+00:00,1146.648,1153.629,1141.738,1145.079,1380.0
2015-10-07 22:00:00+00:00,1145.358,1151.259,1136.569,1138.802,1380.0
2015-10-08 22:00:00+00:00,1138.579,1159.631,1138.552,1154.708,1380.0
2015-10-11 22:00:00+00:00,1155.149,1169.001,1154.789,1163.35,1380.0
2015-10-12 22:00:00+00:00,1163.089,1168.639,1151.792,1166.17,1380.0
2015-10-13 22:00:00+00:00,1168.448,1189.739,1163.378,1183.69,1380.0
2015-10-14 22:00:00+00:00,1183.989,1191.45,1174.398,1182.899,1379.0
2015-10-15 22:00:00+00:00,1182.339,1184.442,1174.239,1176.64,1380.0
2015-10-18 22:00:00+00:00,1176.449,1178.149,1168.549,1170.589,1380.0
2015-10-19 22:00:00+00:00,1170.578,1180.889,1167.328,1175.77,1380.0
2015-10-20 22:00:00+00:00,1175.449,1179.218,1163.719,1166.919,1380.0
2015-10-21 22:00:00+00:00,1166.758,1171.73,1162.579,1165.42,1380.0
2015-10-22 22:00:00+00:00,1165.798,1179.351,1158.929,1164.18,1380.0
2015-10-25 22:00:00+00:00,1163.641,1169.64,1162.069,1163.059,1380.0
2015-10-26 22:00:00+00:00,1162.819,1168.729,1160.678,1166.48,1379.0
2015-10-27 22:00:00+00:00,1166.368,1182.909,1152.278,1155.83,1380.0
2015-10-28 22:00:00+00:00,1156.149,1162.639,1143.379,1143.38,1380.0
2015-10-29 22:00:00+00:00,1146.698,1150.019,1139.211,1141.831,1378.0
2015-11-01 22:00:00+00:00,1141.652,1142.989,1132.549,1133.311,1380.0
2015-11-02 22:00:00+00:00,1133.22,1138.24,1114.358,1117.401,1380.0
2015-11-03 22:00:00+00:00,1117.459,1122.78,1106.329,1107.579,1380.0
2015-11-04 22:00:00+00:00,1107.431,1111.449,1102.919,1103.591,1381.0
2015-11-05 22:00:00+00:00,1103.179,1110.429,1085.4,1089.452,1380.0
2015-11-08 22:00:00+00:00,1089.742,1095.72,1088.339,1091.932,1380.0
2015-11-09 22:00:00+00:00,1091.7,1094.588,1085.179,1089.311,1372.0
2015-11-10 22:00:00+00:00,1089.479,1093.55,1084.109,1086.131,1380.0
2015-11-11 22:00:00+00:00,1086.08,1089.639,1074.129,1084.901,1380.0
2015-11-12 22:00:00+00:00,1084.56,1088.558,1079.708,1083.491,1380.0
2015-11-15 22:00:00+00:00,1089.14,1098.139,1081.309,1082.662,1380.0
2015-11-16 22:00:00+00:00,1083.429,1084.969,1065.428,1070.011,1380.0
2015-11-17 22:00:00+00:00,1071.08,1075.359,1064.615,1070.322,1379.0
2015-11-18 22:00:00+00:00,1069.89,1087.379,1069.379,1081.911,1380.0
2015-11-19 22:00:00+00:00,1081.101,1088.048,1075.801,1077.592,1380.0
2015-11-22 22:00:00+00:00,1077.031,1077.072,1066.761,1068.951,1380.0
2015-11-23 22:00:00+00:00,1068.81,1081.102,1068.639,1075.081,1380.0
2015-11-24 22:00:00+00:00,1075.24,1080.78,1067.891,1070.861,1380.0
2015-11-25 22:00:00+00:00,1071.36,1074.822,1069.639,1071.55,1141.0
2015-11-26 22:00:00+00:00,1071.422,1073.752,1052.708,1057.469,1186.0
2015-11-29 22:00:00+00:00,1056.839,1069.679,1053.131,1064.241,1380.0
2015-11-30 22:00:00+00:00,1064.799,1074.629,1063.202,1068.842,1380.0
2015-12-01 22:00:00+00:00,1068.41,1071.43,1050.6,1053.242,1380.0
2015-12-02 22:00:00+00:00,1053.679,1065.399,1046.231,1061.691,1380.0
2015-12-03 22:00:00+00:00,1062.67,1088.841,1058.128,1085.851,1380.0
2015-12-06 22:00:00+00:00,1085.671,1086.581,1066.189,1070.932,1379.0
2015-12-07 22:00:00+00:00,1070.34,1079.158,1067.59,1074.501,1380.0
2015-12-08 22:00:00+00:00,1074.789,1085.349,1069.5,1072.402,1380.0
2015-12-09 22:00:00+00:00,1071.849,1076.431,1069.359,1071.212,1379.0
2015-12-10 22:00:00+00:00,1071.66,1079.49,1062.381,1074.191,1380.0
2015-12-13 22:00:00+00:00,1073.26,1077.499,1058.65,1059.771,1380.0
2015-12-14 22:00:00+00:00,1059.629,1068.669,1058.849,1060.781,1380.0
2015-12-15 22:00:00+00:00,1060.74,1078.309,1060.639,1072.061,1380.0
2015-12-16 22:00:00+00:00,1073.029,1073.18,1047.64,1050.831,1380.0
2015-12-17 22:00:00+00:00,1052.19,1071.578,1050.859,1065.811,1380.0
2015-12-20 22:00:00+00:00,1065.902,1081.639,1063.838,1077.831,1380.0
2015-12-21 22:00:00+00:00,1078.059,1080.691,1071.719,1072.181,1380.0
2015-12-22 22:00:00+00:00,1072.599,1075.459,1068.269,1070.071,1380.0
2015-12-23 22:00:00+00:00,1070.159,1076.942,1070.08,1075.811,1171.0
2015-12-27 22:00:00+00:00,1075.681,1076.9,1066.459,1068.802,1379.0
2015-12-28 22:00:00+00:00,1068.68,1075.3,1067.399,1068.479,1380.0
2015-12-29 22:00:00+00:00,1068.759,1072.219,1059.389,1061.009,1380.0
2015-12-30 22:00:00+00:00,1061.289,1063.488,1058.168,1060.881,1380.0
2016-01-03 22:00:00+00:00,1062.341,1083.488,1061.729,1074.232,1380.0
2016-01-04 22:00:00+00:00,1073.55,1082.048,1072.629,1077.232,1380.0
2016-01-05 22:00:00+00:00,1076.969,1095.18,1074.928,1093.222,1380.0
2016-01-06 22:00:00+00:00,1093.41,1110.08,1091.35,1108.671,1380.0
2016-01-07 22:00:00+00:00,1108.269,1112.949,1092.229,1104.031,1380.0
2016-01-10 22:00:00+00:00,1103.751,1108.401,1093.559,1093.881,1380.0
2016-01-11 22:00:00+00:00,1093.439,1099.192,1083.449,1086.091,1380.0
2016-01-12 22:00:00+00:00,1086.689,1095.451,1079.76,1093.191,1380.0
2016-01-13 22:00:00+00:00,1093.359,1095.21,1071.419,1078.062,1380.0
2016-01-14 22:00:00+00:00,1079.259,1097.282,1076.199,1088.371,1380.0
2016-01-17 22:00:00+00:00,1089.402,1093.31,1087.508,1088.688,1141.0
2016-01-18 22:00:00+00:00,1088.799,1094.53,1082.459,1087.071,1380.0
2016-01-19 22:00:00+00:00,1087.069,1109.619,1086.979,1100.372,1380.0
2016-01-20 22:00:00+00:00,1100.71,1104.509,1092.389,1100.741,1380.0
2016-01-21 22:00:00+00:00,1101.239,1102.779,1094.038,1097.462,1380.0
2016-01-24 22:00:00+00:00,1097.3,1108.88,1097.13,1107.661,1380.0
2016-01-25 22:00:00+00:00,1107.409,1122.908,1106.939,1119.591,1380.0
2016-01-26 22:00:00+00:00,1119.02,1127.99,1114.871,1124.601,1380.0
2016-01-27 22:00:00+00:00,1125.099,1125.779,1110.9,1114.792,1380.0
2016-01-28 22:00:00+00:00,1114.14,1118.401,1108.352,1117.891,1380.0
2016-01-31 22:00:00+00:00,1117.641,1129.68,1115.352,1128.182,1380.0
2016-02-01 22:00:00+00:00,1127.679,1130.951,1122.272,1128.781,1380.0
2016-02-02 22:00:00+00:00,1128.529,1145.458,1124.319,1142.091,1380.0
2016-02-03 22:00:00+00:00,1141.589,1157.308,1139.548,1155.041,1380.0
2016-02-04 22:00:00+00:00,1154.429,1174.49,1145.188,1173.352,1380.0
2016-02-07 22:00:00+00:00,1173.299,1200.799,1164.248,1188.741,1380.0
2016-02-08 22:00:00+00:00,1190.17,1198.881,1185.641,1188.672,1380.0
2016-02-09 22:00:00+00:00,1189.129,1197.69,1181.489,1196.781,1380.0
2016-02-10 22:00:00+00:00,1197.239,1263.329,1195.602,1246.219,1380.0
2016-02-11 22:00:00+00:00,1246.979,1248.179,1232.372,1237.452,1380.0
2016-02-14 22:00:00+00:00,1231.088,1234.799,1202.191,1208.9,1141.0
2016-02-15 22:00:00+00:00,1208.229,1216.939,1190.829,1200.102,1380.0
2016-02-16 22:00:00+00:00,1201.179,1213.712,1195.608,1208.102,1380.0
2016-02-17 22:00:00+00:00,1209.281,1239.879,1200.691,1230.472,1380.0
2016-02-18 22:00:00+00:00,1230.409,1234.528,1219.902,1225.832,1380.0
2016-02-21 22:00:00+00:00,1225.059,1226.188,1201.871,1208.332,1380.0
2016-02-22 22:00:00+00:00,1208.39,1228.23,1207.15,1225.301,1380.0
2016-02-23 22:00:00+00:00,1225.16,1253.251,1221.741,1228.342,1380.0
2016-02-24 22:00:00+00:00,1227.949,1242.931,1221.129,1232.621,1380.0
2016-02-25 22:00:00+00:00,1231.69,1240.458,1211.459,1222.421,1380.0
2016-02-28 22:00:00+00:00,1222.511,1241.069,1215.651,1238.171,1380.0
2016-02-29 22:00:00+00:00,1237.529,1248.461,1227.149,1231.681,1380.0
2016-03-01 22:00:00+00:00,1231.209,1244.009,1224.708,1239.621,1380.0
2016-03-02 22:00:00+00:00,1239.899,1268.248,1237.352,1263.902,1380.0
2016-03-03 22:00:00+00:00,1263.479,1279.728,1250.508,1258.991,1380.0
2016-03-06 22:00:00+00:00,1260.112,1273.111,1256.659,1266.791,1380.0
2016-03-07 22:00:00+00:00,1267.069,1278.04,1260.5,1261.032,1380.0
2016-03-08 22:00:00+00:00,1261.419,1264.889,1242.912,1252.641,1380.0
2016-03-09 22:00:00+00:00,1252.569,1273.299,1237.111,1271.932,1380.0
2016-03-10 22:00:00+00:00,1271.21,1284.189,1248.169,1250.392,1380.0
2016-03-13 22:00:00+00:00,1249.98,1261.038,1229.198,1234.93,1380.0
2016-03-14 22:00:00+00:00,1235.329,1238.039,1225.659,1232.349,1380.0
2016-03-15 22:00:00+00:00,1232.439,1263.842,1226.718,1262.319,1380.0
2016-03-16 22:00:00+00:00,1260.818,1270.892,1254.389,1257.61,1380.0
2016-03-17 22:00:00+00:00,1256.969,1266.848,1247.798,1254.788,1380.0
2016-03-20 22:00:00+00:00,1254.178,1255.96,1240.571,1243.59,1380.0
2016-03-21 22:00:00+00:00,1243.939,1260.24,1242.309,1248.049,1380.0
2016-03-22 22:00:00+00:00,1247.919,1249.429,1215.3,1219.869,1380.0
2016-03-23 22:00:00+00:00,1220.62,1223.732,1212.16,1216.95,1380.0
2016-03-27 22:00:00+00:00,1215.608,1223.06,1208.068,1221.209,1380.0
2016-03-28 22:00:00+00:00,1221.408,1242.878,1215.29,1240.218,1380.0
2016-03-29 22:00:00+00:00,1240.818,1244.029,1223.169,1224.77,1380.0
2016-03-30 22:00:00+00:00,1225.27,1240.352,1223.839,1232.269,1380.0
2016-03-31 22:00:00+00:00,1232.198,1235.26,1208.999,1221.449,1380.0
2016-04-03 22:00:00+00:00,1220.102,1222.55,1214.548,1215.379,1380.0
2016-04-04 22:00:00+00:00,1215.569,1236.751,1214.729,1231.04,1379.0
2016-04-05 22:00:00+00:00,1230.838,1232.179,1216.481,1222.03,1380.0
2016-04-06 22:00:00+00:00,1222.429,1243.2,1222.378,1240.199,1380.0
2016-04-07 22:00:00+00:00,1240.049,1242.639,1229.55,1239.059,1380.0
2016-04-10 22:00:00+00:00,1239.398,1258.659,1239.198,1257.55,1380.0
2016-04-11 22:00:00+00:00,1258.039,1262.589,1251.109,1255.239,1380.0
2016-04-12 22:00:00+00:00,1255.178,1256.71,1239.749,1242.289,1380.0
2016-04-13 22:00:00+00:00,1241.698,1244.05,1223.789,1227.629,1380.0
2016-04-14 22:00:00+00:00,1227.12,1235.84,1225.198,1233.398,1380.0
2016-04-17 22:00:00+00:00,1234.68,1241.58,1230.062,1232.04,1380.0
2016-04-18 22:00:00+00:00,1232.239,1256.579,1227.649,1249.98,1380.0
2016-04-19 22:00:00+00:00,1249.61,1257.94,1242.329,1244.059,1380.0
2016-04-20 22:00:00+00:00,1242.799,1270.222,1242.438,1247.86,1380.0
2016-04-21 22:00:00+00:00,1246.819,1252.609,1227.349,1231.878,1380.0
2016-04-24 22:00:00+00:00,1232.708,1242.23,1229.99,1237.62,1380.0
2016-04-25 22:00:00+00:00,1237.889,1244.879,1231.298,1243.21,1380.0
2016-04-26 22:00:00+00:00,1243.688,1252.6,1239.35,1245.6,1380.0
2016-04-27 22:00:00+00:00,1245.529,1269.59,1237.692,1266.271,1380.0
2016-04-28 22:00:00+00:00,1265.999,1296.652,1264.871,1292.138,1380.0
2016-05-01 22:00:00+00:00,1290.48,1303.655,1287.609,1291.181,1379.0
2016-05-02 22:00:00+00:00,1291.289,1301.702,1282.172,1286.141,1380.0
2016-05-03 22:00:00+00:00,1284.978,1289.741,1271.749,1279.142,1379.0
2016-05-04 22:00:00+00:00,1279.209,1286.4,1268.789,1276.608,1380.0
2016-05-05 22:00:00+00:00,1277.299,1295.49,1274.389,1287.028,1380.0
2016-05-08 22:00:00+00:00,1284.481,1287.479,1261.238,1263.652,1379.0
2016-05-09 22:00:00+00:00,1263.799,1269.459,1256.809,1264.599,1380.0
2016-05-10 22:00:00+00:00,1265.618,1279.08,1264.698,1277.181,1380.0
2016-05-11 22:00:00+00:00,1277.599,1280.87,1261.589,1262.078,1380.0
2016-05-12 22:00:00+00:00,1263.268,1276.268,1262.778,1272.459,1380.0
2016-05-15 22:00:00+00:00,1271.43,1288.659,1270.929,1273.671,1380.0
2016-05-16 22:00:00+00:00,1273.338,1282.191,1269.069,1278.782,1380.0
2016-05-17 22:00:00+00:00,1279.058,1281.439,1255.019,1258.372,1379.0
2016-05-18 22:00:00+00:00,1257.859,1261.23,1243.789,1253.318,1380.0
2016-05-19 22:00:00+00:00,1254.848,1260.199,1248.758,1251.568,1380.0
2016-05-22 22:00:00+00:00,1250.93,1255.99,1243.098,1247.609,1380.0
2016-05-23 22:00:00+00:00,1248.778,1252.14,1225.959,1225.96,1380.0
2016-05-24 22:00:00+00:00,1227.039,1230.12,1217.789,1223.069,1380.0
2016-05-25 22:00:00+00:00,1223.519,1234.142,1218.221,1219.201,1379.0
2016-05-26 22:00:00+00:00,1219.598,1223.531,1206.679,1212.239,1380.0
2016-05-29 22:00:00+00:00,1212.409,1213.36,1199.732,1204.509,1141.0
2016-05-30 22:00:00+00:00,1206.079,1218.158,1205.279,1214.148,1380.0
2016-05-31 22:00:00+00:00,1215.349,1220.36,1205.909,1212.321,1380.0
2016-06-01 22:00:00+00:00,1213.359,1217.63,1209.559,1209.559,1380.0
2016-06-02 22:00:00+00:00,1210.649,1244.68,1206.9,1243.848,1380.0
2016-06-05 22:00:00+00:00,1242.879,1248.629,1239.92,1244.855,1380.0
2016-06-06 22:00:00+00:00,1245.148,1246.52,1234.771,1242.71,1380.0
2016-06-07 22:00:00+00:00,1243.908,1264.332,1242.979,1260.908,1380.0
2016-06-08 22:00:00+00:00,1261.858,1271.632,1256.761,1268.42,1380.0
2016-06-09 22:00:00+00:00,1268.718,1278.09,1264.509,1272.838,1380.0
2016-06-12 22:00:00+00:00,1275.448,1287.142,1272.352,1282.538,1380.0
2016-06-13 22:00:00+00:00,1283.168,1289.772,1276.228,1285.822,1380.0
2016-06-14 22:00:00+00:00,1284.689,1296.749,1278.428,1290.338,1380.0
2016-06-15 22:00:00+00:00,1291.659,1315.53,1276.902,1276.902,1379.0
2016-06-16 22:00:00+00:00,1278.848,1299.441,1276.53,1297.559,1380.0
2016-06-19 22:00:00+00:00,1289.379,1292.219,1277.969,1289.922,1380.0
2016-06-20 22:00:00+00:00,1289.298,1294.189,1264.478,1268.321,1379.0
2016-06-21 22:00:00+00:00,1268.088,1270.6,1261.119,1264.828,1380.0
2016-06-22 22:00:00+00:00,1265.099,1271.839,1254.378,1255.171,1379.0
2016-06-23 22:00:00+00:00,1251.161,1358.229,1250.179,1315.43,1379.0
2016-06-26 22:00:00+00:00,1321.238,1335.289,1317.629,1323.851,1380.0
2016-06-27 22:00:00+00:00,1324.279,1326.0,1305.458,1311.601,1380.0
2016-06-28 22:00:00+00:00,1310.238,1327.802,1310.059,1319.082,1380.0
2016-06-29 22:00:00+00:00,1317.198,1324.13,1312.789,1321.201,1380.0
2016-06-30 22:00:00+00:00,1322.089,1344.48,1320.518,1340.511,1380.0
2016-07-03 22:00:00+00:00,1341.38,1357.439,1335.941,1350.819,1140.0
2016-07-04 22:00:00+00:00,1347.761,1357.55,1338.039,1354.708,1380.0
2016-07-05 22:00:00+00:00,1355.158,1375.081,1355.158,1363.351,1380.0
2016-07-06 22:00:00+00:00,1363.658,1370.692,1350.789,1361.031,1380.0
2016-07-07 22:00:00+00:00,1359.228,1370.34,1335.419,1365.778,1380.0
2016-07-10 22:00:00+00:00,1367.578,1375.02,1350.83,1355.181,1380.0
2016-07-11 22:00:00+00:00,1355.189,1357.668,1330.312,1332.039,1380.0
2016-07-12 22:00:00+00:00,1333.008,1345.33,1327.548,1342.002,1380.0
2016-07-13 22:00:00+00:00,1343.659,1347.061,1320.201,1334.811,1380.0
2016-07-14 22:00:00+00:00,1335.559,1338.63,1322.498,1336.629,1380.0
2016-07-17 22:00:00+00:00,1332.618,1335.47,1323.461,1327.849,1380.0
2016-07-18 22:00:00+00:00,1328.598,1334.926,1325.579,1330.829,1380.0
2016-07-19 22:00:00+00:00,1331.078,1338.349,1312.589,1314.829,1380.0
2016-07-20 22:00:00+00:00,1316.018,1333.83,1310.759,1330.128,1380.0
2016-07-21 22:00:00+00:00,1331.348,1333.73,1319.628,1321.688,1380.0
2016-07-24 22:00:00+00:00,1322.679,1323.71,1311.971,1314.428,1380.0
2016-07-25 22:00:00+00:00,1315.279,1324.488,1313.759,1319.248,1380.0
2016-07-26 22:00:00+00:00,1319.189,1342.418,1315.762,1338.818,1378.0
2016-07-27 22:00:00+00:00,1338.998,1345.528,1332.439,1334.679,1380.0
2016-07-28 22:00:00+00:00,1335.749,1354.998,1328.462,1350.078,1380.0
2016-07-31 22:00:00+00:00,1349.338,1354.849,1346.229,1352.109,1380.0
2016-08-01 22:00:00+00:00,1353.698,1367.198,1347.108,1362.658,1380.0
2016-08-02 22:00:00+00:00,1363.578,1366.45,1354.181,1357.258,1380.0
2016-08-03 22:00:00+00:00,1358.138,1364.948,1349.1,1360.169,1380.0
2016-08-04 22:00:00+00:00,1360.268,1364.649,1334.718,1335.128,1380.0
2016-08-07 22:00:00+00:00,1335.348,1338.249,1329.868,1334.208,1380.0
2016-08-08 22:00:00+00:00,1335.498,1342.598,1330.579,1339.578,1380.0
2016-08-09 22:00:00+00:00,1340.118,1357.16,1339.219,1345.509,1380.0
2016-08-10 22:00:00+00:00,1346.548,1353.279,1335.728,1337.709,1380.0
2016-08-11 22:00:00+00:00,1338.979,1356.339,1333.309,1335.318,1380.0
2016-08-14 22:00:00+00:00,1338.029,1343.808,1335.749,1338.318,1381.0
2016-08-15 22:00:00+00:00,1339.549,1358.009,1339.378,1345.099,1380.0
2016-08-16 22:00:00+00:00,1345.13,1351.639,1335.91,1347.678,1380.0
2016-08-17 22:00:00+00:00,1348.739,1356.049,1346.038,1351.209,1380.0
2016-08-18 22:00:00+00:00,1351.998,1352.809,1337.738,1340.899,1380.0
2016-08-21 22:00:00+00:00,1340.351,1340.811,1331.69,1338.309,1380.0
2016-08-22 22:00:00+00:00,1338.58,1344.63,1335.289,1336.329,1380.0
2016-08-23 22:00:00+00:00,1338.059,1340.062,1323.539,1323.568,1379.0
2016-08-24 22:00:00+00:00,1323.898,1326.959,1318.009,1320.828,1380.0
2016-08-25 22:00:00+00:00,1321.458,1342.161,1318.328,1320.609,1380.0
2016-08-28 22:00:00+00:00,1319.971,1325.068,1314.872,1322.228,1380.0
2016-08-29 22:00:00+00:00,1323.728,1325.43,1309.229,1309.658,1380.0
2016-08-30 22:00:00+00:00,1311.768,1316.088,1304.358,1307.729,1380.0
2016-08-31 22:00:00+00:00,1307.919,1315.109,1302.452,1312.508,1380.0
2016-09-01 22:00:00+00:00,1314.639,1330.089,1303.118,1324.608,1266.0
2016-09-04 22:00:00+00:00,1323.899,1328.538,1321.759,1326.819,1141.0
2016-09-05 22:00:00+00:00,1325.789,1352.519,1324.85,1348.408,1380.0
2016-09-06 22:00:00+00:00,1347.798,1352.558,1342.658,1343.988,1380.0
2016-09-07 22:00:00+00:00,1344.179,1349.33,1335.521,1336.929,1380.0
2016-09-08 22:00:00+00:00,1337.489,1339.499,1327.129,1327.509,1380.0
2016-09-11 22:00:00+00:00,1328.018,1330.219,1320.379,1326.228,1380.0
2016-09-12 22:00:00+00:00,1328.249,1331.969,1315.589,1317.578,1381.0
2016-09-13 22:00:00+00:00,1319.158,1325.95,1313.519,1321.408,1380.0
2016-09-14 22:00:00+00:00,1322.119,1328.448,1309.289,1313.228,1380.0
2016-09-15 22:00:00+00:00,1314.079,1318.028,1306.199,1309.878,1380.0
2016-09-18 22:00:00+00:00,1309.68,1318.4,1309.408,1311.729,1380.0
2016-09-19 22:00:00+00:00,1311.879,1317.888,1311.698,1314.649,1379.0
2016-09-20 22:00:00+00:00,1313.528,1336.879,1307.91,1334.338,1380.0
2016-09-21 22:00:00+00:00,1334.898,1343.629,1331.149,1335.828,1380.0
2016-09-22 22:00:00+00:00,1335.829,1340.59,1333.748,1337.069,1379.0
2016-09-25 22:00:00+00:00,1336.652,1342.119,1332.689,1336.478,1380.0
2016-09-26 22:00:00+00:00,1337.108,1339.46,1324.702,1325.929,1380.0
2016-09-27 22:00:00+00:00,1325.928,1327.499,1317.989,1320.499,1380.0
2016-09-28 22:00:00+00:00,1320.899,1325.778,1316.039,1318.828,1380.0
2016-09-29 22:00:00+00:00,1319.649,1328.009,1313.228,1314.998,1380.0
2016-10-02 22:00:00+00:00,1318.429,1319.619,1309.331,1310.458,1380.0
2016-10-03 22:00:00+00:00,1312.108,1312.978,1266.87,1267.258,1380.0
2016-10-04 22:00:00+00:00,1267.659,1277.111,1262.118,1265.509,1380.0
2016-10-05 22:00:00+00:00,1267.078,1269.358,1249.818,1253.059,1380.0
2016-10-06 22:00:00+00:00,1254.359,1265.399,1241.388,1256.159,1380.0
2016-10-09 22:00:00+00:00,1256.931,1264.929,1256.511,1258.209,1379.0
2016-10-10 22:00:00+00:00,1259.03,1262.119,1251.228,1251.228,1380.0
2016-10-11 22:00:00+00:00,1251.528,1258.836,1249.739,1254.929,1380.0
2016-10-12 22:00:00+00:00,1255.608,1262.23,1253.088,1256.859,1380.0
2016-10-13 22:00:00+00:00,1258.058,1259.389,1246.058,1250.529,1380.0
2016-10-16 22:00:00+00:00,1251.509,1257.111,1250.111,1254.609,1380.0
2016-10-17 22:00:00+00:00,1254.929,1264.71,1254.929,1261.179,1380.0
2016-10-18 22:00:00+00:00,1262.029,1273.309,1260.252,1268.008,1380.0
2016-10-19 22:00:00+00:00,1269.318,1274.368,1264.479,1264.528,1380.0
2016-10-20 22:00:00+00:00,1265.858,1267.998,1261.111,1265.899,1380.0
2016-10-23 22:00:00+00:00,1265.729,1271.871,1260.401,1263.359,1380.0
2016-10-24 22:00:00+00:00,1264.839,1276.611,1262.071,1272.409,1380.0
2016-10-25 22:00:00+00:00,1272.479,1276.44,1264.692,1265.979,1380.0
2016-10-26 22:00:00+00:00,1266.798,1272.779,1265.061,1267.159,1380.0
2016-10-27 22:00:00+00:00,1267.658,1284.158,1261.518,1274.358,1379.0
2016-10-30 22:00:00+00:00,1277.208,1279.489,1271.189,1276.009,1377.0
2016-10-31 22:00:00+00:00,1276.409,1291.822,1275.479,1286.808,1380.0
2016-11-01 22:00:00+00:00,1288.018,1307.961,1287.328,1295.608,1380.0
2016-11-02 22:00:00+00:00,1296.158,1306.65,1285.618,1301.158,1380.0
2016-11-03 22:00:00+00:00,1302.348,1307.17,1294.711,1303.559,1380.0
2016-11-06 22:00:00+00:00,1292.729,1295.811,1278.109,1280.812,1380.0
2016-11-07 22:00:00+00:00,1280.812,1290.589,1272.801,1274.382,1381.0
2016-11-08 22:00:00+00:00,1275.38,1337.308,1267.949,1277.231,1380.0
2016-11-09 22:00:00+00:00,1277.268,1292.209,1252.278,1257.962,1380.0
2016-11-10 22:00:00+00:00,1258.148,1265.391,1219.039,1225.982,1380.0
2016-11-13 22:00:00+00:00,1226.872,1231.241,1211.538,1220.281,1380.0
2016-11-14 22:00:00+00:00,1220.709,1231.54,1218.878,1227.952,1380.0
2016-11-15 22:00:00+00:00,1228.229,1232.998,1221.458,1224.172,1380.0
2016-11-16 22:00:00+00:00,1223.598,1231.378,1210.969,1215.541,1380.0
2016-11-17 22:00:00+00:00,1215.541,1217.729,1202.898,1207.062,1381.0
2016-11-20 22:00:00+00:00,1207.792,1217.583,1205.541,1213.021,1380.0
2016-11-21 22:00:00+00:00,1213.058,1220.969,1206.128,1211.028,1376.0
2016-11-22 22:00:00+00:00,1212.068,1214.691,1181.702,1187.259,1364.0
2016-11-23 22:00:00+00:00,1187.112,1190.768,1180.338,1183.968,1142.0
2016-11-24 22:00:00+00:00,1182.379,1193.231,1170.839,1183.778,1185.0
2016-11-27 22:00:00+00:00,1183.251,1197.559,1182.229,1192.859,1380.0
2016-11-28 22:00:00+00:00,1192.662,1195.058,1181.021,1187.322,1381.0
2016-11-29 22:00:00+00:00,1187.322,1194.889,1170.718,1172.381,1381.0
2016-11-30 22:00:00+00:00,1172.381,1176.689,1160.691,1170.429,1381.0
2016-12-01 22:00:00+00:00,1170.422,1177.961,1166.681,1176.392,1381.0
2016-12-04 22:00:00+00:00,1181.661,1188.062,1157.239,1169.179,1380.0
2016-12-05 22:00:00+00:00,1169.101,1175.248,1166.879,1169.022,1381.0
2016-12-06 22:00:00+00:00,1168.979,1180.189,1165.589,1173.168,1380.0
2016-12-07 22:00:00+00:00,1173.012,1178.619,1169.151,1169.671,1381.0
2016-12-08 22:00:00+00:00,1170.069,1171.969,1156.268,1158.938,1380.0
2016-12-11 22:00:00+00:00,1159.222,1165.749,1151.228,1161.142,1380.0
2016-12-12 22:00:00+00:00,1161.979,1164.968,1154.548,1157.491,1380.0
2016-12-13 22:00:00+00:00,1157.491,1165.158,1138.671,1142.151,1381.0
2016-12-14 22:00:00+00:00,1141.168,1144.379,1122.839,1127.332,1380.0
2016-12-15 22:00:00+00:00,1128.138,1141.169,1126.641,1133.851,1380.0
2016-12-18 22:00:00+00:00,1134.061,1142.319,1133.921,1136.872,1380.0
2016-12-19 22:00:00+00:00,1136.872,1139.689,1125.718,1131.401,1381.0
2016-12-20 22:00:00+00:00,1132.562,1137.061,1129.321,1130.542,1380.0
2016-12-21 22:00:00+00:00,1131.211,1134.049,1127.461,1127.461,1380.0
2016-12-22 22:00:00+00:00,1127.978,1135.769,1127.559,1132.691,1378.0
2016-12-26 22:00:00+00:00,1133.178,1150.799,1131.651,1137.801,1379.0
2016-12-27 22:00:00+00:00,1137.508,1144.458,1136.482,1140.801,1379.0
2016-12-28 22:00:00+00:00,1140.801,1159.539,1140.801,1156.988,1381.0
2016-12-29 22:00:00+00:00,1156.962,1163.199,1149.678,1150.312,1380.0
2017-01-02 22:00:00+00:00,1150.0,1164.408,1146.039,1158.102,1380.0
2017-01-03 22:00:00+00:00,1157.751,1167.862,1156.138,1162.668,1380.0
2017-01-04 22:00:00+00:00,1162.332,1185.038,1162.332,1179.468,1381.0
2017-01-05 22:00:00+00:00,1179.461,1182.649,1170.919,1172.158,1381.0
2017-01-08 22:00:00+00:00,1172.591,1186.078,1171.588,1180.888,1380.0
2017-01-09 22:00:00+00:00,1182.428,1190.609,1180.099,1186.971,1369.0
2017-01-10 22:00:00+00:00,1186.971,1198.179,1177.098,1190.502,1381.0
2017-01-11 22:00:00+00:00,1190.501,1206.929,1190.501,1194.371,1380.0
2017-01-12 22:00:00+00:00,1194.138,1200.699,1187.838,1196.668,1380.0
2017-01-15 22:00:00+00:00,1200.202,1208.581,1197.849,1202.578,1111.0
2017-01-16 22:00:00+00:00,1202.309,1218.798,1201.979,1216.088,1380.0
2017-01-17 22:00:00+00:00,1215.911,1217.509,1202.348,1203.229,1381.0
2017-01-18 22:00:00+00:00,1203.152,1206.479,1195.849,1203.861,1381.0
2017-01-19 22:00:00+00:00,1203.861,1214.898,1198.578,1209.609,1381.0
2017-01-22 22:00:00+00:00,1209.462,1219.449,1209.258,1217.311,1380.0
2017-01-23 22:00:00+00:00,1217.978,1219.931,1206.549,1207.758,1380.0
2017-01-24 22:00:00+00:00,1207.721,1209.779,1193.208,1199.592,1381.0
2017-01-25 22:00:00+00:00,1200.361,1202.622,1184.378,1188.058,1380.0
2017-01-26 22:00:00+00:00,1187.431,1191.568,1180.548,1190.088,1381.0
2017-01-29 22:00:00+00:00,1192.872,1199.399,1188.211,1194.511,1379.0
2017-01-30 22:00:00+00:00,1195.159,1215.322,1193.708,1209.601,1380.0
2017-01-31 22:00:00+00:00,1209.601,1213.189,1198.148,1208.468,1381.0
2017-02-01 22:00:00+00:00,1208.341,1225.288,1208.341,1214.741,1381.0
2017-02-02 22:00:00+00:00,1214.889,1221.338,1206.351,1219.538,1379.0
2017-02-05 22:00:00+00:00,1219.432,1235.599,1219.158,1234.452,1380.0
2017-02-06 22:00:00+00:00,1234.452,1235.709,1227.691,1232.701,1381.0
2017-02-07 22:00:00+00:00,1233.009,1244.708,1229.979,1240.582,1380.0
2017-02-08 22:00:00+00:00,1240.359,1244.428,1225.6,1227.141,1381.0
2017-02-09 22:00:00+00:00,1227.568,1237.069,1221.589,1232.858,1380.0
2017-02-12 22:00:00+00:00,1231.479,1232.822,1219.298,1223.851,1380.0
2017-02-13 22:00:00+00:00,1223.852,1234.478,1221.839,1226.992,1381.0
2017-02-14 22:00:00+00:00,1226.992,1233.182,1216.601,1232.282,1381.0
2017-02-15 22:00:00+00:00,1232.558,1242.339,1232.058,1237.921,1380.0
2017-02-16 22:00:00+00:00,1238.398,1243.749,1233.728,1233.728,1380.0
2017-02-19 22:00:00+00:00,1234.901,1238.941,1232.711,1237.621,1111.0
2017-02-20 22:00:00+00:00,1236.989,1238.819,1226.108,1235.048,1380.0
2017-02-21 22:00:00+00:00,1234.702,1240.329,1231.179,1236.451,1381.0
2017-02-22 22:00:00+00:00,1236.451,1251.078,1235.728,1248.661,1381.0
2017-02-23 22:00:00+00:00,1248.661,1260.109,1247.708,1256.428,1379.0
2017-02-26 22:00:00+00:00,1257.581,1263.831,1250.938,1251.868,1380.0
2017-02-27 22:00:00+00:00,1251.771,1258.358,1247.201,1247.201,1381.0
2017-02-28 22:00:00+00:00,1247.201,1250.599,1236.849,1248.561,1381.0
2017-03-01 22:00:00+00:00,1248.561,1249.702,1230.919,1232.901,1380.0
2017-03-02 22:00:00+00:00,1232.901,1236.288,1222.808,1234.008,1381.0
2017-03-05 22:00:00+00:00,1232.731,1236.868,1224.052,1224.242,1380.0
2017-03-06 22:00:00+00:00,1224.242,1227.089,1214.142,1214.728,1381.0
2017-03-07 22:00:00+00:00,1214.651,1218.489,1206.598,1207.148,1381.0
2017-03-08 22:00:00+00:00,1206.881,1208.958,1199.218,1200.028,1381.0
2017-03-09 22:00:00+00:00,1199.982,1206.299,1194.848,1203.892,1381.0
2017-03-12 22:00:00+00:00,1205.831,1211.129,1202.388,1202.799,1319.0
2017-03-13 22:00:00+00:00,1202.328,1207.588,1197.298,1197.898,1321.0
2017-03-14 22:00:00+00:00,1198.629,1221.998,1197.548,1218.358,1380.0
2017-03-15 22:00:00+00:00,1219.038,1233.698,1217.972,1225.333,1380.0
2017-03-16 22:00:00+00:00,1225.333,1231.579,1224.422,1228.528,1380.0
2017-03-19 22:00:00+00:00,1229.572,1235.468,1229.261,1234.0,1378.0
2017-03-20 22:00:00+00:00,1234.0,1247.548,1226.859,1243.559,1380.0
2017-03-21 22:00:00+00:00,1244.008,1251.319,1243.948,1247.669,1380.0
2017-03-22 22:00:00+00:00,1248.789,1253.272,1242.781,1244.239,1380.0
2017-03-23 22:00:00+00:00,1244.029,1251.838,1240.948,1242.469,1380.0
2017-03-26 22:00:00+00:00,1246.622,1261.012,1246.621,1253.709,1380.0
2017-03-27 22:00:00+00:00,1253.418,1258.319,1247.671,1250.609,1380.0
2017-03-28 22:00:00+00:00,1250.589,1254.609,1247.288,1252.578,1380.0
2017-03-29 22:00:00+00:00,1253.499,1253.729,1242.233,1242.233,1380.0
2017-03-30 22:00:00+00:00,1242.233,1250.542,1239.649,1248.358,1380.0
2017-04-02 22:00:00+00:00,1247.378,1253.679,1244.442,1252.178,1380.0
2017-04-03 22:00:00+00:00,1252.229,1261.249,1252.178,1255.028,1380.0
2017-04-04 22:00:00+00:00,1254.808,1257.311,1243.691,1254.599,1380.0
2017-04-05 22:00:00+00:00,1255.429,1258.809,1249.751,1250.819,1380.0
2017-04-06 22:00:00+00:00,1251.158,1270.531,1250.558,1253.759,1379.0
2017-04-09 22:00:00+00:00,1253.971,1257.041,1247.108,1253.528,1380.0
2017-04-10 22:00:00+00:00,1253.928,1275.069,1253.028,1273.479,1380.0
2017-04-11 22:00:00+00:00,1273.598,1286.742,1271.942,1285.538,1380.0
2017-04-12 22:00:00+00:00,1286.119,1288.562,1281.851,1286.398,1380.0
2017-04-16 22:00:00+00:00,1290.271,1295.422,1281.348,1283.569,1380.0
2017-04-17 22:00:00+00:00,1283.298,1292.288,1278.898,1288.519,1380.0
2017-04-18 22:00:00+00:00,1288.478,1290.692,1274.071,1279.018,1380.0
2017-04-19 22:00:00+00:00,1279.788,1283.391,1276.599,1280.659,1380.0
2017-04-20 22:00:00+00:00,1281.858,1288.211,1278.471,1284.421,1378.0
2017-04-23 22:00:00+00:00,1275.928,1277.392,1265.431,1274.979,1380.0
2017-04-24 22:00:00+00:00,1276.218,1278.129,1261.601,1262.998,1381.0
2017-04-25 22:00:00+00:00,1263.018,1270.598,1260.008,1267.618,1380.0
2017-04-26 22:00:00+00:00,1268.649,1269.522,1261.259,1262.948,1380.0
2017-04-27 22:00:00+00:00,1263.718,1268.522,1263.101,1266.769,1380.0
2017-04-30 22:00:00+00:00,1268.252,1271.072,1254.189,1255.358,1380.0
2017-05-01 22:00:00+00:00,1256.339,1257.728,1251.999,1255.779,1380.0
2017-05-02 22:00:00+00:00,1256.378,1256.921,1235.881,1236.638,1380.0
2017-05-03 22:00:00+00:00,1237.988,1241.259,1225.701,1226.848,1380.0
2017-05-04 22:00:00+00:00,1228.079,1235.561,1226.078,1226.812,1379.0
2017-05-07 22:00:00+00:00,1221.688,1236.492,1221.059,1225.6,1380.0
2017-05-08 22:00:00+00:00,1225.6,1228.591,1214.259,1220.049,1380.0
2017-05-09 22:00:00+00:00,1221.988,1225.619,1217.542,1217.909,1380.0
2017-05-10 22:00:00+00:00,1217.888,1227.618,1216.949,1223.699,1380.0
2017-05-11 22:00:00+00:00,1224.759,1231.739,1224.428,1227.442,1379.0
2017-05-14 22:00:00+00:00,1228.128,1237.281,1226.942,1229.278,1380.0
2017-05-15 22:00:00+00:00,1229.278,1239.078,1229.278,1235.688,1380.0
2017-05-16 22:00:00+00:00,1236.778,1261.182,1236.421,1259.899,1380.0
2017-05-17 22:00:00+00:00,1260.918,1265.002,1246.0,1246.0,1380.0
2017-05-18 22:00:00+00:00,1246.229,1256.392,1246.118,1255.221,1380.0
2017-05-21 22:00:00+00:00,1256.998,1262.558,1251.748,1259.328,1380.0
2017-05-22 22:00:00+00:00,1259.599,1263.728,1250.661,1251.14,1380.0
2017-05-23 22:00:00+00:00,1251.14,1258.918,1247.952,1257.448,1380.0
2017-05-24 22:00:00+00:00,1257.218,1259.629,1253.798,1254.479,1380.0
2017-05-25 22:00:00+00:00,1255.278,1269.429,1253.038,1266.492,1380.0
2017-05-28 22:00:00+00:00,1267.121,1268.992,1265.021,1266.718,1141.0
2017-05-29 22:00:00+00:00,1267.071,1270.439,1259.369,1261.608,1380.0
2017-05-30 22:00:00+00:00,1261.958,1274.072,1259.529,1267.529,1380.0
2017-05-31 22:00:00+00:00,1268.219,1270.279,1261.488,1264.729,1379.0
2017-06-01 22:00:00+00:00,1264.829,1279.472,1259.029,1278.298,1380.0
2017-06-04 22:00:00+00:00,1279.758,1283.381,1277.749,1278.379,1380.0
2017-06-05 22:00:00+00:00,1278.768,1296.058,1278.739,1292.928,1380.0
2017-06-06 22:00:00+00:00,1294.138,1294.908,1282.618,1285.828,1380.0
2017-06-07 22:00:00+00:00,1286.719,1288.899,1271.311,1277.651,1380.0
2017-06-08 22:00:00+00:00,1280.859,1281.522,1264.628,1266.332,1380.0
2017-06-11 22:00:00+00:00,1266.871,1270.351,1263.558,1264.659,1380.0
2017-06-12 22:00:00+00:00,1265.138,1268.912,1259.268,1265.279,1380.0
2017-06-13 22:00:00+00:00,1266.148,1281.087,1257.138,1259.568,1380.0
2017-06-14 22:00:00+00:00,1259.298,1266.656,1251.492,1252.808,1380.0
2017-06-15 22:00:00+00:00,1253.759,1257.141,1251.769,1253.241,1380.0
2017-06-18 22:00:00+00:00,1254.221,1255.662,1242.538,1242.538,1380.0
2017-06-19 22:00:00+00:00,1243.859,1248.092,1241.281,1241.718,1380.0
2017-06-20 22:00:00+00:00,1242.748,1247.801,1240.969,1246.341,1379.0
2017-06-21 22:00:00+00:00,1245.148,1254.682,1245.148,1249.569,1380.0
2017-06-22 22:00:00+00:00,1249.859,1258.811,1249.858,1256.002,1379.0
2017-06-25 22:00:00+00:00,1257.121,1257.991,1236.001,1243.808,1380.0
2017-06-26 22:00:00+00:00,1244.179,1253.112,1241.341,1245.928,1380.0
2017-06-27 22:00:00+00:00,1246.628,1254.849,1246.138,1248.689,1380.0
2017-06-28 22:00:00+00:00,1248.429,1253.148,1239.791,1244.249,1380.0
2017-06-29 22:00:00+00:00,1244.918,1248.222,1239.308,1240.411,1380.0
2017-07-02 22:00:00+00:00,1241.621,1242.672,1218.489,1219.089,1380.0
2017-07-03 22:00:00+00:00,1219.508,1226.488,1219.508,1222.829,1141.0
2017-07-04 22:00:00+00:00,1223.531,1228.801,1217.429,1225.679,1380.0
2017-07-05 22:00:00+00:00,1225.679,1229.132,1222.549,1224.761,1378.0
2017-07-06 22:00:00+00:00,1224.788,1228.449,1207.251,1212.251,1379.0
2017-07-09 22:00:00+00:00,1212.328,1215.581,1204.832,1214.112,1379.0
2017-07-10 22:00:00+00:00,1213.879,1217.431,1208.172,1216.489,1380.0
2017-07-11 22:00:00+00:00,1216.798,1225.651,1213.389,1219.329,1377.0
2017-07-12 22:00:00+00:00,1219.369,1224.419,1216.518,1217.342,1380.0
2017-07-13 22:00:00+00:00,1216.888,1232.858,1214.761,1228.501,1380.0
2017-07-16 22:00:00+00:00,1229.109,1235.972,1228.211,1232.998,1380.0
2017-07-17 22:00:00+00:00,1233.779,1244.521,1232.791,1242.372,1380.0
2017-07-18 22:00:00+00:00,1242.319,1243.978,1235.928,1241.172,1380.0
2017-07-19 22:00:00+00:00,1240.939,1247.512,1235.281,1244.332,1380.0
2017-07-20 22:00:00+00:00,1244.089,1255.701,1243.331,1254.661,1380.0
2017-07-23 22:00:00+00:00,1255.122,1258.791,1251.901,1254.309,1380.0
2017-07-24 22:00:00+00:00,1254.539,1257.889,1249.078,1249.701,1380.0
2017-07-25 22:00:00+00:00,1250.009,1263.508,1243.731,1260.038,1380.0
2017-07-26 22:00:00+00:00,1260.472,1265.229,1254.499,1259.021,1380.0
2017-07-27 22:00:00+00:00,1258.729,1270.822,1257.331,1268.802,1380.0
2017-07-30 22:00:00+00:00,1270.071,1271.129,1265.749,1268.518,1380.0
2017-07-31 22:00:00+00:00,1268.958,1274.061,1262.638,1268.731,1380.0
2017-08-01 22:00:00+00:00,1268.598,1272.812,1262.848,1266.432,1380.0
2017-08-02 22:00:00+00:00,1265.699,1270.799,1257.401,1267.029,1380.0
2017-08-03 22:00:00+00:00,1269.229,1270.118,1254.162,1258.072,1380.0
2017-08-06 22:00:00+00:00,1258.778,1259.869,1255.712,1256.698,1380.0
2017-08-07 22:00:00+00:00,1257.089,1265.181,1251.488,1260.602,1379.0
2017-08-08 22:00:00+00:00,1260.399,1278.688,1260.399,1277.131,1384.0
2017-08-09 22:00:00+00:00,1277.009,1287.792,1274.598,1286.331,1379.0
2017-08-10 22:00:00+00:00,1286.418,1292.011,1281.271,1288.258,1380.0
2017-08-13 22:00:00+00:00,1290.121,1290.121,1278.588,1281.771,1380.0
2017-08-14 22:00:00+00:00,1281.598,1281.942,1267.278,1271.101,1380.0
2017-08-15 22:00:00+00:00,1271.218,1283.782,1267.731,1282.028,1380.0
2017-08-16 22:00:00+00:00,1283.498,1290.121,1281.438,1287.73,1379.0
2017-08-17 22:00:00+00:00,1288.008,1300.828,1283.481,1283.511,1379.0
2017-08-20 22:00:00+00:00,1283.172,1293.702,1280.491,1291.059,1380.0
2017-08-21 22:00:00+00:00,1291.279,1292.448,1281.991,1284.721,1380.0
2017-08-22 22:00:00+00:00,1285.071,1291.411,1282.711,1289.698,1380.0
2017-08-23 22:00:00+00:00,1290.249,1291.171,1284.468,1286.161,1380.0
2017-08-24 22:00:00+00:00,1286.322,1294.378,1276.137,1290.672,1380.0
2017-08-27 22:00:00+00:00,1292.241,1312.072,1291.779,1309.248,1380.0
2017-08-28 22:00:00+00:00,1314.508,1325.951,1304.989,1309.112,1380.0
2017-08-29 22:00:00+00:00,1308.868,1313.641,1305.138,1308.561,1380.0
2017-08-30 22:00:00+00:00,1308.539,1323.631,1298.288,1320.218,1380.0
2017-08-31 22:00:00+00:00,1321.549,1328.809,1316.441,1323.661,1380.0
2017-09-03 22:00:00+00:00,1334.521,1339.592,1331.742,1333.902,1140.0
2017-09-04 22:00:00+00:00,1334.172,1344.328,1326.259,1339.511,1380.0
2017-09-05 22:00:00+00:00,1339.379,1342.429,1331.598,1333.971,1380.0
2017-09-06 22:00:00+00:00,1334.179,1349.839,1332.501,1348.985,1380.0
2017-09-07 22:00:00+00:00,1348.528,1357.498,1342.711,1346.061,1379.0
2017-09-10 22:00:00+00:00,1335.871,1339.982,1326.349,1326.698,1380.0
2017-09-11 22:00:00+00:00,1326.618,1332.022,1322.589,1330.929,1380.0
2017-09-12 22:00:00+00:00,1333.949,1334.599,1320.991,1322.831,1380.0
2017-09-13 22:00:00+00:00,1323.379,1330.808,1315.718,1329.302,1380.0
2017-09-14 22:00:00+00:00,1329.258,1334.292,1319.318,1319.642,1380.0
2017-09-17 22:00:00+00:00,1319.288,1319.891,1304.602,1306.378,1380.0
2017-09-18 22:00:00+00:00,1306.178,1311.642,1305.138,1310.891,1380.0
2017-09-19 22:00:00+00:00,1310.968,1315.968,1296.008,1300.742,1380.0
2017-09-20 22:00:00+00:00,1301.018,1301.692,1288.161,1290.388,1381.0
2017-09-21 22:00:00+00:00,1290.999,1298.689,1290.958,1297.131,1379.0
2017-09-24 22:00:00+00:00,1297.972,1311.921,1289.428,1310.551,1380.0
2017-09-25 22:00:00+00:00,1310.178,1313.602,1292.169,1293.522,1380.0
2017-09-26 22:00:00+00:00,1293.928,1296.208,1281.451,1282.562,1380.0
2017-09-27 22:00:00+00:00,1282.108,1288.741,1277.682,1285.578,1380.0
2017-09-28 22:00:00+00:00,1286.878,1290.332,1275.751,1278.502,1380.0
2017-10-01 22:00:00+00:00,1279.541,1280.072,1269.328,1270.742,1380.0
2017-10-02 22:00:00+00:00,1270.168,1274.701,1268.298,1271.471,1380.0
2017-10-03 22:00:00+00:00,1271.588,1282.172,1270.592,1274.612,1379.0
2017-10-04 22:00:00+00:00,1274.721,1278.962,1266.328,1268.051,1380.0
2017-10-05 22:00:00+00:00,1268.159,1276.492,1260.581,1276.262,1379.0
2017-10-08 22:00:00+00:00,1276.051,1285.431,1275.251,1283.742,1380.0
2017-10-09 22:00:00+00:00,1284.008,1294.169,1282.081,1287.422,1380.0
2017-10-10 22:00:00+00:00,1287.808,1293.491,1284.538,1290.378,1380.0
2017-10-11 22:00:00+00:00,1291.929,1297.431,1289.631,1292.758,1380.0
2017-10-12 22:00:00+00:00,1293.359,1303.772,1290.858,1303.511,1379.0
2017-10-15 22:00:00+00:00,1303.131,1306.012,1290.482,1294.209,1380.0
2017-10-16 22:00:00+00:00,1294.839,1296.218,1281.518,1285.071,1379.0
2017-10-17 22:00:00+00:00,1284.932,1288.851,1276.972,1280.621,1380.0
2017-10-18 22:00:00+00:00,1280.599,1290.499,1276.639,1289.128,1380.0
2017-10-19 22:00:00+00:00,1289.438,1291.038,1277.921,1280.061,1379.0
2017-10-22 22:00:00+00:00,1279.421,1283.231,1272.518,1281.018,1380.0
2017-10-23 22:00:00+00:00,1281.848,1283.612,1273.701,1276.591,1379.0
2017-10-24 22:00:00+00:00,1276.538,1279.981,1271.0,1277.051,1380.0
2017-10-25 22:00:00+00:00,1277.129,1282.499,1265.682,1266.872,1380.0
2017-10-26 22:00:00+00:00,1266.869,1273.972,1263.479,1273.791,1379.0
2017-10-29 22:00:00+00:00,1272.779,1278.772,1268.948,1276.132,1380.0
2017-10-30 22:00:00+00:00,1276.259,1278.108,1267.661,1270.911,1380.0
2017-10-31 22:00:00+00:00,1271.048,1280.849,1267.941,1274.551,1380.0
2017-11-01 22:00:00+00:00,1274.408,1284.068,1273.332,1275.902,1380.0
2017-11-02 22:00:00+00:00,1276.559,1280.142,1265.469,1269.712,1380.0
2017-11-05 22:00:00+00:00,1269.901,1282.862,1266.042,1280.848,1380.0
2017-11-06 22:00:00+00:00,1281.721,1281.821,1271.862,1274.872,1380.0
2017-11-07 22:00:00+00:00,1275.821,1287.142,1275.821,1281.221,1380.0
2017-11-08 22:00:00+00:00,1281.721,1288.699,1279.931,1284.631,1380.0
2017-11-09 22:00:00+00:00,1285.292,1287.031,1273.392,1275.3,1379.0
2017-11-12 22:00:00+00:00,1274.851,1279.722,1274.261,1277.179,1380.0
2017-11-13 22:00:00+00:00,1278.032,1283.552,1269.902,1279.967,1380.0
2017-11-14 22:00:00+00:00,1279.821,1289.451,1276.678,1278.102,1379.0
2017-11-15 22:00:00+00:00,1278.121,1281.742,1275.101,1278.202,1380.0
2017-11-16 22:00:00+00:00,1278.592,1296.941,1278.171,1294.071,1379.0
2017-11-19 22:00:00+00:00,1293.372,1294.749,1274.569,1276.591,1380.0
2017-11-20 22:00:00+00:00,1277.031,1284.702,1276.37,1280.231,1380.0
2017-11-21 22:00:00+00:00,1280.432,1294.658,1279.05,1291.108,1380.0
2017-11-22 22:00:00+00:00,1291.871,1293.502,1287.041,1291.021,1140.0
2017-11-23 22:00:00+00:00,1291.471,1293.202,1285.669,1288.448,1185.0
2017-11-26 22:00:00+00:00,1289.121,1299.168,1286.721,1294.272,1379.0
2017-11-27 22:00:00+00:00,1294.341,1297.377,1290.601,1292.568,1380.0
2017-11-28 22:00:00+00:00,1293.461,1296.621,1281.991,1283.472,1379.0
2017-11-29 22:00:00+00:00,1283.831,1285.232,1270.371,1274.158,1380.0
2017-11-30 22:00:00+00:00,1274.361,1289.209,1271.619,1280.201,1379.0
2017-12-03 22:00:00+00:00,1274.522,1277.131,1271.051,1275.852,1380.0
2017-12-04 22:00:00+00:00,1275.981,1276.982,1260.932,1265.571,1380.0
2017-12-05 22:00:00+00:00,1266.142,1269.218,1262.289,1262.398,1380.0
2017-12-06 22:00:00+00:00,1263.031,1264.422,1243.901,1246.109,1380.0
2017-12-07 22:00:00+00:00,1247.301,1252.312,1243.639,1248.371,1379.0
2017-12-10 22:00:00+00:00,1247.121,1251.518,1240.672,1241.691,1380.0
2017-12-11 22:00:00+00:00,1241.631,1246.179,1236.461,1244.322,1379.0
2017-12-12 22:00:00+00:00,1244.151,1257.068,1240.248,1255.532,1379.0
2017-12-13 22:00:00+00:00,1255.031,1259.022,1250.461,1252.028,1380.0
2017-12-14 22:00:00+00:00,1252.721,1261.809,1252.611,1254.972,1379.0
2017-12-17 22:00:00+00:00,1254.771,1263.922,1252.742,1261.289,1380.0
2017-12-18 22:00:00+00:00,1261.922,1265.212,1259.211,1261.542,1380.0
2017-12-19 22:00:00+00:00,1261.462,1267.839,1261.341,1265.311,1380.0
2017-12-20 22:00:00+00:00,1265.332,1268.959,1262.749,1266.371,1380.0
2017-12-21 22:00:00+00:00,1266.431,1276.121,1264.941,1274.752,1379.0
2017-12-25 22:00:00+00:00,1274.271,1283.798,1273.248,1282.762,1379.0
2017-12-26 22:00:00+00:00,1282.862,1288.979,1281.311,1287.072,1379.0
2017-12-27 22:00:00+00:00,1286.832,1295.171,1286.741,1293.559,1380.0
2017-12-28 22:00:00+00:00,1294.642,1307.552,1293.791,1302.622,1379.0
2018-01-01 22:00:00+00:00,1302.922,1318.852,1302.231,1316.958,1380.0
2018-01-02 22:00:00+00:00,1317.502,1321.401,1307.428,1312.851,1380.0
2018-01-03 22:00:00+00:00,1313.402,1325.969,1305.869,1322.432,1380.0
2018-01-04 22:00:00+00:00,1322.441,1323.362,1313.639,1319.221,1379.0
2018-01-07 22:00:00+00:00,1320.422,1322.101,1314.781,1320.231,1380.0
2018-01-08 22:00:00+00:00,1320.281,1320.302,1308.822,1311.848,1380.0
2018-01-09 22:00:00+00:00,1312.292,1327.691,1308.168,1316.391,1380.0
2018-01-10 22:00:00+00:00,1316.571,1323.902,1315.678,1321.489,1380.0
2018-01-11 22:00:00+00:00,1322.471,1339.301,1321.501,1337.532,1379.0
2018-01-14 22:00:00+00:00,1336.621,1344.672,1335.842,1339.938,1141.0
2018-01-15 22:00:00+00:00,1340.221,1342.221,1331.841,1338.261,1380.0
2018-01-16 22:00:00+00:00,1338.512,1343.931,1325.911,1326.011,1380.0
2018-01-17 22:00:00+00:00,1327.031,1333.089,1324.251,1326.637,1379.0
2018-01-18 22:00:00+00:00,1326.831,1338.039,1326.231,1331.601,1379.0
2018-01-21 22:00:00+00:00,1334.041,1335.627,1328.409,1333.831,1380.0
2018-01-22 22:00:00+00:00,1333.791,1341.771,1331.342,1340.907,1380.0
2018-01-23 22:00:00+00:00,1341.542,1361.991,1339.451,1357.358,1380.0
2018-01-24 22:00:00+00:00,1357.502,1366.002,1342.408,1347.698,1380.0
2018-01-25 22:00:00+00:00,1347.231,1357.111,1344.611,1349.198,1380.0
2018-01-28 22:00:00+00:00,1349.639,1352.358,1337.601,1339.969,1380.0
2018-01-29 22:00:00+00:00,1340.652,1348.882,1334.421,1338.248,1380.0
2018-01-30 22:00:00+00:00,1338.372,1347.522,1332.639,1344.628,1380.0
2018-01-31 22:00:00+00:00,1344.852,1351.009,1337.211,1348.248,1380.0
2018-02-01 22:00:00+00:00,1348.641,1350.049,1327.401,1332.598,1380.0
2018-02-04 22:00:00+00:00,1332.021,1341.591,1328.971,1339.179,1380.0
2018-02-05 22:00:00+00:00,1339.641,1346.062,1320.178,1323.848,1380.0
2018-02-06 22:00:00+00:00,1323.701,1332.279,1311.368,1318.119,1380.0
2018-02-07 22:00:00+00:00,1317.702,1322.151,1307.018,1318.358,1380.0
2018-02-08 22:00:00+00:00,1317.741,1322.671,1311.138,1315.688,1380.0
2018-02-11 22:00:00+00:00,1315.272,1326.631,1314.129,1322.359,1380.0
2018-02-12 22:00:00+00:00,1322.428,1330.991,1321.558,1329.199,1380.0
2018-02-13 22:00:00+00:00,1329.321,1355.54,1318.0,1350.308,1380.0
2018-02-14 22:00:00+00:00,1349.642,1357.079,1348.548,1353.148,1380.0
2018-02-15 22:00:00+00:00,1353.311,1361.682,1344.749,1346.878,1380.0
2018-02-18 22:00:00+00:00,1347.462,1351.351,1345.789,1346.432,1150.0
2018-02-19 22:00:00+00:00,1346.221,1348.188,1328.451,1328.879,1380.0
2018-02-20 22:00:00+00:00,1329.189,1336.208,1322.341,1324.319,1380.0
2018-02-21 22:00:00+00:00,1324.048,1332.082,1320.898,1331.728,1380.0
2018-02-22 22:00:00+00:00,1331.511,1332.111,1325.768,1328.478,1380.0
2018-02-25 22:00:00+00:00,1328.162,1341.042,1326.631,1333.048,1380.0
2018-02-26 22:00:00+00:00,1333.148,1336.699,1313.389,1317.948,1380.0
2018-02-27 22:00:00+00:00,1317.639,1322.522,1315.581,1317.859,1380.0
2018-02-28 22:00:00+00:00,1317.921,1321.118,1302.758,1316.618,1380.0
2018-03-01 22:00:00+00:00,1316.861,1325.411,1315.178,1322.358,1380.0
2018-03-04 22:00:00+00:00,1323.672,1327.752,1317.508,1319.769,1380.0
2018-03-05 22:00:00+00:00,1319.932,1338.449,1319.839,1334.288,1380.0
2018-03-06 22:00:00+00:00,1337.551,1340.468,1322.172,1325.208,1380.0
2018-03-07 22:00:00+00:00,1325.221,1328.992,1319.008,1321.699,1380.0
2018-03-08 22:00:00+00:00,1321.681,1325.118,1312.829,1322.909,1380.0
2018-03-11 22:00:00+00:00,1323.272,1324.219,1315.048,1322.851,1380.0
2018-03-12 22:00:00+00:00,1322.728,1328.268,1313.938,1326.181,1380.0
2018-03-13 22:00:00+00:00,1325.769,1329.989,1321.458,1324.581,1380.0
2018-03-14 22:00:00+00:00,1324.418,1327.892,1315.0,1316.001,1380.0
2018-03-15 22:00:00+00:00,1316.169,1321.698,1309.619,1314.082,1380.0
2018-03-18 22:00:00+00:00,1313.138,1319.592,1307.739,1316.652,1380.0
2018-03-19 22:00:00+00:00,1316.568,1318.209,1307.171,1311.151,1380.0
2018-03-20 22:00:00+00:00,1310.949,1336.582,1309.808,1332.081,1380.0
2018-03-21 22:00:00+00:00,1331.858,1334.838,1324.761,1328.831,1380.0
2018-03-22 22:00:00+00:00,1328.928,1350.218,1328.928,1346.981,1380.0
2018-03-25 22:00:00+00:00,1347.122,1355.872,1343.439,1352.378,1380.0
2018-03-26 22:00:00+00:00,1353.429,1356.788,1339.818,1344.772,1379.0
2018-03-27 22:00:00+00:00,1345.138,1346.972,1323.5,1324.821,1380.0
2018-03-28 22:00:00+00:00,1324.468,1328.269,1321.178,1325.071,1379.0
2018-04-01 22:00:00+00:00,1325.742,1344.792,1324.811,1341.121,1380.0
2018-04-02 22:00:00+00:00,1340.478,1342.491,1329.0,1332.672,1380.0
2018-04-03 22:00:00+00:00,1332.628,1348.218,1331.469,1333.071,1380.0
2018-04-04 22:00:00+00:00,1332.578,1334.848,1322.737,1326.371,1380.0
2018-04-05 22:00:00+00:00,1326.138,1335.361,1319.651,1332.991,1380.0
2018-04-08 22:00:00+00:00,1333.971,1337.902,1326.811,1336.172,1380.0
2018-04-09 22:00:00+00:00,1336.088,1342.578,1331.049,1339.272,1380.0
2018-04-10 22:00:00+00:00,1339.068,1365.172,1339.039,1352.299,1380.0
2018-04-11 22:00:00+00:00,1352.678,1353.151,1333.722,1334.772,1380.0
2018-04-12 22:00:00+00:00,1334.619,1347.111,1333.178,1345.241,1379.0
2018-04-15 22:00:00+00:00,1345.941,1350.439,1340.102,1345.572,1380.0
2018-04-16 22:00:00+00:00,1345.608,1349.341,1337.648,1346.92,1380.0
2018-04-17 22:00:00+00:00,1347.469,1355.652,1342.251,1349.221,1380.0
2018-04-18 22:00:00+00:00,1349.179,1354.662,1340.909,1345.391,1380.0
2018-04-19 22:00:00+00:00,1345.928,1346.262,1335.0,1335.142,1379.0
2018-04-22 22:00:00+00:00,1334.171,1335.419,1322.078,1324.621,1379.0
2018-04-23 22:00:00+00:00,1324.419,1332.631,1322.0,1329.559,1379.0
2018-04-24 22:00:00+00:00,1329.818,1331.982,1318.721,1322.972,1380.0
2018-04-25 22:00:00+00:00,1322.819,1326.521,1315.198,1316.822,1379.0
2018-04-26 22:00:00+00:00,1316.699,1325.162,1315.258,1323.218,1379.0
2018-04-29 22:00:00+00:00,1322.909,1325.348,1310.168,1315.081,1367.0
2018-04-30 22:00:00+00:00,1314.959,1316.292,1301.678,1303.821,1380.0
2018-05-01 22:00:00+00:00,1303.809,1313.361,1303.748,1304.148,1380.0
2018-05-02 22:00:00+00:00,1304.358,1318.068,1304.348,1311.971,1380.0
2018-05-03 22:00:00+00:00,1311.778,1315.411,1308.0,1314.811,1379.0
2018-05-06 22:00:00+00:00,1315.058,1318.889,1310.198,1314.121,1380.0
2018-05-07 22:00:00+00:00,1313.428,1317.762,1306.028,1313.409,1380.0
2018-05-08 22:00:00+00:00,1314.578,1317.382,1304.201,1312.621,1380.0
2018-05-09 22:00:00+00:00,1312.378,1322.831,1310.698,1320.228,1380.0
2018-05-10 22:00:00+00:00,1321.248,1325.901,1317.202,1317.909,1379.0
2018-05-13 22:00:00+00:00,1318.291,1322.311,1312.911,1313.121,1378.0
2018-05-14 22:00:00+00:00,1312.618,1314.819,1288.662,1290.261,1380.0
2018-05-15 22:00:00+00:00,1289.768,1296.829,1286.349,1290.572,1380.0
2018-05-16 22:00:00+00:00,1290.209,1294.348,1285.081,1290.721,1380.0
2018-05-17 22:00:00+00:00,1290.658,1294.151,1286.038,1292.868,1379.0
2018-05-20 22:00:00+00:00,1290.421,1293.081,1282.029,1292.522,1379.0
2018-05-21 22:00:00+00:00,1292.798,1296.121,1287.898,1291.021,1380.0
2018-05-22 22:00:00+00:00,1290.908,1298.442,1287.879,1293.101,1380.0
2018-05-23 22:00:00+00:00,1294.089,1306.581,1292.718,1304.672,1379.0
2018-05-24 22:00:00+00:00,1304.318,1307.758,1299.809,1301.349,1379.0
2018-05-27 22:00:00+00:00,1299.588,1300.282,1295.448,1298.018,1140.0
2018-05-28 22:00:00+00:00,1297.551,1306.608,1292.738,1298.871,1379.0
2018-05-29 22:00:00+00:00,1298.218,1304.338,1295.858,1300.797,1380.0
2018-05-30 22:00:00+00:00,1301.178,1306.418,1297.391,1298.172,1380.0
2018-05-31 22:00:00+00:00,1298.719,1300.521,1289.252,1292.811,1380.0
2018-06-03 22:00:00+00:00,1292.622,1298.021,1290.3,1290.888,1380.0
2018-06-04 22:00:00+00:00,1292.188,1300.472,1289.868,1295.767,1380.0
2018-06-05 22:00:00+00:00,1296.088,1301.772,1293.739,1296.282,1379.0
2018-06-06 22:00:00+00:00,1296.338,1303.099,1294.839,1296.337,1380.0
2018-06-07 22:00:00+00:00,1296.879,1300.539,1293.252,1298.438,1379.0
2018-06-10 22:00:00+00:00,1299.778,1302.209,1294.059,1299.841,1379.0
2018-06-11 22:00:00+00:00,1298.679,1300.472,1293.218,1295.451,1380.0
2018-06-12 22:00:00+00:00,1295.848,1301.191,1291.409,1299.322,1380.0
2018-06-13 22:00:00+00:00,1299.248,1309.271,1297.488,1301.861,1379.0
2018-06-14 22:00:00+00:00,1302.278,1303.062,1275.348,1279.558,1379.0
2018-06-17 22:00:00+00:00,1277.272,1282.342,1276.978,1278.0,1379.0
2018-06-18 22:00:00+00:00,1278.128,1284.028,1270.388,1273.908,1380.0
2018-06-19 22:00:00+00:00,1274.549,1276.372,1267.331,1267.671,1379.0
2018-06-20 22:00:00+00:00,1267.418,1270.079,1261.352,1267.0,1380.0
2018-06-21 22:00:00+00:00,1267.0,1271.146,1266.688,1269.071,1379.0
2018-06-24 22:00:00+00:00,1270.001,1272.551,1264.481,1264.729,1380.0
2018-06-25 22:00:00+00:00,1265.608,1267.629,1254.788,1258.308,1380.0
2018-06-26 22:00:00+00:00,1258.609,1260.048,1250.671,1251.359,1379.0
2018-06-27 22:00:00+00:00,1251.659,1254.238,1245.918,1247.609,1379.0
2018-06-28 22:00:00+00:00,1247.788,1255.569,1246.109,1252.529,1379.0
2018-07-01 22:00:00+00:00,1251.521,1254.178,1239.638,1241.028,1379.0
2018-07-02 22:00:00+00:00,1240.978,1256.822,1237.949,1252.312,1380.0
2018-07-03 22:00:00+00:00,1252.099,1261.051,1252.0,1256.808,1140.0
2018-07-04 22:00:00+00:00,1256.689,1259.699,1251.279,1256.649,1379.0
2018-07-05 22:00:00+00:00,1257.158,1258.881,1252.778,1254.768,1379.0
2018-07-08 22:00:00+00:00,1255.348,1265.868,1254.728,1257.581,1380.0
2018-07-09 22:00:00+00:00,1257.289,1260.309,1247.299,1255.272,1378.0
2018-07-10 22:00:00+00:00,1255.589,1256.849,1241.498,1241.901,1379.0
2018-07-11 22:00:00+00:00,1241.588,1248.528,1241.258,1246.741,1380.0
2018-07-12 22:00:00+00:00,1247.109,1248.058,1236.338,1241.439,1379.0
2018-07-15 22:00:00+00:00,1240.969,1245.528,1238.288,1240.661,1380.0
2018-07-16 22:00:00+00:00,1240.418,1244.939,1226.018,1227.521,1380.0
2018-07-17 22:00:00+00:00,1227.108,1229.118,1221.058,1227.202,1380.0
2018-07-18 22:00:00+00:00,1227.099,1228.998,1211.509,1222.682,1380.0
2018-07-19 22:00:00+00:00,1223.008,1232.228,1215.659,1231.551,1379.0
2018-07-22 22:00:00+00:00,1231.371,1235.082,1222.3,1224.372,1380.0
2018-07-23 22:00:00+00:00,1224.279,1229.479,1218.101,1224.222,1380.0
2018-07-24 22:00:00+00:00,1224.039,1234.182,1223.208,1231.371,1380.0
2018-07-25 22:00:00+00:00,1231.389,1235.131,1222.289,1222.422,1379.0
2018-07-26 22:00:00+00:00,1222.859,1227.312,1217.538,1222.679,1379.0
2018-07-29 22:00:00+00:00,1222.622,1225.029,1219.008,1220.698,1378.0
2018-07-30 22:00:00+00:00,1221.598,1228.519,1213.938,1222.648,1380.0
2018-07-31 22:00:00+00:00,1223.329,1224.762,1215.777,1215.777,1379.0
2018-08-01 22:00:00+00:00,1215.678,1221.268,1206.829,1206.859,1379.0
2018-08-02 22:00:00+00:00,1207.828,1219.978,1204.5,1213.218,1379.0
2018-08-05 22:00:00+00:00,1213.532,1217.828,1205.549,1205.549,1379.0
2018-08-06 22:00:00+00:00,1207.188,1216.109,1207.068,1210.438,1379.0
2018-08-07 22:00:00+00:00,1210.638,1215.801,1206.431,1213.465,1380.0
2018-08-08 22:00:00+00:00,1213.619,1217.239,1210.749,1211.832,1379.0
2018-08-09 22:00:00+00:00,1212.288,1217.072,1205.668,1210.988,1379.0
2018-08-12 22:00:00+00:00,1210.672,1213.818,1191.619,1193.401,1379.0
2018-08-13 22:00:00+00:00,1194.088,1198.679,1191.998,1193.972,1380.0
2018-08-14 22:00:00+00:00,1194.089,1194.619,1173.071,1174.621,1380.0
2018-08-15 22:00:00+00:00,1175.619,1181.992,1160.168,1173.971,1380.0
2018-08-16 22:00:00+00:00,1173.709,1185.002,1171.838,1184.678,1379.0
2018-08-19 22:00:00+00:00,1183.329,1190.782,1182.778,1190.471,1374.0
2018-08-20 22:00:00+00:00,1190.318,1196.959,1187.638,1196.121,1380.0
2018-08-21 22:00:00+00:00,1196.798,1201.558,1192.572,1195.601,1380.0
2018-08-22 22:00:00+00:00,1195.829,1196.542,1183.859,1185.052,1380.0
2018-08-23 22:00:00+00:00,1185.219,1208.512,1183.118,1205.592,1379.0
2018-08-26 22:00:00+00:00,1206.868,1212.399,1203.111,1211.098,1379.0
2018-08-27 22:00:00+00:00,1211.369,1214.239,1199.599,1200.861,1380.0
2018-08-28 22:00:00+00:00,1200.798,1207.228,1200.708,1205.269,1379.0
2018-08-29 22:00:00+00:00,1206.499,1207.808,1196.258,1199.592,1380.0
2018-08-30 22:00:00+00:00,1200.188,1208.819,1198.229,1200.737,1379.0
2018-09-02 22:00:00+00:00,1200.138,1203.808,1195.648,1201.199,1140.0
2018-09-03 22:00:00+00:00,1201.519,1201.969,1189.569,1191.131,1380.0
2018-09-04 22:00:00+00:00,1191.208,1198.331,1190.878,1196.287,1380.0
2018-09-05 22:00:00+00:00,1196.469,1206.941,1195.778,1199.649,1379.0
2018-09-06 22:00:00+00:00,1199.828,1203.481,1193.418,1195.629,1379.0
2018-09-09 22:00:00+00:00,1195.018,1198.439,1191.498,1195.722,1380.0
2018-09-10 22:00:00+00:00,1194.969,1199.368,1187.698,1198.521,1380.0
2018-09-11 22:00:00+00:00,1198.008,1208.429,1192.658,1206.122,1379.0
2018-09-12 22:00:00+00:00,1206.778,1212.609,1200.148,1201.271,1378.0
2018-09-13 22:00:00+00:00,1201.198,1208.512,1192.878,1193.249,1379.0
2018-09-16 22:00:00+00:00,1193.971,1204.779,1192.758,1201.022,1379.0
2018-09-17 22:00:00+00:00,1201.348,1203.492,1195.838,1198.021,1380.0
2018-09-18 22:00:00+00:00,1197.939,1206.169,1197.521,1203.771,1380.0
2018-09-19 22:00:00+00:00,1203.869,1208.372,1201.269,1206.931,1380.0
2018-09-20 22:00:00+00:00,1207.179,1211.012,1191.789,1199.468,1379.0
2018-09-23 22:00:00+00:00,1198.819,1204.138,1194.399,1198.548,1379.0
2018-09-24 22:00:00+00:00,1198.438,1203.269,1197.078,1199.908,1379.0
2018-09-25 22:00:00+00:00,1200.718,1202.428,1190.478,1194.172,1380.0
2018-09-26 22:00:00+00:00,1194.659,1198.509,1182.0,1182.411,1366.0
2018-09-27 22:00:00+00:00,1182.438,1193.841,1180.718,1191.762,1379.0
2018-09-30 22:00:00+00:00,1192.309,1192.339,1184.541,1188.641,1380.0
2018-10-01 22:00:00+00:00,1188.628,1208.211,1188.419,1202.871,1380.0
2018-10-02 22:00:00+00:00,1203.168,1208.278,1196.766,1197.171,1380.0
2018-10-03 22:00:00+00:00,1197.478,1206.702,1195.968,1199.721,1380.0
2018-10-04 22:00:00+00:00,1199.661,1205.759,1197.238,1202.691,1378.0
2018-10-07 22:00:00+00:00,1203.038,1204.039,1182.542,1187.688,1379.0
2018-10-08 22:00:00+00:00,1188.238,1191.838,1183.258,1189.622,1380.0
2018-10-09 22:00:00+00:00,1189.248,1194.731,1185.308,1194.401,1380.0
2018-10-10 22:00:00+00:00,1194.758,1226.282,1191.229,1223.248,1380.0
2018-10-11 22:00:00+00:00,1224.029,1224.088,1215.798,1217.768,1379.0
2018-10-14 22:00:00+00:00,1217.529,1233.238,1216.808,1226.568,1379.0
2018-10-15 22:00:00+00:00,1226.768,1232.361,1223.401,1224.372,1380.0
2018-10-16 22:00:00+00:00,1224.309,1229.451,1220.549,1222.111,1380.0
2018-10-17 22:00:00+00:00,1221.948,1230.091,1218.638,1225.451,1380.0
2018-10-18 22:00:00+00:00,1225.548,1230.752,1223.058,1225.981,1379.0
2018-10-21 22:00:00+00:00,1227.242,1229.551,1220.011,1221.838,1379.0
2018-10-22 22:00:00+00:00,1221.811,1239.712,1221.691,1229.861,1378.0
2018-10-23 22:00:00+00:00,1230.429,1233.651,1225.579,1233.382,1379.0
2018-10-24 22:00:00+00:00,1234.168,1239.171,1228.079,1231.868,1379.0
2018-10-25 22:00:00+00:00,1231.688,1243.378,1230.008,1233.333,1379.0
2018-10-28 22:00:00+00:00,1233.547,1235.383,1224.223,1229.216,1380.0
2018-10-29 22:00:00+00:00,1229.896,1230.494,1219.85,1222.793,1377.0
2018-10-30 22:00:00+00:00,1223.01,1223.193,1211.8,1214.443,1374.0
2018-10-31 22:00:00+00:00,1214.99,1237.328,1214.593,1232.978,1371.0
2018-11-01 22:00:00+00:00,1233.765,1236.348,1229.665,1232.625,1373.0
2018-11-04 22:00:00+00:00,1232.598,1235.048,1226.798,1231.145,1377.0
2018-11-05 22:00:00+00:00,1231.438,1235.868,1223.418,1226.515,1376.0
2018-11-06 22:00:00+00:00,1226.838,1236.418,1222.945,1226.085,1379.0
2018-11-07 22:00:00+00:00,1226.358,1227.035,1220.028,1223.245,1378.0
2018-11-08 22:00:00+00:00,1223.438,1223.555,1206.635,1209.635,1376.0
2018-11-11 22:00:00+00:00,1208.925,1211.395,1200.338,1200.338,1380.0
2018-11-12 22:00:00+00:00,1200.538,1205.115,1196.195,1201.998,1378.0
2018-11-13 22:00:00+00:00,1202.288,1216.458,1197.605,1210.545,1376.0
2018-11-14 22:00:00+00:00,1210.868,1216.378,1207.528,1212.975,1374.0
2018-11-15 22:00:00+00:00,1213.465,1225.218,1213.068,1221.085,1375.0
2018-11-18 22:00:00+00:00,1221.935,1225.288,1217.955,1223.735,1377.0
2018-11-19 22:00:00+00:00,1223.918,1228.698,1219.838,1221.305,1375.0
2018-11-20 22:00:00+00:00,1221.695,1230.078,1219.695,1225.655,1367.0
2018-11-21 22:00:00+00:00,1225.918,1229.015,1224.795,1227.165,1136.0
2018-11-22 22:00:00+00:00,1226.848,1228.488,1220.258,1222.885,1182.0
2018-11-25 22:00:00+00:00,1223.298,1227.958,1221.635,1221.925,1376.0
2018-11-26 22:00:00+00:00,1221.828,1225.195,1211.835,1214.685,1376.0
2018-11-27 22:00:00+00:00,1214.778,1226.648,1211.128,1220.855,1376.0
2018-11-28 22:00:00+00:00,1221.005,1228.918,1220.398,1223.875,1374.0
2018-11-29 22:00:00+00:00,1224.148,1225.475,1216.605,1222.025,1377.0
2018-12-02 22:00:00+00:00,1222.948,1234.898,1221.205,1230.335,1376.0
2018-12-03 22:00:00+00:00,1230.948,1241.878,1230.418,1238.165,1375.0
2018-12-04 22:00:00+00:00,1238.918,1239.168,1233.245,1236.925,1375.0
2018-12-05 22:00:00+00:00,1237.475,1244.248,1234.685,1237.405,1371.0
2018-12-06 22:00:00+00:00,1237.725,1249.968,1237.218,1248.205,1378.0
2018-12-09 22:00:00+00:00,1249.675,1250.828,1241.515,1244.125,1377.0
2018-12-10 22:00:00+00:00,1244.435,1249.425,1240.958,1242.795,1375.0
2018-12-11 22:00:00+00:00,1242.998,1247.178,1241.905,1245.265,1379.0
2018-12-12 22:00:00+00:00,1245.948,1246.668,1240.048,1241.585,1375.0
2018-12-13 22:00:00+00:00,1241.635,1242.948,1232.858,1238.115,1378.0
2018-12-16 22:00:00+00:00,1239.015,1248.038,1235.725,1245.495,1373.0
2018-12-17 22:00:00+00:00,1245.705,1250.348,1244.995,1249.331,1375.0
2018-12-18 22:00:00+00:00,1249.775,1257.955,1241.605,1242.705,1375.0
2018-12-19 22:00:00+00:00,1243.115,1266.398,1242.655,1259.495,1379.0
2018-12-20 22:00:00+00:00,1259.975,1262.658,1254.0,1255.435,1378.0
2018-12-23 22:00:00+00:00,1257.348,1269.955,1256.848,1268.935,1184.0
2018-12-25 22:00:00+00:00,1268.765,1279.018,1264.168,1266.745,1377.0
2018-12-26 22:00:00+00:00,1266.585,1278.928,1266.335,1275.335,1375.0
2018-12-27 22:00:00+00:00,1275.105,1282.068,1274.205,1280.555,1377.0
2018-12-30 22:00:00+00:00,1280.235,1283.998,1277.365,1282.185,1376.0
2019-01-01 22:00:00+00:00,1282.295,1288.668,1278.625,1284.215,1379.0
2019-01-02 22:00:00+00:00,1285.105,1294.855,1284.485,1293.865,1377.0
2019-01-03 22:00:00+00:00,1293.885,1298.538,1276.565,1284.945,1377.0
2019-01-06 22:00:00+00:00,1285.048,1294.998,1282.555,1288.895,1376.0
2019-01-07 22:00:00+00:00,1288.875,1290.158,1279.315,1284.845,1371.0
2019-01-08 22:00:00+00:00,1284.755,1293.848,1280.0,1293.145,1375.0
2019-01-09 22:00:00+00:00,1293.465,1297.018,1286.035,1286.285,1379.0
2019-01-10 22:00:00+00:00,1286.565,1295.088,1286.535,1287.175,1376.0
2019-01-13 22:00:00+00:00,1287.348,1295.805,1287.248,1291.358,1377.0
2019-01-14 22:00:00+00:00,1291.825,1294.685,1286.665,1289.125,1377.0
2019-01-15 22:00:00+00:00,1289.685,1294.915,1287.805,1293.335,1375.0
2019-01-16 22:00:00+00:00,1293.915,1295.318,1288.875,1291.625,1374.0
2019-01-17 22:00:00+00:00,1292.065,1292.375,1280.555,1281.265,1376.0
2019-01-20 22:00:00+00:00,1281.455,1283.465,1276.718,1280.138,1137.0
2019-01-21 22:00:00+00:00,1279.535,1285.425,1277.365,1284.825,1377.0
2019-01-22 22:00:00+00:00,1284.905,1286.438,1278.605,1282.395,1375.0
2019-01-23 22:00:00+00:00,1282.665,1284.725,1276.585,1280.855,1367.0
2019-01-24 22:00:00+00:00,1280.725,1303.525,1280.0,1302.935,1367.0
2019-01-27 22:00:00+00:00,1301.335,1304.335,1297.615,1302.965,1377.0
2019-01-28 22:00:00+00:00,1302.925,1311.948,1302.635,1311.345,1377.0
2019-01-29 22:00:00+00:00,1311.255,1323.298,1308.945,1319.035,1378.0
2019-01-30 22:00:00+00:00,1320.195,1326.248,1317.385,1320.915,1375.0
2019-01-31 22:00:00+00:00,1321.215,1323.465,1316.085,1317.265,1380.0
2019-02-03 22:00:00+00:00,1317.925,1318.965,1308.535,1311.795,1370.0
2019-02-04 22:00:00+00:00,1312.115,1316.825,1310.625,1314.715,1376.0
2019-02-05 22:00:00+00:00,1314.998,1315.765,1305.515,1306.165,1379.0
2019-02-06 22:00:00+00:00,1306.445,1311.878,1302.705,1309.745,1369.0
2019-02-07 22:00:00+00:00,1309.865,1315.568,1307.698,1313.945,1379.0
2019-02-10 22:00:00+00:00,1314.098,1314.815,1303.595,1307.745,1377.0
2019-02-11 22:00:00+00:00,1307.975,1314.668,1306.405,1310.475,1378.0
2019-02-12 22:00:00+00:00,1310.805,1318.078,1304.975,1305.915,1376.0
2019-02-13 22:00:00+00:00,1305.685,1314.308,1302.288,1312.075,1377.0
2019-02-14 22:00:00+00:00,1312.265,1322.555,1311.328,1321.035,1375.0
2019-02-17 22:00:00+00:00,1320.882,1327.545,1320.405,1326.375,1134.0
2019-02-18 22:00:00+00:00,1326.145,1341.778,1322.778,1340.565,1378.0
2019-02-19 22:00:00+00:00,1340.305,1346.655,1336.798,1338.065,1376.0
2019-02-20 22:00:00+00:00,1338.705,1341.425,1320.858,1323.345,1380.0
2019-02-21 22:00:00+00:00,1323.495,1333.038,1321.468,1327.885,1380.0
2019-02-24 22:00:00+00:00,1328.835,1332.485,1325.115,1327.185,1380.0
2019-02-25 22:00:00+00:00,1326.975,1330.128,1323.445,1328.605,1363.0
2019-02-26 22:00:00+00:00,1328.335,1329.808,1316.815,1319.465,1333.0
2019-02-27 22:00:00+00:00,1319.275,1327.228,1312.518,1312.835,1376.0
2019-02-28 22:00:00+00:00,1313.475,1315.138,1290.098,1293.055,1380.0
2019-03-03 22:00:00+00:00,1292.705,1296.995,1282.758,1286.498,1377.0
2019-03-04 22:00:00+00:00,1286.215,1289.535,1281.128,1287.525,1371.0
2019-03-05 22:00:00+00:00,1287.515,1290.885,1283.545,1285.145,1376.0
2019-03-06 22:00:00+00:00,1285.575,1288.975,1280.485,1285.125,1374.0
2019-03-07 22:00:00+00:00,1285.935,1300.708,1285.128,1298.055,1374.0
2019-03-10 22:00:00+00:00,1297.765,1299.045,1290.395,1293.255,1375.0
2019-03-11 22:00:00+00:00,1293.385,1302.148,1291.988,1300.722,1373.0
2019-03-12 22:00:00+00:00,1301.215,1311.168,1300.505,1307.915,1368.0
2019-03-13 22:00:00+00:00,1308.735,1310.275,1292.775,1295.155,1370.0
2019-03-14 22:00:00+00:00,1295.845,1306.328,1293.928,1301.875,1368.0
2019-03-17 22:00:00+00:00,1301.855,1306.668,1298.155,1303.355,1377.0
2019-03-18 22:00:00+00:00,1303.498,1310.835,1302.288,1306.255,1370.0
2019-03-19 22:00:00+00:00,1305.045,1316.938,1298.605,1311.895,1366.0
2019-03-20 22:00:00+00:00,1312.955,1320.305,1303.205,1309.145,1372.0
2019-03-21 22:00:00+00:00,1309.115,1314.898,1306.778,1313.075,1375.0
2019-03-24 22:00:00+00:00,1313.105,1324.448,1310.958,1321.698,1371.0
2019-03-25 22:00:00+00:00,1321.555,1323.165,1312.625,1315.477,1379.0
2019-03-26 22:00:00+00:00,1315.505,1319.258,1308.065,1308.305,1376.0
2019-03-27 22:00:00+00:00,1309.665,1312.245,1288.455,1289.855,1375.0
2019-03-28 22:00:00+00:00,1289.955,1299.745,1286.668,1291.885,1375.0
2019-03-31 22:00:00+00:00,1292.025,1296.955,1286.425,1287.365,1378.0
2019-04-01 22:00:00+00:00,1287.305,1292.528,1285.145,1292.282,1370.0
2019-04-02 22:00:00+00:00,1292.145,1294.488,1288.335,1289.525,1369.0
2019-04-03 22:00:00+00:00,1289.895,1294.338,1280.848,1291.995,1369.0
2019-04-04 22:00:00+00:00,1292.145,1293.508,1284.325,1291.185,1377.0
2019-04-07 22:00:00+00:00,1291.305,1303.648,1291.205,1297.3,1372.0
2019-04-08 22:00:00+00:00,1297.365,1306.138,1296.535,1303.695,1373.0
2019-04-09 22:00:00+00:00,1303.765,1310.518,1300.858,1307.665,1376.0
2019-04-10 22:00:00+00:00,1307.885,1309.108,1289.548,1292.468,1380.0
2019-04-11 22:00:00+00:00,1292.175,1295.708,1290.0,1290.177,1374.0
2019-04-14 22:00:00+00:00,1291.075,1291.858,1282.448,1287.165,1377.0
2019-04-15 22:00:00+00:00,1287.525,1288.678,1272.905,1276.535,1378.0
2019-04-16 22:00:00+00:00,1276.455,1279.688,1272.898,1273.745,1373.0
2019-04-17 22:00:00+00:00,1273.575,1277.628,1271.105,1275.475,1376.0
2019-04-21 22:00:00+00:00,1275.598,1279.765,1273.725,1274.625,1369.0
2019-04-22 22:00:00+00:00,1275.045,1276.428,1266.198,1272.022,1375.0
2019-04-23 22:00:00+00:00,1272.025,1278.468,1268.698,1274.735,1376.0
2019-04-24 22:00:00+00:00,1275.735,1282.528,1273.308,1276.965,1375.0
2019-04-25 22:00:00+00:00,1276.885,1288.608,1273.725,1285.695,1378.0
2019-04-28 22:00:00+00:00,1286.275,1286.618,1277.988,1279.465,1365.0
2019-04-29 22:00:00+00:00,1279.695,1286.118,1279.465,1282.415,1374.0
2019-04-30 22:00:00+00:00,1283.055,1287.188,1273.0,1276.588,1376.0
2019-05-01 22:00:00+00:00,1276.648,1277.945,1266.195,1269.999,1375.0
2019-05-02 22:00:00+00:00,1270.525,1282.468,1268.268,1278.775,1363.0
2019-05-05 22:00:00+00:00,1280.305,1285.728,1276.935,1280.278,1378.0
2019-05-06 22:00:00+00:00,1281.035,1286.015,1278.155,1282.997,1372.0
2019-05-07 22:00:00+00:00,1283.915,1291.415,1279.275,1280.605,1369.0
2019-05-08 22:00:00+00:00,1280.105,1288.138,1279.528,1282.825,1377.0
2019-05-09 22:00:00+00:00,1283.915,1289.338,1283.068,1285.505,1375.0
2019-05-12 22:00:00+00:00,1287.485,1301.165,1281.935,1299.515,1377.0
2019-05-13 22:00:00+00:00,1300.005,1303.245,1293.665,1296.868,1376.0
2019-05-14 22:00:00+00:00,1296.695,1300.848,1292.948,1295.915,1372.0
2019-05-15 22:00:00+00:00,1296.545,1298.688,1284.035,1285.905,1375.0
2019-05-16 22:00:00+00:00,1286.665,1288.868,1274.748,1277.485,1379.0
2019-05-19 22:00:00+00:00,1277.535,1278.948,1273.608,1277.087,1376.0
2019-05-20 22:00:00+00:00,1277.355,1277.848,1269.455,1274.525,1367.0
2019-05-21 22:00:00+00:00,1274.615,1277.268,1272.415,1273.218,1376.0
2019-05-22 22:00:00+00:00,1273.235,1287.218,1272.755,1283.298,1377.0
2019-05-23 22:00:00+00:00,1283.365,1285.168,1280.695,1284.615,1372.0
2019-05-26 22:00:00+00:00,1284.655,1287.318,1283.705,1284.945,1138.0
2019-05-27 22:00:00+00:00,1284.925,1286.548,1276.055,1278.345,1373.0
2019-05-28 22:00:00+00:00,1279.305,1285.465,1279.015,1279.835,1375.0
2019-05-29 22:00:00+00:00,1279.825,1289.158,1274.948,1288.095,1375.0
2019-05-30 22:00:00+00:00,1288.045,1306.878,1287.878,1305.295,1376.0
2019-06-02 22:00:00+00:00,1306.918,1327.898,1305.835,1323.305,1379.0
2019-06-03 22:00:00+00:00,1324.955,1329.005,1319.905,1324.857,1380.0
2019-06-04 22:00:00+00:00,1325.088,1344.048,1324.448,1329.862,1375.0
2019-06-05 22:00:00+00:00,1331.018,1339.748,1327.158,1334.587,1377.0
2019-06-06 22:00:00+00:00,1335.345,1348.198,1330.205,1340.388,1374.0
2019-06-09 22:00:00+00:00,1336.848,1337.658,1325.028,1327.748,1378.0
2019-06-10 22:00:00+00:00,1327.408,1329.808,1319.815,1326.468,1370.0
2019-06-11 22:00:00+00:00,1326.525,1338.348,1325.938,1333.218,1379.0
2019-06-12 22:00:00+00:00,1333.895,1343.058,1332.325,1341.342,1376.0
2019-06-13 22:00:00+00:00,1342.078,1358.088,1337.738,1340.888,1379.0
2019-06-16 22:00:00+00:00,1341.785,1343.505,1332.915,1339.358,1376.0
2019-06-17 22:00:00+00:00,1339.685,1354.605,1338.545,1346.328,1374.0
2019-06-18 22:00:00+00:00,1346.265,1362.528,1341.195,1359.527,1379.0
2019-06-19 22:00:00+00:00,1360.315,1393.928,1357.638,1387.767,1379.0
2019-06-20 22:00:00+00:00,1387.195,1411.805,1382.5,1399.158,1380.0
2019-06-23 22:00:00+00:00,1400.075,1421.278,1399.648,1419.438,1379.0
2019-06-24 22:00:00+00:00,1419.368,1439.138,1411.808,1422.755,1379.0
2019-06-25 22:00:00+00:00,1423.815,1424.385,1401.865,1408.022,1379.0
2019-06-26 22:00:00+00:00,1409.475,1412.048,1398.548,1409.298,1379.0
2019-06-27 22:00:00+00:00,1409.768,1424.568,1405.618,1409.485,1377.0
2019-06-30 22:00:00+00:00,1397.165,1397.698,1381.715,1384.168,1380.0
2019-07-01 22:00:00+00:00,1383.915,1420.958,1383.255,1417.797,1379.0
2019-07-02 22:00:00+00:00,1418.395,1437.688,1411.975,1418.265,1378.0
2019-07-03 22:00:00+00:00,1419.245,1421.595,1410.128,1414.735,1153.0
2019-07-04 22:00:00+00:00,1416.095,1424.128,1386.518,1398.525,1379.0
2019-07-07 22:00:00+00:00,1398.975,1407.508,1391.645,1394.978,1379.0
2019-07-08 22:00:00+00:00,1394.985,1400.025,1385.658,1397.192,1380.0
2019-07-09 22:00:00+00:00,1396.915,1418.598,1389.838,1418.252,1380.0
2019-07-10 22:00:00+00:00,1418.215,1427.078,1400.738,1403.608,1380.0
2019-07-11 22:00:00+00:00,1403.785,1416.818,1403.048,1415.145,1379.0
2019-07-14 22:00:00+00:00,1415.408,1419.698,1407.655,1412.957,1379.0
2019-07-15 22:00:00+00:00,1414.485,1418.158,1400.758,1405.618,1378.0
2019-07-16 22:00:00+00:00,1406.545,1426.738,1400.018,1425.858,1379.0
2019-07-17 22:00:00+00:00,1428.915,1448.015,1414.578,1445.868,1380.0
2019-07-18 22:00:00+00:00,1446.955,1452.888,1420.098,1425.168,1379.0
2019-07-21 22:00:00+00:00,1427.598,1429.955,1422.148,1424.378,1378.0
2019-07-22 22:00:00+00:00,1425.238,1430.085,1414.138,1417.178,1379.0
2019-07-23 22:00:00+00:00,1417.488,1429.445,1416.228,1424.185,1380.0
2019-07-24 22:00:00+00:00,1425.525,1433.698,1410.968,1413.998,1374.0
2019-07-25 22:00:00+00:00,1414.065,1424.768,1413.228,1417.948,1379.0
2019-07-28 22:00:00+00:00,1418.775,1428.078,1414.718,1426.498,1379.0
2019-07-29 22:00:00+00:00,1426.485,1433.165,1422.258,1430.488,1379.0
2019-07-30 22:00:00+00:00,1431.008,1434.258,1410.385,1412.578,1379.0
2019-07-31 22:00:00+00:00,1412.815,1445.948,1400.418,1444.528,1378.0
2019-08-01 22:00:00+00:00,1444.795,1449.025,1430.225,1440.568,1381.0
2019-08-04 22:00:00+00:00,1439.898,1469.688,1436.648,1463.698,1378.0
2019-08-05 22:00:00+00:00,1468.188,1474.815,1456.315,1473.775,1380.0
2019-08-06 22:00:00+00:00,1474.185,1510.278,1472.208,1501.188,1379.0
2019-08-07 22:00:00+00:00,1500.275,1509.475,1489.948,1500.778,1380.0
2019-08-08 22:00:00+00:00,1504.578,1508.948,1494.698,1496.948,1378.0
2019-08-11 22:00:00+00:00,1497.515,1520.008,1487.258,1510.528,1380.0
2019-08-12 22:00:00+00:00,1510.775,1534.948,1479.715,1500.928,1379.0
2019-08-13 22:00:00+00:00,1501.835,1523.968,1494.085,1516.068,1381.0
2019-08-14 22:00:00+00:00,1516.435,1526.948,1507.848,1522.84,1380.0
2019-08-15 22:00:00+00:00,1523.385,1527.945,1503.635,1512.395,1378.0
2019-08-18 22:00:00+00:00,1512.398,1512.928,1493.175,1495.498,1379.0
2019-08-19 22:00:00+00:00,1495.838,1508.508,1492.848,1506.898,1380.0
2019-08-20 22:00:00+00:00,1507.548,1508.028,1496.445,1502.298,1378.0
2019-08-21 22:00:00+00:00,1502.288,1504.518,1492.425,1497.898,1377.0
2019-08-22 22:00:00+00:00,1498.268,1530.188,1493.475,1526.598,1379.0
2019-08-25 22:00:00+00:00,1535.278,1555.048,1524.955,1527.198,1380.0
2019-08-26 22:00:00+00:00,1527.095,1544.608,1525.538,1542.278,1379.0
2019-08-27 22:00:00+00:00,1541.988,1546.805,1531.848,1538.798,1379.0
2019-08-28 22:00:00+00:00,1539.208,1550.315,1519.608,1527.065,1380.0
2019-08-29 22:00:00+00:00,1527.708,1533.055,1517.0,1519.998,1378.0
2019-09-01 22:00:00+00:00,1528.325,1533.948,1519.305,1528.698,1147.0
2019-09-02 22:00:00+00:00,1529.515,1549.655,1521.455,1546.698,1380.0
2019-09-03 22:00:00+00:00,1546.845,1556.958,1533.825,1551.798,1380.0
2019-09-04 22:00:00+00:00,1551.918,1552.918,1506.115,1518.698,1380.0
2019-09-05 22:00:00+00:00,1517.218,1527.798,1502.488,1506.398,1380.0
2019-09-08 22:00:00+00:00,1507.968,1515.415,1497.548,1498.498,1380.0
2019-09-09 22:00:00+00:00,1498.688,1500.948,1484.418,1485.398,1380.0
2019-09-10 22:00:00+00:00,1485.618,1498.188,1484.998,1496.798,1380.0
2019-09-11 22:00:00+00:00,1496.548,1524.118,1489.208,1498.708,1379.0
2019-09-12 22:00:00+00:00,1498.708,1508.938,1485.735,1488.5,1378.0
2019-09-15 22:00:00+00:00,1506.838,1512.065,1495.815,1497.898,1380.0
2019-09-16 22:00:00+00:00,1498.618,1507.008,1493.408,1500.898,1380.0
2019-09-17 22:00:00+00:00,1501.085,1511.558,1483.155,1493.642,1380.0
2019-09-18 22:00:00+00:00,1494.088,1504.468,1488.908,1498.428,1380.0
2019-09-19 22:00:00+00:00,1499.218,1516.978,1497.878,1516.598,1380.0
2019-09-22 22:00:00+00:00,1513.988,1526.748,1510.968,1521.798,1380.0
2019-09-23 22:00:00+00:00,1522.078,1535.638,1515.525,1531.798,1380.0
2019-09-24 22:00:00+00:00,1531.298,1535.048,1500.375,1503.398,1380.0
2019-09-25 22:00:00+00:00,1503.928,1512.235,1500.108,1504.198,1379.0
2019-09-26 22:00:00+00:00,1504.195,1507.308,1486.768,1496.498,1380.0
2019-09-29 22:00:00+00:00,1494.568,1500.465,1464.445,1471.998,1379.0
2019-09-30 22:00:00+00:00,1472.048,1487.138,1459.008,1478.222,1378.0
2019-10-01 22:00:00+00:00,1478.638,1505.048,1474.455,1499.398,1380.0
2019-10-02 22:00:00+00:00,1499.488,1519.488,1495.725,1504.698,1379.0
2019-10-03 22:00:00+00:00,1505.348,1515.658,1495.927,1504.298,1380.0
2019-10-06 22:00:00+00:00,1511.868,1512.215,1487.958,1492.988,1379.0
2019-10-07 22:00:00+00:00,1492.998,1509.618,1486.845,1505.048,1380.0
2019-10-08 22:00:00+00:00,1505.598,1512.438,1499.768,1505.198,1380.0
2019-10-09 22:00:00+00:00,1505.248,1516.948,1491.015,1493.598,1380.0
2019-10-10 22:00:00+00:00,1493.728,1503.115,1473.925,1488.598,1377.0
2019-10-13 22:00:00+00:00,1488.128,1497.068,1482.728,1492.798,1378.0
2019-10-14 22:00:00+00:00,1493.008,1498.388,1477.098,1480.598,1376.0
2019-10-15 22:00:00+00:00,1480.858,1491.478,1476.995,1489.678,1376.0
2019-10-16 22:00:00+00:00,1490.198,1497.308,1483.385,1491.398,1376.0
2019-10-17 22:00:00+00:00,1491.718,1494.008,1484.825,1489.598,1378.0
2019-10-20 22:00:00+00:00,1491.338,1495.208,1481.405,1484.098,1379.0
2019-10-21 22:00:00+00:00,1484.198,1488.908,1480.768,1487.198,1375.0
2019-10-22 22:00:00+00:00,1487.488,1496.268,1487.488,1491.798,1376.0
2019-10-23 22:00:00+00:00,1492.145,1503.948,1487.915,1503.498,1378.0
2019-10-24 22:00:00+00:00,1503.328,1517.948,1500.558,1504.198,1378.0
2019-10-27 22:00:00+00:00,1504.508,1508.155,1489.948,1492.098,1380.0
2019-10-28 22:00:00+00:00,1491.968,1494.715,1483.398,1487.198,1375.0
2019-10-29 22:00:00+00:00,1488.015,1496.598,1481.048,1495.198,1379.0
2019-10-30 22:00:00+00:00,1495.578,1514.148,1493.628,1512.498,1378.0
2019-10-31 22:00:00+00:00,1512.548,1515.938,1503.218,1513.998,1377.0
2019-11-03 22:00:00+00:00,1513.908,1514.758,1504.395,1509.345,1376.0
2019-11-04 22:00:00+00:00,1509.578,1509.585,1479.275,1483.275,1380.0
2019-11-05 22:00:00+00:00,1482.948,1494.118,1482.278,1490.155,1380.0
2019-11-06 22:00:00+00:00,1490.0,1492.148,1460.498,1467.935,1380.0
2019-11-07 22:00:00+00:00,1467.788,1472.868,1456.118,1458.485,1379.0
2019-11-10 22:00:00+00:00,1459.278,1466.375,1448.155,1455.335,1372.0
2019-11-11 22:00:00+00:00,1455.118,1460.335,1445.545,1455.965,1379.0
2019-11-12 22:00:00+00:00,1456.188,1466.995,1455.598,1463.025,1374.0
2019-11-13 22:00:00+00:00,1463.278,1474.535,1461.038,1470.605,1379.0
2019-11-14 22:00:00+00:00,1471.098,1471.248,1462.355,1467.885,1378.0
2019-11-17 22:00:00+00:00,1467.158,1473.935,1456.285,1470.985,1380.0
2019-11-18 22:00:00+00:00,1471.148,1475.328,1464.898,1471.625,1376.0
2019-11-19 22:00:00+00:00,1472.238,1478.728,1465.838,1471.115,1379.0
2019-11-20 22:00:00+00:00,1474.818,1475.575,1462.275,1463.535,1379.0
2019-11-21 22:00:00+00:00,1464.038,1473.188,1461.295,1461.785,1374.0
2019-11-24 22:00:00+00:00,1460.218,1462.085,1453.995,1454.865,1379.0
2019-11-25 22:00:00+00:00,1454.638,1462.848,1450.0,1460.945,1377.0
2019-11-26 22:00:00+00:00,1461.098,1461.765,1452.535,1454.025,1373.0
2019-11-27 22:00:00+00:00,1454.458,1458.208,1454.195,1455.388,1139.0
2019-11-28 22:00:00+00:00,1455.588,1466.528,1453.115,1463.448,1203.0
2019-12-01 22:00:00+00:00,1464.048,1465.268,1453.885,1462.055,1375.0
2019-12-02 22:00:00+00:00,1462.198,1481.718,1459.768,1477.115,1379.0
2019-12-03 22:00:00+00:00,1476.928,1483.988,1471.365,1474.285,1379.0
2019-12-04 22:00:00+00:00,1474.488,1480.308,1472.855,1475.685,1374.0
2019-12-05 22:00:00+00:00,1475.578,1479.788,1458.635,1459.785,1372.0
2019-12-08 22:00:00+00:00,1459.418,1465.318,1458.548,1461.245,1378.0
2019-12-09 22:00:00+00:00,1461.348,1469.128,1459.965,1463.745,1378.0
2019-12-10 22:00:00+00:00,1463.838,1478.848,1462.598,1474.365,1378.0
2019-12-11 22:00:00+00:00,1474.618,1486.708,1463.778,1469.455,1378.0
2019-12-12 22:00:00+00:00,1467.728,1477.968,1461.648,1475.455,1380.0
2019-12-15 22:00:00+00:00,1475.098,1479.848,1473.108,1475.815,1379.0
2019-12-16 22:00:00+00:00,1475.798,1480.488,1474.135,1475.765,1376.0
2019-12-17 22:00:00+00:00,1475.698,1479.248,1470.405,1474.305,1370.0
2019-12-18 22:00:00+00:00,1475.128,1481.668,1473.205,1478.425,1375.0
2019-12-19 22:00:00+00:00,1478.678,1480.908,1475.768,1477.785,1366.0
2019-12-22 22:00:00+00:00,1478.128,1486.058,1477.425,1485.285,1378.0
2019-12-23 22:00:00+00:00,1485.178,1500.465,1484.298,1498.445,1178.0
2019-12-25 22:00:00+00:00,1499.358,1512.548,1497.215,1511.005,1377.0
2019-12-26 22:00:00+00:00,1511.158,1515.268,1507.288,1510.775,1380.0
2019-12-29 22:00:00+00:00,1511.458,1516.048,1510.715,1514.805,1375.0
2019-12-30 22:00:00+00:00,1514.568,1525.235,1514.478,1516.915,1377.0
2020-01-01 22:00:00+00:00,1518.768,1531.328,1517.115,1528.825,1377.0
2020-01-02 22:00:00+00:00,1528.568,1553.515,1527.848,1551.515,1380.0
2020-01-05 22:00:00+00:00,1559.735,1585.625,1559.735,1565.445,1380.0
2020-01-06 22:00:00+00:00,1565.108,1577.248,1555.248,1573.945,1380.0
2020-01-07 22:00:00+00:00,1575.238,1611.325,1552.178,1556.095,1380.0
2020-01-08 22:00:00+00:00,1556.528,1561.285,1540.105,1551.685,1380.0
2020-01-09 22:00:00+00:00,1552.198,1563.008,1545.665,1561.785,1380.0
2020-01-12 22:00:00+00:00,1561.318,1561.318,1546.408,1547.475,1379.0
2020-01-13 22:00:00+00:00,1547.848,1548.745,1535.828,1545.665,1378.0
2020-01-14 22:00:00+00:00,1546.258,1558.148,1545.818,1555.775,1383.0
2020-01-15 22:00:00+00:00,1556.298,1558.035,1547.975,1551.965,1378.0
2020-01-16 22:00:00+00:00,1552.398,1561.155,1549.295,1556.945,1380.0
2020-01-19 22:00:00+00:00,1557.128,1562.705,1556.268,1560.478,1137.0
2020-01-20 22:00:00+00:00,1560.708,1568.508,1546.238,1557.855,1380.0
2020-01-21 22:00:00+00:00,1558.638,1559.168,1550.3,1558.475,1380.0
2020-01-22 22:00:00+00:00,1558.498,1567.848,1551.798,1562.455,1380.0
2020-01-23 22:00:00+00:00,1562.328,1575.785,1556.455,1571.455,1378.0
2020-01-26 22:00:00+00:00,1579.248,1588.345,1575.798,1581.705,1380.0
2020-01-27 22:00:00+00:00,1581.348,1582.965,1565.388,1566.835,1380.0
2020-01-28 22:00:00+00:00,1566.758,1577.948,1563.335,1576.295,1380.0
2020-01-29 22:00:00+00:00,1576.598,1585.888,1572.155,1573.945,1380.0
2020-01-30 22:00:00+00:00,1573.778,1590.528,1570.905,1589.325,1379.0
2020-02-02 22:00:00+00:00,1593.388,1593.488,1569.188,1576.365,1379.0
2020-02-03 22:00:00+00:00,1577.098,1579.545,1548.965,1552.505,1379.0
2020-02-04 22:00:00+00:00,1552.508,1562.368,1547.425,1555.685,1380.0
2020-02-05 22:00:00+00:00,1555.688,1568.178,1552.385,1566.335,1380.0
2020-02-06 22:00:00+00:00,1566.618,1574.008,1559.875,1570.198,1380.0
2020-02-09 22:00:00+00:00,1571.248,1576.928,1567.905,1571.755,1380.0
2020-02-10 22:00:00+00:00,1571.688,1573.978,1561.925,1567.565,1377.0
2020-02-11 22:00:00+00:00,1567.578,1570.398,1561.728,1565.715,1380.0
2020-02-12 22:00:00+00:00,1565.965,1578.248,1565.495,1575.625,1379.0
2020-02-13 22:00:00+00:00,1575.838,1584.948,1572.975,1583.648,1380.0
2020-02-16 22:00:00+00:00,1581.858,1583.698,1578.798,1581.008,1137.0
2020-02-17 22:00:00+00:00,1584.018,1605.018,1582.298,1601.215,1380.0
2020-02-18 22:00:00+00:00,1601.378,1612.888,1599.455,1611.315,1379.0
2020-02-19 22:00:00+00:00,1612.118,1623.658,1603.785,1618.955,1380.0
2020-02-20 22:00:00+00:00,1619.638,1649.165,1618.895,1643.148,1380.0
2020-02-23 22:00:00+00:00,1654.598,1689.255,1650.838,1659.095,1380.0
2020-02-24 22:00:00+00:00,1658.828,1663.805,1624.898,1634.385,1380.0
2020-02-25 22:00:00+00:00,1635.188,1654.895,1624.785,1640.608,1380.0
2020-02-26 22:00:00+00:00,1640.838,1660.368,1635.145,1644.708,1380.0
2020-02-27 22:00:00+00:00,1644.108,1649.388,1562.848,1585.435,1380.0
2020-03-01 22:00:00+00:00,1591.378,1610.958,1575.315,1589.108,1380.0
2020-03-02 22:00:00+00:00,1585.198,1649.208,1584.768,1640.528,1380.0
2020-03-03 22:00:00+00:00,1640.258,1652.548,1631.798,1636.578,1380.0
2020-03-04 22:00:00+00:00,1637.288,1674.498,1634.888,1671.928,1380.0
2020-03-05 22:00:00+00:00,1672.348,1692.088,1642.128,1673.548,1380.0
2020-03-08 22:00:00+00:00,1694.895,1703.318,1657.308,1680.118,1371.0
2020-03-09 22:00:00+00:00,1679.668,1680.398,1641.495,1648.948,1380.0
2020-03-10 22:00:00+00:00,1649.448,1671.158,1632.935,1634.498,1380.0
2020-03-11 22:00:00+00:00,1633.778,1649.965,1560.508,1576.748,1380.0
2020-03-12 22:00:00+00:00,1579.228,1597.825,1504.398,1529.348,1380.0
2020-03-15 22:00:00+00:00,1567.348,1575.305,1451.148,1513.768,1380.0
2020-03-16 22:00:00+00:00,1512.078,1553.808,1465.468,1527.838,1380.0
2020-03-17 22:00:00+00:00,1527.168,1546.248,1472.625,1485.478,1380.0
2020-03-18 22:00:00+00:00,1485.868,1500.828,1463.975,1470.528,1380.0
2020-03-19 22:00:00+00:00,1470.308,1516.045,1454.898,1498.698,1380.0
2020-03-22 22:00:00+00:00,1503.768,1561.198,1482.258,1552.638,1380.0
2020-03-23 22:00:00+00:00,1554.928,1632.918,1552.788,1629.638,1366.0
2020-03-24 22:00:00+00:00,1628.728,1639.18,1594.682,1615.258,1368.0
2020-03-25 22:00:00+00:00,1615.948,1645.052,1595.301,1627.325,1380.0
2020-03-26 22:00:00+00:00,1626.658,1635.238,1612.838,1626.148,1382.0
2020-03-29 22:00:00+00:00,1639.458,1639.458,1610.098,1621.905,1381.0
2020-03-30 22:00:00+00:00,1619.298,1623.408,1574.188,1575.948,1380.0
2020-03-31 22:00:00+00:00,1573.038,1599.988,1567.468,1589.595,1380.0
2020-04-01 22:00:00+00:00,1588.468,1619.94,1582.818,1611.118,1380.0
2020-04-02 22:00:00+00:00,1611.388,1625.498,1605.625,1617.048,1380.0
2020-04-05 22:00:00+00:00,1615.578,1668.648,1609.0,1660.905,1380.0
2020-04-06 22:00:00+00:00,1658.738,1674.828,1642.128,1646.08,1380.0
2020-04-07 22:00:00+00:00,1646.08,1656.288,1640.398,1644.258,1378.0
2020-04-08 22:00:00+00:00,1644.0,1689.948,1644.0,1682.148,1379.0
2020-04-12 22:00:00+00:00,1686.218,1722.548,1675.0,1713.868,1380.0
2020-04-13 22:00:00+00:00,1709.478,1747.625,1708.735,1725.875,1380.0
2020-04-14 22:00:00+00:00,1727.188,1730.998,1707.518,1716.288,1380.0
2020-04-15 22:00:00+00:00,1716.578,1738.648,1707.498,1716.428,1380.0
2020-04-16 22:00:00+00:00,1713.928,1719.388,1679.125,1681.998,1380.0
2020-04-19 22:00:00+00:00,1679.878,1702.138,1671.598,1694.798,1380.0
2020-04-20 22:00:00+00:00,1692.618,1697.796,1659.298,1685.008,1380.0
2020-04-21 22:00:00+00:00,1683.238,1718.555,1679.908,1713.058,1380.0
2020-04-22 22:00:00+00:00,1713.038,1738.558,1707.328,1729.228,1380.0
2020-04-23 22:00:00+00:00,1729.398,1736.208,1710.508,1727.698,1379.0
2020-04-26 22:00:00+00:00,1726.388,1727.248,1705.995,1713.358,1380.0
2020-04-27 22:00:00+00:00,1713.408,1715.945,1691.678,1707.465,1380.0
2020-04-28 22:00:00+00:00,1706.758,1717.398,1697.805,1712.378,1380.0
2020-04-29 22:00:00+00:00,1711.598,1721.598,1681.068,1685.998,1380.0
2020-04-30 22:00:00+00:00,1684.838,1705.068,1670.418,1698.818,1380.0
2020-05-03 22:00:00+00:00,1697.878,1713.228,1691.328,1701.758,1380.0
2020-05-04 22:00:00+00:00,1700.968,1711.568,1689.788,1704.988,1380.0
2020-05-05 22:00:00+00:00,1705.328,1708.071,1682.008,1685.068,1380.0
2020-05-06 22:00:00+00:00,1681.518,1721.888,1681.308,1715.248,1380.0
2020-05-07 22:00:00+00:00,1715.218,1723.148,1700.545,1701.408,1380.0
2020-05-10 22:00:00+00:00,1701.558,1712.058,1691.825,1697.408,1380.0
2020-05-11 22:00:00+00:00,1696.038,1710.698,1693.605,1702.068,1380.0
2020-05-12 22:00:00+00:00,1700.368,1718.018,1699.348,1715.568,1380.0
2020-05-13 22:00:00+00:00,1715.568,1736.348,1710.828,1730.315,1379.0
2020-05-14 22:00:00+00:00,1729.248,1751.398,1728.428,1741.628,1380.0
2020-05-17 22:00:00+00:00,1734.868,1765.018,1727.458,1732.305,1380.0
2020-05-18 22:00:00+00:00,1730.418,1747.818,1726.205,1744.408,1381.0
2020-05-19 22:00:00+00:00,1744.288,1753.735,1742.528,1747.628,1379.0
2020-05-20 22:00:00+00:00,1747.088,1748.538,1717.155,1727.362,1380.0
2020-05-21 22:00:00+00:00,1725.518,1739.955,1724.278,1733.648,1380.0
2020-05-24 22:00:00+00:00,1731.308,1734.318,1721.168,1728.075,1140.0
2020-05-25 22:00:00+00:00,1727.928,1735.325,1708.558,1710.128,1380.0
2020-05-26 22:00:00+00:00,1708.238,1715.895,1693.598,1708.778,1380.0
2020-05-27 22:00:00+00:00,1710.378,1727.428,1706.988,1717.438,1380.0
2020-05-28 22:00:00+00:00,1716.608,1737.773,1712.428,1728.695,1380.0
2020-05-31 22:00:00+00:00,1735.808,1744.525,1727.553,1738.988,1380.0
2020-06-01 22:00:00+00:00,1734.288,1745.008,1721.215,1727.158,1380.0
2020-06-02 22:00:00+00:00,1726.348,1731.908,1689.245,1699.108,1380.0
2020-06-03 22:00:00+00:00,1695.038,1721.863,1695.038,1713.518,1380.0
2020-06-04 22:00:00+00:00,1713.058,1715.988,1670.745,1684.758,1380.0
2020-06-07 22:00:00+00:00,1674.868,1700.618,1674.868,1697.978,1380.0
2020-06-08 22:00:00+00:00,1696.838,1720.668,1692.025,1711.828,1380.0
2020-06-09 22:00:00+00:00,1712.788,1739.675,1707.695,1738.158,1379.0
2020-06-10 22:00:00+00:00,1737.388,1744.575,1721.445,1727.208,1380.0
2020-06-11 22:00:00+00:00,1726.888,1742.948,1722.135,1729.728,1380.0
2020-06-14 22:00:00+00:00,1730.258,1735.258,1704.025,1724.885,1380.0
2020-06-15 22:00:00+00:00,1724.848,1732.748,1716.535,1726.795,1380.0
2020-06-16 22:00:00+00:00,1726.598,1730.165,1712.548,1726.495,1380.0
2020-06-17 22:00:00+00:00,1721.198,1737.438,1717.435,1722.355,1380.0
2020-06-18 22:00:00+00:00,1718.678,1745.168,1718.678,1743.268,1380.0
2020-06-21 22:00:00+00:00,1750.178,1763.058,1742.598,1754.408,1383.0
2020-06-22 22:00:00+00:00,1754.438,1770.998,1747.295,1767.648,1381.0
2020-06-23 22:00:00+00:00,1768.408,1779.388,1760.138,1760.138,1380.0
2020-06-24 22:00:00+00:00,1759.038,1768.785,1753.548,1763.155,1379.0
2020-06-25 22:00:00+00:00,1763.258,1771.948,1747.368,1770.898,1382.0
2020-06-28 22:00:00+00:00,1774.918,1775.748,1765.538,1772.218,1380.0
2020-06-29 22:00:00+00:00,1769.788,1785.85,1764.425,1780.378,1379.0
2020-06-30 22:00:00+00:00,1780.278,1789.008,1758.948,1769.598,1380.0
2020-07-01 22:00:00+00:00,1769.758,1779.425,1757.438,1774.648,1380.0
2020-07-02 22:00:00+00:00,1775.258,1777.048,1772.588,1774.818,1140.0
2020-07-05 22:00:00+00:00,1773.368,1786.918,1769.818,1784.098,1380.0
2020-07-06 22:00:00+00:00,1782.688,1797.358,1773.398,1794.468,1383.0
2020-07-07 22:00:00+00:00,1794.718,1817.848,1791.448,1808.338,1380.0
2020-07-08 22:00:00+00:00,1805.018,1815.855,1795.258,1802.988,1380.0
2020-07-09 22:00:00+00:00,1801.258,1810.496,1793.935,1798.088,1379.0
2020-07-12 22:00:00+00:00,1799.188,1813.198,1797.708,1802.238,1379.0
2020-07-13 22:00:00+00:00,1802.538,1810.788,1790.418,1808.878,1377.0
2020-07-14 22:00:00+00:00,1807.838,1814.916,1802.228,1809.828,1379.0
2020-07-15 22:00:00+00:00,1809.648,1813.138,1794.788,1796.588,1379.0
2020-07-16 22:00:00+00:00,1796.458,1811.878,1795.608,1809.248,1379.0
2020-07-19 22:00:00+00:00,1808.838,1820.438,1805.565,1817.498,1380.0
2020-07-20 22:00:00+00:00,1817.288,1843.398,1815.668,1841.465,1380.0
2020-07-21 22:00:00+00:00,1839.208,1871.948,1839.208,1870.908,1380.0
2020-07-22 22:00:00+00:00,1871.758,1898.228,1863.909,1886.958,1380.0
2020-07-23 22:00:00+00:00,1885.228,1906.458,1881.265,1901.098,1380.0
2020-07-26 22:00:00+00:00,1901.988,1945.515,1899.638,1941.978,1387.0
2020-07-27 22:00:00+00:00,1941.508,1980.98,1906.645,1957.218,1380.0
2020-07-28 22:00:00+00:00,1957.688,1980.798,1941.328,1970.378,1380.0
2020-07-29 22:00:00+00:00,1969.588,1971.445,1939.245,1956.148,1381.0
2020-07-30 22:00:00+00:00,1956.318,1984.218,1954.908,1975.568,1381.0
2020-08-02 22:00:00+00:00,1978.898,1989.148,1960.378,1976.378,1380.0
2020-08-03 22:00:00+00:00,1976.348,2019.885,1966.725,2018.548,1380.0
2020-08-04 22:00:00+00:00,2018.518,2055.648,2009.338,2037.418,1380.0
2020-08-05 22:00:00+00:00,2038.578,2069.595,2034.385,2062.828,1380.0
2020-08-06 22:00:00+00:00,2063.348,2074.798,2015.385,2034.298,1381.0
2020-08-09 22:00:00+00:00,2033.708,2049.748,2018.638,2026.728,1380.0
2020-08-10 22:00:00+00:00,2027.498,2029.935,1901.188,1910.928,1380.0
2020-08-11 22:00:00+00:00,1909.408,1949.548,1862.318,1915.138,1318.0
2020-08-12 22:00:00+00:00,1915.718,1966.165,1912.608,1952.968,1380.0
2020-08-13 22:00:00+00:00,1953.128,1962.075,1932.025,1943.998,1380.0
2020-08-16 22:00:00+00:00,1948.718,1990.478,1929.348,1984.948,1380.0
2020-08-17 22:00:00+00:00,1984.268,2015.498,1975.898,2001.998,1380.0
2020-08-18 22:00:00+00:00,2001.728,2006.355,1924.528,1928.488,1380.0
2020-08-19 22:00:00+00:00,1928.438,1955.125,1924.688,1946.668,1380.0
2020-08-20 22:00:00+00:00,1946.738,1955.765,1911.238,1939.618,1380.0
2020-08-23 22:00:00+00:00,1939.868,1961.788,1923.608,1928.418,1380.0
2020-08-24 22:00:00+00:00,1926.628,1937.425,1914.105,1927.658,1380.0
2020-08-25 22:00:00+00:00,1930.918,1954.748,1902.678,1953.938,1380.0
2020-08-26 22:00:00+00:00,1954.288,1976.578,1909.778,1929.098,1380.0
2020-08-27 22:00:00+00:00,1928.718,1973.718,1923.288,1964.428,1380.0
2020-08-30 22:00:00+00:00,1965.378,1976.465,1954.125,1967.438,1380.0
2020-08-31 22:00:00+00:00,1967.108,1992.298,1963.115,1969.988,1380.0
2020-09-01 22:00:00+00:00,1969.408,1973.118,1932.428,1942.468,1380.0
2020-09-02 22:00:00+00:00,1942.038,1950.905,1921.658,1930.328,1380.0
2020-09-03 22:00:00+00:00,1930.958,1947.655,1916.198,1933.298,1380.0
2020-09-06 22:00:00+00:00,1929.788,1941.268,1924.288,1927.998,1140.0
2020-09-07 22:00:00+00:00,1929.298,1940.748,1906.428,1931.648,1380.0
2020-09-08 22:00:00+00:00,1931.538,1950.775,1919.935,1946.358,1380.0
2020-09-09 22:00:00+00:00,1946.388,1966.398,1941.315,1945.408,1380.0
2020-09-10 22:00:00+00:00,1944.678,1954.658,1937.008,1938.928,1380.0
2020-09-13 22:00:00+00:00,1940.548,1962.385,1937.018,1956.538,1378.0
2020-09-14 22:00:00+00:00,1956.998,1972.028,1948.278,1953.848,1378.0
2020-09-15 22:00:00+00:00,1953.048,1973.468,1949.798,1958.878,1380.0
2020-09-16 22:00:00+00:00,1958.918,1960.865,1932.745,1943.718,1380.0
2020-09-17 22:00:00+00:00,1943.648,1959.898,1943.548,1949.718,1380.0
2020-09-20 22:00:00+00:00,1949.588,1955.458,1882.375,1912.058,1380.0
2020-09-21 22:00:00+00:00,1912.448,1919.888,1894.458,1899.868,1380.0
2020-09-22 22:00:00+00:00,1900.008,1905.208,1855.678,1863.158,1380.0
2020-09-23 22:00:00+00:00,1863.348,1876.988,1848.635,1867.418,1380.0
2020-09-24 22:00:00+00:00,1867.648,1875.075,1852.298,1860.998,1380.0
2020-09-27 22:00:00+00:00,1859.448,1882.898,1848.455,1881.218,1380.0
2020-09-28 22:00:00+00:00,1880.848,1898.958,1875.308,1897.718,1380.0
2020-09-29 22:00:00+00:00,1898.028,1902.115,1881.238,1885.568,1380.0
2020-09-30 22:00:00+00:00,1885.538,1912.028,1884.555,1905.818,1380.0
2020-10-01 22:00:00+00:00,1904.978,1916.975,1889.638,1898.868,1380.0
2020-10-04 22:00:00+00:00,1903.828,1918.575,1886.898,1913.098,1380.0
2020-10-05 22:00:00+00:00,1912.568,1921.018,1874.558,1877.748,1379.0
2020-10-06 22:00:00+00:00,1878.368,1897.898,1872.748,1886.948,1380.0
2020-10-07 22:00:00+00:00,1886.638,1900.498,1881.938,1893.628,1380.0
2020-10-08 22:00:00+00:00,1893.538,1930.325,1893.378,1929.618,1380.0
2020-10-11 22:00:00+00:00,1928.788,1933.048,1918.158,1922.438,1380.0
2020-10-12 22:00:00+00:00,1922.578,1925.355,1886.308,1891.008,1380.0
2020-10-13 22:00:00+00:00,1891.078,1912.828,1882.395,1901.448,1380.0
2020-10-14 22:00:00+00:00,1901.538,1908.798,1889.438,1908.398,1380.0
2020-10-15 22:00:00+00:00,1908.208,1913.808,1897.658,1898.968,1380.0
2020-10-18 22:00:00+00:00,1899.668,1918.338,1896.878,1903.778,1380.0
2020-10-19 22:00:00+00:00,1903.498,1913.985,1894.618,1906.535,1380.0
2020-10-20 22:00:00+00:00,1907.788,1931.298,1907.788,1924.148,1380.0
2020-10-21 22:00:00+00:00,1923.798,1925.878,1894.208,1903.828,1380.0
2020-10-22 22:00:00+00:00,1903.638,1914.108,1894.198,1901.258,1380.0
2020-10-25 22:00:00+00:00,1903.298,1908.458,1891.135,1901.858,1380.0
2020-10-26 22:00:00+00:00,1901.658,1911.348,1897.718,1907.668,1380.0
2020-10-27 22:00:00+00:00,1907.758,1910.768,1869.208,1876.968,1380.0
2020-10-28 22:00:00+00:00,1876.488,1884.858,1859.868,1867.518,1380.0
2020-10-29 22:00:00+00:00,1865.898,1889.698,1864.258,1878.438,1380.0
2020-11-01 22:00:00+00:00,1876.928,1895.898,1873.308,1894.888,1380.0
2020-11-02 22:00:00+00:00,1895.148,1910.465,1886.835,1908.828,1380.0
2020-11-03 22:00:00+00:00,1908.738,1916.228,1880.635,1902.288,1380.0
2020-11-04 22:00:00+00:00,1903.038,1952.648,1902.028,1949.238,1380.0
2020-11-05 22:00:00+00:00,1948.378,1960.198,1935.468,1950.298,1380.0
2020-11-08 22:00:00+00:00,1954.688,1965.415,1850.398,1862.078,1380.0
2020-11-09 22:00:00+00:00,1864.078,1890.238,1860.138,1877.038,1380.0
2020-11-10 22:00:00+00:00,1876.858,1884.378,1856.208,1865.228,1380.0
2020-11-11 22:00:00+00:00,1864.598,1883.698,1862.588,1876.588,1380.0
2020-11-12 22:00:00+00:00,1876.928,1896.658,1873.978,1888.288,1380.0
2020-11-15 22:00:00+00:00,1888.138,1898.928,1864.498,1888.578,1380.0
2020-11-16 22:00:00+00:00,1888.663,1893.325,1876.735,1879.998,1380.0
2020-11-17 22:00:00+00:00,1879.988,1884.718,1863.508,1871.868,1380.0
2020-11-18 22:00:00+00:00,1872.068,1873.968,1852.568,1865.808,1378.0
2020-11-19 22:00:00+00:00,1865.668,1879.618,1860.908,1870.318,1380.0
2020-11-22 22:00:00+00:00,1869.943,1876.038,1830.778,1837.488,1380.0
2020-11-23 22:00:00+00:00,1838.138,1838.948,1799.988,1807.208,1380.0
2020-11-24 22:00:00+00:00,1806.838,1817.578,1801.495,1807.498,1380.0
2020-11-25 22:00:00+00:00,1807.608,1818.088,1805.634,1810.184,1140.0
2020-11-26 22:00:00+00:00,1809.463,1813.778,1774.218,1786.648,1185.0
2020-11-29 22:00:00+00:00,1787.208,1789.808,1764.245,1776.598,1380.0
2020-11-30 22:00:00+00:00,1776.291,1817.178,1775.685,1814.968,1380.0
2020-12-01 22:00:00+00:00,1815.028,1832.338,1807.405,1830.528,1376.0
2020-12-02 22:00:00+00:00,1830.178,1843.808,1823.648,1840.778,1380.0
2020-12-03 22:00:00+00:00,1840.258,1848.088,1828.988,1838.208,1380.0
2020-12-06 22:00:00+00:00,1838.528,1868.448,1821.808,1862.418,1380.0
2020-12-07 22:00:00+00:00,1862.248,1875.168,1860.148,1870.168,1378.0
2020-12-08 22:00:00+00:00,1870.578,1870.908,1825.363,1839.318,1380.0
2020-12-09 22:00:00+00:00,1839.578,1849.958,1828.528,1836.378,1380.0
2020-12-10 22:00:00+00:00,1835.948,1847.648,1823.843,1838.998,1380.0
2020-12-13 22:00:00+00:00,1840.698,1841.288,1818.268,1826.798,1379.0
2020-12-14 22:00:00+00:00,1827.588,1855.242,1825.348,1852.938,1380.0
2020-12-15 22:00:00+00:00,1852.774,1865.658,1844.663,1864.118,1380.0
2020-12-16 22:00:00+00:00,1863.808,1896.118,1861.898,1885.198,1380.0
2020-12-17 22:00:00+00:00,1885.198,1889.538,1877.275,1880.838,1380.0
2020-12-20 22:00:00+00:00,1883.818,1906.638,1854.955,1876.328,1380.0
2020-12-21 22:00:00+00:00,1876.818,1884.238,1858.845,1859.748,1379.0
2020-12-22 22:00:00+00:00,1859.225,1878.348,1856.938,1872.638,1380.0
2020-12-23 22:00:00+00:00,1872.538,1883.465,1869.378,1879.125,1184.0
2020-12-27 22:00:00+00:00,1882.921,1900.098,1869.018,1873.168,1379.0
2020-12-28 22:00:00+00:00,1872.918,1886.278,1871.595,1878.128,1380.0
2020-12-29 22:00:00+00:00,1877.388,1894.465,1875.965,1894.078,1380.0
2020-12-30 22:00:00+00:00,1894.138,1900.88,1885.308,1897.765,1380.0
2021-01-03 22:00:00+00:00,1904.998,1944.348,1903.288,1942.548,1380.0
2021-01-04 22:00:00+00:00,1941.228,1952.925,1934.178,1949.698,1380.0
2021-01-05 22:00:00+00:00,1949.978,1959.225,1900.755,1917.998,1380.0
2021-01-06 22:00:00+00:00,1918.558,1927.518,1906.705,1913.818,1380.0
2021-01-07 22:00:00+00:00,1913.828,1917.335,1828.038,1848.508,1380.0
2021-01-10 22:00:00+00:00,1849.163,1856.568,1816.888,1843.038,1380.0
2021-01-11 22:00:00+00:00,1844.638,1863.738,1836.558,1854.278,1380.0
2021-01-12 22:00:00+00:00,1854.328,1862.892,1841.808,1844.728,1380.0
2021-01-13 22:00:00+00:00,1845.232,1857.392,1828.518,1846.058,1379.0
2021-01-14 22:00:00+00:00,1845.198,1856.848,1823.235,1827.478,1380.0
2021-01-17 22:00:00+00:00,1828.608,1840.675,1802.948,1837.338,1140.0
2021-01-18 22:00:00+00:00,1837.558,1845.335,1832.843,1839.925,1380.0
2021-01-19 22:00:00+00:00,1839.712,1871.948,1832.272,1871.548,1380.0
2021-01-20 22:00:00+00:00,1870.517,1874.915,1858.131,1869.615,1380.0
2021-01-21 22:00:00+00:00,1869.192,1870.605,1837.195,1855.198,1380.0
2021-01-24 22:00:00+00:00,1854.187,1867.735,1847.025,1855.045,1380.0
2021-01-25 22:00:00+00:00,1854.983,1861.635,1848.345,1850.435,1380.0
2021-01-26 22:00:00+00:00,1849.908,1853.096,1831.227,1843.835,1380.0
2021-01-27 22:00:00+00:00,1843.467,1863.915,1833.925,1842.155,1380.0
2021-01-28 22:00:00+00:00,1842.542,1875.522,1839.418,1847.048,1380.0
2021-01-31 22:00:00+00:00,1863.422,1871.636,1848.892,1860.248,1380.0
2021-02-01 22:00:00+00:00,1860.026,1863.975,1829.317,1837.585,1380.0
2021-02-02 22:00:00+00:00,1836.827,1844.785,1829.368,1833.475,1380.0
2021-02-03 22:00:00+00:00,1833.258,1834.635,1784.888,1793.505,1380.0
2021-02-04 22:00:00+00:00,1794.024,1815.016,1791.905,1814.048,1380.0
2021-02-07 22:00:00+00:00,1816.958,1838.988,1807.665,1830.285,1380.0
2021-02-08 22:00:00+00:00,1830.233,1848.47,1828.785,1837.885,1380.0
2021-02-09 22:00:00+00:00,1837.322,1855.232,1833.915,1842.098,1380.0
2021-02-10 22:00:00+00:00,1842.848,1847.402,1821.007,1825.245,1380.0
2021-02-11 22:00:00+00:00,1824.379,1830.615,1810.395,1823.648,1380.0
2021-02-14 22:00:00+00:00,1825.118,1826.915,1815.865,1818.438,1140.0
2021-02-15 22:00:00+00:00,1818.918,1826.375,1789.385,1794.245,1380.0
2021-02-16 22:00:00+00:00,1793.83,1795.015,1769.418,1775.785,1380.0
2021-02-17 22:00:00+00:00,1775.958,1789.465,1768.305,1775.098,1380.0
2021-02-18 22:00:00+00:00,1775.588,1791.405,1760.44,1783.398,1380.0
2021-02-21 22:00:00+00:00,1781.546,1812.535,1780.545,1808.898,1380.0
2021-02-22 22:00:00+00:00,1809.198,1815.875,1795.425,1805.435,1380.0
2021-02-23 22:00:00+00:00,1804.62,1813.745,1783.445,1803.895,1380.0
2021-02-24 22:00:00+00:00,1804.897,1805.307,1765.328,1770.015,1379.0
2021-02-25 22:00:00+00:00,1770.125,1775.605,1717.09,1733.188,1380.0
2021-02-28 22:00:00+00:00,1732.746,1759.715,1719.525,1724.615,1380.0
2021-03-01 22:00:00+00:00,1724.165,1738.98,1707.066,1737.865,1380.0
2021-03-02 22:00:00+00:00,1737.353,1740.446,1701.797,1710.845,1380.0
2021-03-03 22:00:00+00:00,1710.134,1723.104,1690.258,1697.138,1380.0
2021-03-04 22:00:00+00:00,1697.658,1707.669,1687.138,1699.398,1380.0
2021-03-07 22:00:00+00:00,1701.718,1714.168,1676.696,1683.288,1380.0
2021-03-08 22:00:00+00:00,1683.443,1720.469,1680.014,1715.688,1380.0
2021-03-09 22:00:00+00:00,1714.948,1726.704,1708.141,1726.408,1380.0
2021-03-10 22:00:00+00:00,1726.041,1739.735,1719.115,1722.188,1380.0
2021-03-11 22:00:00+00:00,1721.798,1729.158,1699.078,1726.958,1380.0
2021-03-14 22:00:00+00:00,1727.188,1734.418,1721.554,1731.465,1380.0
2021-03-15 22:00:00+00:00,1731.074,1741.147,1726.114,1730.668,1380.0
2021-03-16 22:00:00+00:00,1731.358,1751.498,1724.018,1744.798,1380.0
2021-03-17 22:00:00+00:00,1744.804,1755.408,1719.115,1736.375,1380.0
2021-03-18 22:00:00+00:00,1735.639,1746.538,1728.391,1744.858,1380.0
2021-03-21 22:00:00+00:00,1746.009,1746.928,1727.238,1738.648,1380.0
2021-03-22 22:00:00+00:00,1738.466,1742.378,1724.578,1726.588,1380.0
2021-03-23 22:00:00+00:00,1726.428,1738.318,1723.624,1734.068,1380.0
2021-03-24 22:00:00+00:00,1733.884,1745.388,1721.589,1726.618,1380.0
2021-03-25 22:00:00+00:00,1726.099,1736.648,1721.498,1731.808,1380.0
2021-03-28 22:00:00+00:00,1731.268,1732.988,1705.668,1712.028,1377.0
2021-03-29 22:00:00+00:00,1711.498,1714.318,1678.6,1684.668,1380.0
2021-03-30 22:00:00+00:00,1684.668,1715.258,1677.788,1707.218,1380.0
2021-03-31 22:00:00+00:00,1707.658,1730.465,1705.638,1728.805,1380.0
2021-04-04 22:00:00+00:00,1727.929,1733.448,1721.148,1727.798,1380.0
2021-04-05 22:00:00+00:00,1727.929,1745.318,1727.058,1742.698,1380.0
2021-04-06 22:00:00+00:00,1742.529,1744.198,1730.518,1737.368,1380.0
2021-04-07 22:00:00+00:00,1736.888,1758.565,1733.058,1755.438,1380.0
2021-04-08 22:00:00+00:00,1755.235,1757.238,1731.168,1743.028,1380.0
2021-04-11 22:00:00+00:00,1743.378,1744.938,1727.318,1732.408,1380.0
2021-04-12 22:00:00+00:00,1732.248,1748.928,1723.578,1745.118,1379.0
2021-04-13 22:00:00+00:00,1745.129,1749.218,1732.505,1736.088,1380.0
2021-04-14 22:00:00+00:00,1736.013,1769.525,1734.248,1763.598,1380.0
2021-04-15 22:00:00+00:00,1762.838,1783.748,1759.618,1775.748,1380.0
2021-04-18 22:00:00+00:00,1776.998,1789.968,1766.628,1771.018,1380.0
2021-04-19 22:00:00+00:00,1770.427,1780.328,1763.505,1778.378,1380.0
2021-04-20 22:00:00+00:00,1778.418,1797.528,1776.168,1793.018,1380.0
2021-04-21 22:00:00+00:00,1793.227,1797.748,1777.328,1783.795,1378.0
2021-04-22 22:00:00+00:00,1783.158,1795.858,1769.865,1776.818,1380.0
2021-04-25 22:00:00+00:00,1775.852,1783.408,1768.617,1780.788,1380.0
2021-04-26 22:00:00+00:00,1780.688,1785.458,1773.615,1776.235,1379.0
2021-04-27 22:00:00+00:00,1776.268,1782.425,1762.498,1780.968,1380.0
2021-04-28 22:00:00+00:00,1781.068,1789.875,1756.028,1771.608,1380.0
2021-04-29 22:00:00+00:00,1771.878,1773.588,1764.108,1768.428,1380.0
2021-05-02 22:00:00+00:00,1768.87,1797.798,1765.945,1792.388,1380.0
2021-05-03 22:00:00+00:00,1792.588,1798.878,1770.638,1778.595,1380.0
2021-05-04 22:00:00+00:00,1778.708,1787.848,1770.228,1786.178,1380.0
2021-05-05 22:00:00+00:00,1786.468,1817.948,1781.878,1814.448,1380.0
2021-05-06 22:00:00+00:00,1814.558,1843.175,1812.748,1830.618,1380.0
2021-05-09 22:00:00+00:00,1833.43,1845.296,1830.0,1835.618,1380.0
2021-05-10 22:00:00+00:00,1835.216,1841.718,1817.875,1836.898,1380.0
2021-05-11 22:00:00+00:00,1836.633,1843.598,1813.145,1815.198,1379.0
2021-05-12 22:00:00+00:00,1817.038,1828.678,1808.656,1825.898,1380.0
2021-05-13 22:00:00+00:00,1826.348,1845.85,1819.566,1842.688,1380.0
2021-05-16 22:00:00+00:00,1844.528,1868.388,1840.498,1866.228,1380.0
2021-05-17 22:00:00+00:00,1866.238,1874.848,1863.105,1868.688,1380.0
2021-05-18 22:00:00+00:00,1869.088,1890.022,1852.095,1869.328,1379.0
2021-05-19 22:00:00+00:00,1868.598,1883.758,1863.735,1876.568,1380.0
2021-05-20 22:00:00+00:00,1877.258,1889.228,1869.998,1880.898,1380.0
2021-05-23 22:00:00+00:00,1882.123,1886.878,1875.058,1880.688,1379.0
2021-05-24 22:00:00+00:00,1880.0,1900.118,1872.614,1898.595,1380.0
2021-05-25 22:00:00+00:00,1898.858,1912.648,1890.588,1896.368,1380.0
2021-05-26 22:00:00+00:00,1896.508,1903.478,1888.188,1896.058,1388.0
2021-05-27 22:00:00+00:00,1896.038,1905.798,1882.135,1902.648,1380.0
2021-05-30 22:00:00+00:00,1903.338,1910.545,1902.005,1906.518,1140.0
2021-05-31 22:00:00+00:00,1907.388,1916.485,1892.265,1899.985,1380.0
2021-06-01 22:00:00+00:00,1899.628,1908.968,1894.228,1908.048,1380.0
2021-06-02 22:00:00+00:00,1907.633,1909.498,1865.185,1870.488,1380.0
2021-06-03 22:00:00+00:00,1870.008,1896.098,1855.315,1890.708,1380.0
2021-06-06 22:00:00+00:00,1891.398,1900.018,1881.415,1898.828,1380.0
2021-06-07 22:00:00+00:00,1897.968,1903.688,1883.618,1892.548,1379.0
2021-06-08 22:00:00+00:00,1892.138,1898.918,1887.238,1888.178,1380.0
2021-06-09 22:00:00+00:00,1887.668,1899.758,1869.668,1898.038,1380.0
2021-06-10 22:00:00+00:00,1897.778,1902.948,1874.378,1877.048,1379.0
2021-06-13 22:00:00+00:00,1876.758,1877.888,1844.478,1865.898,1380.0
2021-06-14 22:00:00+00:00,1865.528,1869.068,1851.478,1858.718,1380.0
2021-06-15 22:00:00+00:00,1857.978,1862.928,1803.268,1811.488,1380.0
2021-06-16 22:00:00+00:00,1810.848,1825.228,1767.128,1773.138,1380.0
2021-06-17 22:00:00+00:00,1772.427,1797.062,1760.767,1763.198,1380.0
2021-06-20 22:00:00+00:00,1763.938,1786.388,1763.838,1782.748,1380.0
2021-06-21 22:00:00+00:00,1781.922,1789.995,1772.228,1778.318,1380.0
2021-06-22 22:00:00+00:00,1778.168,1794.838,1773.208,1778.698,1380.0
2021-06-23 22:00:00+00:00,1778.308,1787.848,1772.778,1775.168,1380.0
2021-06-24 22:00:00+00:00,1774.768,1790.268,1773.588,1780.938,1380.0
2021-06-27 22:00:00+00:00,1781.227,1785.718,1770.518,1777.908,1380.0
2021-06-28 22:00:00+00:00,1777.628,1778.818,1750.488,1760.868,1380.0
2021-06-29 22:00:00+00:00,1760.878,1774.278,1753.228,1769.638,1380.0
2021-06-30 22:00:00+00:00,1769.538,1782.678,1765.528,1776.258,1380.0
2021-07-01 22:00:00+00:00,1775.338,1794.928,1774.108,1786.978,1380.0
2021-07-04 22:00:00+00:00,1786.527,1795.128,1784.338,1791.552,1140.0
2021-07-05 22:00:00+00:00,1791.368,1814.918,1789.938,1796.538,1380.0
2021-07-06 22:00:00+00:00,1796.026,1809.648,1793.746,1803.068,1380.0
2021-07-07 22:00:00+00:00,1803.298,1818.288,1794.177,1802.378,1380.0
2021-07-08 22:00:00+00:00,1801.938,1812.298,1796.558,1807.838,1380.0
2021-07-11 22:00:00+00:00,1807.568,1810.708,1791.375,1805.578,1380.0
2021-07-12 22:00:00+00:00,1805.738,1817.061,1798.508,1807.398,1380.0
2021-07-13 22:00:00+00:00,1807.117,1829.678,1804.448,1826.868,1380.0
2021-07-14 22:00:00+00:00,1826.878,1833.976,1820.13,1828.868,1380.0
2021-07-15 22:00:00+00:00,1828.638,1831.948,1808.868,1811.548,1380.0
2021-07-18 22:00:00+00:00,1810.891,1817.178,1794.865,1811.908,1380.0
2021-07-19 22:00:00+00:00,1811.966,1824.898,1804.948,1809.878,1380.0
2021-07-20 22:00:00+00:00,1809.458,1813.658,1794.608,1803.078,1380.0
2021-07-21 22:00:00+00:00,1802.488,1807.958,1792.648,1806.498,1380.0
2021-07-22 22:00:00+00:00,1806.188,1810.218,1789.407,1801.698,1380.0
2021-07-25 22:00:00+00:00,1801.992,1811.398,1796.295,1797.168,1380.0
2021-07-26 22:00:00+00:00,1797.048,1805.118,1793.488,1798.638,1380.0
2021-07-27 22:00:00+00:00,1799.177,1809.718,1792.418,1806.238,1380.0
2021-07-28 22:00:00+00:00,1806.926,1832.59,1806.687,1827.738,1380.0
2021-07-29 22:00:00+00:00,1827.168,1831.248,1810.138,1813.398,1380.0
2021-08-01 22:00:00+00:00,1813.321,1819.418,1805.638,1813.188,1380.0
2021-08-02 22:00:00+00:00,1812.938,1814.908,1807.018,1810.308,1379.0
2021-08-03 22:00:00+00:00,1809.846,1831.605,1806.325,1811.478,1379.0
2021-08-04 22:00:00+00:00,1810.996,1814.748,1797.708,1804.108,1380.0
2021-08-05 22:00:00+00:00,1803.866,1804.698,1758.578,1762.568,1379.0
2021-08-08 22:00:00+00:00,1762.888,1764.448,1670.488,1729.528,1376.0
2021-08-09 22:00:00+00:00,1729.228,1738.158,1717.598,1728.648,1380.0
2021-08-10 22:00:00+00:00,1728.398,1754.288,1723.988,1751.358,1380.0
2021-08-11 22:00:00+00:00,1750.328,1758.038,1741.478,1752.438,1379.0
2021-08-12 22:00:00+00:00,1751.918,1779.848,1751.568,1779.218,1380.0
2021-08-15 22:00:00+00:00,1778.127,1789.198,1770.699,1786.998,1380.0
2021-08-16 22:00:00+00:00,1787.028,1795.437,1780.448,1785.758,1380.0
2021-08-17 22:00:00+00:00,1785.638,1793.638,1777.208,1787.208,1380.0
2021-08-18 22:00:00+00:00,1786.828,1792.368,1774.358,1779.918,1380.0
2021-08-19 22:00:00+00:00,1778.918,1788.281,1778.268,1780.458,1380.0
2021-08-22 22:00:00+00:00,1779.598,1806.378,1776.388,1804.888,1380.0
2021-08-23 22:00:00+00:00,1804.908,1809.465,1800.648,1802.428,1380.0
2021-08-24 22:00:00+00:00,1801.888,1802.968,1782.448,1790.508,1378.0
2021-08-25 22:00:00+00:00,1790.138,1798.095,1779.928,1791.968,1379.0
2021-08-26 22:00:00+00:00,1791.758,1819.225,1783.798,1816.158,1380.0
2021-08-29 22:00:00+00:00,1818.332,1823.079,1807.618,1809.848,1380.0
2021-08-30 22:00:00+00:00,1809.728,1819.075,1801.598,1813.028,1380.0
2021-08-31 22:00:00+00:00,1812.968,1819.905,1808.575,1813.528,1379.0
2021-09-01 22:00:00+00:00,1812.838,1817.004,1804.885,1809.458,1380.0
2021-09-02 22:00:00+00:00,1809.012,1833.908,1808.769,1827.288,1380.0
2021-09-05 22:00:00+00:00,1829.972,1830.098,1821.335,1823.005,1140.0
2021-09-06 22:00:00+00:00,1822.628,1827.128,1792.298,1793.978,1380.0
2021-09-07 22:00:00+00:00,1793.928,1802.074,1782.254,1788.888,1380.0
2021-09-08 22:00:00+00:00,1788.618,1800.877,1783.717,1794.088,1380.0
2021-09-09 22:00:00+00:00,1793.808,1803.754,1786.978,1787.048,1380.0
2021-09-12 22:00:00+00:00,1788.354,1798.264,1783.568,1793.358,1380.0
2021-09-13 22:00:00+00:00,1792.918,1808.558,1780.285,1803.948,1380.0
2021-09-14 22:00:00+00:00,1803.814,1806.798,1790.658,1793.598,1380.0
2021-09-15 22:00:00+00:00,1793.018,1796.074,1745.218,1753.298,1380.0
2021-09-16 22:00:00+00:00,1753.248,1767.417,1747.258,1753.488,1380.0
2021-09-19 22:00:00+00:00,1753.962,1767.048,1741.978,1763.668,1380.0
2021-09-20 22:00:00+00:00,1763.694,1781.658,1757.838,1774.018,1380.0
2021-09-21 22:00:00+00:00,1773.758,1787.188,1764.498,1767.588,1380.0
2021-09-22 22:00:00+00:00,1767.468,1776.459,1737.768,1742.128,1380.0
2021-09-23 22:00:00+00:00,1742.574,1757.557,1740.338,1749.878,1380.0
2021-09-26 22:00:00+00:00,1751.498,1760.738,1744.764,1749.728,1380.0
2021-09-27 22:00:00+00:00,1749.258,1754.344,1728.008,1733.588,1380.0
2021-09-28 22:00:00+00:00,1733.378,1745.418,1721.548,1725.938,1380.0
2021-09-29 22:00:00+00:00,1725.848,1764.086,1722.098,1756.348,1380.0
2021-09-30 22:00:00+00:00,1756.566,1764.178,1749.655,1760.098,1380.0
2021-10-03 22:00:00+00:00,1762.078,1770.475,1747.608,1769.208,1380.0
2021-10-04 22:00:00+00:00,1768.958,1769.958,1748.488,1759.738,1380.0
2021-10-05 22:00:00+00:00,1759.378,1765.015,1745.77,1762.418,1380.0
2021-10-06 22:00:00+00:00,1762.328,1766.848,1751.838,1755.528,1380.0
2021-10-07 22:00:00+00:00,1755.258,1781.228,1753.238,1756.608,1380.0
2021-10-10 22:00:00+00:00,1757.145,1760.878,1750.068,1753.778,1380.0
2021-10-11 22:00:00+00:00,1753.338,1769.238,1750.658,1759.728,1380.0
2021-10-12 22:00:00+00:00,1759.418,1796.064,1757.829,1792.438,1380.0
2021-10-13 22:00:00+00:00,1792.424,1800.458,1786.598,1795.498,1380.0
2021-10-14 22:00:00+00:00,1795.198,1796.378,1764.748,1766.658,1378.0
2021-10-17 22:00:00+00:00,1766.573,1772.008,1760.184,1764.558,1380.0
2021-10-18 22:00:00+00:00,1764.308,1785.038,1762.854,1768.898,1377.0
2021-10-19 22:00:00+00:00,1769.568,1788.368,1766.744,1781.768,1380.0
2021-10-20 22:00:00+00:00,1781.218,1789.368,1776.374,1782.318,1380.0
2021-10-21 22:00:00+00:00,1782.248,1813.748,1782.248,1791.628,1380.0
2021-10-24 22:00:00+00:00,1792.473,1809.974,1792.164,1807.388,1380.0
2021-10-25 22:00:00+00:00,1806.868,1808.218,1782.288,1792.278,1379.0
2021-10-26 22:00:00+00:00,1792.428,1798.978,1783.374,1796.178,1380.0
2021-10-27 22:00:00+00:00,1796.968,1810.344,1792.198,1798.308,1380.0
2021-10-28 22:00:00+00:00,1799.074,1801.068,1771.848,1782.988,1380.0
2021-10-31 22:00:00+00:00,1783.028,1795.738,1778.998,1792.998,1380.0
2021-11-01 22:00:00+00:00,1792.973,1796.288,1786.254,1787.508,1380.0
2021-11-02 22:00:00+00:00,1786.918,1788.067,1758.644,1769.528,1380.0
2021-11-03 22:00:00+00:00,1768.788,1798.804,1768.734,1791.838,1380.0
2021-11-04 22:00:00+00:00,1791.198,1818.128,1784.894,1817.588,1380.0
2021-11-07 22:00:00+00:00,1818.383,1826.403,1812.313,1823.508,1380.0
2021-11-08 22:00:00+00:00,1823.186,1832.633,1819.043,1831.408,1380.0
2021-11-09 22:00:00+00:00,1831.378,1868.458,1822.168,1848.898,1380.0
2021-11-10 22:00:00+00:00,1848.488,1865.898,1842.748,1861.568,1380.0
2021-11-11 22:00:00+00:00,1861.058,1868.568,1845.088,1864.448,1380.0
2021-11-14 22:00:00+00:00,1869.364,1870.468,1856.318,1862.388,1380.0
2021-11-15 22:00:00+00:00,1862.208,1877.118,1849.564,1850.458,1380.0
2021-11-16 22:00:00+00:00,1849.868,1867.958,1849.328,1867.138,1380.0
2021-11-17 22:00:00+00:00,1866.448,1870.814,1854.948,1858.448,1380.0
2021-11-18 22:00:00+00:00,1858.038,1865.668,1842.869,1845.175,1380.0
2021-11-21 22:00:00+00:00,1846.534,1848.984,1802.144,1804.068,1380.0
2021-11-22 22:00:00+00:00,1805.644,1812.318,1781.859,1788.708,1380.0
2021-11-23 22:00:00+00:00,1788.568,1796.285,1778.398,1788.208,1380.0
2021-11-24 22:00:00+00:00,1789.388,1794.968,1785.928,1788.475,1139.0
2021-11-25 22:00:00+00:00,1790.798,1815.408,1780.358,1792.665,1166.0
2021-11-28 22:00:00+00:00,1790.195,1799.258,1775.563,1784.038,1380.0
2021-11-29 22:00:00+00:00,1783.185,1808.618,1769.758,1773.948,1380.0
2021-11-30 22:00:00+00:00,1775.045,1794.41,1772.049,1781.348,1380.0
2021-12-01 22:00:00+00:00,1781.785,1783.245,1761.815,1768.398,1380.0
2021-12-02 22:00:00+00:00,1768.205,1785.998,1766.02,1782.788,1380.0
2021-12-05 22:00:00+00:00,1784.355,1787.635,1775.587,1778.218,1380.0
2021-12-06 22:00:00+00:00,1778.295,1787.708,1772.168,1783.618,1380.0
2021-12-07 22:00:00+00:00,1783.725,1792.998,1779.478,1782.728,1380.0
2021-12-08 22:00:00+00:00,1782.368,1787.505,1773.138,1774.938,1380.0
2021-12-09 22:00:00+00:00,1774.665,1789.398,1769.968,1782.288,1380.0
2021-12-12 22:00:00+00:00,1783.055,1791.455,1781.698,1786.278,1380.0
2021-12-13 22:00:00+00:00,1786.055,1789.415,1766.358,1770.428,1378.0
2021-12-14 22:00:00+00:00,1771.425,1780.758,1752.928,1776.785,1379.0
2021-12-15 22:00:00+00:00,1776.225,1799.555,1775.418,1798.908,1380.0
2021-12-16 22:00:00+00:00,1798.548,1814.148,1795.758,1797.708,1380.0
2021-12-19 22:00:00+00:00,1799.445,1804.058,1788.188,1790.458,1380.0
2021-12-20 22:00:00+00:00,1789.805,1800.438,1784.838,1788.818,1380.0
2021-12-21 22:00:00+00:00,1788.175,1804.955,1785.795,1803.278,1380.0
2021-12-22 22:00:00+00:00,1803.795,1810.629,1798.778,1808.355,1379.0
2021-12-26 22:00:00+00:00,1808.544,1813.388,1802.855,1811.738,1378.0
2021-12-27 22:00:00+00:00,1811.068,1820.099,1804.918,1805.868,1380.0
2021-12-28 22:00:00+00:00,1805.568,1807.578,1789.348,1804.298,1380.0
2021-12-29 22:00:00+00:00,1804.028,1817.108,1796.058,1814.348,1380.0
2021-12-30 22:00:00+00:00,1814.395,1830.248,1814.118,1829.058,1380.0
2022-01-02 22:00:00+00:00,1828.604,1831.624,1798.189,1801.028,1380.0
2022-01-03 22:00:00+00:00,1800.404,1816.688,1798.388,1814.278,1380.0
2022-01-04 22:00:00+00:00,1813.708,1829.584,1808.168,1810.228,1380.0
2022-01-05 22:00:00+00:00,1810.174,1811.438,1786.288,1790.688,1380.0
2022-01-06 22:00:00+00:00,1790.538,1798.515,1782.495,1795.808,1380.0
2022-01-09 22:00:00+00:00,1793.955,1802.248,1790.235,1801.258,1380.0
2022-01-10 22:00:00+00:00,1801.02,1823.228,1799.952,1821.228,1380.0
2022-01-11 22:00:00+00:00,1820.478,1827.984,1814.578,1825.758,1380.0
2022-01-12 22:00:00+00:00,1825.048,1828.058,1812.228,1822.128,1380.0
2022-01-13 22:00:00+00:00,1822.237,1829.048,1814.578,1817.418,1380.0
2022-01-16 22:00:00+00:00,1817.044,1823.088,1813.0,1819.008,1139.0
2022-01-17 22:00:00+00:00,1817.904,1822.644,1805.658,1813.378,1380.0
2022-01-18 22:00:00+00:00,1812.518,1843.318,1810.143,1840.108,1380.0
2022-01-19 22:00:00+00:00,1840.164,1847.804,1835.808,1838.788,1380.0
2022-01-20 22:00:00+00:00,1838.498,1843.108,1828.384,1834.328,1380.0
2022-01-23 22:00:00+00:00,1834.524,1844.208,1829.558,1842.538,1380.0
2022-01-24 22:00:00+00:00,1842.668,1853.748,1834.838,1847.458,1380.0
2022-01-25 22:00:00+00:00,1846.924,1849.938,1814.838,1819.218,1380.0
2022-01-26 22:00:00+00:00,1818.988,1822.004,1791.678,1797.058,1380.0
2022-01-27 22:00:00+00:00,1796.238,1799.308,1780.158,1791.028,1380.0
2022-01-30 22:00:00+00:00,1791.928,1799.805,1785.458,1796.668,1380.0
2022-01-31 22:00:00+00:00,1797.325,1808.638,1795.625,1800.888,1380.0
2022-02-01 22:00:00+00:00,1799.818,1810.718,1794.358,1806.348,1380.0
2022-02-02 22:00:00+00:00,1806.368,1808.875,1788.538,1804.588,1380.0
2022-02-03 22:00:00+00:00,1803.808,1814.798,1792.018,1807.558,1380.0
2022-02-06 22:00:00+00:00,1806.719,1823.458,1806.678,1820.258,1381.0
2022-02-07 22:00:00+00:00,1819.938,1828.664,1815.314,1825.785,1380.0
2022-02-08 22:00:00+00:00,1825.294,1835.708,1824.538,1832.888,1380.0
2022-02-09 22:00:00+00:00,1833.164,1841.838,1821.534,1826.538,1380.0
2022-02-10 22:00:00+00:00,1826.424,1865.378,1820.838,1857.898,1380.0
2022-02-13 22:00:00+00:00,1859.233,1874.018,1850.698,1870.908,1380.0
2022-02-14 22:00:00+00:00,1871.079,1879.378,1844.398,1853.428,1380.0
2022-02-15 22:00:00+00:00,1853.154,1872.498,1850.188,1869.498,1380.0
2022-02-16 22:00:00+00:00,1869.848,1901.016,1867.698,1897.928,1379.0
2022-02-17 22:00:00+00:00,1898.118,1902.358,1886.478,1897.768,1380.0
2022-02-20 22:00:00+00:00,1900.818,1908.158,1887.453,1905.013,1229.0
2022-02-21 22:00:00+00:00,1908.748,1914.023,1891.268,1898.158,1380.0
2022-02-22 22:00:00+00:00,1898.348,1910.408,1889.548,1908.658,1380.0
2022-02-23 22:00:00+00:00,1909.488,1974.398,1877.938,1903.708,1380.0
2022-02-24 22:00:00+00:00,1903.718,1921.478,1882.828,1888.528,1380.0
2022-02-27 22:00:00+00:00,1919.206,1930.948,1890.768,1908.738,1380.0
2022-02-28 22:00:00+00:00,1908.638,1950.078,1901.268,1945.088,1380.0
2022-03-01 22:00:00+00:00,1944.317,1947.788,1913.738,1928.218,1380.0
2022-03-02 22:00:00+00:00,1928.938,1941.203,1921.906,1935.438,1380.0
2022-03-03 22:00:00+00:00,1935.438,1970.648,1929.498,1969.848,1380.0
2022-03-06 22:00:00+00:00,1974.472,2002.518,1960.878,1997.788,1380.0
2022-03-07 22:00:00+00:00,1996.808,2070.358,1980.938,2050.168,1380.0
2022-03-08 22:00:00+00:00,2049.662,2059.068,1976.008,1991.088,1380.0
2022-03-09 22:00:00+00:00,1989.828,2009.062,1970.508,1996.548,1380.0
2022-03-10 22:00:00+00:00,1994.938,1998.818,1958.438,1988.248,1380.0
2022-03-13 22:00:00+00:00,1984.742,1990.308,1949.628,1950.458,1380.0
2022-03-14 22:00:00+00:00,1951.338,1954.458,1906.948,1917.828,1380.0
2022-03-15 22:00:00+00:00,1917.243,1929.328,1894.948,1927.278,1380.0
2022-03-16 22:00:00+00:00,1925.873,1949.748,1923.058,1942.578,1380.0
2022-03-17 22:00:00+00:00,1942.793,1945.203,1917.798,1921.198,1380.0
2022-03-20 22:00:00+00:00,1921.358,1941.168,1917.858,1935.478,1380.0
2022-03-21 22:00:00+00:00,1935.428,1938.268,1910.508,1921.288,1380.0
2022-03-22 22:00:00+00:00,1921.148,1948.293,1915.453,1943.478,1380.0
2022-03-23 22:00:00+00:00,1942.893,1966.083,1937.278,1957.668,1380.0
2022-03-24 22:00:00+00:00,1956.927,1964.153,1942.998,1957.688,1380.0
2022-03-27 22:00:00+00:00,1956.968,1959.053,1916.838,1922.438,1380.0
2022-03-28 22:00:00+00:00,1922.203,1929.168,1889.998,1919.048,1379.0
2022-03-29 22:00:00+00:00,1918.668,1938.428,1915.788,1932.468,1380.0
2022-03-30 22:00:00+00:00,1932.268,1949.723,1918.988,1936.788,1380.0
2022-03-31 22:00:00+00:00,1936.153,1939.358,1917.908,1924.778,1380.0
2022-04-03 22:00:00+00:00,1923.788,1936.878,1915.328,1932.668,1380.0
2022-04-04 22:00:00+00:00,1931.878,1944.463,1917.838,1923.448,1380.0
2022-04-05 22:00:00+00:00,1924.128,1933.348,1915.038,1924.968,1380.0
2022-04-06 22:00:00+00:00,1923.978,1937.708,1920.378,1931.528,1380.0
2022-04-07 22:00:00+00:00,1931.358,1948.088,1927.548,1947.138,1379.0
2022-04-10 22:00:00+00:00,1946.138,1969.558,1939.882,1953.248,1380.0
2022-04-11 22:00:00+00:00,1953.132,1978.508,1949.518,1966.478,1380.0
2022-04-12 22:00:00+00:00,1966.218,1981.482,1962.718,1977.518,1380.0
2022-04-13 22:00:00+00:00,1977.068,1980.248,1960.412,1973.218,1379.0
2022-04-17 22:00:00+00:00,1974.038,1998.268,1970.838,1978.658,1380.0
2022-04-18 22:00:00+00:00,1978.458,1981.848,1943.588,1949.828,1379.0
2022-04-19 22:00:00+00:00,1949.348,1958.208,1939.16,1957.438,1380.0
2022-04-20 22:00:00+00:00,1957.548,1957.548,1936.632,1951.258,1380.0
2022-04-21 22:00:00+00:00,1951.038,1955.482,1926.458,1930.708,1380.0
2022-04-24 22:00:00+00:00,1930.523,1934.328,1891.373,1897.548,1380.0
2022-04-25 22:00:00+00:00,1898.128,1911.108,1895.608,1905.018,1380.0
2022-04-26 22:00:00+00:00,1905.068,1906.898,1881.248,1885.748,1380.0
2022-04-27 22:00:00+00:00,1885.213,1896.608,1871.938,1894.228,1380.0
2022-04-28 22:00:00+00:00,1894.138,1919.838,1892.468,1895.748,1380.0
2022-05-01 22:00:00+00:00,1895.635,1899.788,1854.468,1862.638,1380.0
2022-05-02 22:00:00+00:00,1862.333,1877.998,1850.308,1867.848,1380.0
2022-05-03 22:00:00+00:00,1867.838,1889.663,1861.298,1880.568,1380.0
2022-05-04 22:00:00+00:00,1881.298,1909.633,1872.358,1876.788,1380.0
2022-05-05 22:00:00+00:00,1876.028,1892.373,1866.001,1883.148,1380.0
2022-05-08 22:00:00+00:00,1883.068,1885.558,1851.558,1853.738,1380.0
2022-05-09 22:00:00+00:00,1853.948,1865.278,1835.388,1837.958,1380.0
2022-05-10 22:00:00+00:00,1837.663,1858.018,1831.838,1852.088,1380.0
2022-05-11 22:00:00+00:00,1852.023,1858.708,1821.218,1821.558,1380.0
2022-05-12 22:00:00+00:00,1822.618,1828.678,1798.968,1810.678,1380.0
2022-05-15 22:00:00+00:00,1809.648,1826.834,1786.638,1823.858,1380.0
2022-05-16 22:00:00+00:00,1824.698,1835.998,1812.778,1814.878,1380.0
2022-05-17 22:00:00+00:00,1814.138,1824.614,1807.228,1816.238,1380.0
2022-05-18 22:00:00+00:00,1815.938,1849.053,1810.798,1841.698,1380.0
2022-05-19 22:00:00+00:00,1840.338,1849.304,1832.178,1845.738,1380.0
2022-05-22 22:00:00+00:00,1844.686,1865.334,1843.353,1853.248,1380.0
2022-05-23 22:00:00+00:00,1853.168,1869.573,1849.208,1866.278,1380.0
2022-05-24 22:00:00+00:00,1866.258,1867.878,1842.138,1853.218,1380.0
2022-05-25 22:00:00+00:00,1852.508,1854.218,1840.798,1850.378,1379.0
2022-05-26 22:00:00+00:00,1850.328,1861.838,1847.828,1852.838,1379.0
2022-05-29 22:00:00+00:00,1852.538,1863.883,1848.008,1855.753,1229.0
2022-05-30 22:00:00+00:00,1855.938,1857.018,1834.858,1837.048,1380.0
2022-05-31 22:00:00+00:00,1836.138,1849.894,1828.358,1846.208,1380.0
2022-06-01 22:00:00+00:00,1846.138,1870.338,1843.908,1868.378,1380.0
2022-06-02 22:00:00+00:00,1867.828,1873.963,1847.273,1850.338,1380.0
2022-06-05 22:00:00+00:00,1850.618,1857.748,1840.578,1841.078,1380.0
2022-06-06 22:00:00+00:00,1840.476,1855.458,1836.923,1852.118,1380.0
2022-06-07 22:00:00+00:00,1851.518,1859.573,1844.478,1853.088,1380.0
2022-06-08 22:00:00+00:00,1852.078,1855.268,1839.91,1847.788,1380.0
2022-06-09 22:00:00+00:00,1847.338,1875.868,1824.948,1871.038,1380.0
2022-06-12 22:00:00+00:00,1874.938,1878.763,1817.898,1818.838,1380.0
2022-06-13 22:00:00+00:00,1819.318,1831.538,1804.963,1808.148,1380.0
2022-06-14 22:00:00+00:00,1807.438,1841.838,1807.248,1833.508,1380.0
2022-06-15 22:00:00+00:00,1832.246,1857.418,1814.718,1857.208,1380.0
2022-06-16 22:00:00+00:00,1856.663,1857.238,1833.714,1838.778,1380.0
2022-06-19 22:00:00+00:00,1837.448,1845.998,1834.493,1837.718,1229.0
2022-06-20 22:00:00+00:00,1837.963,1843.518,1828.424,1832.718,1380.0
2022-06-21 22:00:00+00:00,1832.618,1847.778,1823.288,1837.588,1380.0
2022-06-22 22:00:00+00:00,1837.791,1846.238,1822.388,1822.548,1380.0
2022-06-23 22:00:00+00:00,1822.408,1831.686,1816.898,1825.858,1380.0
2022-06-26 22:00:00+00:00,1837.376,1840.948,1820.678,1822.618,1380.0
2022-06-27 22:00:00+00:00,1822.348,1829.412,1818.268,1819.708,1380.0
2022-06-28 22:00:00+00:00,1819.098,1832.958,1811.978,1817.448,1380.0
2022-06-29 22:00:00+00:00,1817.198,1825.008,1802.618,1807.098,1380.0
2022-06-30 22:00:00+00:00,1806.608,1811.698,1784.397,1810.598,1380.0
2022-07-03 22:00:00+00:00,1812.078,1814.198,1803.836,1807.474,1229.0
2022-07-04 22:00:00+00:00,1807.176,1812.058,1763.748,1764.578,1380.0
2022-07-05 22:00:00+00:00,1763.984,1772.784,1732.128,1738.608,1380.0
2022-07-06 22:00:00+00:00,1738.438,1749.014,1736.358,1739.968,1380.0
2022-07-07 22:00:00+00:00,1739.858,1752.387,1732.919,1741.838,1380.0
2022-07-10 22:00:00+00:00,1742.848,1744.528,1731.128,1733.808,1380.0
2022-07-11 22:00:00+00:00,1733.348,1744.098,1723.048,1725.928,1380.0
2022-07-12 22:00:00+00:00,1725.628,1745.284,1706.948,1735.278,1380.0
2022-07-13 22:00:00+00:00,1735.068,1736.2,1697.438,1709.638,1380.0
2022-07-14 22:00:00+00:00,1709.808,1716.518,1698.948,1707.798,1380.0
2022-07-17 22:00:00+00:00,1707.238,1723.798,1705.758,1709.038,1380.0
2022-07-18 22:00:00+00:00,1708.988,1718.321,1705.224,1711.518,1380.0
2022-07-19 22:00:00+00:00,1711.358,1714.411,1692.338,1696.328,1378.0
2022-07-20 22:00:00+00:00,1696.478,1720.238,1680.748,1718.398,1380.0
2022-07-21 22:00:00+00:00,1717.994,1739.253,1712.724,1726.618,1380.0
2022-07-24 22:00:00+00:00,1728.148,1736.174,1714.653,1719.555,1380.0
2022-07-25 22:00:00+00:00,1718.898,1728.074,1713.534,1717.178,1380.0
2022-07-26 22:00:00+00:00,1716.358,1740.138,1711.315,1733.798,1380.0
2022-07-27 22:00:00+00:00,1734.048,1757.004,1733.538,1755.588,1380.0
2022-07-28 22:00:00+00:00,1754.981,1767.784,1751.928,1765.698,1380.0
2022-07-31 22:00:00+00:00,1764.809,1775.314,1758.208,1771.968,1380.0
2022-08-01 22:00:00+00:00,1771.438,1787.928,1759.818,1759.928,1379.0
2022-08-02 22:00:00+00:00,1760.598,1772.662,1754.198,1765.018,1380.0
2022-08-03 22:00:00+00:00,1765.468,1794.898,1763.174,1790.978,1380.0
2022-08-04 22:00:00+00:00,1790.618,1794.764,1764.907,1774.718,1380.0
2022-08-07 22:00:00+00:00,1773.748,1789.924,1770.565,1788.758,1380.0
2022-08-08 22:00:00+00:00,1788.118,1800.364,1783.038,1794.018,1380.0
2022-08-09 22:00:00+00:00,1793.988,1807.768,1787.478,1792.178,1378.0
2022-08-10 22:00:00+00:00,1791.564,1799.149,1783.378,1789.518,1380.0
2022-08-11 22:00:00+00:00,1789.168,1802.548,1784.798,1801.778,1380.0
2022-08-14 22:00:00+00:00,1802.308,1802.308,1772.818,1779.488,1380.0
2022-08-15 22:00:00+00:00,1778.864,1783.038,1771.368,1775.698,1380.0
2022-08-16 22:00:00+00:00,1775.598,1782.194,1759.714,1761.468,1380.0
2022-08-17 22:00:00+00:00,1761.01,1772.294,1755.218,1758.428,1380.0
2022-08-18 22:00:00+00:00,1758.244,1759.248,1745.438,1746.498,1380.0
2022-08-21 22:00:00+00:00,1746.298,1748.958,1727.668,1735.968,1380.0
2022-08-22 22:00:00+00:00,1735.834,1753.974,1730.688,1747.898,1379.0
2022-08-23 22:00:00+00:00,1747.394,1755.798,1742.355,1750.828,1380.0
2022-08-24 22:00:00+00:00,1750.514,1765.368,1749.828,1758.488,1380.0
2022-08-25 22:00:00+00:00,1758.478,1758.768,1734.058,1737.338,1379.0
2022-08-28 22:00:00+00:00,1736.068,1745.418,1720.208,1736.838,1380.0
2022-08-29 22:00:00+00:00,1736.908,1740.334,1721.098,1723.808,1379.0
2022-08-30 22:00:00+00:00,1723.614,1726.428,1709.514,1710.798,1380.0
2022-08-31 22:00:00+00:00,1711.268,1711.314,1688.668,1697.298,1380.0
2022-09-01 22:00:00+00:00,1696.608,1717.878,1694.868,1711.278,1380.0
2022-09-04 22:00:00+00:00,1712.598,1715.668,1707.574,1710.448,1229.0
2022-09-05 22:00:00+00:00,1709.418,1726.566,1699.708,1701.928,1380.0
2022-09-06 22:00:00+00:00,1701.868,1719.318,1691.218,1717.998,1380.0
2022-09-07 22:00:00+00:00,1717.798,1728.095,1703.878,1708.208,1380.0
2022-09-08 22:00:00+00:00,1708.368,1729.344,1708.234,1715.938,1380.0
2022-09-11 22:00:00+00:00,1717.058,1735.035,1711.808,1724.378,1380.0
2022-09-12 22:00:00+00:00,1724.558,1731.71,1696.934,1701.878,1382.0
2022-09-13 22:00:00+00:00,1701.428,1707.014,1693.518,1697.168,1380.0
2022-09-14 22:00:00+00:00,1696.794,1698.124,1660.24,1664.938,1380.0
2022-09-15 22:00:00+00:00,1664.708,1680.245,1654.048,1673.898,1380.0
2022-09-18 22:00:00+00:00,1675.958,1679.865,1659.583,1675.618,1380.0
2022-09-19 22:00:00+00:00,1675.225,1679.288,1659.875,1664.698,1380.0
2022-09-20 22:00:00+00:00,1664.375,1687.948,1653.649,1673.628,1380.0
2022-09-21 22:00:00+00:00,1673.038,1684.788,1655.536,1670.958,1380.0
2022-09-22 22:00:00+00:00,1671.218,1675.838,1639.617,1643.598,1380.0
2022-09-25 22:00:00+00:00,1643.458,1649.648,1621.033,1622.178,1380.0
2022-09-26 22:00:00+00:00,1621.148,1642.335,1621.148,1628.738,1381.0
2022-09-27 22:00:00+00:00,1628.478,1662.645,1614.71,1659.658,1380.0
2022-09-28 22:00:00+00:00,1659.658,1664.746,1641.408,1660.308,1380.0
2022-09-29 22:00:00+00:00,1661.048,1675.265,1659.158,1659.978,1380.0
2022-10-02 22:00:00+00:00,1662.198,1701.385,1659.595,1699.608,1380.0
2022-10-03 22:00:00+00:00,1699.258,1729.435,1695.068,1725.988,1380.0
2022-10-04 22:00:00+00:00,1725.398,1727.664,1700.458,1716.128,1380.0
2022-10-05 22:00:00+00:00,1715.988,1725.434,1706.812,1712.428,1380.0
2022-10-06 22:00:00+00:00,1712.348,1714.724,1690.504,1694.458,1380.0
2022-10-09 22:00:00+00:00,1695.464,1699.714,1665.478,1668.448,1377.0
2022-10-10 22:00:00+00:00,1668.268,1683.84,1660.91,1666.078,1379.0
2022-10-11 22:00:00+00:00,1665.798,1678.215,1661.265,1672.978,1380.0
2022-10-12 22:00:00+00:00,1673.018,1682.336,1642.288,1666.208,1380.0
2022-10-13 22:00:00+00:00,1665.328,1671.655,1640.095,1643.618,1379.0
2022-10-16 22:00:00+00:00,1644.068,1668.268,1643.022,1649.858,1375.0
2022-10-17 22:00:00+00:00,1649.858,1660.707,1645.647,1651.698,1380.0
2022-10-18 22:00:00+00:00,1651.467,1654.318,1627.487,1628.798,1379.0
2022-10-19 22:00:00+00:00,1629.468,1645.438,1622.257,1627.398,1379.0
2022-10-20 22:00:00+00:00,1627.407,1657.798,1617.067,1657.298,1380.0
2022-10-23 22:00:00+00:00,1657.608,1670.748,1643.747,1648.998,1380.0
2022-10-24 22:00:00+00:00,1649.547,1662.187,1638.098,1652.715,1380.0
2022-10-25 22:00:00+00:00,1652.577,1674.678,1649.558,1664.398,1379.0
2022-10-26 22:00:00+00:00,1663.717,1670.648,1654.668,1662.998,1379.0
2022-10-27 22:00:00+00:00,1661.957,1666.858,1637.898,1644.498,1380.0
2022-10-30 22:00:00+00:00,1643.398,1645.488,1631.578,1632.898,1380.0
2022-10-31 22:00:00+00:00,1632.407,1656.878,1630.477,1647.398,1378.0
2022-11-01 22:00:00+00:00,1647.758,1669.257,1634.747,1635.098,1378.0
2022-11-02 22:00:00+00:00,1635.248,1640.858,1616.477,1629.298,1376.0
2022-11-03 22:00:00+00:00,1628.547,1681.718,1628.398,1681.148,1375.0
2022-11-06 22:00:00+00:00,1674.327,1681.758,1666.707,1675.098,1378.0
2022-11-07 22:00:00+00:00,1674.297,1716.738,1664.557,1711.598,1380.0
2022-11-08 22:00:00+00:00,1710.907,1722.168,1702.048,1706.548,1380.0
2022-11-09 22:00:00+00:00,1706.547,1756.998,1703.648,1755.198,1380.0
2022-11-10 22:00:00+00:00,1754.067,1772.448,1747.108,1771.198,1380.0
2022-11-13 22:00:00+00:00,1765.917,1774.938,1753.098,1770.998,1379.0
2022-11-14 22:00:00+00:00,1770.017,1786.367,1766.948,1778.298,1379.0
2022-11-15 22:00:00+00:00,1777.427,1784.928,1770.167,1773.198,1380.0
2022-11-16 22:00:00+00:00,1773.647,1774.668,1754.268,1760.098,1379.0
2022-11-17 22:00:00+00:00,1760.138,1767.578,1747.317,1750.398,1379.0
2022-11-20 22:00:00+00:00,1749.817,1752.807,1732.338,1737.548,1379.0
2022-11-21 22:00:00+00:00,1737.888,1749.598,1736.867,1739.798,1378.0
2022-11-22 22:00:00+00:00,1739.357,1753.177,1728.137,1749.225,1380.0
2022-11-23 22:00:00+00:00,1749.327,1758.468,1748.598,1754.968,1228.0
2022-11-24 22:00:00+00:00,1754.798,1760.958,1745.848,1754.417,1184.0
2022-11-27 22:00:00+00:00,1755.787,1763.618,1739.458,1741.148,1379.0
2022-11-28 22:00:00+00:00,1740.128,1758.898,1739.348,1749.198,1378.0
2022-11-29 22:00:00+00:00,1749.407,1769.898,1744.717,1768.098,1380.0
2022-11-30 22:00:00+00:00,1768.618,1803.998,1767.757,1802.948,1380.0
2022-12-01 22:00:00+00:00,1802.197,1804.298,1778.418,1797.248,1380.0
2022-12-04 22:00:00+00:00,1795.937,1809.758,1766.0,1767.898,1380.0
2022-12-05 22:00:00+00:00,1767.947,1780.728,1767.118,1770.798,1378.0
2022-12-06 22:00:00+00:00,1770.397,1790.357,1768.588,1785.848,1378.0
2022-12-07 22:00:00+00:00,1786.718,1794.728,1781.268,1788.598,1380.0
2022-12-08 22:00:00+00:00,1788.627,1805.998,1788.298,1795.397,1379.0
2022-12-11 22:00:00+00:00,1795.687,1797.067,1777.417,1780.515,1379.0
2022-12-12 22:00:00+00:00,1780.377,1824.358,1780.198,1810.098,1380.0
2022-12-13 22:00:00+00:00,1809.797,1814.035,1795.008,1806.225,1380.0
2022-12-14 22:00:00+00:00,1806.597,1808.545,1773.608,1776.525,1380.0
2022-12-15 22:00:00+00:00,1776.347,1794.198,1774.205,1792.598,1380.0
2022-12-18 22:00:00+00:00,1792.257,1798.637,1783.785,1787.298,1380.0
2022-12-19 22:00:00+00:00,1786.917,1821.035,1784.505,1816.675,1380.0
2022-12-20 22:00:00+00:00,1817.897,1823.685,1811.705,1813.998,1380.0
2022-12-21 22:00:00+00:00,1813.477,1820.325,1784.627,1791.798,1380.0
2022-12-22 22:00:00+00:00,1792.428,1803.095,1791.065,1798.198,1379.0
2022-12-26 22:00:00+00:00,1800.047,1833.215,1799.687,1812.878,1377.0
2022-12-27 22:00:00+00:00,1813.037,1814.415,1796.905,1803.498,1378.0
2022-12-28 22:00:00+00:00,1803.497,1820.015,1803.497,1814.545,1380.0
2022-12-29 22:00:00+00:00,1814.047,1825.877,1813.175,1823.463,1379.0
2023-01-02 22:00:00+00:00,1826.837,1849.865,1823.287,1839.048,1378.0
2023-01-03 22:00:00+00:00,1838.797,1865.035,1836.048,1853.798,1380.0
2023-01-04 22:00:00+00:00,1854.147,1858.875,1824.995,1832.648,1380.0
2023-01-05 22:00:00+00:00,1830.042,1869.765,1830.032,1865.598,1380.0
2023-01-08 22:00:00+00:00,1867.537,1881.445,1864.477,1870.925,1380.0
2023-01-09 22:00:00+00:00,1870.507,1880.635,1867.745,1876.298,1380.0
2023-01-10 22:00:00+00:00,1876.697,1886.548,1867.015,1874.898,1380.0
2023-01-11 22:00:00+00:00,1874.997,1901.475,1872.76,1896.298,1380.0
2023-01-12 22:00:00+00:00,1895.297,1921.798,1892.205,1919.398,1380.0
2023-01-15 22:00:00+00:00,1920.337,1928.885,1910.665,1913.705,1139.0
2023-01-16 22:00:00+00:00,1914.837,1918.925,1903.675,1908.195,1379.0
2023-01-17 22:00:00+00:00,1907.577,1925.798,1896.495,1903.298,1380.0
2023-01-18 22:00:00+00:00,1904.747,1935.045,1900.855,1931.205,1380.0
2023-01-19 22:00:00+00:00,1931.737,1937.435,1920.508,1925.298,1380.0
2023-01-22 22:00:00+00:00,1926.128,1935.445,1911.248,1930.848,1379.0
2023-01-23 22:00:00+00:00,1930.597,1942.348,1917.065,1936.698,1380.0
2023-01-24 22:00:00+00:00,1937.397,1947.945,1919.697,1945.695,1380.0
2023-01-25 22:00:00+00:00,1946.697,1949.085,1918.627,1928.585,1379.0
2023-01-26 22:00:00+00:00,1928.397,1934.918,1916.525,1927.598,1380.0
2023-01-29 22:00:00+00:00,1927.108,1934.425,1920.585,1922.075,1380.0
2023-01-30 22:00:00+00:00,1922.207,1930.998,1900.665,1927.475,1380.0
2023-01-31 22:00:00+00:00,1927.538,1954.448,1920.435,1950.098,1380.0
2023-02-01 22:00:00+00:00,1950.388,1959.625,1911.225,1911.755,1380.0
2023-02-02 22:00:00+00:00,1911.607,1918.485,1861.255,1864.548,1380.0
2023-02-05 22:00:00+00:00,1864.508,1881.198,1859.647,1866.698,1380.0
2023-02-06 22:00:00+00:00,1866.937,1884.348,1864.898,1872.998,1379.0
2023-02-07 22:00:00+00:00,1872.097,1886.345,1868.898,1875.248,1380.0
2023-02-08 22:00:00+00:00,1874.727,1890.098,1858.855,1861.548,1380.0
2023-02-09 22:00:00+00:00,1861.637,1872.035,1852.588,1864.698,1380.0
2023-02-12 22:00:00+00:00,1863.917,1866.395,1850.325,1853.348,1380.0
2023-02-13 22:00:00+00:00,1853.007,1870.467,1843.165,1853.948,1379.0
2023-02-14 22:00:00+00:00,1854.017,1859.998,1830.475,1835.698,1380.0
2023-02-15 22:00:00+00:00,1835.597,1845.158,1827.555,1835.065,1380.0
2023-02-16 22:00:00+00:00,1836.258,1843.505,1818.805,1841.898,1380.0
2023-02-19 22:00:00+00:00,1840.407,1847.405,1837.145,1840.965,1230.0
2023-02-20 22:00:00+00:00,1841.304,1843.738,1830.095,1834.675,1379.0
2023-02-21 22:00:00+00:00,1834.424,1845.905,1823.425,1824.435,1379.0
2023-02-22 22:00:00+00:00,1825.154,1833.685,1817.395,1821.585,1380.0
2023-02-23 22:00:00+00:00,1821.444,1827.715,1808.865,1810.665,1379.0
2023-02-26 22:00:00+00:00,1810.758,1820.055,1806.538,1816.898,1378.0
2023-02-27 22:00:00+00:00,1816.634,1831.045,1804.594,1826.648,1380.0
2023-02-28 22:00:00+00:00,1826.104,1844.408,1822.938,1835.935,1379.0
2023-03-01 22:00:00+00:00,1836.308,1838.865,1829.854,1835.615,1379.0
2023-03-02 22:00:00+00:00,1835.654,1856.768,1835.404,1855.798,1379.0
2023-03-05 22:00:00+00:00,1854.644,1858.168,1845.015,1846.015,1380.0
2023-03-06 22:00:00+00:00,1846.248,1851.555,1812.655,1812.795,1380.0
2023-03-07 22:00:00+00:00,1812.968,1824.185,1809.248,1813.305,1379.0
2023-03-08 22:00:00+00:00,1812.808,1835.565,1811.805,1830.815,1366.0
2023-03-09 22:00:00+00:00,1830.434,1870.065,1827.675,1867.448,1380.0
2023-03-12 22:00:00+00:00,1872.398,1914.475,1871.328,1912.705,1380.0
2023-03-13 22:00:00+00:00,1913.514,1913.984,1895.228,1903.698,1380.0
2023-03-14 22:00:00+00:00,1903.414,1937.295,1885.565,1918.055,1380.0
2023-03-15 22:00:00+00:00,1917.708,1933.385,1907.455,1919.248,1380.0
2023-03-16 22:00:00+00:00,1920.774,1988.998,1918.135,1987.798,1380.0
2023-03-19 22:00:00+00:00,1984.148,2009.695,1965.748,1978.375,1380.0
2023-03-20 22:00:00+00:00,1978.308,1985.025,1935.194,1939.205,1378.0
2023-03-21 22:00:00+00:00,1939.658,1978.705,1934.175,1969.525,1380.0
2023-03-22 22:00:00+00:00,1969.714,2003.185,1964.644,1992.598,1380.0
2023-03-23 22:00:00+00:00,1993.198,2002.848,1975.085,1977.988,1380.0
2023-03-26 22:00:00+00:00,1979.798,1979.798,1943.895,1956.275,1380.0
2023-03-27 22:00:00+00:00,1955.504,1975.148,1949.028,1972.915,1380.0
2023-03-28 22:00:00+00:00,1972.558,1974.224,1958.575,1963.625,1380.0
2023-03-29 22:00:00+00:00,1963.484,1984.195,1955.204,1979.715,1380.0
2023-03-30 22:00:00+00:00,1979.884,1987.485,1966.754,1968.748,1380.0
2023-04-02 22:00:00+00:00,1972.298,1990.365,1949.595,1984.295,1379.0
2023-04-03 22:00:00+00:00,1983.344,2024.848,1976.825,2019.875,1380.0
2023-04-04 22:00:00+00:00,2020.094,2031.968,2009.885,2020.195,1380.0
2023-04-05 22:00:00+00:00,2020.404,2021.248,2001.0,2006.476,1379.0
2023-04-09 22:00:00+00:00,1993.341,2006.355,1981.545,1990.955,1376.0
2023-04-10 22:00:00+00:00,1991.084,2007.348,1988.615,2003.005,1380.0
2023-04-11 22:00:00+00:00,2003.274,2028.235,2001.225,2014.635,1379.0
2023-04-12 22:00:00+00:00,2013.974,2048.538,2013.518,2039.498,1377.0
2023-04-13 22:00:00+00:00,2039.454,2047.335,1992.285,2003.498,1380.0
2023-04-16 22:00:00+00:00,1998.498,2014.885,1980.974,1994.195,1380.0
2023-04-17 22:00:00+00:00,1994.688,2011.748,1991.195,2005.048,1378.0
2023-04-18 22:00:00+00:00,2004.704,2008.045,1969.155,1994.605,1379.0
2023-04-19 22:00:00+00:00,1994.564,2012.255,1990.385,2004.598,1380.0
2023-04-20 22:00:00+00:00,2004.424,2005.495,1971.515,1982.248,1380.0
2023-04-23 22:00:00+00:00,1980.748,1990.728,1973.995,1988.938,1380.0
2023-04-24 22:00:00+00:00,1988.704,2003.798,1976.015,1996.698,1380.0
2023-04-25 22:00:00+00:00,1997.004,2009.204,1983.198,1988.198,1380.0
2023-04-26 22:00:00+00:00,1989.034,2003.258,1973.865,1987.598,1380.0
2023-04-27 22:00:00+00:00,1987.404,1994.915,1975.905,1989.548,1380.0
2023-04-30 22:00:00+00:00,1990.398,2005.848,1976.925,1981.198,1380.0
2023-05-01 22:00:00+00:00,1981.344,2019.248,1978.324,2016.325,1380.0
2023-05-02 22:00:00+00:00,2016.488,2040.298,2007.414,2038.798,1380.0
2023-05-03 22:00:00+00:00,2039.274,2079.778,2030.214,2049.498,1380.0
2023-05-04 22:00:00+00:00,2049.644,2052.925,1999.455,2016.298,1380.0
2023-05-07 22:00:00+00:00,2016.608,2029.334,2014.134,2020.625,1380.0
2023-05-08 22:00:00+00:00,2020.404,2037.494,2019.344,2033.868,1380.0
2023-05-09 22:00:00+00:00,2033.954,2048.114,2021.434,2029.465,1380.0
2023-05-10 22:00:00+00:00,2029.944,2041.214,2011.044,2014.595,1380.0
2023-05-11 22:00:00+00:00,2014.654,2022.494,2000.825,2009.798,1380.0
2023-05-14 22:00:00+00:00,2007.498,2022.114,2006.998,2015.678,1380.0
2023-05-15 22:00:00+00:00,2015.304,2018.235,1985.405,1988.848,1380.0
2023-05-16 22:00:00+00:00,1989.104,1992.985,1974.935,1981.298,1380.0
2023-05-17 22:00:00+00:00,1981.464,1985.944,1951.885,1957.348,1380.0
2023-05-18 22:00:00+00:00,1956.418,1984.075,1953.905,1977.448,1380.0
2023-05-21 22:00:00+00:00,1976.478,1982.505,1968.765,1971.645,1380.0
2023-05-22 22:00:00+00:00,1970.864,1977.554,1954.084,1974.698,1378.0
2023-05-23 22:00:00+00:00,1974.684,1985.194,1956.548,1956.648,1378.0
2023-05-24 22:00:00+00:00,1956.104,1964.625,1938.658,1941.005,1380.0
2023-05-25 22:00:00+00:00,1939.844,1957.215,1936.655,1945.788,1380.0
2023-05-28 22:00:00+00:00,1942.078,1949.575,1940.145,1943.054,1229.0
2023-05-29 22:00:00+00:00,1943.704,1963.378,1931.905,1959.088,1380.0
2023-05-30 22:00:00+00:00,1958.788,1974.628,1953.498,1962.398,1378.0
2023-05-31 22:00:00+00:00,1962.204,1983.015,1953.255,1977.098,1380.0
2023-06-01 22:00:00+00:00,1976.804,1983.315,1947.164,1947.738,1380.0
2023-06-04 22:00:00+00:00,1947.045,1963.955,1938.045,1961.448,1380.0
2023-06-05 22:00:00+00:00,1960.964,1966.238,1954.255,1963.198,1379.0
2023-06-06 22:00:00+00:00,1963.214,1970.085,1939.638,1939.715,1379.0
2023-06-07 22:00:00+00:00,1940.344,1970.398,1939.544,1965.148,1380.0
2023-06-08 22:00:00+00:00,1965.304,1972.928,1956.475,1960.798,1380.0
2023-06-11 22:00:00+00:00,1959.324,1966.865,1949.125,1957.548,1380.0
2023-06-12 22:00:00+00:00,1957.114,1970.724,1939.935,1943.448,1380.0
2023-06-13 22:00:00+00:00,1943.624,1960.205,1939.498,1941.238,1380.0
2023-06-14 22:00:00+00:00,1941.964,1960.125,1924.898,1957.628,1380.0
2023-06-15 22:00:00+00:00,1957.008,1967.825,1953.165,1957.358,1380.0
2023-06-18 22:00:00+00:00,1957.198,1958.685,1947.685,1950.125,1228.0
2023-06-19 22:00:00+00:00,1950.575,1956.675,1929.705,1936.018,1377.0
2023-06-20 22:00:00+00:00,1935.274,1939.375,1919.075,1932.198,1379.0
2023-06-21 22:00:00+00:00,1932.198,1934.845,1912.224,1912.255,1380.0
2023-06-22 22:00:00+00:00,1913.504,1937.238,1910.065,1920.388,1378.0
2023-06-25 22:00:00+00:00,1924.948,1933.245,1921.425,1921.875,1377.0
2023-06-26 22:00:00+00:00,1922.604,1930.585,1910.785,1913.395,1379.0
2023-06-27 22:00:00+00:00,1913.008,1917.155,1902.695,1906.978,1379.0
2023-06-28 22:00:00+00:00,1907.404,1912.995,1892.915,1907.845,1380.0
2023-06-29 22:00:00+00:00,1907.704,1922.628,1900.465,1919.538,1380.0
2023-07-02 22:00:00+00:00,1918.898,1930.935,1909.965,1921.285,1370.0
2023-07-03 22:00:00+00:00,1920.834,1930.615,1919.644,1925.725,1222.0
2023-07-04 22:00:00+00:00,1925.674,1934.905,1914.565,1914.898,1380.0
2023-07-05 22:00:00+00:00,1914.504,1927.505,1902.505,1910.745,1380.0
2023-07-06 22:00:00+00:00,1910.234,1934.745,1909.408,1923.838,1377.0
2023-07-09 22:00:00+00:00,1923.998,1928.075,1912.585,1925.008,1379.0
2023-07-10 22:00:00+00:00,1924.468,1938.274,1924.175,1931.515,1379.0
2023-07-11 22:00:00+00:00,1932.034,1959.595,1931.964,1956.705,1378.0
2023-07-12 22:00:00+00:00,1955.934,1963.494,1952.245,1960.248,1379.0
2023-07-13 22:00:00+00:00,1959.834,1963.585,1950.875,1954.748,1380.0
2023-07-16 22:00:00+00:00,1954.048,1959.745,1945.638,1954.898,1379.0
2023-07-17 22:00:00+00:00,1953.554,1984.195,1953.554,1977.965,1379.0
2023-07-18 22:00:00+00:00,1978.384,1980.775,1969.645,1976.298,1379.0
2023-07-19 22:00:00+00:00,1976.545,1987.385,1965.198,1969.088,1380.0
2023-07-20 22:00:00+00:00,1969.215,1973.705,1956.678,1961.428,1378.0
2023-07-23 22:00:00+00:00,1961.498,1967.725,1953.335,1954.298,1380.0
2023-07-24 22:00:00+00:00,1954.285,1965.548,1951.898,1964.458,1380.0
2023-07-25 22:00:00+00:00,1964.405,1978.118,1961.945,1971.215,1380.0
2023-07-26 22:00:00+00:00,1970.998,1982.085,1942.525,1943.505,1377.0
2023-07-27 22:00:00+00:00,1945.715,1963.374,1945.315,1958.465,1380.0
2023-07-30 22:00:00+00:00,1958.608,1972.295,1950.655,1964.718,1380.0
2023-07-31 22:00:00+00:00,1965.195,1965.885,1941.118,1943.498,1380.0
2023-08-01 22:00:00+00:00,1949.608,1954.675,1932.885,1934.288,1380.0
2023-08-02 22:00:00+00:00,1933.605,1938.815,1929.425,1933.778,1380.0
2023-08-03 22:00:00+00:00,1933.644,1946.798,1924.898,1942.568,1380.0
2023-08-06 22:00:00+00:00,1942.098,1946.605,1931.365,1935.718,1379.0
2023-08-07 22:00:00+00:00,1936.515,1937.945,1922.655,1925.065,1380.0
2023-08-08 22:00:00+00:00,1924.575,1932.255,1913.505,1913.515,1376.0
2023-08-09 22:00:00+00:00,1914.655,1929.995,1911.748,1911.748,1378.0
2023-08-10 22:00:00+00:00,1912.105,1920.815,1910.694,1913.378,1376.0
2023-08-13 22:00:00+00:00,1912.255,1916.135,1902.595,1906.818,1379.0
2023-08-14 22:00:00+00:00,1907.094,1911.525,1896.215,1901.498,1379.0
2023-08-15 22:00:00+00:00,1900.915,1907.095,1891.148,1891.148,1379.0
2023-08-16 22:00:00+00:00,1891.595,1903.375,1884.925,1888.418,1380.0
2023-08-17 22:00:00+00:00,1889.075,1896.678,1886.675,1889.258,1379.0
2023-08-20 22:00:00+00:00,1889.335,1898.665,1884.755,1894.498,1380.0
2023-08-21 22:00:00+00:00,1894.548,1904.405,1889.018,1896.978,1370.0
2023-08-22 22:00:00+00:00,1897.108,1920.275,1897.108,1914.438,1370.0
2023-08-23 22:00:00+00:00,1914.498,1923.225,1911.655,1916.498,1376.0
2023-08-24 22:00:00+00:00,1916.198,1922.265,1903.705,1914.778,1372.0
2023-08-27 22:00:00+00:00,1915.548,1925.955,1912.675,1918.375,1379.0
2023-08-28 22:00:00+00:00,1919.598,1938.095,1914.355,1937.238,1373.0
2023-08-29 22:00:00+00:00,1937.085,1948.965,1934.838,1941.855,1375.0
2023-08-30 22:00:00+00:00,1942.868,1947.825,1938.864,1939.658,1377.0
2023-08-31 22:00:00+00:00,1938.898,1952.905,1934.355,1939.238,1376.0
2023-09-03 22:00:00+00:00,1939.948,1946.185,1936.675,1938.225,1227.0
2023-09-04 22:00:00+00:00,1937.798,1938.905,1925.205,1925.748,1375.0
2023-09-05 22:00:00+00:00,1925.368,1929.055,1915.175,1916.418,1377.0
2023-09-06 22:00:00+00:00,1916.545,1923.495,1915.945,1919.338,1379.0
2023-09-07 22:00:00+00:00,1919.008,1929.595,1917.225,1918.258,1378.0
2023-09-10 22:00:00+00:00,1919.865,1930.558,1916.584,1922.048,1375.0
2023-09-11 22:00:00+00:00,1921.348,1924.395,1907.478,1913.258,1375.0
2023-09-12 22:00:00+00:00,1911.695,1915.655,1905.555,1907.918,1365.0
2023-09-13 22:00:00+00:00,1908.208,1912.825,1900.898,1910.448,1364.0
2023-09-14 22:00:00+00:00,1910.068,1930.308,1909.725,1922.738,1376.0
2023-09-17 22:00:00+00:00,1923.408,1934.128,1922.378,1933.538,1372.0
2023-09-18 22:00:00+00:00,1933.048,1937.275,1929.675,1930.998,1379.0
2023-09-19 22:00:00+00:00,1930.785,1947.315,1927.855,1929.755,1372.0
2023-09-20 22:00:00+00:00,1930.744,1931.435,1913.808,1919.568,1378.0
2023-09-21 22:00:00+00:00,1919.195,1929.015,1919.035,1924.818,1378.0
2023-09-24 22:00:00+00:00,1924.335,1927.115,1915.045,1915.585,1325.0
2023-09-25 22:00:00+00:00,1915.925,1916.715,1899.005,1900.448,1379.0
2023-09-26 22:00:00+00:00,1900.335,1903.825,1872.445,1874.338,1378.0
2023-09-27 22:00:00+00:00,1874.848,1879.485,1857.565,1863.958,1380.0
2023-09-28 22:00:00+00:00,1864.985,1879.765,1846.205,1848.098,1379.0
2023-10-01 22:00:00+00:00,1847.268,1848.835,1827.065,1827.848,1379.0
2023-10-02 22:00:00+00:00,1828.265,1833.205,1815.245,1822.558,1379.0
2023-10-03 22:00:00+00:00,1822.248,1830.455,1816.475,1820.898,1380.0
2023-10-04 22:00:00+00:00,1821.098,1829.105,1812.924,1819.988,1379.0
2023-10-05 22:00:00+00:00,1820.075,1834.725,1810.288,1832.698,1378.0
2023-10-08 22:00:00+00:00,1847.405,1863.395,1844.135,1860.878,1380.0
2023-10-09 22:00:00+00:00,1861.104,1865.315,1852.888,1860.048,1379.0
2023-10-10 22:00:00+00:00,1859.498,1877.105,1858.535,1873.948,1377.0
2023-10-11 22:00:00+00:00,1874.128,1884.885,1867.825,1868.495,1379.0
2023-10-12 22:00:00+00:00,1868.715,1932.875,1868.715,1932.738,1380.0
2023-10-15 22:00:00+00:00,1927.998,1929.355,1908.085,1919.138,1379.0
2023-10-16 22:00:00+00:00,1919.138,1931.414,1912.315,1922.798,1380.0
2023-10-17 22:00:00+00:00,1922.495,1962.545,1922.288,1947.318,1379.0
2023-10-18 22:00:00+00:00,1947.575,1977.575,1945.125,1974.048,1380.0
2023-10-19 22:00:00+00:00,1974.418,1997.135,1971.905,1980.648,1380.0
2023-10-22 22:00:00+00:00,1967.114,1982.725,1964.275,1971.848,1380.0
2023-10-23 22:00:00+00:00,1972.584,1980.735,1953.404,1970.598,1380.0
2023-10-24 22:00:00+00:00,1971.265,1987.115,1962.854,1979.098,1377.0
2023-10-25 22:00:00+00:00,1978.875,1993.385,1971.655,1984.448,1380.0
2023-10-26 22:00:00+00:00,1984.494,2009.395,1976.755,2005.648,1379.0
2023-10-29 22:00:00+00:00,2004.135,2006.685,1990.835,1995.728,1380.0
2023-10-30 22:00:00+00:00,1995.015,2007.734,1978.735,1983.498,1380.0
2023-10-31 22:00:00+00:00,1982.778,1991.898,1969.815,1982.248,1380.0
2023-11-01 22:00:00+00:00,1983.525,1990.935,1978.775,1985.478,1380.0
2023-11-02 22:00:00+00:00,1984.758,2003.968,1983.155,1992.058,1379.0
2023-11-05 22:00:00+00:00,1991.698,1992.955,1977.228,1977.598,1380.0
2023-11-06 22:00:00+00:00,1977.198,1978.175,1956.598,1969.028,1380.0
2023-11-07 22:00:00+00:00,1968.268,1970.955,1947.325,1949.848,1380.0
2023-11-08 22:00:00+00:00,1948.958,1965.498,1944.575,1958.298,1379.0
2023-11-09 22:00:00+00:00,1958.098,1960.695,1932.865,1938.148,1380.0
2023-11-12 22:00:00+00:00,1938.165,1949.115,1931.515,1945.948,1379.0
2023-11-13 22:00:00+00:00,1945.568,1970.835,1937.978,1963.178,1377.0
2023-11-14 22:00:00+00:00,1962.094,1975.148,1955.325,1959.048,1379.0
2023-11-15 22:00:00+00:00,1959.108,1987.848,1956.365,1980.998,1380.0
2023-11-16 22:00:00+00:00,1980.235,1993.335,1978.478,1980.398,1380.0
2023-11-19 22:00:00+00:00,1977.698,1985.085,1965.355,1977.774,1380.0
2023-11-20 22:00:00+00:00,1977.648,2007.475,1977.638,1998.098,1380.0
2023-11-21 22:00:00+00:00,1998.598,2006.318,1986.805,1989.548,1380.0
2023-11-22 22:00:00+00:00,1988.415,1998.408,1988.415,1992.555,1169.0
2023-11-23 22:00:00+00:00,1991.698,2003.515,1991.338,2000.505,1124.0
2023-11-26 22:00:00+00:00,2000.995,2018.085,2000.398,2013.848,1380.0
2023-11-27 22:00:00+00:00,2013.195,2042.915,2011.478,2040.598,1380.0
2023-11-28 22:00:00+00:00,2040.875,2051.865,2035.205,2043.998,1269.0
2023-11-29 22:00:00+00:00,2045.085,2047.118,2031.258,2036.098,1380.0
2023-11-30 22:00:00+00:00,2036.218,2075.265,2033.805,2071.668,1380.0
2023-12-03 22:00:00+00:00,2072.525,2145.135,2019.925,2028.965,1379.0
2023-12-04 22:00:00+00:00,2029.154,2041.155,2009.855,2019.048,1380.0
2023-12-05 22:00:00+00:00,2018.575,2035.785,2017.098,2025.218,1380.0
2023-12-06 22:00:00+00:00,2025.545,2039.778,2020.075,2028.418,1380.0
2023-12-07 22:00:00+00:00,2028.028,2033.874,1994.555,2004.418,1380.0
2023-12-10 22:00:00+00:00,2002.794,2007.705,1975.725,1981.624,1380.0
2023-12-11 22:00:00+00:00,1981.955,1996.625,1977.115,1979.315,1380.0
2023-12-12 22:00:00+00:00,1979.654,2027.648,1972.935,2027.385,1380.0
2023-12-13 22:00:00+00:00,2025.945,2047.775,2023.795,2036.255,1380.0
2023-12-14 22:00:00+00:00,2036.355,2044.815,2015.515,2019.485,1380.0
2023-12-17 22:00:00+00:00,2018.898,2033.615,2015.885,2026.984,1380.0
2023-12-18 22:00:00+00:00,2026.828,2046.905,2021.605,2040.105,1379.0
2023-12-19 22:00:00+00:00,2039.548,2043.375,2027.258,2031.735,1380.0
2023-12-20 22:00:00+00:00,2031.698,2045.898,2031.465,2045.845,1380.0
2023-12-21 22:00:00+00:00,2048.414,2070.525,2046.608,2052.908,1379.0
2023-12-25 22:00:00+00:00,2053.025,2068.948,2052.895,2067.635,1378.0
2023-12-26 22:00:00+00:00,2067.288,2084.345,2061.385,2077.495,1380.0
2023-12-27 22:00:00+00:00,2076.804,2088.355,2064.448,2065.125,1380.0
2023-12-28 22:00:00+00:00,2065.698,2074.645,2058.105,2062.688,1379.0
2024-01-01 22:00:00+00:00,2062.598,2078.825,2055.818,2058.605,1380.0
2024-01-02 22:00:00+00:00,2058.018,2065.835,2030.515,2041.195,1380.0
2024-01-03 22:00:00+00:00,2041.895,2050.855,2036.155,2043.124,1380.0
2024-01-04 22:00:00+00:00,2043.218,2063.838,2024.255,2045.355,1380.0
2024-01-07 22:00:00+00:00,2044.385,2046.525,2016.604,2027.835,1380.0
2024-01-08 22:00:00+00:00,2028.045,2041.898,2026.015,2029.885,1380.0
2024-01-09 22:00:00+00:00,2029.408,2040.135,2020.395,2024.105,1380.0
2024-01-10 22:00:00+00:00,2023.995,2043.864,2013.225,2028.695,1380.0
2024-01-11 22:00:00+00:00,2027.708,2062.145,2027.708,2048.675,1380.0
2024-01-14 22:00:00+00:00,2048.498,2058.505,2045.675,2054.505,1228.0
2024-01-15 22:00:00+00:00,2053.914,2055.495,2024.165,2028.155,1380.0
2024-01-16 22:00:00+00:00,2026.898,2032.815,2001.755,2005.945,1380.0
2024-01-17 22:00:00+00:00,2005.204,2023.135,2004.905,2022.835,1380.0
2024-01-18 22:00:00+00:00,2023.785,2039.278,2020.325,2029.375,1380.0
2024-01-21 22:00:00+00:00,2029.715,2032.005,2016.448,2021.105,1380.0
2024-01-22 22:00:00+00:00,2021.038,2037.808,2019.515,2029.015,1380.0
2024-01-23 22:00:00+00:00,2028.278,2036.575,2011.105,2014.214,1380.0
2024-01-24 22:00:00+00:00,2013.765,2025.175,2009.455,2020.505,1380.0
2024-01-25 22:00:00+00:00,2019.854,2026.715,2015.845,2017.915,1380.0
2024-01-28 22:00:00+00:00,2024.215,2037.465,2019.195,2032.955,1380.0
2024-01-29 22:00:00+00:00,2032.855,2048.448,2028.935,2036.495,1380.0
2024-01-30 22:00:00+00:00,2036.955,2055.878,2031.0,2039.105,1380.0
2024-01-31 22:00:00+00:00,2039.625,2065.348,2029.905,2054.545,1380.0
2024-02-01 22:00:00+00:00,2053.788,2057.545,2027.635,2039.275,1380.0
2024-02-04 22:00:00+00:00,2040.054,2042.034,2014.835,2025.005,1380.0
2024-02-05 22:00:00+00:00,2024.288,2038.785,2022.795,2035.365,1378.0
2024-02-06 22:00:00+00:00,2035.218,2044.465,2030.505,2034.805,1380.0
2024-02-07 22:00:00+00:00,2034.508,2038.635,2020.095,2033.785,1380.0
2024-02-08 22:00:00+00:00,2033.878,2037.058,2020.195,2024.155,1379.0
2024-02-11 22:00:00+00:00,2023.495,2027.505,2011.795,2019.885,1380.0
2024-02-12 22:00:00+00:00,2019.188,2032.845,1989.985,1992.855,1379.0
2024-02-13 22:00:00+00:00,1992.398,1996.025,1984.088,1992.105,1379.0
2024-02-14 22:00:00+00:00,1991.388,2008.175,1990.175,2004.105,1380.0
2024-02-15 22:00:00+00:00,2003.598,2015.095,1994.985,2013.055,1380.0
2024-02-18 22:00:00+00:00,2014.595,2022.895,2009.935,2017.775,1217.0
2024-02-19 22:00:00+00:00,2017.498,2030.765,2014.945,2024.095,1380.0
2024-02-20 22:00:00+00:00,2023.588,2032.195,2019.915,2025.895,1380.0
2024-02-21 22:00:00+00:00,2025.098,2034.708,2019.555,2024.514,1380.0
2024-02-22 22:00:00+00:00,2023.618,2041.285,2015.955,2035.215,1379.0
2024-02-25 22:00:00+00:00,2034.295,2036.965,2024.975,2030.885,1380.0
2024-02-26 22:00:00+00:00,2030.398,2039.375,2028.725,2029.964,1379.0
2024-02-27 22:00:00+00:00,2029.698,2037.805,2024.355,2034.085,1380.0
2024-02-28 22:00:00+00:00,2034.228,2050.605,2028.015,2043.855,1378.0
2024-02-29 22:00:00+00:00,2043.168,2088.215,2038.915,2082.395,1380.0
2024-03-03 22:00:00+00:00,2081.835,2119.805,2079.308,2114.295,1380.0
2024-03-04 22:00:00+00:00,2114.448,2141.748,2110.375,2127.755,1380.0
2024-03-05 22:00:00+00:00,2127.188,2152.085,2123.615,2147.975,1379.0
2024-03-06 22:00:00+00:00,2147.948,2164.635,2144.048,2159.715,1380.0
2024-03-07 22:00:00+00:00,2159.098,2195.085,2153.895,2178.965,1379.0
2024-03-10 22:00:00+00:00,2179.015,2188.925,2174.695,2182.085,1379.0
2024-03-11 22:00:00+00:00,2182.008,2184.625,2150.455,2158.045,1379.0
2024-03-12 22:00:00+00:00,2157.538,2179.745,2155.665,2174.065,1380.0
2024-03-13 22:00:00+00:00,2173.568,2176.848,2152.665,2161.765,1379.0
2024-03-14 22:00:00+00:00,2161.338,2172.615,2155.115,2155.625,1380.0
2024-03-17 22:00:00+00:00,2155.395,2163.455,2145.985,2159.995,1380.0
2024-03-18 22:00:00+00:00,2159.698,2162.745,2147.045,2156.995,1380.0
2024-03-19 22:00:00+00:00,2157.298,2188.735,2149.475,2185.855,1378.0
2024-03-20 22:00:00+00:00,2186.255,2222.875,2166.264,2180.815,1380.0
2024-03-21 22:00:00+00:00,2181.285,2185.965,2157.035,2165.055,1378.0
2024-03-24 22:00:00+00:00,2165.475,2181.205,2163.455,2171.235,1380.0
2024-03-25 22:00:00+00:00,2171.195,2199.995,2167.458,2178.515,1380.0
2024-03-26 22:00:00+00:00,2178.065,2197.505,2173.275,2194.335,1379.0
2024-03-27 22:00:00+00:00,2193.998,2236.015,2187.225,2232.698,1379.0
2024-03-31 22:00:00+00:00,2238.435,2265.585,2228.395,2251.585,1380.0
2024-04-01 22:00:00+00:00,2251.268,2280.945,2246.585,2280.145,1380.0
2024-04-02 22:00:00+00:00,2280.355,2301.035,2265.405,2299.755,1380.0
2024-04-03 22:00:00+00:00,2299.025,2305.425,2279.688,2290.605,1380.0
2024-04-04 22:00:00+00:00,2290.128,2330.345,2267.605,2328.195,1380.0
2024-04-07 22:00:00+00:00,2323.125,2353.835,2302.755,2338.845,1380.0
2024-04-08 22:00:00+00:00,2338.675,2365.185,2336.795,2352.675,1380.0
2024-04-09 22:00:00+00:00,2352.308,2360.065,2319.265,2333.445,1380.0
2024-04-10 22:00:00+00:00,2333.414,2377.545,2325.655,2371.705,1379.0
2024-04-11 22:00:00+00:00,2371.498,2431.385,2333.755,2343.285,1380.0
2024-04-14 22:00:00+00:00,2352.098,2387.448,2323.858,2382.835,1380.0
2024-04-15 22:00:00+00:00,2382.238,2398.128,2362.844,2382.335,1380.0
2024-04-16 22:00:00+00:00,2381.725,2395.448,2354.435,2360.395,1380.0
2024-04-17 22:00:00+00:00,2361.674,2392.624,2361.375,2379.055,1380.0
2024-04-18 22:00:00+00:00,2377.898,2417.745,2372.805,2390.295,1380.0
2024-04-21 22:00:00+00:00,2387.635,2388.425,2324.555,2326.385,1380.0
2024-04-22 22:00:00+00:00,2326.825,2334.305,2291.265,2321.535,1380.0
2024-04-23 22:00:00+00:00,2321.498,2337.128,2311.635,2315.715,1380.0
2024-04-24 22:00:00+00:00,2314.655,2344.708,2304.898,2331.735,1380.0
2024-04-25 22:00:00+00:00,2331.675,2352.418,2326.165,2337.245,1380.0
2024-04-28 22:00:00+00:00,2336.065,2346.585,2319.728,2335.085,1380.0
2024-04-29 22:00:00+00:00,2334.648,2336.215,2284.975,2285.495,1380.0
2024-04-30 22:00:00+00:00,2285.965,2328.225,2281.515,2318.115,1380.0
2024-05-01 22:00:00+00:00,2319.298,2326.325,2285.358,2303.305,1380.0
2024-05-02 22:00:00+00:00,2303.088,2320.548,2277.165,2301.175,1380.0
2024-05-05 22:00:00+00:00,2304.655,2331.988,2291.645,2323.535,1380.0
2024-05-06 22:00:00+00:00,2323.434,2329.788,2309.818,2313.795,1380.0
2024-05-07 22:00:00+00:00,2313.785,2321.345,2303.555,2308.165,1379.0
2024-05-08 22:00:00+00:00,2308.025,2347.095,2306.615,2345.985,1380.0
2024-05-09 22:00:00+00:00,2345.385,2378.365,2342.965,2360.175,1380.0
2024-05-12 22:00:00+00:00,2362.895,2364.355,2331.985,2336.545,1379.0
2024-05-13 22:00:00+00:00,2334.935,2359.558,2334.695,2357.715,1380.0
2024-05-14 22:00:00+00:00,2357.038,2390.188,2351.735,2385.425,1380.0
2024-05-15 22:00:00+00:00,2386.065,2397.275,2370.845,2376.464,1380.0
2024-05-16 22:00:00+00:00,2376.098,2422.575,2373.788,2414.525,1379.0
2024-05-19 22:00:00+00:00,2417.098,2449.985,2407.145,2425.675,1380.0
2024-05-20 22:00:00+00:00,2425.698,2433.838,2406.158,2420.365,1380.0
2024-05-21 22:00:00+00:00,2421.034,2426.344,2374.855,2377.745,1379.0
2024-05-22 22:00:00+00:00,2379.015,2383.605,2326.848,2328.375,1378.0
2024-05-23 22:00:00+00:00,2327.808,2347.325,2325.265,2333.405,1380.0
2024-05-26 22:00:00+00:00,2336.365,2358.388,2332.125,2350.754,1229.0
2024-05-27 22:00:00+00:00,2351.098,2363.975,2340.155,2361.015,1380.0
2024-05-28 22:00:00+00:00,2360.185,2362.105,2334.438,2337.755,1380.0
2024-05-29 22:00:00+00:00,2337.098,2351.698,2322.458,2342.875,1380.0
2024-05-30 22:00:00+00:00,2344.705,2359.598,2320.395,2326.995,1380.0
2024-06-02 22:00:00+00:00,2327.425,2354.565,2314.635,2350.405,1380.0
2024-06-03 22:00:00+00:00,2350.495,2352.645,2315.508,2326.675,1380.0
2024-06-04 22:00:00+00:00,2325.918,2357.278,2325.785,2354.975,1380.0
2024-06-05 22:00:00+00:00,2355.098,2378.408,2353.305,2375.375,1380.0
2024-06-06 22:00:00+00:00,2374.968,2387.595,2286.628,2293.415,1380.0
2024-06-09 22:00:00+00:00,2294.415,2313.655,2287.665,2310.645,1380.0
2024-06-10 22:00:00+00:00,2311.954,2319.865,2297.595,2316.515,1380.0
2024-06-11 22:00:00+00:00,2316.405,2341.495,2310.584,2324.675,1380.0
2024-06-12 22:00:00+00:00,2324.305,2326.495,2295.395,2303.905,1380.0
2024-06-13 22:00:00+00:00,2303.028,2336.575,2301.415,2332.184,1380.0
2024-06-16 22:00:00+00:00,2331.098,2332.488,2309.895,2318.875,1380.0
2024-06-17 22:00:00+00:00,2318.098,2333.008,2306.465,2329.165,1380.0
2024-06-18 22:00:00+00:00,2328.585,2334.868,2323.984,2327.695,1230.0
2024-06-19 22:00:00+00:00,2327.865,2365.375,2327.628,2359.695,1378.0
2024-06-20 22:00:00+00:00,2359.298,2368.558,2316.588,2321.755,1380.0
2024-06-23 22:00:00+00:00,2322.775,2334.595,2317.575,2333.695,1380.0
2024-06-24 22:00:00+00:00,2333.205,2337.018,2315.405,2319.235,1380.0
2024-06-25 22:00:00+00:00,2319.575,2323.738,2293.464,2298.035,1380.0
2024-06-26 22:00:00+00:00,2298.098,2330.825,2296.425,2327.695,1380.0
2024-06-27 22:00:00+00:00,2327.108,2339.635,2318.905,2326.275,1379.0
2024-06-30 22:00:00+00:00,2326.315,2338.388,2318.395,2331.485,1380.0
2024-07-01 22:00:00+00:00,2330.848,2336.668,2318.945,2329.335,1380.0
2024-07-02 22:00:00+00:00,2329.098,2364.795,2326.685,2355.765,1380.0
2024-07-03 22:00:00+00:00,2356.925,2362.385,2350.364,2356.555,1227.0
2024-07-04 22:00:00+00:00,2356.615,2392.815,2347.515,2390.705,1380.0
2024-07-07 22:00:00+00:00,2385.498,2390.935,2350.915,2358.625,1380.0
2024-07-08 22:00:00+00:00,2358.338,2371.358,2349.455,2363.745,1380.0
2024-07-09 22:00:00+00:00,2363.085,2386.548,2362.091,2370.995,1380.0
2024-07-10 22:00:00+00:00,2371.035,2424.395,2370.235,2414.654,1380.0
2024-07-11 22:00:00+00:00,2415.298,2418.128,2391.325,2410.534,1380.0
2024-07-14 22:00:00+00:00,2412.455,2439.628,2401.225,2422.165,1380.0
2024-07-15 22:00:00+00:00,2421.518,2469.575,2419.835,2468.355,1380.0
2024-07-16 22:00:00+00:00,2467.945,2483.548,2451.425,2458.645,1380.0
2024-07-17 22:00:00+00:00,2458.155,2474.805,2440.195,2444.915,1380.0
2024-07-18 22:00:00+00:00,2444.635,2445.705,2393.675,2400.485,1380.0
2024-07-21 22:00:00+00:00,2401.298,2412.035,2383.715,2396.045,1380.0
2024-07-22 22:00:00+00:00,2395.658,2411.908,2388.135,2409.085,1380.0
2024-07-23 22:00:00+00:00,2408.648,2431.945,2396.585,2397.015,1380.0
2024-07-24 22:00:00+00:00,2397.005,2401.045,2353.005,2364.175,1380.0
2024-07-25 22:00:00+00:00,2363.568,2390.655,2355.728,2386.765,1380.0
2024-07-28 22:00:00+00:00,2387.645,2402.995,2369.518,2383.504,1380.0
2024-07-29 22:00:00+00:00,2383.198,2412.705,2376.358,2410.375,1380.0
2024-07-30 22:00:00+00:00,2409.898,2450.848,2403.765,2447.095,1380.0
2024-07-31 22:00:00+00:00,2448.498,2462.125,2430.075,2446.065,1380.0
2024-08-01 22:00:00+00:00,2445.668,2477.494,2410.664,2443.055,1380.0
2024-08-04 22:00:00+00:00,2443.975,2458.655,2364.164,2410.005,1380.0
2024-08-05 22:00:00+00:00,2409.295,2418.215,2381.515,2389.854,1380.0
2024-08-06 22:00:00+00:00,2390.575,2406.858,2378.868,2382.495,1380.0
2024-08-07 22:00:00+00:00,2383.524,2427.548,2380.855,2427.065,1380.0
2024-08-08 22:00:00+00:00,2426.845,2436.884,2416.815,2430.925,1380.0
2024-08-11 22:00:00+00:00,2430.298,2473.095,2423.695,2472.385,1380.0
2024-08-12 22:00:00+00:00,2470.414,2476.845,2458.365,2464.855,1380.0
2024-08-13 22:00:00+00:00,2466.498,2479.715,2438.0,2447.625,1380.0
2024-08-14 22:00:00+00:00,2446.958,2469.945,2432.015,2456.545,1380.0
2024-08-15 22:00:00+00:00,2456.385,2509.638,2450.565,2506.844,1380.0
2024-08-18 22:00:00+00:00,2508.298,2509.998,2485.515,2503.885,1380.0
2024-08-19 22:00:00+00:00,2503.275,2531.558,2497.235,2513.615,1380.0
2024-08-20 22:00:00+00:00,2512.968,2519.795,2493.698,2512.055,1380.0
2024-08-21 22:00:00+00:00,2511.698,2514.545,2470.705,2484.465,1380.0
2024-08-22 22:00:00+00:00,2484.185,2518.195,2484.185,2512.235,1380.0
2024-08-25 22:00:00+00:00,2511.275,2526.708,2508.585,2517.835,1380.0
2024-08-26 22:00:00+00:00,2517.438,2525.818,2503.325,2524.355,1380.0
2024-08-27 22:00:00+00:00,2524.605,2528.888,2493.515,2504.315,1380.0
2024-08-28 22:00:00+00:00,2503.858,2528.558,2503.515,2521.085,1380.0
2024-08-29 22:00:00+00:00,2520.425,2526.725,2494.048,2502.925,1380.0
2024-09-01 22:00:00+00:00,2502.435,2507.125,2489.915,2499.228,1229.0
2024-09-02 22:00:00+00:00,2499.098,2506.165,2473.245,2492.665,1378.0
2024-09-03 22:00:00+00:00,2492.495,2500.145,2471.718,2495.285,1380.0
2024-09-04 22:00:00+00:00,2494.725,2523.448,2493.665,2516.475,1380.0
2024-09-05 22:00:00+00:00,2516.048,2529.125,2485.015,2497.035,1380.0
2024-09-08 22:00:00+00:00,2497.098,2507.088,2485.405,2506.115,1380.0
2024-09-09 22:00:00+00:00,2505.898,2518.304,2500.024,2516.415,1379.0
2024-09-10 22:00:00+00:00,2515.978,2528.885,2500.825,2511.555,1380.0
2024-09-11 22:00:00+00:00,2511.015,2559.978,2510.885,2558.485,1380.0
2024-09-12 22:00:00+00:00,2557.698,2585.965,2556.538,2577.615,1380.0
2024-09-15 22:00:00+00:00,2578.725,2589.515,2575.115,2582.235,1380.0
2024-09-16 22:00:00+00:00,2581.745,2586.835,2560.984,2569.155,1380.0
2024-09-17 22:00:00+00:00,2568.698,2599.995,2546.645,2558.664,1380.0
2024-09-18 22:00:00+00:00,2558.645,2594.775,2551.005,2586.645,1380.0
2024-09-19 22:00:00+00:00,2585.848,2625.574,2584.654,2621.504,1380.0
2024-09-22 22:00:00+00:00,2620.915,2634.715,2613.685,2628.405,1380.0
2024-09-23 22:00:00+00:00,2628.045,2664.204,2622.475,2656.804,1379.0
2024-09-24 22:00:00+00:00,2657.105,2670.348,2649.715,2656.954,1380.0
2024-09-25 22:00:00+00:00,2656.474,2685.405,2654.685,2671.964,1380.0
2024-09-26 22:00:00+00:00,2671.268,2674.134,2643.111,2657.955,1380.0
2024-09-29 22:00:00+00:00,2657.935,2665.858,2624.538,2634.204,1380.0
2024-09-30 22:00:00+00:00,2633.898,2672.908,2632.184,2663.005,1380.0
2024-10-01 22:00:00+00:00,2662.438,2663.194,2640.954,2658.345,1380.0
2024-10-02 22:00:00+00:00,2658.035,2662.775,2636.255,2655.715,1380.0
2024-10-03 22:00:00+00:00,2654.878,2670.065,2632.068,2653.545,1380.0
2024-10-06 22:00:00+00:00,2650.375,2659.465,2637.688,2642.625,1380.0
2024-10-07 22:00:00+00:00,2641.965,2652.885,2604.575,2621.385,1380.0
2024-10-08 22:00:00+00:00,2620.638,2624.165,2605.045,2607.465,1379.0
2024-10-09 22:00:00+00:00,2606.828,2631.435,2601.734,2629.595,1315.0
2024-10-10 22:00:00+00:00,2629.098,2661.258,2627.995,2656.835,1380.0
2024-10-13 22:00:00+00:00,2656.298,2666.705,2643.058,2648.424,1380.0
2024-10-14 22:00:00+00:00,2646.905,2668.805,2637.955,2662.345,1379.0
2024-10-15 22:00:00+00:00,2662.098,2685.298,2658.558,2673.435,1379.0
2024-10-16 22:00:00+00:00,2673.015,2696.605,2672.914,2692.675,1380.0
2024-10-17 22:00:00+00:00,2691.998,2722.405,2691.665,2721.105,1380.0
2024-10-20 22:00:00+00:00,2720.098,2740.418,2714.165,2719.124,1380.0
2024-10-21 22:00:00+00:00,2720.054,2748.775,2718.798,2748.525,1380.0
2024-10-22 22:00:00+00:00,2748.155,2758.338,2708.635,2715.014,1379.0
2024-10-23 22:00:00+00:00,2715.044,2743.175,2714.764,2735.875,1380.0
2024-10-24 22:00:00+00:00,2735.318,2747.635,2716.885,2746.625,1380.0
2024-10-27 22:00:00+00:00,2735.698,2745.788,2724.545,2742.055,1380.0
2024-10-28 22:00:00+00:00,2741.678,2774.715,2739.605,2774.425,1380.0
2024-10-29 22:00:00+00:00,2773.898,2789.925,2770.795,2787.205,1380.0
2024-10-30 22:00:00+00:00,2788.014,2790.005,2731.415,2743.765,1380.0
2024-10-31 22:00:00+00:00,2743.945,2762.048,2733.095,2735.895,1380.0
2024-11-03 22:00:00+00:00,2733.298,2748.015,2730.0,2736.225,1380.0
2024-11-04 22:00:00+00:00,2735.698,2749.875,2724.695,2743.694,1380.0
2024-11-05 22:00:00+00:00,2742.898,2749.605,2652.295,2658.895,1380.0
2024-11-06 22:00:00+00:00,2658.695,2710.244,2643.134,2705.995,1380.0
2024-11-07 22:00:00+00:00,2705.788,2710.235,2680.215,2684.035,1380.0
2024-11-10 22:00:00+00:00,2683.898,2686.025,2610.515,2619.375,1380.0
2024-11-11 22:00:00+00:00,2618.618,2627.015,2589.508,2597.895,1380.0
2024-11-12 22:00:00+00:00,2597.628,2618.628,2572.125,2572.195,1380.0
2024-11-13 22:00:00+00:00,2572.245,2581.198,2536.664,2564.145,1380.0
2024-11-14 22:00:00+00:00,2563.898,2575.908,2554.335,2562.715,1380.0
2024-11-17 22:00:00+00:00,2564.258,2614.955,2563.835,2611.605,1380.0
2024-11-18 22:00:00+00:00,2611.498,2639.325,2610.205,2632.105,1380.0
2024-11-19 22:00:00+00:00,2631.975,2655.275,2618.705,2650.145,1380.0
2024-11-20 22:00:00+00:00,2649.515,2673.385,2648.765,2669.535,1380.0
2024-11-21 22:00:00+00:00,2668.698,2716.165,2667.915,2715.805,1380.0
2024-11-24 22:00:00+00:00,2713.375,2721.185,2615.455,2624.645,1380.0
2024-11-25 22:00:00+00:00,2624.218,2641.774,2605.085,2632.785,1380.0
2024-11-26 22:00:00+00:00,2631.858,2658.098,2626.935,2635.785,1379.0
2024-11-27 22:00:00+00:00,2636.298,2649.518,2620.815,2637.215,1229.0
2024-11-28 22:00:00+00:00,2637.505,2666.195,2633.925,2649.945,1244.0
2024-12-01 22:00:00+00:00,2653.075,2653.115,2622.0,2638.555,1380.0
2024-12-02 22:00:00+00:00,2638.698,2655.528,2633.965,2643.225,1380.0
2024-12-03 22:00:00+00:00,2642.618,2656.998,2632.315,2649.325,1380.0
2024-12-04 22:00:00+00:00,2649.118,2655.445,2623.385,2631.665,1380.0
2024-12-05 22:00:00+00:00,2631.498,2645.535,2612.585,2632.664,1380.0
2024-12-08 22:00:00+00:00,2646.52,2676.255,2627.455,2659.354,1380.0
2024-12-09 22:00:00+00:00,2660.498,2695.378,2657.805,2693.514,1380.0
2024-12-10 22:00:00+00:00,2693.698,2721.005,2674.345,2717.395,1380.0
2024-12-11 22:00:00+00:00,2717.135,2725.675,2675.055,2680.595,1312.0
2024-12-12 22:00:00+00:00,2679.778,2692.595,2645.945,2647.385,1380.0
2024-12-15 22:00:00+00:00,2649.098,2664.248,2643.374,2652.595,1380.0
2024-12-16 22:00:00+00:00,2651.898,2658.465,2632.795,2645.575,1380.0
2024-12-17 22:00:00+00:00,2645.355,2651.525,2583.498,2584.574,1380.0
2024-12-18 22:00:00+00:00,2583.745,2626.325,2582.264,2593.585,1380.0
2024-12-19 22:00:00+00:00,2593.498,2631.698,2589.475,2622.435,1380.0
2024-12-22 22:00:00+00:00,2623.698,2633.135,2608.055,2611.635,1379.0
2024-12-23 22:00:00+00:00,2613.1,2621.205,2609.935,2616.348,1184.0
2024-12-25 22:00:00+00:00,2619.205,2638.975,2614.248,2632.705,1380.0
2024-12-26 22:00:00+00:00,2632.448,2638.105,2611.285,2621.348,1375.0
2024-12-29 22:00:00+00:00,2620.154,2627.985,2595.905,2605.705,1380.0
2024-12-30 22:00:00+00:00,2605.455,2627.364,2602.475,2624.255,1379.0
2025-01-01 22:00:00+00:00,2625.098,2660.375,2621.475,2657.195,1380.0
2025-01-02 22:00:00+00:00,2657.248,2665.185,2636.625,2639.898,1380.0
2025-01-05 22:00:00+00:00,2639.298,2649.305,2614.365,2635.995,1380.0
2025-01-06 22:00:00+00:00,2635.618,2664.098,2632.775,2648.185,1380.0
2025-01-07 22:00:00+00:00,2647.965,2669.844,2645.095,2661.105,1380.0
2025-01-08 22:00:00+00:00,2660.865,2678.395,2655.305,2669.525,1380.0
2025-01-09 22:00:00+00:00,2670.255,2697.709,2663.205,2689.755,1380.0
2025-01-12 22:00:00+00:00,2690.155,2693.245,2656.615,2662.475,1379.0
2025-01-13 22:00:00+00:00,2662.633,2677.985,2659.645,2676.875,1380.0
2025-01-14 22:00:00+00:00,2677.475,2697.335,2669.315,2695.719,1380.0
2025-01-15 22:00:00+00:00,2697.348,2724.565,2689.725,2713.745,1377.0
2025-01-16 22:00:00+00:00,2714.065,2717.375,2698.445,2702.645,1380.0
2025-01-19 22:00:00+00:00,2701.105,2713.655,2689.308,2707.248,1224.0
2025-01-20 22:00:00+00:00,2706.055,2745.848,2702.745,2744.005,1380.0
2025-01-21 22:00:00+00:00,2743.808,2763.205,2741.705,2755.755,1380.0
2025-01-22 22:00:00+00:00,2755.495,2758.655,2735.665,2754.145,1380.0
2025-01-23 22:00:00+00:00,2753.945,2785.825,2753.185,2769.805,1380.0
2025-01-26 22:00:00+00:00,2770.305,2772.415,2730.529,2739.755,1380.0
2025-01-27 22:00:00+00:00,2739.765,2764.875,2734.738,2763.005,1380.0
2025-01-28 22:00:00+00:00,2762.448,2765.985,2745.0,2758.615,1380.0
2025-01-29 22:00:00+00:00,2758.595,2798.305,2757.348,2793.465,1380.0
2025-01-30 22:00:00+00:00,2793.148,2816.935,2790.895,2798.085,1377.0
2025-02-02 22:00:00+00:00,2793.987,2830.305,2771.885,2813.935,1376.0
2025-02-03 22:00:00+00:00,2812.248,2845.335,2806.925,2841.235,1378.0
2025-02-04 22:00:00+00:00,2840.755,2882.215,2839.335,2866.235,1380.0
2025-02-05 22:00:00+00:00,2865.995,2873.085,2833.955,2855.945,1380.0
2025-02-06 22:00:00+00:00,2855.298,2886.605,2852.085,2860.135,1380.0
2025-02-09 22:00:00+00:00,2858.065,2911.655,2854.448,2907.365,1380.0
2025-02-10 22:00:00+00:00,2906.968,2942.665,2881.635,2897.325,1380.0
2025-02-11 22:00:00+00:00,2896.578,2909.035,2863.685,2903.975,1380.0
2025-02-12 22:00:00+00:00,2903.485,2929.395,2900.225,2927.305,1380.0
2025-02-13 22:00:00+00:00,2926.735,2939.935,2876.805,2882.085,1380.0
2025-02-16 22:00:00+00:00,2881.745,2906.215,2878.015,2898.275,1229.0
2025-02-17 22:00:00+00:00,2898.545,2936.825,2891.775,2934.565,1379.0
2025-02-18 22:00:00+00:00,2934.248,2946.865,2918.365,2932.985,1379.0
2025-02-19 22:00:00+00:00,2932.538,2954.755,2923.945,2938.995,1380.0
2025-02-20 22:00:00+00:00,2938.165,2949.545,2916.615,2934.955,1380.0
2025-02-23 22:00:00+00:00,2934.815,2956.035,2921.055,2952.725,1380.0
2025-02-24 22:00:00+00:00,2952.315,2953.348,2888.085,2914.348,1380.0
2025-02-25 22:00:00+00:00,2913.965,2929.995,2890.588,2916.025,1380.0
2025-02-26 22:00:00+00:00,2915.878,2920.615,2867.565,2876.485,1380.0
2025-02-27 22:00:00+00:00,2876.298,2884.925,2832.455,2856.998,1380.0
2025-03-02 22:00:00+00:00,2855.205,2894.985,2855.075,2892.148,1355.0
2025-03-03 22:00:00+00:00,2891.785,2927.715,2881.648,2916.625,1380.0
2025-03-04 22:00:00+00:00,2917.155,2929.748,2894.145,2918.735,1380.0
2025-03-05 22:00:00+00:00,2918.258,2926.425,2890.815,2910.805,1379.0
2025-03-06 22:00:00+00:00,2910.898,2930.185,2895.698,2909.355,1374.0
2025-03-09 22:00:00+00:00,2910.615,2915.275,2879.935,2888.325,1020.0
2025-03-10 22:00:00+00:00,2888.098,2922.048,2879.938,2915.625,1380.0
2025-03-11 22:00:00+00:00,2914.998,2940.348,2905.755,2932.925,1380.0
2025-03-12 22:00:00+00:00,2933.698,2989.165,2932.768,2988.075,1380.0
2025-03-13 22:00:00+00:00,2988.698,3004.725,2978.085,2983.795,1380.0
2025-03-16 22:00:00+00:00,2984.285,3001.755,2981.975,3000.425,1380.0
2025-03-17 22:00:00+00:00,3000.098,3038.058,2999.258,3034.075,1379.0
2025-03-18 22:00:00+00:00,3033.335,3051.758,3022.315,3045.955,1380.0
2025-03-19 22:00:00+00:00,3047.648,3057.245,3025.428,3044.725,1380.0
2025-03-20 22:00:00+00:00,3043.925,3047.265,2999.268,3022.705,1380.0
2025-03-23 22:00:00+00:00,3020.155,3033.135,3002.145,3011.435,1380.0
2025-03-24 22:00:00+00:00,3011.415,3035.905,3007.315,3019.675,1380.0
2025-03-25 22:00:00+00:00,3018.745,3031.945,3012.125,3018.685,1380.0
2025-03-26 22:00:00+00:00,3018.668,3059.518,3017.298,3055.515,1380.0
2025-03-27 22:00:00+00:00,3055.498,3086.725,3053.875,3083.898,1380.0
2025-03-30 22:00:00+00:00,3086.498,3127.825,3076.485,3122.905,1380.0
2025-03-31 22:00:00+00:00,3122.298,3148.835,3100.665,3113.025,1380.0
2025-04-01 22:00:00+00:00,3112.898,3141.283,3104.175,3130.748,1380.0
2025-04-02 22:00:00+00:00,3142.048,3167.548,3053.935,3114.585,1378.0
2025-04-03 22:00:00+00:00,3113.998,3136.435,3015.335,3037.998,1378.0
2025-04-06 22:00:00+00:00,3006.765,3055.18,2956.125,2982.975,1376.0
2025-04-07 22:00:00+00:00,2980.955,3022.485,2974.565,2982.465,1380.0
2025-04-08 22:00:00+00:00,2982.455,3099.465,2969.605,3082.245,1380.0
2025-04-09 22:00:00+00:00,3080.795,3176.255,3070.935,3175.025,1380.0
2025-04-10 22:00:00+00:00,3174.495,3245.025,3174.455,3236.375,1380.0
2025-04-13 22:00:00+00:00,3229.155,3245.515,3193.315,3210.255,1380.0
2025-04-14 22:00:00+00:00,3210.555,3233.425,3209.685,3229.855,1380.0
2025-04-15 22:00:00+00:00,3230.875,3343.185,3229.735,3342.645,1376.0
2025-04-16 22:00:00+00:00,3342.515,3357.455,3283.345,3326.925,1379.0
2025-04-20 22:00:00+00:00,3331.835,3430.355,3327.985,3422.895,1380.0
2025-04-21 22:00:00+00:00,3423.815,3499.915,3366.525,3380.075,1380.0
2025-04-22 22:00:00+00:00,3349.515,3386.375,3259.485,3287.805,1380.0
2025-04-23 22:00:00+00:00,3288.865,3367.015,3288.035,3348.355,1380.0
2025-04-24 22:00:00+00:00,3350.885,3370.065,3264.785,3318.625,1366.0
2025-04-27 22:00:00+00:00,3324.265,3352.835,3267.765,3343.505,1380.0
2025-04-28 22:00:00+00:00,3343.735,3348.145,3299.325,3316.595,1380.0
2025-04-29 22:00:00+00:00,3316.175,3327.865,3266.875,3288.255,1375.0
2025-04-30 22:00:00+00:00,3287.425,3289.775,3201.685,3238.375,1380.0
2025-05-01 22:00:00+00:00,3238.385,3268.805,3222.395,3239.415,1380.0
2025-05-04 22:00:00+00:00,3239.195,3337.395,3236.745,3332.615,1380.0
2025-05-05 22:00:00+00:00,3335.895,3434.675,3321.108,3431.105,1380.0
2025-05-06 22:00:00+00:00,3437.655,3437.655,3359.735,3363.975,1380.0
2025-05-07 22:00:00+00:00,3365.545,3414.705,3288.445,3305.515,1380.0
2025-05-08 22:00:00+00:00,3304.035,3347.365,3274.295,3323.345,1380.0
2025-05-11 22:00:00+00:00,3271.805,3292.675,3207.495,3235.215,1378.0
2025-05-12 22:00:00+00:00,3236.195,3265.405,3215.535,3250.315,1380.0
2025-05-13 22:00:00+00:00,3249.275,3256.685,3167.545,3176.915,1380.0
2025-05-14 22:00:00+00:00,3178.135,3240.305,3120.205,3239.625,1380.0
2025-05-15 22:00:00+00:00,3239.855,3251.805,3153.475,3202.465,1380.0
2025-05-18 22:00:00+00:00,3218.455,3249.505,3205.785,3229.205,1380.0
2025-05-19 22:00:00+00:00,3229.345,3295.465,3204.205,3289.785,1380.0
2025-05-20 22:00:00+00:00,3290.145,3324.748,3285.105,3314.675,1380.0
2025-05-21 22:00:00+00:00,3319.348,3345.198,3278.789,3294.425,1380.0
2025-05-22 22:00:00+00:00,3294.298,3365.798,3286.765,3356.575,1380.0
2025-05-25 22:00:00+00:00,3355.698,3356.598,3323.298,3341.635,1229.0
2025-05-26 22:00:00+00:00,3342.498,3349.748,3284.159,3300.455,1380.0
2025-05-27 22:00:00+00:00,3300.298,3325.318,3276.075,3286.715,1380.0
2025-05-28 22:00:00+00:00,3288.148,3330.775,3245.198,3317.775,1380.0
2025-05-29 22:00:00+00:00,3317.185,3322.448,3271.095,3288.865,1380.0
2025-06-01 22:00:00+00:00,3298.375,3382.695,3295.208,3381.215,1380.0
2025-06-02 22:00:00+00:00,3382.898,3391.935,3332.575,3352.885,1380.0
2025-06-03 22:00:00+00:00,3353.515,3384.495,3343.448,3372.445,1380.0
2025-06-04 22:00:00+00:00,3374.245,3403.178,3339.048,3352.285,1380.0
2025-06-05 22:00:00+00:00,3353.745,3375.348,3306.915,3309.625,1380.0
2025-06-08 22:00:00+00:00,3311.395,3338.065,3293.198,3325.215,1380.0
2025-06-09 22:00:00+00:00,3325.125,3348.895,3301.698,3323.295,1380.0
2025-06-10 22:00:00+00:00,3322.298,3360.405,3315.245,3355.005,1380.0
2025-06-11 22:00:00+00:00,3356.915,3398.745,3338.385,3385.625,1380.0
2025-06-12 22:00:00+00:00,3385.505,3446.648,3379.378,3431.855,1380.0
2025-06-15 22:00:00+00:00,3451.065,3451.085,3382.525,3383.485,1380.0
2025-06-16 22:00:00+00:00,3386.825,3403.098,3365.835,3387.385,1380.0
2025-06-17 22:00:00+00:00,3389.698,3399.845,3362.355,3368.845,1380.0
2025-06-18 22:00:00+00:00,3369.445,3387.798,3347.265,3370.075,1229.0
2025-06-19 22:00:00+00:00,3368.405,3374.265,3340.175,3368.005,1380.0
2025-06-22 22:00:00+00:00,3390.698,3396.648,3346.675,3367.955,1380.0
2025-06-23 22:00:00+00:00,3367.298,3369.545,3295.098,3322.625,1380.0
2025-06-24 22:00:00+00:00,3323.725,3336.848,3311.705,3332.095,1380.0
2025-06-25 22:00:00+00:00,3334.245,3350.025,3309.695,3327.705,1380.0
2025-06-26 22:00:00+00:00,3327.358,3327.698,3255.485,3273.335,1380.0
2025-06-29 22:00:00+00:00,3272.145,3309.348,3244.925,3302.155,1380.0
2025-06-30 22:00:00+00:00,3302.898,3357.865,3301.958,3337.535,1380.0
2025-07-01 22:00:00+00:00,3338.698,3359.815,3327.275,3357.205,1380.0
2025-07-02 22:00:00+00:00,3356.698,3365.455,3311.215,3326.085,1380.0
2025-07-03 22:00:00+00:00,3324.998,3344.905,3323.345,3336.248,1139.0
2025-07-06 22:00:00+00:00,3334.015,3342.348,3296.195,3336.545,1380.0
2025-07-07 22:00:00+00:00,3338.498,3345.548,3286.905,3300.695,1380.0
2025-07-08 22:00:00+00:00,3301.098,3316.598,3282.425,3313.445,1380.0
2025-07-09 22:00:00+00:00,3312.948,3330.085,3309.905,3323.505,1380.0
2025-07-10 22:00:00+00:00,3322.935,3368.559,3321.585,3354.725,1380.0
2025-07-13 22:00:00+00:00,3362.948,3374.805,3340.755,3342.785,1380.0
2025-07-14 22:00:00+00:00,3342.805,3366.148,3320.055,3323.135,1380.0
2025-07-15 22:00:00+00:00,3324.095,3377.185,3319.499,3346.045,1380.0
2025-07-16 22:00:00+00:00,3347.298,3352.025,3309.575,3338.355,1380.0
2025-07-17 22:00:00+00:00,3340.725,3361.035,3331.645,3349.655,1380.0
2025-07-20 22:00:00+00:00,3349.898,3401.339,3344.798,3396.535,1380.0
2025-07-21 22:00:00+00:00,3396.895,3433.279,3383.115,3430.855,1380.0
2025-07-22 22:00:00+00:00,3431.605,3438.655,3381.215,3386.615,1380.0
2025-07-23 22:00:00+00:00,3387.698,3393.165,3351.168,3367.905,1380.0
2025-07-24 22:00:00+00:00,3367.695,3373.295,3324.805,3335.575,1380.0
2025-07-27 22:00:00+00:00,3316.938,3345.145,3301.465,3312.075,1380.0
2025-07-28 22:00:00+00:00,3314.255,3333.908,3307.815,3325.575,1380.0
2025-07-29 22:00:00+00:00,3326.498,3333.815,3267.955,3274.775,1380.0
2025-07-30 22:00:00+00:00,3275.298,3314.705,3273.505,3289.275,1380.0
2025-07-31 22:00:00+00:00,3289.665,3363.425,3281.435,3362.425,1380.0
2025-08-03 22:00:00+00:00,3364.698,3385.205,3344.748,3372.595,1380.0
2025-08-04 22:00:00+00:00,3374.098,3390.289,3349.639,3380.005,1380.0
2025-08-05 22:00:00+00:00,3380.345,3385.098,3358.015,3368.425,1380.0
2025-08-06 22:00:00+00:00,3368.495,3401.798,3364.895,3396.715,1380.0
2025-08-07 22:00:00+00:00,3404.165,3408.675,3373.288,3398.579,1373.0
2025-08-10 22:00:00+00:00,3397.298,3404.798,3340.808,3341.145,1380.0
2025-08-11 22:00:00+00:00,3342.298,3359.198,3330.898,3347.775,1380.0
2025-08-12 22:00:00+00:00,3347.498,3370.505,3342.439,3355.155,1380.0
2025-08-13 22:00:00+00:00,3355.898,3374.555,3329.645,3334.905,1380.0
2025-08-14 22:00:00+00:00,3335.498,3348.595,3331.945,3334.645,1380.0
2025-08-17 22:00:00+00:00,3336.015,3358.215,3323.335,3331.815,1380.0
2025-08-18 22:00:00+00:00,3333.098,3345.165,3314.775,3316.035,1380.0
2025-08-19 22:00:00+00:00,3315.465,3350.198,3311.255,3347.335,1380.0
2025-08-20 22:00:00+00:00,3349.098,3351.935,3324.948,3338.935,1380.0
2025-08-21 22:00:00+00:00,3338.405,3378.585,3321.045,3371.235,1380.0
2025-08-24 22:00:00+00:00,3370.835,3376.135,3359.495,3365.605,1380.0
2025-08-25 22:00:00+00:00,3365.135,3393.495,3351.175,3393.465,1380.0
2025-08-26 22:00:00+00:00,3392.648,3398.569,3373.665,3396.495,1380.0
2025-08-27 22:00:00+00:00,3397.835,3423.069,3384.445,3415.795,1380.0
2025-08-28 22:00:00+00:00,3416.965,3453.565,3404.185,3446.805,1378.0
2025-08-31 22:00:00+00:00,3445.648,3489.595,3436.548,3476.225,1229.0
2025-09-01 22:00:00+00:00,3476.505,3539.849,3469.805,3532.405,1380.0
2025-09-02 22:00:00+00:00,3532.698,3578.175,3525.848,3558.475,1380.0
2025-09-03 22:00:00+00:00,3560.448,3563.998,3510.425,3544.645,1380.0
2025-09-04 22:00:00+00:00,3545.935,3599.905,3539.715,3585.195,1380.0
2025-09-07 22:00:00+00:00,3582.104,3646.115,3577.698,3633.895,1380.0
2025-09-08 22:00:00+00:00,3635.615,3673.645,3623.995,3623.995,1380.0
2025-09-09 22:00:00+00:00,3619.635,3657.238,3618.505,3639.805,1380.0
2025-09-10 22:00:00+00:00,3641.098,3648.895,3611.465,3632.485,1380.0
2025-09-11 22:00:00+00:00,3632.955,3656.435,3630.295,3642.635,1380.0
2025-09-14 22:00:00+00:00,3643.605,3685.345,3626.148,3677.215,1380.0
2025-09-15 22:00:00+00:00,3679.698,3702.828,3674.455,3689.365,1380.0
2025-09-16 22:00:00+00:00,3689.098,3707.308,3645.765,3659.005,1380.0
2025-09-17 22:00:00+00:00,3659.285,3672.785,3627.465,3643.415,1380.0
2025-09-18 22:00:00+00:00,3643.675,3685.089,3631.938,3684.489,1380.0
2025-09-21 22:00:00+00:00,3686.698,3748.535,3683.365,3745.845,1380.0
2025-09-22 22:00:00+00:00,3745.698,3790.865,3736.455,3762.985,1380.0
2025-09-23 22:00:00+00:00,3764.698,3778.998,3717.348,3735.805,1380.0
2025-09-24 22:00:00+00:00,3735.895,3761.425,3721.915,3748.405,1380.0
2025-09-25 22:00:00+00:00,3749.498,3783.595,3734.275,3759.005,1380.0
2025-09-28 22:00:00+00:00,3756.045,3834.005,3755.898,3832.935,1380.0
2025-09-29 22:00:00+00:00,3833.025,3871.505,3792.875,3857.365,1380.0
2025-09-30 22:00:00+00:00,3858.898,3895.145,3853.055,3865.415,1380.0
2025-10-01 22:00:00+00:00,3865.745,3896.958,3819.095,3855.545,1380.0
2025-10-02 22:00:00+00:00,3855.625,3891.475,3837.785,3886.825,1380.0
2025-10-05 22:00:00+00:00,3887.955,3969.925,3883.248,3959.015,1380.0
2025-10-06 22:00:00+00:00,3958.705,3990.845,3940.685,3984.185,1380.0
2025-10-07 22:00:00+00:00,3984.298,4059.098,3982.748,4040.745,1380.0
2025-10-08 22:00:00+00:00,4042.415,4057.765,3943.788,3976.275,1380.0
2025-10-09 22:00:00+00:00,3974.925,4022.748,3946.675,4017.845,1380.0
2025-10-12 22:00:00+00:00,4000.535,4117.005,4000.535,4109.095,1380.0
2025-10-13 22:00:00+00:00,4110.225,4179.355,4089.805,4140.925,1380.0
2025-10-14 22:00:00+00:00,4141.955,4217.995,4140.065,4206.575,1380.0
2025-10-15 22:00:00+00:00,4208.395,4330.465,4199.285,4327.195,1380.0
2025-10-16 22:00:00+00:00,4330.965,4379.125,4185.425,4250.855,1380.0
2025-10-19 22:00:00+00:00,4247.775,4381.298,4218.505,4355.685,1380.0
2025-10-20 22:00:00+00:00,4354.698,4375.248,4078.259,4124.355,1380.0
2025-10-21 22:00:00+00:00,4124.515,4161.165,4003.298,4098.055,1380.0
2025-10-22 22:00:00+00:00,4094.615,4154.435,4065.405,4125.185,1380.0
2025-10-23 22:00:00+00:00,4127.098,4144.145,4043.618,4111.555,1380.0
2025-10-26 22:00:00+00:00,4064.051,4108.598,3971.068,3981.095,1379.0
2025-10-27 22:00:00+00:00,3983.915,4019.405,3886.199,3951.945,1380.0
2025-10-28 22:00:00+00:00,3952.598,4029.955,3914.548,3928.435,1380.0
2025-10-29 22:00:00+00:00,3921.725,4026.948,3915.065,4024.305,1380.0
2025-10-30 22:00:00+00:00,4023.075,4045.925,3971.965,4001.505,1380.0
2025-11-02 22:00:00+00:00,3983.498,4030.385,3962.325,4001.065,1380.0
2025-11-03 22:00:00+00:00,4000.898,4005.195,3928.475,3931.635,1380.0
2025-11-04 22:00:00+00:00,3932.765,3990.235,3929.648,3979.755,1380.0
2025-11-05 22:00:00+00:00,3975.455,4019.275,3964.355,3976.525,1380.0
2025-11-06 22:00:00+00:00,3976.195,4027.225,3973.655,4000.289,1380.0
2025-11-09 22:00:00+00:00,3997.898,4116.395,3996.698,4115.615,1380.0
2025-11-10 22:00:00+00:00,4113.098,4148.755,4096.845,4125.495,1380.0
2025-11-11 22:00:00+00:00,4125.498,4211.495,4098.665,4194.605,1380.0
2025-11-12 22:00:00+00:00,4194.275,4244.925,4144.965,4170.865,1381.0
2025-11-13 22:00:00+00:00,4168.408,4211.015,4031.955,4082.019,1380.0
2025-11-16 22:00:00+00:00,4084.898,4106.295,4006.735,4044.505,1380.0
2025-11-17 22:00:00+00:00,4042.498,4082.275,3997.658,4066.605,1380.0
2025-11-18 22:00:00+00:00,4067.848,4132.675,4055.248,4075.845,1380.0
2025-11-19 22:00:00+00:00,4077.265,4109.805,4038.605,4076.515,1380.0
2025-11-20 22:00:00+00:00,4074.498,4100.839,4022.075,4064.279,1380.0
2025-11-23 22:00:00+00:00,4070.098,4139.635,4039.945,4134.719,1380.0
2025-11-24 22:00:00+00:00,4131.378,4159.045,4109.415,4130.505,1380.0
2025-11-25 22:00:00+00:00,4131.098,4173.145,4129.575,4162.565,1380.0
2025-11-26 22:00:00+00:00,4164.165,4168.405,4142.425,4157.448,1229.0
2025-11-27 22:00:00+00:00,4156.825,4226.735,4150.075,4218.959,1229.0
2025-11-30 22:00:00+00:00,4222.298,4264.385,4204.348,4231.255,1376.0
2025-12-01 22:00:00+00:00,4231.198,4235.855,4163.458,4205.695,1380.0
2025-12-02 22:00:00+00:00,4206.998,4241.235,4194.405,4202.415,1380.0
2025-12-03 22:00:00+00:00,4202.898,4219.255,4175.005,4207.415,1380.0
2025-12-04 22:00:00+00:00,4206.898,4259.105,4191.815,4197.405,1380.0
2025-12-07 22:00:00+00:00,4199.615,4218.755,4175.998,4189.885,1348.0
2025-12-08 22:00:00+00:00,4189.298,4221.345,4169.845,4207.075,1380.0
2025-12-09 22:00:00+00:00,4207.235,4238.445,4181.565,4227.645,1380.0
2025-12-10 22:00:00+00:00,4228.448,4285.705,4203.905,4279.395,1380.0
2025-12-11 22:00:00+00:00,4278.898,4353.325,4256.845,4298.705,1380.0
2025-12-14 22:00:00+00:00,4299.298,4349.995,4285.055,4303.995,1380.0
2025-12-15 22:00:00+00:00,4304.898,4334.935,4271.125,4301.045,1380.0
2025-12-16 22:00:00+00:00,4302.098,4348.675,4300.848,4337.335,1380.0
2025-12-17 22:00:00+00:00,4339.53,4374.395,4308.285,4330.625,1379.0
2025-12-18 22:00:00+00:00,4331.698,4356.365,4308.715,4338.669,1380.0
2025-12-21 22:00:00+00:00,4338.898,4448.945,4336.635,4442.805,1380.0
2025-12-22 22:00:00+00:00,4446.098,4499.669,4429.975,4483.935,1380.0
2025-12-23 22:00:00+00:00,4486.298,4525.765,4447.895,4479.029,1184.0
2025-12-25 22:00:00+00:00,4490.045,4549.715,4482.655,4532.365,1376.0
2025-12-28 22:00:00+00:00,4538.698,4549.298,4300.698,4331.475,1380.0
2025-12-29 22:00:00+00:00,4332.498,4403.998,4322.965,4338.029,1380.0
2025-12-30 22:00:00+00:00,4340.098,4372.905,4273.805,4318.679,1379.0
