time,open,high,low,close,volume
2020-01-24 00:00:00+00:00,1621.0,1621.0,1566.8,1575.8,57.3902454
2020-01-25 00:00:00+00:00,1575.7,1575.7,1571.9,1571.9,45.195187
2020-01-26 00:00:00+00:00,1575.2,1583.0,1571.7,1582.4,242.74111136
2020-01-27 00:00:00+00:00,1583.6,1588.6,1583.0,1583.7,217.28156612
2020-01-28 00:00:00+00:00,1583.7,1587.0,1572.3,1583.5,243.75097863
2020-01-29 00:00:00+00:00,1584.6,1588.0,1571.0,1582.0,47.04799238
2020-01-30 00:00:00+00:00,1581.5,1600.5,1578.4,1598.0,1251.22079511
2020-01-31 00:00:00+00:00,1598.0,1598.0,1581.4,1596.5,14.904444400000001
2020-02-01 00:00:00+00:00,1596.1,1600.0,1595.0,1599.0,72.27774575
2020-02-02 00:00:00+00:00,1598.9,1601.2,1593.3,1593.3,139.2900981
2020-02-03 00:00:00+00:00,1593.6,1606.1,1582.5,1585.0,217.86768042
2020-02-04 00:00:00+00:00,1585.0,1585.3,1570.0,1570.0,60.02823525
2020-02-05 00:00:00+00:00,1570.5,1585.3,1569.1,1585.3,342.83364863
2020-02-06 00:00:00+00:00,1585.3,1588.6,1569.2,1569.2,118.78599688
2020-02-07 00:00:00+00:00,1575.6,1586.0,1572.8,1577.2,146.73730141
2020-02-08 00:00:00+00:00,1574.7,1586.0,1570.2,1584.2,120.77186198
2020-02-09 00:00:00+00:00,1575.0,1584.8,1570.1,1571.2,17.15619943
2020-02-10 00:00:00+00:00,1571.1,1571.1,1565.0,1570.4,36.17441573
2020-02-11 00:00:00+00:00,1580.8,1580.8,1565.2,1569.5,20.316652310000002
2020-02-12 00:00:00+00:00,1568.4,1572.4,1565.1,1566.0,3.173
2020-02-13 00:00:00+00:00,1574.8,1580.0,1573.0,1579.5,7.12151047
2020-02-14 00:00:00+00:00,1580.2,1581.0,1578.2,1581.0,4.033533
2020-02-15 00:00:00+00:00,1578.5,1591.8,1578.2,1582.1,35.87352324
2020-02-16 00:00:00+00:00,1588.3,1591.5,1585.0,1587.5,1.2912
2020-02-17 00:00:00+00:00,1586.9,1586.9,1585.2,1585.3,0.41000000000000003
2020-02-18 00:00:00+00:00,1585.2,1604.0,1585.2,1602.0,129.32147158
2020-02-19 00:00:00+00:00,1597.6,1610.0,1583.5,1607.5,160.76171944
2020-02-20 00:00:00+00:00,1608.5,1619.6,1578.0,1615.2,81.19378401
2020-02-21 00:00:00+00:00,1619.5,1645.0,1619.5,1643.5,1008.27895028
2020-02-22 00:00:00+00:00,1644.0,1644.9,1630.7,1640.0,404.83916882
2020-02-23 00:00:00+00:00,1639.3,1668.2,1633.0,1666.7,114.56705098
2020-02-24 00:00:00+00:00,1666.4,1685.4,1652.5,1652.5,237.99072567
2020-02-25 00:00:00+00:00,1656.0,1685.4,1635.0,1637.0,192.32829798
2020-02-26 00:00:00+00:00,1645.5,1654.3,1632.7,1644.2,97.16378717
2020-02-27 00:00:00+00:00,1647.8,1657.5,1632.8,1643.4,13.55922508
2020-02-28 00:00:00+00:00,1638.7,1638.7,1575.0,1587.9,328.40640057
2020-02-29 00:00:00+00:00,1588.8,1590.5,1583.6,1583.6,9.28590005
2020-03-01 00:00:00+00:00,1590.4,1595.0,1585.8,1591.1,40.73252453
2020-03-02 00:00:00+00:00,1596.9,1610.1,1592.0,1592.0,63.77217194
2020-03-03 00:00:00+00:00,1601.0,1647.4,1595.4,1647.4,34.42496646
2020-03-04 00:00:00+00:00,1646.7,1650.9,1632.1,1642.7,25.82115413
2020-03-05 00:00:00+00:00,1640.1,1675.0,1599.0,1670.0,108.91042529
2020-03-06 00:00:00+00:00,1675.0,1694.0,1650.0,1678.5,245.64211449
2020-03-07 00:00:00+00:00,1673.9,1680.5,1671.9,1678.6,129.1125935
2020-03-08 00:00:00+00:00,1678.1,1705.8,1672.3,1705.8,484.52720538
2020-03-09 00:00:00+00:00,1705.7,1705.7,1668.3,1668.3,113.55534548
2020-03-10 00:00:00+00:00,1671.8,1673.2,1649.5,1654.0,192.23396405
2020-03-11 00:00:00+00:00,1660.3,1673.3,1640.0,1648.3,55.61907051
2020-03-12 00:00:00+00:00,1651.1,1726.7,1574.7,1619.5,3701.55864339
2020-03-13 00:00:00+00:00,1625.7,1683.1,1514.5,1532.5,1382.22903808
2020-03-14 00:00:00+00:00,1533.5,1600.0,1530.5,1592.2,241.2336382
2020-03-15 00:00:00+00:00,1581.9,1588.4,1542.3,1572.1,77.9221458
2020-03-16 00:00:00+00:00,1562.0,1568.0,1447.1,1513.6,329.29291263
2020-03-17 00:00:00+00:00,1513.6,1567.2,1500.1,1545.3,36.13699267
2020-03-18 00:00:00+00:00,1545.3,1550.3,1493.2,1504.5,100.84172713
2020-03-19 00:00:00+00:00,1504.6,1513.1,1479.2,1481.9,256.14902378
2020-03-20 00:00:00+00:00,1492.2,1535.7,1487.3,1517.7,128.84548613
2020-03-21 00:00:00+00:00,1517.7,1582.7,1517.6,1559.9,74.16600441
2020-03-22 00:00:00+00:00,1531.0,1594.7,1527.0,1535.0,39.38966875
2020-03-23 00:00:00+00:00,1558.8,1625.6,1535.0,1582.0,201.05642616
2020-03-24 00:00:00+00:00,1625.3,1675.0,1599.9,1650.0,172.47708304
2020-03-25 00:00:00+00:00,1648.3,1674.4,1645.0,1667.0,285.83892794
2020-03-26 00:00:00+00:00,1667.0,1682.0,1653.5,1659.0,49.90206487
2020-03-27 00:00:00+00:00,1659.0,1672.3,1634.6,1652.0,77.36534823
2020-03-28 00:00:00+00:00,1652.0,1672.3,1635.6,1666.0,22.23649836
2020-03-29 00:00:00+00:00,1659.9,1682.0,1651.1,1682.0,53.46126296
2020-03-30 00:00:00+00:00,1682.0,1685.0,1632.0,1662.8,131.96388114
2020-03-31 00:00:00+00:00,1651.1,1685.0,1620.0,1628.0,105.95414137
2020-04-01 00:00:00+00:00,1628.9,1640.9,1595.0,1630.0,121.89724718
2020-04-02 00:00:00+00:00,1630.0,1655.4,1603.9,1646.8,91.05390276
2020-04-03 00:00:00+00:00,1633.2,1644.2,1624.8,1633.8,19.43973596
2020-04-04 00:00:00+00:00,1633.9,1659.6,1630.1,1659.6,12.072820779999999
2020-04-05 00:00:00+00:00,1658.0,1659.0,1650.0,1653.5,12.87936754
2020-04-06 00:00:00+00:00,1655.0,1686.8,1649.1,1686.8,87.57331249
2020-04-07 00:00:00+00:00,1686.8,1689.6,1662.1,1662.1,59.89724387
2020-04-08 00:00:00+00:00,1662.2,1688.8,1662.2,1668.0,15.976407290000001
2020-04-09 00:00:00+00:00,1665.0,1690.0,1659.1,1668.8,92.93655089
2020-04-10 00:00:00+00:00,1679.8,1685.5,1668.6,1675.0,20.453310899999998
2020-04-11 00:00:00+00:00,1669.0,1685.4,1660.7,1672.2,48.91263204
2020-04-12 00:00:00+00:00,1660.7,1678.2,1660.7,1666.3,9.27861966
2020-04-13 00:00:00+00:00,1666.3,1715.7,1665.1,1710.1,258.00395188
2020-04-14 00:00:00+00:00,1704.8,1727.6,1703.0,1726.7,170.58524396
2020-04-15 00:00:00+00:00,1721.1,1726.0,1696.9,1707.8,27.85531018
2020-04-16 00:00:00+00:00,1707.8,1729.0,1707.8,1707.9,79.85826105
2020-04-17 00:00:00+00:00,1711.0,1711.7,1676.2,1682.0,26.63905051
2020-04-18 00:00:00+00:00,1680.7,1685.1,1652.7,1679.8,58.22414466
2020-04-19 00:00:00+00:00,1675.0,1725.0,1653.5,1673.4,274.58403165
2020-04-20 00:00:00+00:00,1666.0,1700.6,1666.0,1679.2,49.90084136
2020-04-21 00:00:00+00:00,1679.2,1683.6,1655.7,1662.0,21.754781219999998
2020-04-22 00:00:00+00:00,1663.0,1700.6,1660.0,1689.1,31.33394661
2020-04-23 00:00:00+00:00,1696.8,1747.6,1694.0,1723.3,276.61157176
2020-04-24 00:00:00+00:00,1723.2,1747.6,1718.8,1733.4,211.50641394
2020-04-25 00:00:00+00:00,1727.6,1750.2,1727.6,1740.8,228.36857112
2020-04-26 00:00:00+00:00,1741.0,1753.2,1740.8,1749.7,74.21066701
2020-04-27 00:00:00+00:00,1749.7,1755.7,1715.0,1737.9,75.11916237
2020-04-28 00:00:00+00:00,1733.3,1735.5,1710.4,1725.2,54.22545216
2020-04-29 00:00:00+00:00,1716.2,1784.8,1715.0,1728.1,914.4312557
2020-04-30 00:00:00+00:00,1738.4,1758.4,1670.8,1709.0,65.30318794
2020-05-01 00:00:00+00:00,1704.5,1708.9,1678.7,1697.0,73.36271317
2020-05-02 00:00:00+00:00,1697.0,1719.0,1692.0,1704.4,196.29985344
2020-05-03 00:00:00+00:00,1704.2,1704.2,1669.9,1685.0,103.81554594
2020-05-04 00:00:00+00:00,1685.0,1704.2,1683.4,1701.7,44.66813322
2020-05-05 00:00:00+00:00,1701.8,1706.0,1688.3,1703.7,33.78835824
2020-05-06 00:00:00+00:00,1705.3,1705.7,1680.1,1680.1,50.84798794
2020-05-07 00:00:00+00:00,1685.4,1719.3,1680.1,1719.3,49.59411969
2020-05-08 00:00:00+00:00,1713.1,1720.0,1700.0,1700.0,42.63641351
2020-05-09 00:00:00+00:00,1705.1,1707.0,1700.0,1705.9,10.46095997
2020-05-10 00:00:00+00:00,1700.1,1703.5,1691.0,1699.1,78.81876291
2020-05-11 00:00:00+00:00,1699.1,1706.0,1696.8,1700.0,53.706873879999996
2020-05-12 00:00:00+00:00,1698.4,1705.0,1696.8,1697.0,16.53847315
2020-05-13 00:00:00+00:00,1703.2,1712.9,1697.1,1712.9,22.086878600000002
2020-05-14 00:00:00+00:00,1712.9,1730.2,1704.0,1719.7,42.16489085
2020-05-15 00:00:00+00:00,1719.7,1748.5,1719.7,1720.2,45.20756721
2020-05-16 00:00:00+00:00,1720.2,1746.2,1720.1,1744.0,50.74848778
2020-05-17 00:00:00+00:00,1744.0,1754.6,1740.0,1754.6,54.549092529999996
2020-05-18 00:00:00+00:00,1757.3,1763.4,1730.1,1730.1,115.2385377
2020-05-19 00:00:00+00:00,1733.9,1739.8,1727.6,1739.6,19.07607703
2020-05-20 00:00:00+00:00,1739.8,1747.1,1732.6,1745.2,23.78845795
2020-05-21 00:00:00+00:00,1740.1,1743.6,1708.2,1716.8,28.36425055
2020-05-22 00:00:00+00:00,1709.0,1732.0,1708.2,1731.3,19.57494382
2020-05-23 00:00:00+00:00,1731.1,1732.0,1722.8,1724.0,1.9540931000000001
2020-05-24 00:00:00+00:00,1729.8,1736.2,1724.0,1731.6,16.69703685
2020-05-25 00:00:00+00:00,1732.1,1732.1,1722.8,1726.9,7.51865997
2020-05-26 00:00:00+00:00,1727.9,1732.0,1711.0,1712.0,29.101377330000002
2020-05-27 00:00:00+00:00,1711.9,1711.9,1697.5,1706.3,15.70992292
2020-05-28 00:00:00+00:00,1706.1,1716.1,1706.1,1715.0,17.48440634
2020-05-29 00:00:00+00:00,1715.7,1718.0,1711.6,1711.7,15.3321454
2020-05-30 00:00:00+00:00,1718.0,1726.8,1711.6,1721.2,36.69491945
2020-05-31 00:00:00+00:00,1724.1,1727.0,1711.7,1726.9,23.01970327
2020-06-01 00:00:00+00:00,1727.0,1763.4,1721.7,1750.0,105.3812395
2020-06-02 00:00:00+00:00,1754.8,1754.8,1722.2,1722.2,31.03764323
2020-06-03 00:00:00+00:00,1727.4,1730.6,1691.4,1696.8,50.30147731
2020-06-04 00:00:00+00:00,1699.1,1711.1,1697.3,1711.1,39.46805876
2020-06-05 00:00:00+00:00,1711.1,1711.1,1675.1,1684.2,27.042118900000002
2020-06-06 00:00:00+00:00,1682.9,1684.2,1680.2,1680.2,2.87104546
2020-06-07 00:00:00+00:00,1680.6,1684.2,1679.8,1680.1,1.99424197
2020-06-08 00:00:00+00:00,1680.1,1694.7,1680.1,1694.7,17.97030043
2020-06-09 00:00:00+00:00,1694.8,1712.1,1690.7,1712.1,32.60732703
2020-06-10 00:00:00+00:00,1712.8,1726.0,1712.8,1726.0,28.31520614
2020-06-11 00:00:00+00:00,1726.0,1731.0,1719.9,1725.9,47.63300171
2020-06-12 00:00:00+00:00,1723.4,1729.0,1721.8,1727.0,35.24281011
2020-06-13 00:00:00+00:00,1725.0,1728.3,1721.6,1728.3,10.18697362
2020-06-14 00:00:00+00:00,1723.0,1728.3,1721.9,1728.3,3.8732698599999997
2020-06-15 00:00:00+00:00,1728.3,1728.3,1706.0,1720.3,24.55053618
2020-06-16 00:00:00+00:00,1720.6,1732.0,1720.6,1732.0,71.80913978
2020-06-17 00:00:00+00:00,1727.3,1734.8,1727.3,1734.3,23.01792812
2020-06-18 00:00:00+00:00,1734.3,1735.0,1724.6,1730.0,64.28622317
2020-06-19 00:00:00+00:00,1730.0,1736.4,1724.3,1736.4,64.27657142
2020-06-20 00:00:00+00:00,1740.0,1742.0,1735.4,1740.8,19.767079109999997
2020-06-21 00:00:00+00:00,1740.0,1742.0,1738.2,1741.9,9.28176663
2020-06-22 00:00:00+00:00,1741.9,1755.3,1741.9,1751.4,94.1517766
2020-06-23 00:00:00+00:00,1749.2,1761.9,1746.5,1761.9,55.64612895
2020-06-24 00:00:00+00:00,1761.9,1766.3,1752.4,1761.9,51.316098260000004
2020-06-25 00:00:00+00:00,1761.9,1764.9,1755.2,1764.9,7.94468909
2020-06-26 00:00:00+00:00,1764.9,1765.0,1758.6,1763.0,16.50519328
2020-06-27 00:00:00+00:00,1763.0,1774.0,1756.2,1771.9,84.91740776
2020-06-28 00:00:00+00:00,1764.5,1771.6,1764.1,1765.0,3.30594281
2020-06-29 00:00:00+00:00,1764.0,1770.3,1760.4,1770.3,7.62785601
2020-06-30 00:00:00+00:00,1770.2,1778.0,1760.7,1778.0,41.06985889
2020-07-01 00:00:00+00:00,1775.8,1779.7,1762.6,1768.5,38.09413779
2020-07-02 00:00:00+00:00,1768.0,1774.0,1760.1,1774.0,19.55345711
2020-07-03 00:00:00+00:00,1774.0,1775.0,1772.3,1775.0,17.728550939999998
2020-07-04 00:00:00+00:00,1775.0,1775.0,1772.0,1774.8,2.04314524
2020-07-05 00:00:00+00:00,1774.7,1777.5,1771.2,1777.4,19.89923694
2020-07-06 00:00:00+00:00,1777.5,1782.0,1771.6,1782.0,39.68121344
2020-07-07 00:00:00+00:00,1782.0,1786.0,1778.8,1786.0,70.86561535
2020-07-08 00:00:00+00:00,1785.0,1793.2,1780.0,1789.1,234.43340467
2020-07-09 00:00:00+00:00,1793.0,1793.2,1789.2,1792.8,37.08548726
2020-07-10 00:00:00+00:00,1792.8,1794.0,1783.7,1793.9,20.874136580000002
2020-07-11 00:00:00+00:00,1785.0,1793.9,1783.7,1789.9,2.2314490399999998
2020-07-12 00:00:00+00:00,1789.9,1793.9,1781.7,1793.9,5.6748284600000005
2020-07-13 00:00:00+00:00,1785.0,1804.7,1785.0,1799.9,208.74133314
2020-07-14 00:00:00+00:00,1795.4,1800.0,1788.1,1800.0,4.82069803
2020-07-15 00:00:00+00:00,1790.8,1802.4,1790.1,1802.4,18.861481949999998
2020-07-16 00:00:00+00:00,1802.4,1802.4,1791.6,1795.0,5.2020374700000005
2020-07-17 00:00:00+00:00,1797.8,1803.0,1791.6,1802.8,3.63803279
2020-07-18 00:00:00+00:00,1802.8,1803.0,1797.4,1802.0,4.64366177
2020-07-19 00:00:00+00:00,1802.0,1802.0,1794.9,1802.0,6.7339225
2020-07-20 00:00:00+00:00,1802.0,1803.3,1793.7,1801.3,21.26862902
2020-07-21 00:00:00+00:00,1803.3,1827.4,1803.0,1827.4,331.6361026
2020-07-22 00:00:00+00:00,1827.4,1856.5,1825.6,1848.6,281.5470183
2020-07-23 00:00:00+00:00,1850.0,1870.7,1848.6,1865.0,284.44392062000003
2020-07-24 00:00:00+00:00,1865.0,1888.0,1861.9,1884.9,106.55230866
2020-07-25 00:00:00+00:00,1884.9,1890.6,1884.9,1890.0,42.8522878
2020-07-26 00:00:00+00:00,1886.7,1896.7,1886.7,1896.7,118.13208292
2020-07-27 00:00:00+00:00,1896.7,1946.0,1896.7,1945.0,509.49397405
2020-07-28 00:00:00+00:00,1940.5,1948.6,1901.4,1937.8,136.84292532
2020-07-29 00:00:00+00:00,1928.2,1946.4,1921.6,1946.1,107.98241795
2020-07-30 00:00:00+00:00,1946.3,1950.0,1923.1,1944.9,48.3035672
2020-07-31 00:00:00+00:00,1944.9,1954.3,1937.3,1954.3,124.51150634
2020-08-01 00:00:00+00:00,1947.2,1958.0,1947.2,1958.0,26.58979975
2020-08-02 00:00:00+00:00,1957.9,1958.0,1932.7,1958.0,40.10330013
2020-08-03 00:00:00+00:00,1958.0,1958.0,1937.8,1958.0,53.65366394
2020-08-04 00:00:00+00:00,1950.5,1990.6,1950.4,1990.6,3267.77398658
2020-08-05 00:00:00+00:00,1990.6,1997.0,1984.0,1997.0,964.88916908
2020-08-06 00:00:00+00:00,1997.0,2012.3,1995.2,2012.3,561.80868456
2020-08-07 00:00:00+00:00,2012.3,2016.2,1977.0,1994.3,142.44885422
2020-08-08 00:00:00+00:00,1994.3,2001.6,1982.4,1998.7,25.5407473
2020-08-09 00:00:00+00:00,1995.8,2003.7,1986.6,2000.8,8.19737851
2020-08-10 00:00:00+00:00,2000.0,2030.3,1985.3,2013.0,215.14037042
2020-08-11 00:00:00+00:00,2007.2,2011.9,1911.8,1933.3,132.58502901
2020-08-12 00:00:00+00:00,1942.9,1943.7,1874.4,1917.7,98.01752412
2020-08-13 00:00:00+00:00,1920.4,1948.8,1916.3,1948.8,30.61968496
2020-08-14 00:00:00+00:00,1948.8,1948.8,1933.0,1943.0,17.4624977
2020-08-15 00:00:00+00:00,1934.5,1944.0,1929.9,1943.0,21.14390756
2020-08-16 00:00:00+00:00,1943.5,1948.4,1932.0,1932.0,21.00230728
2020-08-17 00:00:00+00:00,1928.4,1973.1,1928.4,1971.4,41.06574511
2020-08-18 00:00:00+00:00,1970.4,2002.2,1968.9,1998.9,44.29876433
2020-08-19 00:00:00+00:00,1998.9,1998.9,1934.2,1947.8,74.48288858000001
2020-08-20 00:00:00+00:00,1937.9,1955.8,1929.7,1955.8,71.60134989
2020-08-21 00:00:00+00:00,1955.8,1955.8,1922.2,1946.9,36.99996888
2020-08-22 00:00:00+00:00,1938.9,1946.9,1935.1,1943.7,15.6146429
2020-08-23 00:00:00+00:00,1941.4,1944.7,1935.1,1943.3,2.28315281
2020-08-24 00:00:00+00:00,1942.8,1955.8,1928.4,1938.7,45.7041978
2020-08-25 00:00:00+00:00,1928.4,1946.1,1925.1,1938.0,21.87820695
2020-08-26 00:00:00+00:00,1927.8,1952.4,1915.1,1952.4,41.87586524
2020-08-27 00:00:00+00:00,1952.4,1963.4,1923.4,1939.2,31.07655344
2020-08-28 00:00:00+00:00,1923.4,1969.4,1919.0,1966.9,96.31943139
2020-08-29 00:00:00+00:00,1966.8,1978.8,1956.9,1978.5,52.50475679
2020-08-30 00:00:00+00:00,1971.3,1985.0,1971.3,1974.8,112.34497637
2020-08-31 00:00:00+00:00,1974.8,1997.0,1959.5,1987.9,137.0256755
2020-09-01 00:00:00+00:00,1988.8,2007.0,1963.4,1986.8,117.64699086
2020-09-02 00:00:00+00:00,1978.8,1986.8,1956.0,1965.2,24.6538174
2020-09-03 00:00:00+00:00,1955.2,1964.3,1934.7,1937.5,59.45709516
2020-09-04 00:00:00+00:00,1945.3,1952.4,1923.1,1948.3,30.83302425
2020-09-05 00:00:00+00:00,1948.2,1954.4,1909.8,1915.0,145.56878932
2020-09-06 00:00:00+00:00,1915.0,1925.8,1914.4,1920.0,8.30410125
2020-09-07 00:00:00+00:00,1920.0,1925.8,1910.0,1917.0,84.39387817
2020-09-08 00:00:00+00:00,1917.0,1917.0,1882.8,1898.7,197.8034754
2020-09-09 00:00:00+00:00,1899.0,1937.8,1898.6,1936.7,23.45362527
2020-09-10 00:00:00+00:00,1926.2,1941.4,1924.9,1929.8,7.53034215
2020-09-11 00:00:00+00:00,1930.3,1941.3,1926.1,1935.9,10.29185896
2020-09-12 00:00:00+00:00,1928.1,1935.5,1928.0,1931.4,1.09151782
2020-09-13 00:00:00+00:00,1931.3,1934.9,1922.5,1934.9,5.92105476
2020-09-14 00:00:00+00:00,1934.9,1957.0,1931.5,1952.0,21.51741801
2020-09-15 00:00:00+00:00,1953.0,1957.0,1943.7,1947.0,7.12169031
2020-09-16 00:00:00+00:00,1947.0,1959.5,1946.9,1959.4,10.307690260000001
2020-09-17 00:00:00+00:00,1959.4,1960.2,1930.4,1947.1,10.66008924
2020-09-18 00:00:00+00:00,1947.1,1954.2,1943.9,1953.9,5.94064843
2020-09-19 00:00:00+00:00,1947.0,1956.5,1947.0,1954.9,4.95657511
2020-09-20 00:00:00+00:00,1956.4,1956.6,1947.1,1952.0,2.82286611
2020-09-21 00:00:00+00:00,1947.6,1956.6,1900.4,1915.7,45.7509264
2020-09-22 00:00:00+00:00,1915.7,1916.7,1896.4,1903.8,4.6499646
2020-09-23 00:00:00+00:00,1898.1,1899.0,1863.2,1863.2,66.65486969
2020-09-24 00:00:00+00:00,1863.1,1875.3,1857.0,1863.2,6.42887876
2020-09-25 00:00:00+00:00,1870.0,1877.7,1856.3,1873.7,16.34947221
2020-09-26 00:00:00+00:00,1873.2,1876.5,1864.2,1867.5,4.72691938
2020-09-27 00:00:00+00:00,1867.5,1872.7,1861.9,1872.3,8.45771397
2020-09-28 00:00:00+00:00,1862.9,1880.5,1848.8,1870.0,56.3565365
2020-09-29 00:00:00+00:00,1870.1,1891.9,1870.0,1891.9,11.95782945
2020-09-30 00:00:00+00:00,1891.9,1892.9,1874.9,1889.4,2.48543824
2020-10-01 00:00:00+00:00,1889.4,1902.5,1880.1,1892.8,9.66617971
2020-10-02 00:00:00+00:00,1899.5,1903.6,1887.7,1890.2,5.34137226
2020-10-03 00:00:00+00:00,1890.2,1903.1,1887.8,1903.1,4.21094223
2020-10-04 00:00:00+00:00,1902.8,1904.7,1892.5,1894.1,3.59657969
2020-10-05 00:00:00+00:00,1904.7,1910.9,1887.1,1910.8,13.38752093
2020-10-06 00:00:00+00:00,1906.0,1910.8,1867.1,1876.6,18.14247883
2020-10-07 00:00:00+00:00,1877.3,1888.0,1867.1,1870.6,12.71580306
2020-10-08 00:00:00+00:00,1870.7,1890.5,1868.3,1887.0,8.70673852
2020-10-09 00:00:00+00:00,1887.0,1910.9,1882.5,1906.4,14.06675558
2020-10-10 00:00:00+00:00,1910.3,1921.6,1905.1,1919.0,20.30947666
2020-10-11 00:00:00+00:00,1918.8,1921.5,1905.7,1918.0,29.93067275
2020-10-12 00:00:00+00:00,1918.3,1919.4,1907.9,1916.8,5.50075947
2020-10-13 00:00:00+00:00,1916.4,1916.4,1886.6,1896.4,20.97349608
2020-10-14 00:00:00+00:00,1896.5,1910.9,1886.6,1900.6,2.23254807
2020-10-15 00:00:00+00:00,1899.3,1908.1,1884.0,1896.5,10.09485755
2020-10-16 00:00:00+00:00,1901.0,1905.0,1890.7,1891.3,2.075777
2020-10-17 00:00:00+00:00,1892.8,1898.7,1890.8,1894.4,0.70307834
2020-10-18 00:00:00+00:00,1892.6,1897.4,1888.4,1892.6,2.44472288
2020-10-19 00:00:00+00:00,1893.8,1908.3,1888.5,1898.6,8.11315793
2020-10-20 00:00:00+00:00,1898.1,1904.7,1887.2,1888.0,10.55400669
2020-10-21 00:00:00+00:00,1890.1,1935.0,1888.0,1915.7,51.27166975
2020-10-22 00:00:00+00:00,1915.9,1927.2,1896.3,1905.5,16.91155936
2020-10-23 00:00:00+00:00,1904.4,1911.0,1892.6,1900.0,24.84628953
2020-10-24 00:00:00+00:00,1900.4,1908.5,1900.0,1908.5,1.01518288
2020-10-25 00:00:00+00:00,1904.8,1912.2,1900.0,1900.0,29.65528128
2020-10-26 00:00:00+00:00,1900.0,1905.5,1880.7,1892.0,13.9837528
2020-10-27 00:00:00+00:00,1890.2,1915.1,1887.0,1897.7,11.60957009
2020-10-28 00:00:00+00:00,1898.3,1905.5,1873.6,1886.1,22.35871106
2020-10-29 00:00:00+00:00,1889.2,1890.0,1868.0,1868.1,9.3155324
2020-10-30 00:00:00+00:00,1870.8,1889.7,1865.5,1880.0,49.83721897
2020-10-31 00:00:00+00:00,1883.4,1895.8,1880.7,1886.5,9.63524876
2020-11-01 00:00:00+00:00,1890.5,1894.0,1880.0,1884.2,6.09359959
2020-11-02 00:00:00+00:00,1884.9,1900.3,1878.9,1897.2,51.69634737
2020-11-03 00:00:00+00:00,1897.4,1914.8,1894.9,1913.1,6.10242776
2020-11-04 00:00:00+00:00,1910.0,1914.2,1875.3,1896.0,99.58618086
2020-11-05 00:00:00+00:00,1903.7,1949.5,1896.8,1949.5,23.19620469
2020-11-06 00:00:00+00:00,1949.5,1962.2,1924.8,1951.7,46.19003306
2020-11-07 00:00:00+00:00,1951.9,1969.3,1947.1,1951.8,14.96064043
2020-11-08 00:00:00+00:00,1958.1,1963.1,1945.5,1955.9,12.55703984
2020-11-09 00:00:00+00:00,1954.2,1960.7,1846.2,1856.4,177.24971359
2020-11-10 00:00:00+00:00,1860.3,1890.0,1857.0,1874.8,86.90286852
2020-11-11 00:00:00+00:00,1871.0,1903.2,1867.0,1886.3,103.07863619
2020-11-12 00:00:00+00:00,1886.6,1902.6,1877.3,1889.8,35.29120865
2020-11-13 00:00:00+00:00,1889.9,1902.5,1884.5,1892.3,40.25073023
2020-11-14 00:00:00+00:00,1892.1,1901.0,1887.7,1899.6,6.42131707
2020-11-15 00:00:00+00:00,1899.5,1910.0,1892.8,1898.7,13.42222842
2020-11-16 00:00:00+00:00,1900.1,1909.9,1889.2,1903.8,122.10857845
2020-11-17 00:00:00+00:00,1906.2,1906.2,1880.1,1883.8,81.06611953
2020-11-18 00:00:00+00:00,1880.1,1903.0,1875.0,1881.9,168.60811538
2020-11-19 00:00:00+00:00,1884.2,1892.1,1859.1,1878.4,69.54264699
2020-11-20 00:00:00+00:00,1881.1,1904.3,1867.7,1886.6,60.74089762
2020-11-21 00:00:00+00:00,1888.1,1894.9,1871.5,1877.8,31.35306047
2020-11-22 00:00:00+00:00,1880.1,1892.1,1871.3,1887.9,24.63230294
2020-11-23 00:00:00+00:00,1887.3,1902.0,1852.4,1855.5,104.10745944
2020-11-24 00:00:00+00:00,1858.3,1860.1,1820.0,1820.0,106.05090121
2020-11-25 00:00:00+00:00,1830.2,1839.9,1821.4,1832.4,43.46162658
2020-11-26 00:00:00+00:00,1832.4,1845.8,1821.5,1831.0,73.85795801
2020-11-27 00:00:00+00:00,1831.0,1831.0,1795.4,1816.9,46.10585942
2020-11-28 00:00:00+00:00,1808.1,1821.4,1795.1,1795.2,12.06662867
2020-11-29 00:00:00+00:00,1795.4,1802.6,1788.2,1795.0,36.98614881
2020-11-30 00:00:00+00:00,1800.9,1800.9,1780.0,1791.6,57.94607334
2020-12-01 00:00:00+00:00,1785.0,1849.9,1785.0,1820.5,40.237687640000004
2020-12-02 00:00:00+00:00,1828.0,1851.8,1818.5,1837.0,46.41353283
2020-12-03 00:00:00+00:00,1837.0,1847.5,1829.4,1840.0,36.679876390000004
2020-12-04 00:00:00+00:00,1840.0,1854.6,1836.8,1841.1,14.14983537
2020-12-05 00:00:00+00:00,1841.1,1852.8,1839.7,1842.8,7.50449937
2020-12-06 00:00:00+00:00,1843.9,1851.0,1830.7,1834.1,10.76258037
2020-12-07 00:00:00+00:00,1837.9,1872.3,1830.4,1865.7,29.67183068
2020-12-08 00:00:00+00:00,1875.3,1884.0,1864.2,1872.6,25.58108241
2020-12-09 00:00:00+00:00,1880.7,1919.3,1851.8,1851.8,192.34012536
2020-12-10 00:00:00+00:00,1854.2,1857.0,1836.3,1847.2,63.11659589
2020-12-11 00:00:00+00:00,1845.7,1859.8,1842.3,1853.2,15.04771331
2020-12-12 00:00:00+00:00,1855.4,1861.2,1848.3,1859.2,2.84764098
2020-12-13 00:00:00+00:00,1851.6,1867.7,1850.1,1851.3,5.23204285
2020-12-14 00:00:00+00:00,1851.7,1861.4,1842.2,1850.3,25.69995681
2020-12-15 00:00:00+00:00,1850.5,1883.3,1845.8,1876.3,18.64816741
2020-12-16 00:00:00+00:00,1883.3,1921.4,1871.9,1871.9,67.58974635
2020-12-17 00:00:00+00:00,1874.7,1934.3,1868.2,1923.2,117.88668823
2020-12-18 00:00:00+00:00,1919.1,1930.0,1900.0,1913.2,10.42410101
2020-12-19 00:00:00+00:00,1910.7,1928.9,1908.8,1921.0,52.30358639
2020-12-20 00:00:00+00:00,1916.6,1929.0,1903.0,1919.0,33.1305668
2020-12-21 00:00:00+00:00,1919.0,1940.0,1890.6,1920.0,66.10825078
2020-12-22 00:00:00+00:00,1913.4,1922.0,1876.1,1876.1,46.89222307
2020-12-23 00:00:00+00:00,1879.2,1913.5,1878.1,1909.8,13.23747745
2020-12-24 00:00:00+00:00,1908.6,1911.0,1885.0,1903.6,43.7945554
2020-12-25 00:00:00+00:00,1901.6,1926.0,1890.7,1920.5,27.2885157
2020-12-26 00:00:00+00:00,1921.7,1942.9,1900.0,1911.2,77.45755878
2020-12-27 00:00:00+00:00,1915.1,1938.0,1892.1,1912.9,26.44135905
2020-12-28 00:00:00+00:00,1912.4,1943.7,1875.4,1911.0,241.38189085
2020-12-29 00:00:00+00:00,1911.0,1914.5,1896.2,1907.8,16.11327458
2020-12-30 00:00:00+00:00,1906.8,1917.8,1889.2,1905.5,80.74297853
2020-12-31 00:00:00+00:00,1909.7,1917.8,1890.0,1917.3,41.64633199
2021-01-01 00:00:00+00:00,1912.7,1917.8,1902.3,1912.6,31.49501031
2021-01-02 00:00:00+00:00,1915.0,1942.9,1905.1,1909.8,341.77062471
2021-01-03 00:00:00+00:00,1917.7,1972.2,1893.6,1910.6,480.9283967
2021-01-04 00:00:00+00:00,1910.0,1965.9,1903.1,1934.2,306.46221188
2021-01-05 00:00:00+00:00,1933.3,1958.7,1925.1,1949.0,205.46886121
2021-01-06 00:00:00+00:00,1949.0,1961.7,1914.2,1940.5,257.52091507
2021-01-07 00:00:00+00:00,1941.3,1964.7,1918.2,1931.5,142.79705336
2021-01-08 00:00:00+00:00,1925.5,1928.2,1852.0,1876.5,179.28561532
2021-01-09 00:00:00+00:00,1875.4,1879.4,1853.2,1858.4,38.42825142
2021-01-10 00:00:00+00:00,1862.6,1880.5,1852.9,1868.5,55.41522296
2021-01-11 00:00:00+00:00,1863.0,1876.6,1840.0,1867.0,193.03491951
2021-01-12 00:00:00+00:00,1868.2,1880.1,1847.2,1866.0,52.93781712
2021-01-13 00:00:00+00:00,1864.1,1883.2,1858.9,1861.0,35.39959771
2021-01-14 00:00:00+00:00,1869.2,1870.3,1834.4,1857.7,147.09470589
2021-01-15 00:00:00+00:00,1857.2,1867.3,1828.8,1838.9,50.67207508
2021-01-16 00:00:00+00:00,1845.0,1849.2,1831.4,1842.2,57.50004433
2021-01-17 00:00:00+00:00,1840.8,1853.0,1827.0,1830.8,29.66346151
2021-01-18 00:00:00+00:00,1827.0,1851.7,1826.9,1843.4,19.06064285
2021-01-19 00:00:00+00:00,1839.2,1864.2,1839.2,1849.5,12.671589
2021-01-20 00:00:00+00:00,1848.8,1879.3,1843.7,1868.7,47.45763785
2021-01-21 00:00:00+00:00,1874.0,1874.5,1858.7,1866.3,153.70627808
2021-01-22 00:00:00+00:00,1862.5,1874.5,1847.5,1859.2,34.10993611
2021-01-23 00:00:00+00:00,1857.0,1874.5,1845.0,1856.4,129.01186147
2021-01-24 00:00:00+00:00,1856.2,1875.5,1849.0,1865.8,33.14961632
2021-01-25 00:00:00+00:00,1859.9,1871.3,1850.6,1856.9,38.81157307
2021-01-26 00:00:00+00:00,1853.9,1871.3,1849.1,1855.8,13.61027412
2021-01-27 00:00:00+00:00,1854.6,1858.3,1833.6,1843.6,58.57981273
2021-01-28 00:00:00+00:00,1846.3,1865.3,1833.0,1842.7,32.80820893
2021-01-29 00:00:00+00:00,1844.9,1883.5,1838.1,1858.2,44.15029369
2021-01-30 00:00:00+00:00,1858.6,1868.0,1848.7,1856.0,46.25989735
2021-01-31 00:00:00+00:00,1853.1,1861.6,1843.8,1853.8,75.54070404
2021-02-01 00:00:00+00:00,1861.1,1878.3,1856.3,1862.9,28.62102402
2021-02-02 00:00:00+00:00,1865.0,1877.5,1840.4,1846.0,218.42752677000001
2021-02-03 00:00:00+00:00,1846.0,1850.9,1833.4,1840.5,30.82356952
2021-02-04 00:00:00+00:00,1840.7,1841.0,1783.9,1801.2,78.42572039
2021-02-05 00:00:00+00:00,1799.9,1808.8,1797.2,1805.4,55.95137771
2021-02-06 00:00:00+00:00,1805.4,1817.7,1804.0,1817.0,25.15423131
2021-02-07 00:00:00+00:00,1817.0,1820.4,1815.2,1820.0,108.53433146
2021-02-08 00:00:00+00:00,1820.0,1860.8,1811.5,1831.3,354.42027719
2021-02-09 00:00:00+00:00,1831.4,1854.8,1831.4,1840.7,64.00566117
2021-02-10 00:00:00+00:00,1839.0,1855.4,1837.0,1845.1,46.62871773
2021-02-11 00:00:00+00:00,1842.1,1851.1,1824.4,1829.6,53.21201638
2021-02-12 00:00:00+00:00,1827.2,1832.7,1812.1,1815.1,30.04920872
2021-02-13 00:00:00+00:00,1829.2,1829.4,1820.3,1825.0,6.3368761000000005
2021-02-14 00:00:00+00:00,1825.0,1834.6,1821.3,1823.3,17.79046863
2021-02-15 00:00:00+00:00,1823.5,1830.7,1816.4,1820.5,5.2847366099999995
2021-02-16 00:00:00+00:00,1818.5,1829.9,1796.0,1797.3,263.9937567
2021-02-17 00:00:00+00:00,1801.5,1808.4,1775.4,1782.2,209.46966332
2021-02-18 00:00:00+00:00,1779.2,1796.0,1770.5,1775.6,64.50529383
2021-02-19 00:00:00+00:00,1774.6,1791.1,1765.2,1785.0,118.41981547
2021-02-20 00:00:00+00:00,1785.0,1796.1,1770.0,1792.9,66.49369321
2021-02-21 00:00:00+00:00,1790.0,1793.1,1779.5,1786.6,93.45882684
2021-02-22 00:00:00+00:00,1782.7,1836.7,1781.4,1814.0,523.29750888
2021-02-23 00:00:00+00:00,1814.2,1817.8,1798.1,1805.5,62.34175419
2021-02-24 00:00:00+00:00,1808.2,1820.2,1786.8,1802.5,53.81632445
2021-02-25 00:00:00+00:00,1802.6,1807.6,1770.7,1772.0,39.92154431
2021-02-26 00:00:00+00:00,1772.0,1777.1,1741.6,1741.7,519.30259997
2021-02-27 00:00:00+00:00,1741.7,1749.4,1741.6,1742.9,7.74280657
2021-02-28 00:00:00+00:00,1741.7,1766.8,1741.7,1743.3,11.18378977
2021-03-01 00:00:00+00:00,1745.0,1767.5,1740.3,1740.3,34.92650102
2021-03-02 00:00:00+00:00,1740.3,1749.3,1729.6,1737.3,181.24586212
2021-03-03 00:00:00+00:00,1737.7,1744.7,1713.7,1716.3,221.46135113
2021-03-04 00:00:00+00:00,1713.7,1727.6,1704.6,1704.6,289.96915638
2021-03-05 00:00:00+00:00,1704.6,1716.5,1702.2,1705.7,57.27077211
2021-03-06 00:00:00+00:00,1706.1,1715.4,1705.6,1708.3,4.20289769
2021-03-07 00:00:00+00:00,1708.3,1714.8,1703.0,1709.1,7.96108512
2021-03-08 00:00:00+00:00,1708.9,1716.8,1681.7,1686.1,106.48344664
2021-03-09 00:00:00+00:00,1686.0,1726.6,1684.0,1718.5,30.49957896
2021-03-10 00:00:00+00:00,1718.5,1732.0,1711.2,1728.7,58.5620275
2021-03-11 00:00:00+00:00,1728.9,1741.3,1719.3,1726.3,102.21768311
2021-03-12 00:00:00+00:00,1725.4,1733.8,1701.1,1733.8,31.71334143
2021-03-13 00:00:00+00:00,1722.7,1739.3,1720.4,1723.4,20.61230231
2021-03-14 00:00:00+00:00,1723.4,1736.7,1718.9,1724.3,11.95419155
2021-03-15 00:00:00+00:00,1725.8,1735.4,1722.0,1732.6,22.30882138
2021-03-16 00:00:00+00:00,1730.9,1740.9,1727.1,1731.9,19.24007367
2021-03-17 00:00:00+00:00,1732.3,1749.8,1726.0,1747.4,12.47689942
2021-03-18 00:00:00+00:00,1748.3,1755.4,1719.2,1735.1,8.62264722
2021-03-19 00:00:00+00:00,1735.0,1752.4,1727.2,1741.1,6.8005758499999995
2021-03-20 00:00:00+00:00,1748.3,1755.5,1738.4,1741.2,13.03040628
2021-03-21 00:00:00+00:00,1741.2,1752.8,1738.6,1738.6,7.9212095499999995
2021-03-22 00:00:00+00:00,1738.6,1742.4,1727.6,1739.7,9.44104395
2021-03-23 00:00:00+00:00,1739.8,1744.1,1724.8,1728.0,8.84972708
2021-03-24 00:00:00+00:00,1727.1,1742.4,1726.6,1733.7,35.20341517
2021-03-25 00:00:00+00:00,1734.5,1742.7,1717.2,1726.2,186.15450449
2021-03-26 00:00:00+00:00,1728.0,1735.5,1717.4,1719.0,188.31802195
2021-03-27 00:00:00+00:00,1720.1,1733.8,1718.3,1721.0,171.35041316
2021-03-28 00:00:00+00:00,1721.8,1731.8,1716.4,1728.9,169.62482981
2021-03-29 00:00:00+00:00,1728.6,1729.9,1706.3,1712.4,106.31184683
2021-03-30 00:00:00+00:00,1712.0,1714.6,1682.4,1685.7,66.05385542
2021-03-31 00:00:00+00:00,1688.2,1718.1,1680.9,1709.7,14.042393220000001
2021-04-01 00:00:00+00:00,1707.9,1732.5,1706.4,1732.5,14.27306021
2021-04-02 00:00:00+00:00,1732.5,1739.2,1717.7,1735.1,22.23843421
2021-04-03 00:00:00+00:00,1735.1,1738.9,1730.0,1734.7,3.72217497
2021-04-04 00:00:00+00:00,1734.8,1739.0,1720.5,1728.0,20.33351263
2021-04-05 00:00:00+00:00,1728.6,1733.5,1721.0,1726.8,4.51075926
2021-04-06 00:00:00+00:00,1730.0,1746.0,1726.2,1744.1,17.53796114
2021-04-07 00:00:00+00:00,1742.6,1754.4,1714.2,1736.7,243.76831242
2021-04-08 00:00:00+00:00,1736.6,1764.0,1734.2,1754.1,59.46943259
2021-04-09 00:00:00+00:00,1754.7,1758.1,1728.9,1736.8,60.85423265
2021-04-10 00:00:00+00:00,1749.3,1753.8,1735.9,1739.0,13.8938373
2021-04-11 00:00:00+00:00,1751.3,1763.6,1739.0,1744.6,38.71688518
2021-04-12 00:00:00+00:00,1744.2,1751.5,1723.0,1733.9,47.10087152
2021-04-13 00:00:00+00:00,1732.7,1755.6,1721.6,1746.8,34.16933563
2021-04-14 00:00:00+00:00,1744.8,1752.9,1733.9,1736.4,30.55238118
2021-04-15 00:00:00+00:00,1737.1,1790.9,1728.7,1766.4,113.98269011000001
2021-04-16 00:00:00+00:00,1766.1,1817.3,1761.5,1789.1,99.04998851
2021-04-17 00:00:00+00:00,1780.5,1789.0,1778.9,1779.2,6.48766823
2021-04-18 00:00:00+00:00,1779.0,1983.0,1772.4,1776.1,266.03561826
2021-04-19 00:00:00+00:00,1775.5,1798.6,1764.5,1775.6,70.98578246
2021-04-20 00:00:00+00:00,1765.1,2000.0,1747.0,1777.8,161.3784236
2021-04-21 00:00:00+00:00,1777.7,1800.2,1775.6,1795.0,21.11391893
2021-04-22 00:00:00+00:00,1795.0,1801.9,1771.4,1783.3,97.54022436
2021-04-23 00:00:00+00:00,1782.8,1794.9,1766.5,1780.1,63.43694487
2021-04-24 00:00:00+00:00,1774.2,1786.7,1767.1,1782.6,13.07207274
2021-04-25 00:00:00+00:00,1780.8,1783.3,1762.1,1775.5,46.19621085
2021-04-26 00:00:00+00:00,1775.9,1794.5,1768.6,1781.5,86.89728062
2021-04-27 00:00:00+00:00,1780.7,1787.5,1760.2,1774.0,96.55337626000001
2021-04-28 00:00:00+00:00,1772.6,1779.9,1750.4,1777.8,144.78269618
2021-04-29 00:00:00+00:00,1777.7,1786.0,1754.1,1772.3,106.0534111
2021-04-30 00:00:00+00:00,1769.1,1777.8,1761.4,1762.2,68.08240445
2021-05-01 00:00:00+00:00,1762.3,1791.3,1760.1,1776.9,40.328936660000004
2021-05-02 00:00:00+00:00,1761.4,1779.6,1760.8,1768.2,4.3152869
2021-05-03 00:00:00+00:00,1768.0,1798.0,1766.9,1792.4,19.2679772
2021-05-04 00:00:00+00:00,1792.4,1804.1,1775.6,1778.6,96.53654761
2021-05-05 00:00:00+00:00,1781.8,1796.3,1774.1,1786.8,36.69994272
2021-05-06 00:00:00+00:00,1785.1,1821.2,1783.3,1815.8,49.52544257
2021-05-07 00:00:00+00:00,1815.1,1841.1,1814.8,1831.9,46.57854481
2021-05-08 00:00:00+00:00,1833.1,1850.0,1823.3,1840.0,88.99440093
2021-05-09 00:00:00+00:00,1840.0,1843.1,1828.1,1836.7,19.37293675
2021-05-10 00:00:00+00:00,1835.1,1848.6,1831.0,1836.8,31.12158933
2021-05-11 00:00:00+00:00,1839.6,1858.4,1820.1,1837.5,109.69038548
2021-05-12 00:00:00+00:00,1837.5,1854.2,1820.0,1832.2,60.86006725
2021-05-13 00:00:00+00:00,1820.1,1846.0,1815.0,1826.6,93.07946482999999
2021-05-14 00:00:00+00:00,1831.6,1848.0,1815.0,1830.9,131.63498376
2021-05-15 00:00:00+00:00,1841.0,1841.9,1810.9,1841.8,137.96934898
2021-05-16 00:00:00+00:00,1841.9,1852.0,1816.9,1851.1,294.54351793
2021-05-17 00:00:00+00:00,1850.3,1872.2,1846.6,1869.5,147.26455741
2021-05-18 00:00:00+00:00,1869.9,1878.5,1862.5,1872.7,60.43134328
2021-05-19 00:00:00+00:00,1868.8,1892.2,1852.0,1861.6,581.56801761
2021-05-20 00:00:00+00:00,1865.7,1886.1,1861.9,1874.9,112.73898128
2021-05-21 00:00:00+00:00,1873.8,1893.0,1866.5,1872.3,146.89498064
2021-05-22 00:00:00+00:00,1872.3,1892.4,1858.2,1888.2,191.57138629
2021-05-23 00:00:00+00:00,1888.1,1888.2,1871.2,1885.9,36.26829554
2021-05-24 00:00:00+00:00,1886.3,1891.0,1876.6,1878.6,20.0982777
2021-05-25 00:00:00+00:00,1878.3,1900.0,1872.0,1896.9,34.6028584
2021-05-26 00:00:00+00:00,1898.4,1911.0,1888.7,1896.5,55.15547264
2021-05-27 00:00:00+00:00,1896.4,1903.2,1890.2,1898.8,21.83071881
2021-05-28 00:00:00+00:00,1898.6,1907.4,1883.9,1896.0,62.60740346
2021-05-29 00:00:00+00:00,1905.9,1905.9,1893.6,1903.1,6.50243004
2021-05-30 00:00:00+00:00,1903.0,1903.9,1893.0,1902.4,3.40285946
2021-05-31 00:00:00+00:00,1901.5,1907.7,1899.2,1907.5,47.29854733
2021-06-01 00:00:00+00:00,1907.7,1914.9,1888.8,1898.9,42.9302982
2021-06-02 00:00:00+00:00,1899.2,1909.8,1894.1,1908.3,4.71666771
2021-06-03 00:00:00+00:00,1908.2,1909.0,1865.8,1870.3,23.60754157
2021-06-04 00:00:00+00:00,1870.3,1895.5,1860.2,1887.8,32.95768068
2021-06-05 00:00:00+00:00,1887.9,1902.6,1882.3,1889.1,24.50079629
2021-06-06 00:00:00+00:00,1889.2,1898.0,1881.3,1889.2,2.99998731
2021-06-07 00:00:00+00:00,1890.8,1904.0,1878.7,1897.5,26.49448245
2021-06-08 00:00:00+00:00,1897.3,1904.2,1883.6,1894.2,46.91524022
2021-06-09 00:00:00+00:00,1894.4,1899.6,1880.1,1888.3,110.85540777
2021-06-10 00:00:00+00:00,1888.3,1917.7,1871.9,1898.3,218.84620487
2021-06-11 00:00:00+00:00,1898.3,1907.3,1871.0,1877.0,140.37767772
2021-06-12 00:00:00+00:00,1878.9,1879.7,1870.7,1872.1,16.19283313
2021-06-13 00:00:00+00:00,1872.0,1879.9,1868.9,1871.1,29.22838167
2021-06-14 00:00:00+00:00,1872.3,1872.9,1846.3,1866.6,32.09594682
2021-06-15 00:00:00+00:00,1865.5,1871.3,1847.0,1855.1,55.68701609
2021-06-16 00:00:00+00:00,1857.1,1860.9,1809.0,1817.4,59.50219781
2021-06-17 00:00:00+00:00,1819.4,1825.4,1771.5,1776.3,211.11137466
2021-06-18 00:00:00+00:00,1776.9,1795.7,1757.1,1757.7,133.16165295
2021-06-19 00:00:00+00:00,1758.8,1761.8,1757.1,1761.3,13.08589192
2021-06-20 00:00:00+00:00,1761.3,1774.2,1758.1,1770.8,27.64181788
2021-06-21 00:00:00+00:00,1771.6,1792.1,1766.4,1787.7,58.26894082
2021-06-22 00:00:00+00:00,1786.8,1796.6,1777.2,1779.9,52.29459885
2021-06-23 00:00:00+00:00,1780.0,1793.8,1775.3,1778.2,13.55568171
2021-06-24 00:00:00+00:00,1778.2,1788.3,1773.6,1775.8,22.3948608
2021-06-25 00:00:00+00:00,1776.3,1786.9,1772.1,1782.3,18.77953258
2021-06-26 00:00:00+00:00,1782.2,1783.9,1773.4,1782.5,8.74805989
2021-06-27 00:00:00+00:00,1784.1,1788.1,1779.5,1783.7,10.47071379
2021-06-28 00:00:00+00:00,1785.7,1785.9,1773.7,1778.5,4.56555734
2021-06-29 00:00:00+00:00,1779.0,1779.2,1752.6,1763.3,68.66563913
2021-06-30 00:00:00+00:00,1761.4,1772.0,1756.7,1768.0,10.51337539
2021-07-01 00:00:00+00:00,1769.2,1782.0,1767.7,1776.0,6.51484929
2021-07-02 00:00:00+00:00,1776.0,1793.9,1772.0,1789.0,16.86616566
2021-07-03 00:00:00+00:00,1789.0,1791.3,1785.3,1788.7,2.08816434
2021-07-04 00:00:00+00:00,1787.2,1789.0,1785.3,1785.3,1.3090960200000001
2021-07-05 00:00:00+00:00,1786.3,1792.8,1785.0,1791.9,5.09996117
2021-07-06 00:00:00+00:00,1791.5,1813.0,1790.2,1797.0,21.23951941
2021-07-07 00:00:00+00:00,1795.0,1808.9,1793.1,1804.4,2.28392985
2021-07-08 00:00:00+00:00,1804.1,1817.3,1794.7,1803.3,11.65900495
2021-07-09 00:00:00+00:00,1802.4,1811.0,1795.4,1806.4,1.03892048
2021-07-10 00:00:00+00:00,1807.4,1809.7,1804.0,1808.0,1.96614643
2021-07-11 00:00:00+00:00,1808.0,1808.7,1806.3,1807.0,0.58637235
2021-07-12 00:00:00+00:00,1806.9,1808.7,1793.3,1806.8,9.08501537
2021-07-13 00:00:00+00:00,1806.8,1814.3,1801.7,1806.6,24.84626695
2021-07-14 00:00:00+00:00,1805.8,1831.2,1805.3,1827.0,11.43856639
2021-07-15 00:00:00+00:00,1827.1,1834.1,1822.5,1830.2,29.108727730000002
2021-07-16 00:00:00+00:00,1830.8,1832.6,1811.6,1813.5,60.65346838
2021-07-17 00:00:00+00:00,1812.4,1816.3,1812.4,1814.0,1.55065563
2021-07-18 00:00:00+00:00,1812.9,1818.3,1811.4,1818.3,0.74736008
2021-07-19 00:00:00+00:00,1816.2,1818.2,1798.0,1812.1,6.65906071
2021-07-20 00:00:00+00:00,1813.4,1825.7,1807.6,1811.2,21.88714663
2021-07-21 00:00:00+00:00,1811.0,1814.8,1798.0,1803.5,14.33208439
2021-07-22 00:00:00+00:00,1803.8,1809.5,1794.9,1808.9,6.3006065
2021-07-23 00:00:00+00:00,1809.1,1809.9,1793.6,1801.9,4.13673679
2021-07-24 00:00:00+00:00,1802.2,1805.0,1798.9,1803.0,4.89987021
2021-07-25 00:00:00+00:00,1803.0,1803.5,1798.6,1798.6,0.8653169
2021-07-26 00:00:00+00:00,1801.2,1816.5,1796.6,1797.5,39.38687844
2021-07-27 00:00:00+00:00,1797.4,1805.1,1793.7,1800.5,1.32505255
2021-07-28 00:00:00+00:00,1799.5,1810.4,1795.6,1808.3,4.22881519
2021-07-29 00:00:00+00:00,1809.8,1831.4,1808.7,1829.8,10.60623952
2021-07-30 00:00:00+00:00,1828.6,1831.2,1810.0,1813.7,5.78573643
2021-07-31 00:00:00+00:00,1813.7,1814.2,1813.1,1813.1,0.46453481
2021-08-01 00:00:00+00:00,1813.1,1815.0,1811.8,1813.2,0.69843472
2021-08-02 00:00:00+00:00,1812.8,1820.2,1807.4,1813.5,5.87798666
2021-08-03 00:00:00+00:00,1813.5,1815.4,1808.9,1812.2,5.28302902
2021-08-04 00:00:00+00:00,1811.6,1830.7,1808.5,1812.1,4.8546122899999995
2021-08-05 00:00:00+00:00,1812.1,1814.9,1796.0,1804.0,34.95915027
2021-08-06 00:00:00+00:00,1804.0,1804.0,1760.4,1763.1,61.99859118
2021-08-07 00:00:00+00:00,1763.1,1768.5,1762.8,1763.9,13.5903998
2021-08-08 00:00:00+00:00,1763.9,1764.0,1692.9,1719.8,221.94964005
2021-08-09 00:00:00+00:00,1719.4,1751.2,1713.2,1729.7,171.97382689
2021-08-10 00:00:00+00:00,1730.7,1743.7,1720.0,1735.6,456.17679338
2021-08-11 00:00:00+00:00,1735.6,1753.8,1735.0,1751.8,83.20130586
2021-08-12 00:00:00+00:00,1750.8,1757.0,1743.8,1752.7,18.8313217
2021-08-13 00:00:00+00:00,1752.8,1779.3,1752.0,1779.3,15.09243904
2021-08-14 00:00:00+00:00,1779.3,1780.4,1777.7,1779.0,2.16048559
2021-08-15 00:00:00+00:00,1780.0,1780.0,1778.2,1778.2,3.96211799
2021-08-16 00:00:00+00:00,1778.2,1788.9,1771.7,1787.8,39.32512936
2021-08-17 00:00:00+00:00,1786.6,1794.4,1780.8,1785.5,13.34952291
2021-08-18 00:00:00+00:00,1787.0,1794.0,1778.7,1786.9,22.57537461
2021-08-19 00:00:00+00:00,1787.8,1791.5,1766.4,1778.4,15.18475187
2021-08-20 00:00:00+00:00,1781.2,1789.7,1778.3,1780.7,7.30164047
2021-08-21 00:00:00+00:00,1781.7,1783.7,1779.8,1780.6,3.08474771
2021-08-22 00:00:00+00:00,1781.2,1782.4,1777.2,1779.2,9.38708669
2021-08-23 00:00:00+00:00,1779.9,1806.3,1777.7,1805.4,76.39260816
2021-08-24 00:00:00+00:00,1805.2,1808.6,1797.0,1802.5,15.053131819999999
2021-08-25 00:00:00+00:00,1800.9,1802.4,1784.2,1787.7,6.51033953
2021-08-26 00:00:00+00:00,1791.3,1797.3,1782.4,1794.0,13.7546316
2021-08-27 00:00:00+00:00,1794.1,1819.0,1789.1,1817.5,24.37038305
2021-08-28 00:00:00+00:00,1817.5,1819.0,1816.1,1818.0,0.70412904
2021-08-29 00:00:00+00:00,1818.0,1819.0,1815.2,1819.0,1.0130739
2021-08-30 00:00:00+00:00,1818.5,1822.7,1809.1,1809.8,5.0661653200000005
2021-08-31 00:00:00+00:00,1810.9,1818.7,1804.2,1815.9,6.8232849
2021-09-01 00:00:00+00:00,1814.9,1818.7,1805.8,1813.8,5.79167872
2021-09-02 00:00:00+00:00,1814.1,1817.6,1805.3,1809.8,1.75353422
2021-09-03 00:00:00+00:00,1810.0,1833.6,1808.4,1828.3,7.47068161
2021-09-04 00:00:00+00:00,1828.3,1828.7,1825.0,1828.1,1.64494141
2021-09-05 00:00:00+00:00,1828.1,1830.1,1828.1,1828.7,47.11864003
2021-09-06 00:00:00+00:00,1828.3,1828.7,1819.9,1823.3,58.11424464
2021-09-07 00:00:00+00:00,1823.9,1827.5,1759.5,1794.5,26.36551394
2021-09-08 00:00:00+00:00,1795.6,1800.2,1784.2,1790.9,17.65491608
2021-09-09 00:00:00+00:00,1789.0,1800.6,1786.7,1794.8,8.75809609
2021-09-10 00:00:00+00:00,1796.7,1802.8,1787.1,1788.5,11.36026316
2021-09-11 00:00:00+00:00,1788.5,1789.7,1787.4,1787.7,1.32829749
2021-09-12 00:00:00+00:00,1787.7,1787.7,1785.6,1786.9,4.93115642
2021-09-13 00:00:00+00:00,1786.9,1796.7,1785.4,1792.5,60.93770164
2021-09-14 00:00:00+00:00,1793.4,1807.4,1783.7,1803.5,24.73558603
2021-09-15 00:00:00+00:00,1807.4,1807.4,1789.7,1795.4,4.72029075
2021-09-16 00:00:00+00:00,1794.2,1796.6,1747.5,1754.6,13.70895528
2021-09-17 00:00:00+00:00,1755.6,1767.0,1749.3,1755.3,12.91707794
2021-09-18 00:00:00+00:00,1755.3,1755.6,1753.7,1754.1,2.05323011
2021-09-19 00:00:00+00:00,1755.1,1755.4,1752.0,1754.3,0.9213988
2021-09-20 00:00:00+00:00,1754.0,1766.5,1745.0,1766.3,30.30031199
2021-09-21 00:00:00+00:00,1765.6,1783.2,1758.8,1775.2,46.79215894
2021-09-22 00:00:00+00:00,1775.9,1785.9,1766.6,1767.9,46.4495715
2021-09-23 00:00:00+00:00,1766.5,1774.7,1740.4,1746.1,131.3676279
2021-09-24 00:00:00+00:00,1746.7,1763.0,1742.1,1751.2,13.66006771
2021-09-25 00:00:00+00:00,1751.2,1758.5,1747.6,1751.4,1.23521566
2021-09-26 00:00:00+00:00,1751.4,1763.1,1747.6,1750.5,7.33360891
2021-09-27 00:00:00+00:00,1749.6,1761.5,1747.6,1750.5,6.69723796
2021-09-28 00:00:00+00:00,1752.1,1754.4,1728.7,1734.0,9.024987
2021-09-29 00:00:00+00:00,1735.7,1746.3,1723.6,1729.5,7.09482287
2021-09-30 00:00:00+00:00,1729.8,1763.0,1721.5,1754.2,1.12092034
2021-10-01 00:00:00+00:00,1754.2,1763.1,1752.2,1761.0,11.11572342
2021-10-02 00:00:00+00:00,1760.0,1762.2,1756.0,1760.0,5.82043284
2021-10-03 00:00:00+00:00,1761.1,1764.7,1758.7,1764.3,1.8698207599999999
2021-10-04 00:00:00+00:00,1763.9,1771.2,1747.6,1768.6,16.36459816
2021-10-05 00:00:00+00:00,1768.7,1769.2,1749.5,1759.9,44.42378371
2021-10-06 00:00:00+00:00,1756.3,1765.3,1745.7,1764.6,13.41187689
2021-10-07 00:00:00+00:00,1764.5,1767.4,1744.7,1754.2,7.33116055
2021-10-08 00:00:00+00:00,1755.5,1779.1,1753.3,1756.7,57.76273356
2021-10-09 00:00:00+00:00,1757.8,1757.8,1754.7,1757.8,1.45161539
2021-10-10 00:00:00+00:00,1757.8,1759.9,1752.6,1755.1,8.26408571
2021-10-11 00:00:00+00:00,1756.1,1763.3,1749.3,1752.9,137.30592173
2021-10-12 00:00:00+00:00,1752.5,1769.4,1751.7,1759.6,22.22119586
2021-10-13 00:00:00+00:00,1761.3,1819.3,1760.1,1792.5,71.93520524
2021-10-14 00:00:00+00:00,1792.7,1800.9,1787.4,1794.4,49.23630972
2021-10-15 00:00:00+00:00,1794.4,1797.0,1763.2,1768.3,30.590615
2021-10-16 00:00:00+00:00,1768.3,1769.6,1764.2,1768.2,11.69969663
2021-10-17 00:00:00+00:00,1768.2,1772.4,1764.2,1770.1,18.040208709999998
2021-10-18 00:00:00+00:00,1769.9,1774.1,1760.0,1764.2,50.92887205
2021-10-19 00:00:00+00:00,1764.5,1783.3,1764.5,1768.4,54.35915814
2021-10-20 00:00:00+00:00,1768.9,1790.2,1765.1,1782.8,537.26016135
2021-10-21 00:00:00+00:00,1782.0,1791.0,1776.6,1785.9,28.95588533
2021-10-22 00:00:00+00:00,1785.6,1816.7,1783.7,1802.6,53.35998965
2021-10-23 00:00:00+00:00,1792.9,1805.2,1792.9,1797.1,16.84804505
2021-10-24 00:00:00+00:00,1797.1,1805.2,1795.8,1805.2,9.45906668
2021-10-25 00:00:00+00:00,1800.2,1817.0,1796.1,1812.8,90.09725384
2021-10-26 00:00:00+00:00,1811.6,1814.5,1787.9,1797.9,36.63885888
2021-10-27 00:00:00+00:00,1798.1,1810.5,1788.8,1800.9,441.31665312
2021-10-28 00:00:00+00:00,1801.5,1812.9,1781.7,1805.2,13192.29264784
2021-10-29 00:00:00+00:00,1805.2,1810.0,1774.2,1786.2,43.95180491
2021-10-30 00:00:00+00:00,1786.2,1791.2,1784.3,1785.2,110.98288851
2021-10-31 00:00:00+00:00,1785.2,1786.2,1782.2,1782.6,2.59117743
2021-11-01 00:00:00+00:00,1783.2,1798.3,1783.1,1795.5,55.86636322
2021-11-02 00:00:00+00:00,1795.5,1803.3,1791.1,1792.4,179.77796464
2021-11-03 00:00:00+00:00,1792.0,1797.5,1767.8,1788.1,69.65841352
2021-11-04 00:00:00+00:00,1788.1,1812.8,1773.8,1798.0,46.961425999999996
2021-11-05 00:00:00+00:00,1798.2,1828.6,1796.9,1825.6,12.08460822
2021-11-06 00:00:00+00:00,1825.5,1892.8,1821.6,1823.1,111.16863554
2021-11-07 00:00:00+00:00,1823.1,1826.9,1821.7,1825.0,138.48736753
2021-11-08 00:00:00+00:00,1821.7,1859.9,1820.2,1839.0,121.90716115
2021-11-09 00:00:00+00:00,1833.7,1849.3,1827.4,1847.1,31.16674454
2021-11-10 00:00:00+00:00,1836.8,1879.5,1836.8,1858.0,79.80057167
2021-11-11 00:00:00+00:00,1858.0,1880.1,1858.0,1869.0,7.85635277
2021-11-12 00:00:00+00:00,1869.0,1877.2,1862.1,1871.9,5.56875217
2021-11-13 00:00:00+00:00,1871.9,1960.0,1871.9,1875.6,58.00632244
2021-11-14 00:00:00+00:00,1875.6,1891.7,1871.9,1872.5,6.10491234
2021-11-15 00:00:00+00:00,1871.0,1878.7,1866.3,1872.8,29.53724887
2021-11-16 00:00:00+00:00,1869.1,1884.5,1858.3,1858.3,61.196062239999996
2021-11-17 00:00:00+00:00,1858.3,1879.7,1858.3,1874.1,6.549441600000001
2021-11-18 00:00:00+00:00,1879.1,1882.0,1865.3,1867.1,5.63334211
2021-11-19 00:00:00+00:00,1867.6,1876.5,1858.0,1858.0,9.36718682
2021-11-20 00:00:00+00:00,1858.0,1875.1,1851.8,1854.0,56.50908558
2021-11-21 00:00:00+00:00,1854.0,1861.8,1851.5,1852.4,1.75454513
2021-11-22 00:00:00+00:00,1861.8,1894.7,1813.6,1820.0,160.06767235
2021-11-23 00:00:00+00:00,1817.4,1822.9,1789.0,1791.0,165.94187135
2021-11-24 00:00:00+00:00,1792.0,1795.7,1783.0,1795.2,32.35161181
2021-11-25 00:00:00+00:00,1790.9,1799.0,1789.0,1796.5,17.41281511
2021-11-26 00:00:00+00:00,1792.4,1816.1,1785.6,1797.3,10.06675137
2021-11-27 00:00:00+00:00,1793.5,1812.7,1789.2,1797.8,9.19811858
2021-11-28 00:00:00+00:00,1794.0,1813.2,1786.2,1794.9,26.15617964
2021-11-29 00:00:00+00:00,1795.4,1804.0,1783.0,1787.8,1.9204906
2021-11-30 00:00:00+00:00,1788.4,1813.5,1777.0,1778.0,9.71480465
2021-12-01 00:00:00+00:00,1778.0,1794.9,1777.0,1782.9,24.80419314
2021-12-02 00:00:00+00:00,1781.8,1786.1,1765.6,1769.9,8.54472571
2021-12-03 00:00:00+00:00,1768.8,1790.1,1767.1,1784.1,11.96844633
2021-12-04 00:00:00+00:00,1784.1,1794.0,1771.6,1784.2,185.67858469
2021-12-05 00:00:00+00:00,1784.2,1801.2,1783.5,1784.2,84.85900352
2021-12-06 00:00:00+00:00,1785.5,1794.7,1778.5,1789.7,3.88833883
2021-12-07 00:00:00+00:00,1782.6,1799.2,1774.9,1786.3,2.12386999
2021-12-08 00:00:00+00:00,1786.1,1798.7,1780.8,1791.6,4.66528653
2021-12-09 00:00:00+00:00,1784.2,1798.9,1771.8,1783.7,0.66542437
2021-12-10 00:00:00+00:00,1777.7,1794.8,1771.8,1784.5,45.44561301
2021-12-11 00:00:00+00:00,1784.5,1795.8,1783.3,1784.4,1.47290162
2021-12-12 00:00:00+00:00,1782.5,1792.2,1782.2,1784.4,0.7868773
2021-12-13 00:00:00+00:00,1784.6,1795.9,1784.0,1788.1,6.16405092
2021-12-14 00:00:00+00:00,1786.7,1791.1,1769.2,1772.7,17.94698199
2021-12-15 00:00:00+00:00,1773.2,1781.7,1758.7,1780.6,63.77575419
2021-12-16 00:00:00+00:00,1780.1,1800.0,1776.6,1799.1,5.39861251
2021-12-17 00:00:00+00:00,1799.5,1815.0,1795.6,1798.6,65.59209767
2021-12-18 00:00:00+00:00,1797.8,1799.9,1796.8,1798.2,22.94970925
2021-12-19 00:00:00+00:00,1798.6,1801.7,1795.0,1800.6,1.67448483
2021-12-20 00:00:00+00:00,1801.8,1804.2,1789.0,1792.1,7.84386053
2021-12-21 00:00:00+00:00,1791.4,1800.7,1786.2,1790.4,5.25092725
2021-12-22 00:00:00+00:00,1791.0,1804.9,1785.1,1804.0,38.82316082
2021-12-23 00:00:00+00:00,1804.0,1815.1,1800.7,1808.8,15.22141767
2021-12-24 00:00:00+00:00,1809.2,1815.0,1803.6,1805.1,3.40659534
2021-12-25 00:00:00+00:00,1805.1,1806.2,1800.8,1805.2,0.66541409
2021-12-26 00:00:00+00:00,1805.2,1812.0,1801.7,1807.6,6.43314932
2021-12-27 00:00:00+00:00,1808.0,1816.3,1802.8,1812.5,7.31166445
2021-12-28 00:00:00+00:00,1812.2,1823.0,1806.2,1807.6,357.7619296
2021-12-29 00:00:00+00:00,1807.1,1811.8,1791.3,1804.8,84.54360834
2021-12-30 00:00:00+00:00,1805.5,1817.3,1796.7,1816.3,9.44558583
2021-12-31 00:00:00+00:00,1816.4,1830.5,1815.5,1827.8,66.83584418
2022-01-01 00:00:00+00:00,1827.8,1832.3,1826.5,1828.7,7.80508723
2022-01-02 00:00:00+00:00,1828.7,1835.4,1827.2,1829.5,5.91822085
2022-01-03 00:00:00+00:00,1829.0,1834.9,1800.6,1809.1,80.04325959
2022-01-04 00:00:00+00:00,1807.3,1820.0,1801.7,1813.4,50.00418372
2022-01-05 00:00:00+00:00,1813.9,1833.0,1810.6,1811.4,54.57990395
2022-01-06 00:00:00+00:00,1811.1,1815.8,1788.0,1791.5,24.39409978
2022-01-07 00:00:00+00:00,1792.0,1805.2,1784.1,1798.3,142.32649708
2022-01-08 00:00:00+00:00,1798.2,1805.2,1794.1,1798.5,5.03464897
2022-01-09 00:00:00+00:00,1798.5,1804.8,1791.2,1802.2,44.44823373
2022-01-10 00:00:00+00:00,1796.7,1808.7,1793.9,1804.0,224.43326629999999
2022-01-11 00:00:00+00:00,1807.7,1828.4,1805.6,1827.0,126.24825299
2022-01-12 00:00:00+00:00,1823.9,1836.4,1820.2,1828.3,110.26855294
2022-01-13 00:00:00+00:00,1831.1,1834.0,1815.9,1825.5,197.57796536
2022-01-14 00:00:00+00:00,1823.9,1832.7,1816.6,1818.9,135.14782731
2022-01-15 00:00:00+00:00,1818.9,1823.5,1817.2,1819.0,21.90705015
2022-01-16 00:00:00+00:00,1816.3,1821.7,1816.3,1817.9,3.4953286
2022-01-17 00:00:00+00:00,1817.3,1831.7,1814.8,1822.6,421.39724796
2022-01-18 00:00:00+00:00,1825.6,1845.1,1809.9,1817.7,1271.54365843
2022-01-19 00:00:00+00:00,1818.6,1862.2,1811.3,1842.1,787.61301634
2022-01-20 00:00:00+00:00,1843.5,1859.1,1837.3,1839.4,119.28823468
2022-01-21 00:00:00+00:00,1839.2,1846.5,1829.2,1836.2,101.09449234
2022-01-22 00:00:00+00:00,1835.9,1848.6,1828.1,1835.5,138.99773482
2022-01-23 00:00:00+00:00,1836.1,1841.7,1833.2,1836.2,83.61418587
2022-01-24 00:00:00+00:00,1836.4,1851.0,1831.1,1844.0,253.19106442
2022-01-25 00:00:00+00:00,1844.7,1858.1,1836.3,1850.7,39.82883511
2022-01-26 00:00:00+00:00,1850.9,1853.5,1817.3,1823.0,121.00348212
2022-01-27 00:00:00+00:00,1820.9,1823.2,1792.9,1797.2,56.02948442
2022-01-28 00:00:00+00:00,1798.0,1801.8,1782.5,1792.4,58.63042349
2022-01-29 00:00:00+00:00,1792.8,1798.9,1790.0,1795.3,35.80892069
2022-01-30 00:00:00+00:00,1793.3,1799.8,1789.2,1790.2,6.60440394
2022-01-31 00:00:00+00:00,1790.5,1806.8,1783.9,1798.5,30.96021471
2022-02-01 00:00:00+00:00,1798.1,1812.3,1796.6,1800.8,16.07884016
2022-02-02 00:00:00+00:00,1801.7,1811.5,1794.8,1807.8,27.78973766
2022-02-03 00:00:00+00:00,1808.5,1810.5,1788.9,1805.8,33.96848737
2022-02-04 00:00:00+00:00,1805.8,1815.6,1794.2,1808.4,86.83451294
2022-02-05 00:00:00+00:00,1809.5,1810.9,1807.1,1808.1,7.04334738
2022-02-06 00:00:00+00:00,1808.5,1812.6,1807.8,1810.1,6.72559033
2022-02-07 00:00:00+00:00,1809.4,1829.5,1792.8,1802.9,12.78279237
2022-02-08 00:00:00+00:00,1826.5,1830.6,1795.0,1801.8,16.03827232
2022-02-09 00:00:00+00:00,1804.4,1830.5,1796.2,1826.3,14.13940505
2022-02-10 00:00:00+00:00,1805.2,1844.0,1800.0,1809.4,40.29404638
2022-02-11 00:00:00+00:00,1809.4,1843.4,1782.4,1824.3,74.20705155
2022-02-12 00:00:00+00:00,1824.3,1871.5,1808.0,1859.3,258.65712812
2022-02-13 00:00:00+00:00,1863.3,1865.5,1857.2,1860.6,82.88734151
2022-02-14 00:00:00+00:00,1858.8,1874.8,1853.7,1871.9,166.84623752
2022-02-15 00:00:00+00:00,1872.4,1879.6,1847.1,1854.0,54.2267123
2022-02-16 00:00:00+00:00,1851.8,1872.4,1851.0,1870.3,45.01591866
2022-02-17 00:00:00+00:00,1871.0,1900.8,1862.9,1899.8,128.8716085
2022-02-18 00:00:00+00:00,1900.6,1902.0,1888.2,1900.1,51.74418146
2022-02-19 00:00:00+00:00,1895.6,1900.9,1895.1,1896.0,9.38743976
2022-02-20 00:00:00+00:00,1896.1,1910.8,1894.3,1907.3,108.37656164
2022-02-21 00:00:00+00:00,1907.4,1915.0,1892.0,1910.3,638.19955542
2022-02-22 00:00:00+00:00,1909.0,1922.9,1896.5,1910.9,1569.47437833
2022-02-23 00:00:00+00:00,1910.4,1926.9,1899.8,1918.5,972.54625795
2022-02-24 00:00:00+00:00,1921.2,1990.0,1896.5,1909.9,2318.41382681
2022-02-25 00:00:00+00:00,1911.7,1926.9,1887.4,1889.7,132.44890197
2022-02-26 00:00:00+00:00,1893.0,1895.4,1887.0,1889.0,141.89911765
2022-02-27 00:00:00+00:00,1889.0,1941.9,1887.5,1913.0,1035.47178437
2022-02-28 00:00:00+00:00,1916.6,1924.9,1893.3,1908.1,718.87331161
2022-03-01 00:00:00+00:00,1906.5,1950.2,1904.4,1944.3,115.25754523
2022-03-02 00:00:00+00:00,1946.4,1947.4,1917.9,1931.4,63.05346046
2022-03-03 00:00:00+00:00,1930.3,1941.2,1924.1,1937.5,32.25692624
2022-03-04 00:00:00+00:00,1940.0,1970.9,1931.0,1970.9,24.33390322
2022-03-05 00:00:00+00:00,1972.2,1978.5,1970.7,1971.1,56.24718067
2022-03-06 00:00:00+00:00,1970.9,1993.0,1970.3,1990.5,131.01432751000002
2022-03-07 00:00:00+00:00,1991.2,2014.0,1972.1,2001.3,359.7403099
2022-03-08 00:00:00+00:00,2001.7,2070.5,1986.5,2046.7,1025.74450218
2022-03-09 00:00:00+00:00,2046.0,2060.3,1981.0,1992.3,226.14467109
2022-03-10 00:00:00+00:00,1990.5,2008.3,1973.0,1997.0,438.34726737
2022-03-11 00:00:00+00:00,1995.2,1997.3,1963.2,1988.7,208.0368656
2022-03-12 00:00:00+00:00,1988.0,1990.0,1979.6,1990.0,115.43774314
2022-03-13 00:00:00+00:00,1989.9,1990.2,1972.1,1973.3,13.84197232
2022-03-14 00:00:00+00:00,1971.2,1977.9,1951.3,1954.2,141.04997124
2022-03-15 00:00:00+00:00,1952.2,1952.2,1911.2,1917.6,83.12753233
2022-03-16 00:00:00+00:00,1919.4,1928.6,1895.4,1925.8,233.73644168
2022-03-17 00:00:00+00:00,1926.9,1947.9,1926.3,1943.8,39.4097732
2022-03-18 00:00:00+00:00,1940.7,1942.5,1918.8,1921.9,72.61571739
2022-03-19 00:00:00+00:00,1923.1,1923.1,1918.7,1922.1,25.33469588
2022-03-20 00:00:00+00:00,1921.0,1924.7,1918.1,1920.0,5.74081358
2022-03-21 00:00:00+00:00,1921.9,1937.9,1921.5,1935.6,64.15780405
2022-03-22 00:00:00+00:00,1934.0,1936.9,1912.4,1919.7,158.7442698
2022-03-23 00:00:00+00:00,1917.9,1945.7,1915.9,1945.7,15.04116224
2022-03-24 00:00:00+00:00,1945.7,1965.4,1937.6,1958.2,29.41047621
2022-03-25 00:00:00+00:00,1960.7,1962.0,1945.0,1957.4,125.65826609
2022-03-26 00:00:00+00:00,1954.5,1959.5,1954.5,1959.5,3.37929158
2022-03-27 00:00:00+00:00,1959.0,1959.0,1950.9,1955.9,2.4566120099999997
2022-03-28 00:00:00+00:00,1952.2,1956.0,1913.0,1923.3,119.71631872
2022-03-29 00:00:00+00:00,1923.3,1927.2,1894.2,1918.0,333.94348082
2022-03-30 00:00:00+00:00,1916.0,1937.2,1916.0,1932.3,5.89687202
2022-03-31 00:00:00+00:00,1930.4,1947.8,1920.3,1937.2,46.14409227
2022-04-01 00:00:00+00:00,1934.7,1940.9,1920.7,1925.0,410.48192827
2022-04-02 00:00:00+00:00,1925.1,1927.2,1923.0,1925.5,22.352527000000002
2022-04-03 00:00:00+00:00,1923.2,1926.8,1923.0,1923.3,51.1726618
2022-04-04 00:00:00+00:00,1925.4,1935.7,1918.5,1931.1,90.95654934
2022-04-05 00:00:00+00:00,1931.1,1941.9,1919.4,1921.9,28.47981019
2022-04-06 00:00:00+00:00,1920.3,1931.3,1918.5,1924.6,32.11040723
2022-04-07 00:00:00+00:00,1926.9,1936.8,1922.8,1932.1,13.63424112
2022-04-08 00:00:00+00:00,1932.1,1944.0,1926.5,1944.0,82.11382641
2022-04-09 00:00:00+00:00,1943.2,1944.0,1939.8,1944.0,18.23927774
2022-04-10 00:00:00+00:00,1944.0,1948.7,1940.1,1943.2,94.36082145
2022-04-11 00:00:00+00:00,1940.5,1960.0,1937.5,1953.9,141.1227261
2022-04-12 00:00:00+00:00,1951.2,1974.6,1950.2,1965.9,200.02098768
2022-04-13 00:00:00+00:00,1966.7,1981.1,1963.5,1977.5,115.41168927
2022-04-14 00:00:00+00:00,1974.5,1978.2,1960.3,1972.4,83.94328132
2022-04-15 00:00:00+00:00,1971.7,1977.3,1971.7,1974.0,0.18245684
2022-04-16 00:00:00+00:00,1974.2,1977.6,1973.7,1974.4,2.7396347100000003
2022-04-17 00:00:00+00:00,1974.4,1985.9,1971.8,1985.9,16.278084
2022-04-18 00:00:00+00:00,1986.1,1996.8,1977.8,1977.9,6.94002415
2022-04-19 00:00:00+00:00,1978.6,1981.9,1947.3,1953.8,143.30792468
2022-04-20 00:00:00+00:00,1955.0,1959.7,1943.0,1956.2,94.52256581
2022-04-21 00:00:00+00:00,1956.4,1958.8,1940.8,1951.5,130.82482418
2022-04-22 00:00:00+00:00,1949.8,1954.9,1933.1,1933.1,283.89080419
2022-04-23 00:00:00+00:00,1937.0,1939.3,1931.7,1931.7,5.7250408
2022-04-24 00:00:00+00:00,1935.0,1936.7,1929.5,1934.0,12.38459956
2022-04-25 00:00:00+00:00,1933.6,1935.4,1900.0,1902.7,1166.34287683
2022-04-26 00:00:00+00:00,1904.8,1912.4,1899.6,1907.2,74.67419857
2022-04-27 00:00:00+00:00,1905.8,1909.8,1889.2,1890.4,729.0425155
2022-04-28 00:00:00+00:00,1890.3,1900.6,1883.8,1894.6,5704.29465651
2022-04-29 00:00:00+00:00,1896.7,1915.9,1896.7,1897.0,493.06384859
2022-04-30 00:00:00+00:00,1897.0,1900.5,1896.7,1897.5,34.6936241
2022-05-01 00:00:00+00:00,1896.7,1900.9,1896.2,1900.3,4.32617516
2022-05-02 00:00:00+00:00,1900.3,1900.4,1867.5,1869.8,13340.22055741
2022-05-03 00:00:00+00:00,1869.7,1880.0,1858.1,1870.3,1615.38881563
2022-05-04 00:00:00+00:00,1868.9,1892.4,1865.2,1892.1,86.51856702
2022-05-05 00:00:00+00:00,1892.5,1904.7,1874.8,1877.1,810.82307156
2022-05-06 00:00:00+00:00,1875.5,1891.8,1851.4,1881.7,1818.52912452
2022-05-07 00:00:00+00:00,1881.7,1885.1,1880.2,1883.0,46.75349731
2022-05-08 00:00:00+00:00,1883.0,1885.6,1868.5,1879.9,188.13560794
2022-05-09 00:00:00+00:00,1879.4,1881.4,1847.4,1850.3,280.09074187
2022-05-10 00:00:00+00:00,1850.1,1866.0,1837.1,1837.1,312.51453157000003
2022-05-11 00:00:00+00:00,1836.9,1864.7,1835.5,1844.6,2335.86275406
2022-05-12 00:00:00+00:00,1850.5,1880.0,1820.0,1822.3,3651.36482112
2022-05-13 00:00:00+00:00,1822.3,1837.0,1804.0,1815.3,426.68994369
2022-05-14 00:00:00+00:00,1814.5,1816.6,1804.1,1813.0,15.31576313
2022-05-15 00:00:00+00:00,1813.0,1815.2,1809.5,1811.9,162.49075595
2022-05-16 00:00:00+00:00,1813.7,1828.7,1792.3,1827.1,96.44321246
2022-05-17 00:00:00+00:00,1827.2,1835.2,1810.9,1816.2,32.0580687
2022-05-18 00:00:00+00:00,1818.4,1823.8,1810.1,1816.1,9.94188037
2022-05-19 00:00:00+00:00,1816.0,1850.0,1813.2,1844.4,6.91778634
2022-05-20 00:00:00+00:00,1844.8,1849.4,1830.3,1844.6,997.1533792700001
2022-05-21 00:00:00+00:00,1844.9,1847.2,1837.2,1845.3,32.65930665
2022-05-22 00:00:00+00:00,1845.6,1849.9,1840.2,1846.8,17.39359188
2022-05-23 00:00:00+00:00,1844.8,1863.0,1841.7,1852.0,399.13650493
2022-05-24 00:00:00+00:00,1848.2,1868.7,1845.0,1867.3,666.7993715700001
2022-05-25 00:00:00+00:00,1862.7,1866.2,1837.9,1852.6,1006.51223857
2022-05-26 00:00:00+00:00,1850.0,1852.6,1837.9,1851.6,96.64559832
2022-05-27 00:00:00+00:00,1847.1,1861.8,1838.3,1854.0,141.02332405
2022-05-28 00:00:00+00:00,1852.9,1859.5,1850.4,1855.0,10.32666194
2022-05-29 00:00:00+00:00,1855.3,1870.0,1852.4,1856.1,59.48893957
2022-05-30 00:00:00+00:00,1870.0,1889.4,1858.0,1860.2,100.37323165
2022-05-31 00:00:00+00:00,1863.6,1889.1,1841.3,1842.8,288.92274633
2022-06-01 00:00:00+00:00,1842.0,1872.9,1832.7,1852.3,6.53112893
2022-06-02 00:00:00+00:00,1870.9,1901.3,1850.9,1873.3,24.08113924
2022-06-03 00:00:00+00:00,1873.1,1900.0,1849.5,1853.3,636.92052233
2022-06-04 00:00:00+00:00,1849.3,1875.7,1845.9,1852.0,115.27192202
2022-06-05 00:00:00+00:00,1847.6,1852.0,1845.7,1851.7,14.05782843
2022-06-06 00:00:00+00:00,1848.5,1855.5,1836.9,1839.6,150.64935305
2022-06-07 00:00:00+00:00,1839.6,1855.9,1838.2,1854.4,16.50460321
2022-06-08 00:00:00+00:00,1852.5,1858.9,1847.0,1855.1,2.52007386
2022-06-09 00:00:00+00:00,1855.5,1857.7,1846.2,1848.4,300.79003719
2022-06-10 00:00:00+00:00,1847.8,1875.9,1830.0,1871.4,996.8652686
2022-06-11 00:00:00+00:00,1875.9,1878.9,1869.6,1873.6,20.00651864
2022-06-12 00:00:00+00:00,1875.6,1879.8,1869.6,1878.4,24.51251037
2022-06-13 00:00:00+00:00,1878.4,1878.6,1817.4,1822.6,283.61407925
2022-06-14 00:00:00+00:00,1818.9,1833.8,1817.7,1822.7,6147.76933133
2022-06-15 00:00:00+00:00,1822.0,1850.0,1812.0,1837.3,4550.74919739
2022-06-16 00:00:00+00:00,1839.2,1863.9,1821.1,1853.3,38.55598758
2022-06-17 00:00:00+00:00,1852.5,1857.2,1835.8,1837.8,7.56017232
2022-06-18 00:00:00+00:00,1837.9,1846.9,1833.7,1838.7,76.28716981
2022-06-19 00:00:00+00:00,1842.4,1845.6,1834.4,1838.3,10.49148843
2022-06-20 00:00:00+00:00,1836.9,1845.6,1833.1,1838.5,27.094482329999998
2022-06-21 00:00:00+00:00,1836.8,1845.0,1828.1,1832.5,139.18816642
2022-06-22 00:00:00+00:00,1828.1,1854.9,1821.6,1837.2,136.4942098
2022-06-23 00:00:00+00:00,1837.9,1842.7,1821.8,1824.4,9.952869060000001
2022-06-24 00:00:00+00:00,1823.1,1832.3,1818.5,1830.5,27.98939685
2022-06-25 00:00:00+00:00,1824.7,1836.0,1821.8,1834.0,178.88970786
2022-06-26 00:00:00+00:00,1834.0,1836.1,1825.0,1834.5,146.47983422
2022-06-27 00:00:00+00:00,1832.3,1841.7,1825.0,1825.8,6.78825444
2022-06-28 00:00:00+00:00,1827.7,1834.7,1825.5,1827.1,135.13798792
2022-06-29 00:00:00+00:00,1827.1,1844.9,1827.1,1827.1,109.3966734
2022-06-30 00:00:00+00:00,1827.1,1838.2,1827.1,1827.1,80.44890565
2022-07-01 00:00:00+00:00,1827.1,1980.0,1810.0,1842.5,2132.37291548
2022-07-02 00:00:00+00:00,1842.5,1871.4,1811.2,1811.2,122.78336568
2022-07-03 00:00:00+00:00,1811.2,1821.2,1811.2,1811.8,12.83253205
2022-07-04 00:00:00+00:00,1814.1,1823.9,1810.0,1814.4,149.50266611
2022-07-05 00:00:00+00:00,1815.3,1880.0,1801.4,1801.4,705.94352657
2022-07-06 00:00:00+00:00,1801.4,1821.4,1766.3,1786.6,2374.70228142
2022-07-07 00:00:00+00:00,1768.5,1806.7,1740.1,1744.3,749.84373535
2022-07-08 00:00:00+00:00,1740.1,1752.8,1736.2,1742.2,23.807740850000002
2022-07-09 00:00:00+00:00,1742.3,1747.1,1741.7,1744.9,15.57802837
2022-07-10 00:00:00+00:00,1741.9,1747.5,1741.9,1746.2,19.53508537
2022-07-11 00:00:00+00:00,1742.8,1748.6,1730.9,1733.0,159.01800665
2022-07-12 00:00:00+00:00,1733.4,1743.0,1724.2,1728.1,208.57215489
2022-07-13 00:00:00+00:00,1728.3,1747.9,1716.2,1734.6,55.18597209
2022-07-14 00:00:00+00:00,1737.2,1738.0,1710.2,1716.3,146.70915872
2022-07-15 00:00:00+00:00,1716.1,1728.6,1708.6,1711.1,25.71174007
2022-07-16 00:00:00+00:00,1719.6,1735.8,1710.1,1712.1,97.54073172
2022-07-17 00:00:00+00:00,1722.5,1723.6,1708.9,1718.3,5.7478838
2022-07-18 00:00:00+00:00,1718.3,1734.2,1712.0,1714.5,20.37228003
2022-07-19 00:00:00+00:00,1713.5,1738.7,1711.2,1720.0,34.11092151
2022-07-20 00:00:00+00:00,1720.0,1723.5,1693.2,1695.2,211.70298631
2022-07-21 00:00:00+00:00,1693.1,1720.9,1682.1,1719.5,122.48412369
2022-07-22 00:00:00+00:00,1717.8,1734.9,1714.3,1723.1,181.09489658
2022-07-23 00:00:00+00:00,1723.1,1740.4,1703.0,1728.2,95.9605381
2022-07-24 00:00:00+00:00,1725.6,1732.6,1722.7,1725.1,24.25974415
2022-07-25 00:00:00+00:00,1723.8,1735.1,1716.1,1717.5,31.56477283
2022-07-26 00:00:00+00:00,1719.5,1725.8,1712.6,1718.9,4.34319514
2022-07-27 00:00:00+00:00,1719.0,1737.4,1712.8,1737.3,64.25189094
2022-07-28 00:00:00+00:00,1737.3,1752.8,1722.5,1750.5,63.3509856
2022-07-29 00:00:00+00:00,1751.1,1763.9,1738.4,1760.9,6.95451011
2022-07-30 00:00:00+00:00,1761.6,1765.9,1746.8,1762.6,2.53888327
2022-07-31 00:00:00+00:00,1760.8,1766.6,1745.5,1759.4,4.08301242
2022-08-01 00:00:00+00:00,1756.5,1769.9,1747.1,1767.5,3.79691752
2022-08-02 00:00:00+00:00,1768.8,1780.9,1747.0,1748.6,77.57809842
2022-08-03 00:00:00+00:00,1747.0,1768.0,1735.0,1755.0,43.75445255
2022-08-04 00:00:00+00:00,1755.0,1787.9,1749.4,1787.6,10.60340602
2022-08-05 00:00:00+00:00,1787.3,1788.9,1750.6,1773.1,10.77899334
2022-08-06 00:00:00+00:00,1765.6,1774.4,1755.1,1770.0,3.5939469
2022-08-07 00:00:00+00:00,1757.4,1773.3,1757.1,1770.9,22.0844823
2022-08-08 00:00:00+00:00,1767.4,1785.2,1762.0,1784.6,3.99093859
2022-08-09 00:00:00+00:00,1781.3,1791.9,1770.0,1789.6,3.00205208
2022-08-10 00:00:00+00:00,1780.1,1792.0,1780.0,1787.4,21.97525728
2022-08-11 00:00:00+00:00,1786.5,1791.5,1769.2,1783.0,36.01090504
2022-08-12 00:00:00+00:00,1782.5,1792.0,1768.2,1790.7,9.69857495
2022-08-13 00:00:00+00:00,1790.7,1795.5,1780.9,1795.5,38.00334153
2022-08-14 00:00:00+00:00,1793.3,1796.1,1780.9,1795.1,6.97372613
2022-08-15 00:00:00+00:00,1782.3,1795.7,1769.1,1775.2,16.31099488
2022-08-16 00:00:00+00:00,1769.2,1777.7,1764.9,1772.5,7.4187671900000005
2022-08-17 00:00:00+00:00,1764.9,1776.5,1759.7,1761.9,43.85087898
2022-08-18 00:00:00+00:00,1762.5,1767.3,1747.1,1754.4,9.7227687
2022-08-19 00:00:00+00:00,1747.3,1755.3,1727.9,1745.1,118.05322358
2022-08-20 00:00:00+00:00,1736.1,1746.5,1731.7,1744.4,1.37069968
2022-08-21 00:00:00+00:00,1744.4,1746.9,1730.8,1743.0,6.56391455
2022-08-22 00:00:00+00:00,1736.3,1744.6,1723.1,1733.4,5.95148947
2022-08-23 00:00:00+00:00,1734.8,1746.3,1724.0,1742.7,1.86361596
2022-08-24 00:00:00+00:00,1744.0,1749.5,1731.2,1748.4,1.56555709
2022-08-25 00:00:00+00:00,1749.5,1758.9,1737.7,1754.2,84.42476925999999
2022-08-26 00:00:00+00:00,1752.1,1757.0,1724.2,1737.5,2.09480605
2022-08-27 00:00:00+00:00,1737.4,1738.8,1723.0,1737.6,0.2652004
2022-08-28 00:00:00+00:00,1737.7,1738.0,1722.7,1732.7,2.48714156
2022-08-29 00:00:00+00:00,1722.9,1741.4,1722.1,1738.2,1.40624617
2022-08-30 00:00:00+00:00,1737.8,1738.0,1712.9,1722.0,15.10742888
2022-08-31 00:00:00+00:00,1722.0,1725.8,1700.3,1707.6,26.82281813
2022-09-01 00:00:00+00:00,1707.4,1707.6,1690.1,1696.3,33.56454598
2022-09-02 00:00:00+00:00,1697.7,1715.4,1694.7,1712.3,1.45629918
2022-09-03 00:00:00+00:00,1713.1,1713.9,1700.2,1712.5,0.39642116
2022-09-04 00:00:00+00:00,1710.6,1714.3,1701.8,1708.3,2.16710283
2022-09-05 00:00:00+00:00,1709.8,1712.3,1700.6,1711.1,0.39213453
2022-09-06 00:00:00+00:00,1712.4,1721.9,1700.0,1700.0,25.53874328
2022-09-07 00:00:00+00:00,1702.9,1716.5,1691.1,1715.0,2.29861766
2022-09-08 00:00:00+00:00,1714.1,1722.9,1695.4,1708.2,0.95321277
2022-09-09 00:00:00+00:00,1711.1,1725.9,1705.6,1716.5,5.32819848
2022-09-10 00:00:00+00:00,1716.7,1717.1,1703.5,1715.9,0.32968665
2022-09-11 00:00:00+00:00,1715.9,1721.9,1704.1,1716.2,4.63175279
2022-09-12 00:00:00+00:00,1714.4,1730.7,1700.8,1723.6,1.08351767
2022-09-13 00:00:00+00:00,1721.7,1729.1,1691.9,1701.3,26.3208457
2022-09-14 00:00:00+00:00,1699.9,1705.0,1691.2,1696.3,0.50324772
2022-09-15 00:00:00+00:00,1694.4,1695.6,1655.0,1661.9,47.40614722
2022-09-16 00:00:00+00:00,1655.0,1675.9,1645.7,1674.7,10.64272345
2022-09-17 00:00:00+00:00,1674.6,1675.1,1663.0,1674.5,0.14762407
2022-09-18 00:00:00+00:00,1674.4,1676.2,1665.3,1676.2,0.35467362
2022-09-19 00:00:00+00:00,1674.5,1675.3,1650.6,1673.0,81.85347087
2022-09-20 00:00:00+00:00,1674.3,1676.0,1652.5,1665.2,23.80230041
2022-09-21 00:00:00+00:00,1666.4,1685.8,1653.7,1667.0,22.93138793
2022-09-22 00:00:00+00:00,1665.4,1681.4,1653.7,1671.6,19.7777214
2022-09-23 00:00:00+00:00,1672.2,1674.1,1641.1,1645.7,77.13853646
2022-09-24 00:00:00+00:00,1645.5,1646.9,1640.1,1645.8,3.9022092
2022-09-25 00:00:00+00:00,1644.1,1646.1,1641.1,1643.9,5.32011947
2022-09-26 00:00:00+00:00,1642.4,1648.3,1624.0,1627.4,19.05134678
2022-09-27 00:00:00+00:00,1629.0,1642.2,1625.8,1629.9,12.26656893
2022-09-28 00:00:00+00:00,1628.1,1659.9,1611.2,1656.4,22.68392244
2022-09-29 00:00:00+00:00,1654.8,1662.9,1638.7,1662.9,14.56772248
2022-09-30 00:00:00+00:00,1662.9,1674.9,1658.6,1660.2,17.27457705
2022-10-01 00:00:00+00:00,1660.2,1663.4,1657.4,1662.3,0.14466783
2022-10-02 00:00:00+00:00,1662.4,1665.0,1653.7,1662.7,9.67520635
2022-10-03 00:00:00+00:00,1656.2,1697.9,1655.2,1697.3,27.8468074
2022-10-04 00:00:00+00:00,1697.3,1724.0,1691.0,1723.7,33.4444423
2022-10-05 00:00:00+00:00,1720.8,1724.0,1697.0,1716.5,5.86080678
2022-10-06 00:00:00+00:00,1718.0,1724.0,1706.0,1710.0,5.57505179
2022-10-07 00:00:00+00:00,1711.0,1712.9,1683.6,1694.0,107.74864581
2022-10-08 00:00:00+00:00,1692.1,1697.5,1687.9,1693.4,2.45436366
2022-10-09 00:00:00+00:00,1691.9,1698.5,1687.3,1696.1,0.25265151
2022-10-10 00:00:00+00:00,1693.5,1695.8,1664.5,1667.9,22.71295431
2022-10-11 00:00:00+00:00,1669.1,1682.2,1661.4,1664.5,4.23189568
2022-10-12 00:00:00+00:00,1661.2,1674.8,1661.1,1672.5,1.00236297
2022-10-13 00:00:00+00:00,1667.4,1681.2,1646.0,1662.9,176.2318525
2022-10-14 00:00:00+00:00,1659.9,1670.7,1635.3,1641.4,34.85556831
2022-10-15 00:00:00+00:00,1637.4,1644.5,1636.6,1644.2,0.7417159
2022-10-16 00:00:00+00:00,1638.0,1646.1,1637.1,1644.8,0.60396971
2022-10-17 00:00:00+00:00,1646.6,1666.8,1640.3,1649.0,8.94495639
2022-10-18 00:00:00+00:00,1650.8,1658.8,1644.0,1651.3,0.9476246199999999
2022-10-19 00:00:00+00:00,1647.0,1652.5,1625.0,1627.5,106.15890527
2022-10-20 00:00:00+00:00,1627.2,1642.8,1623.1,1627.0,10.09218585
2022-10-21 00:00:00+00:00,1622.2,1654.9,1613.4,1654.9,42.34806937
2022-10-22 00:00:00+00:00,1654.9,1660.3,1649.1,1657.9,2.13083192
2022-10-23 00:00:00+00:00,1657.9,1663.8,1649.8,1660.4,3.56581364
2022-10-24 00:00:00+00:00,1653.8,1659.4,1644.5,1650.7,18.25634762
2022-10-25 00:00:00+00:00,1652.2,1663.2,1641.1,1652.6,170.15474591
2022-10-26 00:00:00+00:00,1651.2,1671.9,1646.3,1666.4,97.41585818
2022-10-27 00:00:00+00:00,1668.1,1669.9,1651.3,1661.1,0.78633672
2022-10-28 00:00:00+00:00,1660.0,1664.1,1636.1,1644.1,15.02049795
2022-10-29 00:00:00+00:00,1644.1,1646.2,1635.1,1644.4,2.98311082
2022-10-30 00:00:00+00:00,1640.1,1646.8,1636.3,1642.8,25.34528945
2022-10-31 00:00:00+00:00,1641.5,1644.4,1631.2,1633.2,3.2761489
2022-11-01 00:00:00+00:00,1631.2,1655.0,1631.2,1646.2,1.86361894
2022-11-02 00:00:00+00:00,1647.9,1671.6,1631.3,1634.2,15.76081559
2022-11-03 00:00:00+00:00,1635.8,1640.3,1619.0,1629.5,26.00418212
2022-11-04 00:00:00+00:00,1630.6,1679.8,1630.6,1679.8,23.14728561
2022-11-05 00:00:00+00:00,1679.9,1684.9,1674.8,1682.6,9.66410487
2022-11-06 00:00:00+00:00,1682.7,1688.0,1670.0,1674.3,9.246955269999999
2022-11-07 00:00:00+00:00,1673.4,1683.4,1661.0,1675.1,74.32453461
2022-11-08 00:00:00+00:00,1673.5,1716.9,1659.4,1711.0,204.59762959
2022-11-09 00:00:00+00:00,1709.2,1720.9,1693.7,1708.9,127.33368002
2022-11-10 00:00:00+00:00,1708.9,1752.9,1697.9,1750.8,115.05589597
2022-11-11 00:00:00+00:00,1742.1,1768.9,1735.8,1768.8,18.08647318
2022-11-12 00:00:00+00:00,1768.8,1769.8,1742.7,1766.9,201.96317518
2022-11-13 00:00:00+00:00,1751.5,1769.9,1722.0,1763.3,196.76238261
2022-11-14 00:00:00+00:00,1758.8,1770.8,1744.8,1767.2,2.80327795
2022-11-15 00:00:00+00:00,1766.5,1781.9,1758.7,1779.2,1.77920316
2022-11-16 00:00:00+00:00,1777.2,1781.8,1760.4,1771.8,0.52585187
2022-11-17 00:00:00+00:00,1770.5,1770.5,1747.1,1756.7,0.56806663
2022-11-18 00:00:00+00:00,1748.3,1763.2,1741.8,1750.9,0.52340333
2022-11-19 00:00:00+00:00,1741.9,1750.6,1738.4,1750.2,0.63297359
2022-11-20 00:00:00+00:00,1741.3,1760.0,1730.2,1736.2,56.610052259999996
2022-11-21 00:00:00+00:00,1744.9,1745.0,1724.2,1730.0,30.85186972
2022-11-22 00:00:00+00:00,1730.0,1751.0,1722.0,1735.0,53.53050384
2022-11-23 00:00:00+00:00,1734.9,1746.0,1720.2,1744.0,53.454841
2022-11-24 00:00:00+00:00,1744.0,1752.0,1720.1,1740.0,34.2188789
2022-11-25 00:00:00+00:00,1747.9,1752.0,1720.1,1734.9,34.38188895
2022-11-26 00:00:00+00:00,1744.9,1745.0,1679.0,1744.9,136.55773624
2022-11-27 00:00:00+00:00,1744.9,1744.9,1732.1,1736.8,13.41003554
2022-11-28 00:00:00+00:00,1744.8,1745.0,1723.1,1734.6,15.52344484
2022-11-29 00:00:00+00:00,1729.2,1748.0,1727.9,1746.2,28.68291516
2022-11-30 00:00:00+00:00,1744.5,1762.8,1734.5,1762.8,28.71603401
2022-12-01 00:00:00+00:00,1762.9,1781.9,1740.0,1781.8,70.09886758
2022-12-02 00:00:00+00:00,1781.9,1790.6,1762.6,1788.6,38.41780068
2022-12-03 00:00:00+00:00,1785.0,1791.6,1772.9,1789.9,13.47629742
2022-12-04 00:00:00+00:00,1789.7,1791.9,1776.6,1789.9,13.35657764
2022-12-05 00:00:00+00:00,1790.0,1792.0,1750.0,1758.9,21.93168067
2022-12-06 00:00:00+00:00,1758.9,1761.0,1750.0,1759.3,16.38332449
2022-12-07 00:00:00+00:00,1759.4,1772.1,1754.0,1772.0,78.08968006
2022-12-08 00:00:00+00:00,1772.1,1777.3,1765.2,1773.7,15.55268995
2022-12-09 00:00:00+00:00,1777.3,1791.8,1768.7,1789.9,15.55622344
2022-12-10 00:00:00+00:00,1789.9,1790.0,1779.3,1780.3,12.00543326
2022-12-11 00:00:00+00:00,1789.7,1789.9,1780.2,1787.7,40.20687056
2022-12-12 00:00:00+00:00,1780.4,1788.6,1750.3,1768.7,26.31972765
2022-12-13 00:00:00+00:00,1768.7,1799.8,1752.5,1799.5,92.09416359000001
2022-12-14 00:00:00+00:00,1799.6,1799.7,1773.8,1780.4,67.4250012
2022-12-15 00:00:00+00:00,1794.9,1795.1,1748.6,1764.6,66.84720884
2022-12-16 00:00:00+00:00,1764.5,1772.9,1750.4,1772.9,44.85953875
2022-12-17 00:00:00+00:00,1772.9,1773.0,1760.4,1772.9,16.59749198
2022-12-18 00:00:00+00:00,1773.0,1773.0,1760.3,1766.2,17.45171978
2022-12-19 00:00:00+00:00,1772.9,1779.0,1763.9,1768.6,26.657277099999998
2022-12-20 00:00:00+00:00,1768.6,1811.2,1764.0,1808.3,607.24592571
2022-12-21 00:00:00+00:00,1808.8,1810.3,1786.5,1801.2,209.28083366
2022-12-22 00:00:00+00:00,1801.2,1801.6,1770.0,1772.3,19.02271198
2022-12-23 00:00:00+00:00,1777.6,1779.4,1770.0,1779.4,21.81931252
2022-12-24 00:00:00+00:00,1779.4,1780.4,1771.1,1780.3,14.88032667
2022-12-25 00:00:00+00:00,1780.4,1781.5,1770.4,1781.4,14.92770215
2022-12-26 00:00:00+00:00,1781.4,1783.9,1771.7,1783.9,19.42961501
2022-12-27 00:00:00+00:00,1783.9,1799.9,1771.8,1799.4,28.74536287
2022-12-28 00:00:00+00:00,1799.4,1799.9,1770.0,1786.3,58.00390854
2022-12-29 00:00:00+00:00,1786.3,1814.8,1772.0,1811.8,113.44158611
2022-12-30 00:00:00+00:00,1808.8,1815.4,1808.8,1814.2,96.32699685
2022-12-31 00:00:00+00:00,1813.2,1815.4,1810.2,1815.4,18.71949059
2023-01-01 00:00:00+00:00,1815.4,1815.7,1811.4,1815.7,12.3426268
2023-01-02 00:00:00+00:00,1815.7,1817.2,1811.3,1817.2,25.91600077
2023-01-03 00:00:00+00:00,1817.1,1838.8,1813.9,1838.8,138.29417257
2023-01-04 00:00:00+00:00,1838.7,1857.4,1838.6,1853.3,50.50286045
2023-01-05 00:00:00+00:00,1853.3,1853.4,1823.6,1826.6,66.08055389
2023-01-06 00:00:00+00:00,1827.6,1847.2,1816.2,1837.1,127.32475198
2023-01-07 00:00:00+00:00,1847.0,1847.2,1830.9,1845.6,67.29597681999999
2023-01-08 00:00:00+00:00,1847.2,1853.5,1842.8,1853.5,72.01605493
2023-01-09 00:00:00+00:00,1854.1,1871.4,1836.1,1868.5,212.93593137
2023-01-10 00:00:00+00:00,1866.7,1872.2,1865.6,1871.7,82.17604278
2023-01-11 00:00:00+00:00,1871.7,1881.6,1867.5,1875.2,47.7689976
2023-01-12 00:00:00+00:00,1875.2,1897.9,1870.2,1897.7,154.2331772
2023-01-13 00:00:00+00:00,1897.9,1922.1,1892.4,1919.8,56.58905623
2023-01-14 00:00:00+00:00,1921.6,1923.1,1865.0,1918.4,14.67859888
2023-01-15 00:00:00+00:00,1914.8,1918.4,1913.3,1917.2,2.05712833
2023-01-16 00:00:00+00:00,1913.4,1919.9,1905.6,1912.1,37.01695673
2023-01-17 00:00:00+00:00,1911.0,1912.1,1897.1,1905.3,71.28008365
2023-01-18 00:00:00+00:00,1903.0,1916.0,1877.5,1902.9,82.03620962
2023-01-19 00:00:00+00:00,1902.9,1931.0,1889.4,1931.0,103.96255453
2023-01-20 00:00:00+00:00,1931.0,1931.0,1916.8,1919.0,67.00504993
2023-01-21 00:00:00+00:00,1919.0,1924.9,1915.3,1924.9,4.14956995
2023-01-22 00:00:00+00:00,1924.9,1924.9,1916.7,1924.5,0.34700212
2023-01-23 00:00:00+00:00,1924.9,1926.1,1908.2,1922.7,75.74550375
2023-01-24 00:00:00+00:00,1922.9,1931.4,1918.4,1926.7,94.46289679
2023-01-25 00:00:00+00:00,1926.7,1934.3,1911.1,1933.2,144.34810531
2023-01-26 00:00:00+00:00,1934.3,1934.9,1889.3,1923.9,18.442539149999998
2023-01-27 00:00:00+00:00,1914.9,1926.9,1901.0,1922.9,10.41024551
2023-01-28 00:00:00+00:00,1922.9,1925.8,1909.4,1925.8,4.65424844
2023-01-29 00:00:00+00:00,1925.9,1926.0,1903.3,1922.4,36.35545405
2023-01-30 00:00:00+00:00,1922.4,1924.9,1901.0,1914.0,9.70475234
2023-01-31 00:00:00+00:00,1913.8,1921.3,1889.4,1910.7,70.70894702
2023-02-01 00:00:00+00:00,1917.3,1943.9,1893.3,1929.9,148.7250551
2023-02-02 00:00:00+00:00,1943.7,1947.2,1900.9,1909.3,35.60356684
2023-02-03 00:00:00+00:00,1908.4,1912.3,1852.1,1863.7,11.70626516
2023-02-04 00:00:00+00:00,1859.3,1864.7,1859.3,1863.9,0.07032355
2023-02-05 00:00:00+00:00,1862.0,1865.0,1853.3,1861.4,0.84016175
2023-02-06 00:00:00+00:00,1862.1,1872.8,1858.9,1862.3,11.056883449999999
2023-02-07 00:00:00+00:00,1860.3,1867.6,1852.3,1860.0,100.94781747
2023-02-08 00:00:00+00:00,1860.0,1866.7,1852.4,1866.7,47.226598530000004
2023-02-09 00:00:00+00:00,1858.8,1868.0,1850.0,1850.1,38.66563359
2023-02-10 00:00:00+00:00,1856.4,1856.8,1845.1,1850.7,19.48390513
2023-02-11 00:00:00+00:00,1850.7,1850.8,1842.0,1850.8,20.75662842
2023-02-12 00:00:00+00:00,1850.8,1851.5,1839.6,1851.5,19.82773487
2023-02-13 00:00:00+00:00,1851.5,1851.5,1836.1,1841.6,15.89878225
2023-02-14 00:00:00+00:00,1841.6,1854.5,1838.1,1846.6,246.68812019
2023-02-15 00:00:00+00:00,1846.6,1912.0,1828.7,1836.4,50.58831547
2023-02-16 00:00:00+00:00,1837.3,1842.9,1777.0,1834.6,6.86957423
2023-02-17 00:00:00+00:00,1833.2,1887.9,1818.6,1843.5,72.21914792
2023-02-18 00:00:00+00:00,1837.8,1843.7,1837.8,1843.3,6.68805156
2023-02-19 00:00:00+00:00,1837.8,1908.0,1830.0,1838.9,21.9810396
2023-02-20 00:00:00+00:00,1834.4,1847.1,1833.6,1842.3,59.94279843
2023-02-21 00:00:00+00:00,1840.2,1844.0,1820.0,1835.2,12.86762642
2023-02-22 00:00:00+00:00,1836.8,1845.7,1822.1,1825.0,1.86303261
2023-02-23 00:00:00+00:00,1826.6,1833.3,1817.1,1824.5,585.02596563
2023-02-24 00:00:00+00:00,1824.2,1828.1,1809.1,1810.5,142.91974716000001
2023-02-25 00:00:00+00:00,1811.2,1868.0,1810.5,1811.2,5.55290321
2023-02-26 00:00:00+00:00,1811.4,1813.3,1810.6,1812.1,15.22179092
2023-02-27 00:00:00+00:00,1812.1,1863.9,1807.1,1817.3,136.21434011
2023-02-28 00:00:00+00:00,1819.1,1831.1,1807.1,1827.2,30.509807640000002
2023-03-01 00:00:00+00:00,1824.9,1845.0,1824.9,1837.6,7.09752918
2023-03-02 00:00:00+00:00,1836.0,1839.3,1813.3,1838.4,10.886130699999999
2023-03-03 00:00:00+00:00,1840.0,1856.0,1838.4,1856.0,907.61107173
2023-03-04 00:00:00+00:00,1853.7,1855.6,1853.1,1855.2,21.09507536
2023-03-05 00:00:00+00:00,1855.2,1855.7,1852.8,1852.8,9.59021206
2023-03-06 00:00:00+00:00,1852.9,1857.9,1845.5,1846.6,52.89825481
2023-03-07 00:00:00+00:00,1845.6,1851.3,1814.1,1815.0,99.11265168
2023-03-08 00:00:00+00:00,1814.1,1824.0,1810.6,1816.3,56.09064993
2023-03-09 00:00:00+00:00,1816.1,1835.5,1813.1,1831.9,1538.66301018
2023-03-10 00:00:00+00:00,1832.1,1866.9,1828.7,1862.7,473.88780099
2023-03-11 00:00:00+00:00,1855.9,1867.1,1852.2,1861.5,14731.69160685
2023-03-12 00:00:00+00:00,1861.2,1886.0,1849.1,1872.7,22202.571464470002
2023-03-13 00:00:00+00:00,1872.7,1913.5,1868.1,1911.4,2049.10825076
2023-03-14 00:00:00+00:00,1910.3,1916.0,1896.2,1902.9,453.07031925
2023-03-15 00:00:00+00:00,1902.9,1936.6,1884.5,1920.4,322.41986363
2023-03-16 00:00:00+00:00,1918.7,1932.1,1907.2,1921.1,71.84934396
2023-03-17 00:00:00+00:00,1922.8,1986.9,1918.5,1981.7,596.59981016
2023-03-18 00:00:00+00:00,1981.9,1984.5,1981.3,1984.5,205.77185292000001
2023-03-19 00:00:00+00:00,1984.6,2005.3,1965.3,1972.4,241.5427927
2023-03-20 00:00:00+00:00,1974.3,2005.0,1963.1,1973.5,580.87396109
2023-03-21 00:00:00+00:00,1974.7,1980.3,1933.3,1940.6,1117.69659962
2023-03-22 00:00:00+00:00,1940.9,1976.0,1932.8,1966.0,52.26399149
2023-03-23 00:00:00+00:00,1968.3,2000.0,1963.4,1990.7,58.38681371
2023-03-24 00:00:00+00:00,1988.9,1995.9,1973.5,1976.9,1747.59924666
2023-03-25 00:00:00+00:00,1976.0,1977.4,1974.5,1974.7,2.35074383
2023-03-26 00:00:00+00:00,1975.1,1976.6,1967.2,1974.2,44.40429047
2023-03-27 00:00:00+00:00,1973.4,1977.1,1944.1,1956.3,198.14454515
2023-03-28 00:00:00+00:00,1958.3,1974.4,1949.9,1971.8,54.069177339999996
2023-03-29 00:00:00+00:00,1969.0,1970.5,1959.2,1964.2,192.96765234
2023-03-30 00:00:00+00:00,1962.5,1982.6,1955.3,1977.8,239.99305426
2023-03-31 00:00:00+00:00,1978.5,1986.9,1966.4,1970.4,14.22678893
2023-04-01 00:00:00+00:00,1970.4,1970.6,1969.6,1970.1,0.599765
2023-04-02 00:00:00+00:00,1970.6,1970.7,1958.0,1958.0,55.95797964
2023-04-03 00:00:00+00:00,1960.2,1989.6,1950.2,1985.2,246.12185796
2023-04-04 00:00:00+00:00,1983.6,2023.1,1977.1,2022.0,144.85397591
2023-04-05 00:00:00+00:00,2021.1,2031.6,2010.8,2020.1,494.9484416
2023-04-06 00:00:00+00:00,2018.0,2019.5,2000.9,2006.6,15.96932067
2023-04-07 00:00:00+00:00,2006.6,2007.1,2006.5,2007.1,2.8163134899999998
2023-04-08 00:00:00+00:00,2006.7,2007.2,2005.7,2006.2,1.04103891
2023-04-09 00:00:00+00:00,2006.1,2007.0,1996.4,2005.1,80.30354107
2023-04-10 00:00:00+00:00,2002.6,2002.6,1982.9,1989.9,41.137496490000004
2023-04-11 00:00:00+00:00,1991.8,2003.6,1987.9,2002.3,121.21795244
2023-04-12 00:00:00+00:00,2011.0,2022.3,2004.4,2014.5,70.46878007
2023-04-13 00:00:00+00:00,2020.8,2046.2,2020.4,2039.3,265.38155123
2023-04-14 00:00:00+00:00,2038.7,2042.0,1992.0,2003.4,65.45008856
2023-04-15 00:00:00+00:00,2003.3,2011.3,2002.7,2002.9,16.60939753
2023-04-16 00:00:00+00:00,2002.5,2003.9,2000.2,2000.2,58.18207153
2023-04-17 00:00:00+00:00,2001.9,2013.1,1982.3,1994.5,129.59808401
2023-04-18 00:00:00+00:00,1998.1,2010.0,1993.3,2005.3,6.16127162
2023-04-19 00:00:00+00:00,2003.2,2004.3,1969.8,1994.9,240.92455204
2023-04-20 00:00:00+00:00,1995.6,2011.5,1992.0,2003.9,197.44935673
2023-04-21 00:00:00+00:00,2003.6,2004.6,1974.2,1984.0,175.37947811
2023-04-22 00:00:00+00:00,1984.7,1984.7,1984.1,1984.4,1.220691
2023-04-23 00:00:00+00:00,1984.6,1986.5,1983.4,1985.8,18.36441615
2023-04-24 00:00:00+00:00,1986.0,1993.4,1976.5,1993.1,418.69726733
2023-04-25 00:00:00+00:00,1995.8,2004.0,1983.5,2000.4,67.80080137
2023-04-26 00:00:00+00:00,2000.5,2006.1,1986.7,1990.3,565.9876877
2023-04-27 00:00:00+00:00,1991.5,2006.4,1982.9,1988.1,365.37245733
2023-04-28 00:00:00+00:00,1989.7,1997.3,1983.0,1993.4,0.40083307
2023-04-29 00:00:00+00:00,1990.6,1993.2,1990.5,1993.2,0.100319
2023-04-30 00:00:00+00:00,1993.3,1993.6,1990.0,1992.9,1.91849879
2023-05-01 00:00:00+00:00,1984.8,2006.7,1979.5,1986.8,5.52119923
2023-05-02 00:00:00+00:00,1988.9,2019.3,1988.9,2015.7,28.2092791
2023-05-03 00:00:00+00:00,2015.6,2069.9,2010.3,2053.3,985.78620377
2023-05-04 00:00:00+00:00,2055.5,2057.2,2030.0,2047.5,32.13594263
2023-05-05 00:00:00+00:00,2045.4,2050.9,2000.1,2017.0,202.20446819
2023-05-06 00:00:00+00:00,2017.4,2018.1,2016.5,2018.0,20.91562109
2023-05-07 00:00:00+00:00,2018.0,2018.6,2015.2,2016.6,1.3824076600000001
2023-05-08 00:00:00+00:00,2018.1,2029.8,2017.1,2023.3,141.61739
2023-05-09 00:00:00+00:00,2021.0,2037.8,2021.0,2037.1,0.71771689
2023-05-10 00:00:00+00:00,2033.0,2048.7,2024.0,2033.0,86.24286936
2023-05-11 00:00:00+00:00,2034.2,2043.5,2015.2,2017.0,14.14409373
2023-05-12 00:00:00+00:00,2018.3,2024.0,2003.9,2012.1,18.21019378
2023-05-13 00:00:00+00:00,2011.9,2011.9,2011.2,2011.2,2.0563659
2023-05-14 00:00:00+00:00,2011.8,2012.8,2011.5,2012.8,4.22107106
2023-05-15 00:00:00+00:00,2014.5,2022.8,2014.5,2021.3,0.54633637
2023-05-16 00:00:00+00:00,2006.8,2014.9,1992.0,1995.0,1166.82620813
2023-05-17 00:00:00+00:00,1995.0,2000.0,1984.0,1985.0,2.74254488
2023-05-18 00:00:00+00:00,1990.9,1991.8,1955.1,1959.8,396.63379238
2023-05-19 00:00:00+00:00,1961.2,1983.7,1957.2,1978.6,24.57739447
2023-05-20 00:00:00+00:00,1978.3,1978.8,1978.0,1978.7,4.40776539
2023-05-21 00:00:00+00:00,1978.5,1978.6,1978.0,1978.6,3.20622535
2023-05-22 00:00:00+00:00,1978.7,1978.7,1971.6,1974.4,15.71877137
2023-05-23 00:00:00+00:00,1970.3,1978.5,1957.6,1978.5,98.84596126
2023-05-24 00:00:00+00:00,1980.3,1987.5,1959.2,1960.5,86.30221984
2023-05-25 00:00:00+00:00,1957.8,1965.9,1941.9,1943.4,31.74974699
2023-05-26 00:00:00+00:00,1940.0,1954.3,1940.0,1946.8,8.0530169
2023-05-27 00:00:00+00:00,1947.5,1947.5,1946.9,1947.3,7.614686
2023-05-28 00:00:00+00:00,1947.0,1949.2,1945.2,1945.7,93.10735427
2023-05-29 00:00:00+00:00,1947.5,1951.2,1945.2,1945.2,18.873658810000002
2023-05-30 00:00:00+00:00,1946.4,1964.7,1936.0,1961.2,8.56324557
2023-05-31 00:00:00+00:00,1960.1,1974.7,1958.8,1967.4,33.12343825
2023-06-01 00:00:00+00:00,1963.9,1984.0,1961.5,1979.5,16.07728236
2023-06-02 00:00:00+00:00,1976.8,1984.0,1963.7,1963.7,17.26929723
2023-06-03 00:00:00+00:00,1948.5,1949.3,1948.1,1949.1,6.22731687
2023-06-04 00:00:00+00:00,1948.4,1950.5,1947.9,1949.1,17.08738398
2023-06-05 00:00:00+00:00,1949.3,1963.6,1939.6,1959.5,1536.99799572
2023-06-06 00:00:00+00:00,1961.7,1984.9,1936.8,1961.9,76.03172141
2023-06-07 00:00:00+00:00,1963.6,1968.5,1941.6,1945.2,125.39177693
2023-06-08 00:00:00+00:00,1946.2,1975.6,1945.8,1967.6,14.36268222
2023-06-09 00:00:00+00:00,1962.9,1968.4,1958.6,1963.2,46.70428862
2023-06-10 00:00:00+00:00,1959.1,1961.8,1959.0,1959.0,7.52295693
2023-06-11 00:00:00+00:00,1962.2,1962.2,1958.6,1961.4,1.00606412
2023-06-12 00:00:00+00:00,1958.6,1967.4,1951.0,1961.5,697.2003699
2023-06-13 00:00:00+00:00,1960.8,1976.4,1942.6,1944.0,66.04217419
2023-06-14 00:00:00+00:00,1945.8,1963.5,1941.8,1946.8,63.93167277
2023-06-15 00:00:00+00:00,1944.1,1961.0,1929.6,1960.8,49.34330018
2023-06-16 00:00:00+00:00,1962.4,1967.8,1954.3,1960.6,4.8535027799999995
2023-06-17 00:00:00+00:00,1958.6,1958.9,1954.2,1958.6,1.35432511
2023-06-18 00:00:00+00:00,1958.8,1959.1,1953.2,1959.1,0.03511166
2023-06-19 00:00:00+00:00,1951.6,1958.3,1947.8,1952.8,4.07814275
2023-06-20 00:00:00+00:00,1952.0,1956.5,1930.9,1938.0,83.46324349
2023-06-21 00:00:00+00:00,1937.3,1940.0,1922.2,1938.6,309.28865373
2023-06-22 00:00:00+00:00,1934.1,1935.6,1914.6,1915.1,321.33285118
2023-06-23 00:00:00+00:00,1916.8,1957.0,1912.0,1921.8,116.88046076
2023-06-24 00:00:00+00:00,1923.7,1923.7,1922.0,1922.3,1.1541713900000001
2023-06-25 00:00:00+00:00,1922.6,1926.8,1922.6,1926.4,0.435718
2023-06-26 00:00:00+00:00,1927.6,1933.0,1923.7,1925.3,19.392342069999998
2023-06-27 00:00:00+00:00,1926.7,1930.8,1912.8,1916.7,37.48576997
2023-06-28 00:00:00+00:00,1918.2,1918.2,1905.3,1912.7,6.20854439
2023-06-29 00:00:00+00:00,1905.3,1912.8,1895.9,1909.5,12.40012568
2023-06-30 00:00:00+00:00,1911.2,1923.4,1903.9,1922.9,61.83901234
2023-07-01 00:00:00+00:00,1920.7,1921.3,1920.7,1921.3,31.66596163
2023-07-02 00:00:00+00:00,1920.8,1921.2,1920.0,1920.0,6.28271349
2023-07-03 00:00:00+00:00,1920.5,1931.7,1912.8,1923.1,28.08079911
2023-07-04 00:00:00+00:00,1925.0,1931.7,1925.0,1926.9,11.21661991
2023-07-05 00:00:00+00:00,1924.6,1936.0,1916.7,1917.8,6.6999632
2023-07-06 00:00:00+00:00,1920.1,1928.5,1905.3,1913.1,85.20557847
2023-07-07 00:00:00+00:00,1913.6,1935.0,1913.6,1929.1,16.03661302
2023-07-08 00:00:00+00:00,1928.6,1928.6,1926.8,1926.8,3.7283752
2023-07-09 00:00:00+00:00,1925.5,1929.0,1925.5,1925.8,2.7305131400000002
2023-07-10 00:00:00+00:00,1924.8,1936.1,1916.1,1926.6,67.83776101000001
2023-07-11 00:00:00+00:00,1928.1,1939.6,1928.1,1934.2,87.33507057
2023-07-12 00:00:00+00:00,1934.4,1960.0,1933.3,1959.4,112.16595784
2023-07-13 00:00:00+00:00,1958.2,1963.1,1954.1,1961.4,127.06069958
2023-07-14 00:00:00+00:00,1959.8,1964.0,1953.1,1956.4,118.90114985
2023-07-15 00:00:00+00:00,1956.5,1956.7,1954.1,1956.4,0.99421948
2023-07-16 00:00:00+00:00,1956.5,1956.6,1952.9,1953.8,6.39725929
2023-07-17 00:00:00+00:00,1953.7,1960.9,1948.4,1957.1,10.94256094
2023-07-18 00:00:00+00:00,1958.4,1984.0,1958.3,1979.8,964.32623002
2023-07-19 00:00:00+00:00,1976.1,1980.6,1970.7,1978.3,57.18742388
2023-07-20 00:00:00+00:00,1978.9,1992.0,1969.9,1971.9,291.39870469
2023-07-21 00:00:00+00:00,1973.0,1973.0,1963.0,1963.8,0.42878069
2023-07-22 00:00:00+00:00,1963.4,1963.4,1963.4,1963.4,0.007558
2023-07-23 00:00:00+00:00,1963.9,1964.0,1963.4,1963.4,5.55807642
2023-07-24 00:00:00+00:00,1963.0,1968.2,1955.9,1956.3,49.71674828
2023-07-25 00:00:00+00:00,1956.5,1967.7,1956.5,1967.7,32.51138691
2023-07-26 00:00:00+00:00,1969.8,1981.4,1967.7,1978.1,0.22918402000000002
2023-07-27 00:00:00+00:00,1977.0,1984.4,1946.6,1949.9,11.50697424
2023-07-28 00:00:00+00:00,1951.8,1965.9,1951.8,1961.1,0.48032498
2023-07-29 00:00:00+00:00,1961.4,1962.0,1959.3,1961.8,165.9509925
2023-07-30 00:00:00+00:00,1961.8,1963.2,1959.8,1961.7,106.24381313
2023-07-31 00:00:00+00:00,1959.7,1974.3,1954.6,1967.7,108.79552364
2023-08-01 00:00:00+00:00,1963.1,1965.5,1945.0,1954.0,65.82013512
2023-08-02 00:00:00+00:00,1952.8,1955.8,1936.0,1938.2,73.54620161
2023-08-03 00:00:00+00:00,1940.5,1940.6,1933.4,1938.2,6.1468188
2023-08-04 00:00:00+00:00,1939.6,1947.7,1928.8,1945.5,54.1309216
2023-08-05 00:00:00+00:00,1944.2,1945.4,1944.2,1944.9,2.21634297
2023-08-06 00:00:00+00:00,1944.8,1948.8,1943.6,1948.8,1.08888351
2023-08-07 00:00:00+00:00,1940.6,1944.5,1936.1,1940.1,1.53055126
2023-08-08 00:00:00+00:00,1933.8,1935.6,1926.0,1926.6,14.60010888
2023-08-09 00:00:00+00:00,1928.8,1933.3,1917.0,1918.6,4.81806282
2023-08-10 00:00:00+00:00,1918.3,1931.9,1913.2,1913.8,112.0255264
2023-08-11 00:00:00+00:00,1913.7,1922.1,1913.7,1915.0,9.09867332
2023-08-12 00:00:00+00:00,1916.0,1916.0,1916.0,1916.0,0.002
2023-08-13 00:00:00+00:00,1915.6,1915.6,1915.6,1915.6,0.002
2023-08-14 00:00:00+00:00,1913.9,1916.5,1906.3,1906.8,29.90782686
2023-08-15 00:00:00+00:00,1906.6,1911.5,1899.9,1902.8,2.91895856
2023-08-16 00:00:00+00:00,1907.4,1913.4,1894.0,1894.0,74.75808993
2023-08-17 00:00:00+00:00,1893.6,1902.4,1883.4,1890.2,1672.6800773100001
2023-08-18 00:00:00+00:00,1892.0,1897.5,1888.8,1888.8,196.92125791
2023-08-19 00:00:00+00:00,1891.2,1891.2,1890.0,1890.5,72.44226523
2023-08-20 00:00:00+00:00,1890.8,1891.3,1890.5,1890.6,14.22340592
2023-08-21 00:00:00+00:00,1889.9,1898.8,1887.2,1896.9,28.88417018
2023-08-22 00:00:00+00:00,1895.4,1901.7,1892.0,1900.3,33.56967103
2023-08-23 00:00:00+00:00,1901.7,1922.4,1900.1,1919.4,28.97140302
2023-08-24 00:00:00+00:00,1923.2,1924.0,1914.3,1918.0,2.09051163
2023-08-25 00:00:00+00:00,1916.4,1921.3,1907.1,1916.4,0.34176925
2023-08-26 00:00:00+00:00,1916.5,1916.9,1916.5,1916.6,0.29265887
2023-08-27 00:00:00+00:00,1916.4,1918.1,1916.4,1916.6,0.65302943
2023-08-28 00:00:00+00:00,1919.3,1927.7,1915.8,1922.6,198.71749644
2023-08-29 00:00:00+00:00,1926.2,1939.5,1917.6,1936.6,65.39003895
2023-08-30 00:00:00+00:00,1937.7,1949.4,1936.6,1943.5,229.03787054
2023-08-31 00:00:00+00:00,1947.5,1948.0,1940.7,1941.5,47.81332292
2023-09-01 00:00:00+00:00,1945.4,1953.4,1940.8,1940.8,21.72382213
2023-09-02 00:00:00+00:00,1940.6,1941.2,1940.4,1940.5,12.11704761
2023-09-03 00:00:00+00:00,1940.8,1942.5,1940.8,1941.2,33.80471891
2023-09-04 00:00:00+00:00,1943.4,1946.0,1936.2,1939.8,0.26526266
2023-09-05 00:00:00+00:00,1938.3,1938.3,1927.3,1927.3,35.115378989999996
2023-09-06 00:00:00+00:00,1926.4,1929.9,1918.2,1920.4,21.78812818
2023-09-07 00:00:00+00:00,1921.2,1924.2,1919.5,1921.7,4.84806185
2023-09-08 00:00:00+00:00,1922.6,1930.2,1918.8,1920.6,3.69118849
2023-09-09 00:00:00+00:00,1919.9,1920.5,1919.8,1920.4,1.08309846
2023-09-10 00:00:00+00:00,1920.4,1920.4,1920.0,1920.4,1.5436395200000002
2023-09-11 00:00:00+00:00,1921.3,1931.1,1921.3,1923.4,76.68702584
2023-09-12 00:00:00+00:00,1923.2,1924.4,1909.6,1914.6,45.01589545
2023-09-13 00:00:00+00:00,1911.5,1916.4,1910.1,1910.1,0.64082448
2023-09-14 00:00:00+00:00,1911.6,1913.7,1903.6,1910.9,13.51401403
2023-09-15 00:00:00+00:00,1916.4,1931.1,1916.4,1926.2,5.4282194200000005
2023-09-17 00:00:00+00:00,1925.6,1925.6,1925.6,1925.6,0.005
2023-09-18 00:00:00+00:00,1924.5,1934.9,1924.5,1934.8,40.52516404
2023-09-19 00:00:00+00:00,1934.5,1938.4,1932.1,1938.1,440.73772508
2023-09-20 00:00:00+00:00,1931.1,1947.9,1930.0,1932.3,68.26735035
2023-09-21 00:00:00+00:00,1929.0,1931.1,1916.4,1923.0,12.02053778
2023-09-22 00:00:00+00:00,1925.0,1930.7,1924.3,1928.8,1.54466204
2023-09-23 00:00:00+00:00,1927.3,1927.7,1927.3,1927.7,0.004498
2023-09-24 00:00:00+00:00,1927.4,1928.2,1927.4,1928.2,22.2772217
2023-09-25 00:00:00+00:00,1926.3,1929.5,1918.0,1918.0,2.6473230500000002
2023-09-26 00:00:00+00:00,1916.4,1916.4,1903.2,1904.0,1007.84029885
2023-09-27 00:00:00+00:00,1902.4,1905.6,1875.6,1880.2,19.52251611
2023-09-28 00:00:00+00:00,1879.6,1881.0,1860.9,1867.7,169.33399872
2023-09-29 00:00:00+00:00,1869.6,1880.8,1849.1,1850.8,124.25902679000001
2023-09-30 00:00:00+00:00,1851.8,1852.5,1849.6,1849.6,0.49161787999999995
2023-10-01 00:00:00+00:00,1849.8,1852.2,1848.0,1850.9,119.15910714
2023-10-02 00:00:00+00:00,1851.7,1851.7,1825.0,1829.1,73.1959651
2023-10-03 00:00:00+00:00,1825.1,1834.8,1820.0,1823.0,214.43249173
2023-10-04 00:00:00+00:00,1824.8,1829.6,1818.1,1824.0,25.09086844
2023-10-05 00:00:00+00:00,1827.7,1830.2,1816.2,1817.0,4.4152646
2023-10-06 00:00:00+00:00,1825.2,1836.0,1816.2,1829.6,29.99681524
2023-10-07 00:00:00+00:00,1832.1,1834.7,1832.1,1834.7,0.19641347
2023-10-08 00:00:00+00:00,1834.7,1860.0,1830.2,1849.0,47.80655857
2023-10-09 00:00:00+00:00,1853.7,1868.6,1849.0,1863.2,69.75982982
2023-10-10 00:00:00+00:00,1865.0,1866.5,1857.2,1861.2,6.2140154
2023-10-11 00:00:00+00:00,1862.0,1880.0,1862.0,1873.7,9.88152367
2023-10-12 00:00:00+00:00,1878.2,1887.4,1873.0,1873.0,33.31601879
2023-10-13 00:00:00+00:00,1877.9,1934.5,1877.9,1932.4,230.28866251
2023-10-14 00:00:00+00:00,1933.5,1933.5,1933.4,1933.4,5.181930299999999
2023-10-15 00:00:00+00:00,1933.8,1934.0,1922.5,1922.5,59.27285656
2023-10-16 00:00:00+00:00,1921.3,1924.3,1911.5,1920.8,129.49992676
2023-10-17 00:00:00+00:00,1918.7,1926.7,1913.0,1919.6,13.78673459
2023-10-18 00:00:00+00:00,1926.2,1962.2,1926.2,1952.0,98.5453074
2023-10-19 00:00:00+00:00,1951.2,1980.5,1946.7,1978.4,117.93123521
2023-10-20 00:00:00+00:00,1977.0,1996.8,1973.6,1980.0,44.66217197
2023-10-21 00:00:00+00:00,1981.1,1981.1,1981.1,1981.1,8.83629036
2023-10-22 00:00:00+00:00,1980.9,1981.5,1972.2,1972.2,20.29981893
2023-10-23 00:00:00+00:00,1971.1,1982.7,1966.0,1973.1,119.04170863
2023-10-24 00:00:00+00:00,1976.1,1980.1,1955.6,1971.5,24.14018514
2023-10-25 00:00:00+00:00,1975.8,1986.2,1966.0,1983.2,26.20230318
2023-10-26 00:00:00+00:00,1986.2,1991.3,1972.5,1983.2,12.48087078
2023-10-27 00:00:00+00:00,1986.6,2010.0,1978.3,2006.7,1005.31506443
2023-10-28 00:00:00+00:00,2007.3,2007.6,2007.0,2007.4,0.06965462
2023-10-29 00:00:00+00:00,2007.3,2007.5,1998.4,2003.3,33.76605239
2023-10-30 00:00:00+00:00,2006.7,2006.7,1992.0,1994.9,11.84658089
2023-10-31 00:00:00+00:00,1996.9,2006.7,1981.2,1983.6,86.88443812999999
2023-11-01 00:00:00+00:00,1982.1,1993.1,1971.1,1986.2,147.4128598
2023-11-02 00:00:00+00:00,1987.8,1991.3,1979.4,1986.8,118.78680965
2023-11-03 00:00:00+00:00,1987.0,2005.2,1987.0,1995.8,90.49141691
2023-11-04 00:00:00+00:00,1993.4,1994.4,1993.4,1993.4,8.40616704
2023-11-05 00:00:00+00:00,1994.0,1994.4,1992.4,1993.6,108.00484187
2023-11-06 00:00:00+00:00,1986.2,1990.1,1978.2,1978.2,0.34944708
2023-11-07 00:00:00+00:00,1976.1,1977.4,1960.0,1970.0,32.33682554
2023-11-08 00:00:00+00:00,1970.6,1970.6,1948.3,1952.5,16.44193315
2023-11-09 00:00:00+00:00,1949.1,1966.0,1946.0,1960.0,557.28159183
2023-11-10 00:00:00+00:00,1957.7,1957.8,1933.7,1938.7,415.24021783
2023-11-11 00:00:00+00:00,1938.5,1938.9,1937.6,1937.7,21.52649666
2023-11-12 00:00:00+00:00,1937.6,1941.0,1937.4,1939.0,6.68881031
2023-11-13 00:00:00+00:00,1940.9,1949.9,1936.1,1946.9,0.20912496
2023-11-14 00:00:00+00:00,1948.5,1969.8,1945.0,1964.2,42.041316869999996
2023-11-15 00:00:00+00:00,1962.2,1974.3,1956.0,1960.6,17.06154637
2023-11-16 00:00:00+00:00,1962.2,1987.4,1962.2,1984.9,0.72462056
2023-11-17 00:00:00+00:00,1986.9,1993.2,1978.9,1981.1,681.54860286
2023-11-18 00:00:00+00:00,1981.8,1984.8,1981.3,1981.3,0.006
2023-11-19 00:00:00+00:00,1981.6,1983.8,1976.1,1976.1,0.0146
2023-11-20 00:00:00+00:00,1977.9,1984.8,1966.0,1979.8,0.09714041
2023-11-21 00:00:00+00:00,1981.2,2007.3,1981.2,2005.3,7.20553911
2023-11-22 00:00:00+00:00,1999.0,2006.6,1989.7,1991.6,16.83776381
2023-11-23 00:00:00+00:00,1990.9,1998.3,1990.9,1993.8,0.6832321
2023-11-24 00:00:00+00:00,1995.4,2002.6,1995.2,2001.4,21.16234034
2023-11-25 00:00:00+00:00,2001.6,2001.7,2001.6,2001.7,0.022784
2023-11-26 00:00:00+00:00,2001.8,2002.3,2001.8,2001.9,0.97379049
2023-11-27 00:00:00+00:00,2003.4,2017.0,2003.4,2015.4,202.51126962
2023-11-28 00:00:00+00:00,2017.0,2044.0,2016.9,2044.0,4.32438507
2023-11-29 00:00:00+00:00,2044.0,2050.8,2036.6,2043.9,204.86455471
2023-11-30 00:00:00+00:00,2045.4,2047.3,2032.5,2036.5,4.12430367
2023-12-01 00:00:00+00:00,2042.9,2074.4,2034.0,2074.4,15.160419410000001
2023-12-02 00:00:00+00:00,2070.9,2071.9,2070.1,2071.6,61.49778824
2023-12-03 00:00:00+00:00,2069.4,2140.0,2069.4,2117.4,55.5489182
2023-12-04 00:00:00+00:00,2112.4,2112.4,2020.0,2032.0,22.99724053
2023-12-05 00:00:00+00:00,2032.5,2040.0,2011.8,2019.9,39.63846833
2023-12-06 00:00:00+00:00,2022.1,2034.4,2022.1,2028.5,5.90874701
2023-12-07 00:00:00+00:00,2030.0,2040.4,2022.1,2032.3,3.0492172
2023-12-08 00:00:00+00:00,2028.0,2034.4,1996.4,2003.7,10.931593209999999
2023-12-09 00:00:00+00:00,2004.5,2005.8,2003.8,2005.8,0.86950257
2023-12-10 00:00:00+00:00,2005.8,2016.5,2005.5,2008.1,7.68108114
2023-12-11 00:00:00+00:00,2009.1,2011.4,1980.0,1986.0,211.96783233
2023-12-12 00:00:00+00:00,1986.2,1993.8,1981.1,1984.1,6.64876599
2023-12-13 00:00:00+00:00,1982.5,2032.5,1976.1,2032.5,90.81664825
2023-12-14 00:00:00+00:00,2034.7,2048.2,2023.9,2038.7,878.80986191
2023-12-15 00:00:00+00:00,2037.7,2044.6,2020.2,2020.5,17.30974641
2023-12-16 00:00:00+00:00,2021.2,2022.3,2021.2,2022.1,0.61727445
2023-12-17 00:00:00+00:00,2022.9,2023.2,2020.7,2020.7,13.34849904
2023-12-18 00:00:00+00:00,2022.6,2035.1,2022.1,2029.6,3.66357696
2023-12-19 00:00:00+00:00,2028.5,2048.2,2025.5,2042.9,1.60134702
2023-12-20 00:00:00+00:00,2042.4,2045.2,2032.1,2034.4,39.40468519
2023-12-21 00:00:00+00:00,2036.1,2055.6,2034.9,2055.6,32.51831654
2023-12-22 00:00:00+00:00,2052.6,2071.3,2048.2,2054.1,183.19358963
2023-12-23 00:00:00+00:00,2054.5,2054.6,2053.4,2054.6,3.28902646
2023-12-24 00:00:00+00:00,2057.0,2058.6,2050.6,2054.4,44.30137812
2023-12-25 00:00:00+00:00,2054.5,2058.7,2054.5,2058.6,10.369189129999999
2023-12-26 00:00:00+00:00,2060.1,2070.9,2058.3,2069.2,102.11865966
2023-12-27 00:00:00+00:00,2067.0,2084.7,2067.0,2080.1,9.69311294
2023-12-28 00:00:00+00:00,2081.7,2088.0,2069.2,2070.6,143.56253554
2023-12-29 00:00:00+00:00,2067.9,2076.1,2062.5,2064.1,159.14829926
2023-12-30 00:00:00+00:00,2064.8,2066.1,2062.2,2063.4,469.20569402
2023-12-31 00:00:00+00:00,2064.2,2065.1,2063.8,2065.1,5.45008427
2024-01-01 00:00:00+00:00,2062.4,2067.7,2062.2,2067.7,1.83676274
2024-01-02 00:00:00+00:00,2062.1,2076.7,2055.4,2059.7,4.721418079999999
2024-01-03 00:00:00+00:00,2061.0,2067.1,2032.5,2042.9,77.87452573
2024-01-04 00:00:00+00:00,2044.7,2049.6,2037.7,2044.1,420.29616376
2024-01-05 00:00:00+00:00,2043.3,2058.7,2026.8,2045.1,39.51989671
2024-01-06 00:00:00+00:00,2045.0,2045.6,2045.0,2045.1,0.22722591
2024-01-07 00:00:00+00:00,2046.3,2046.4,2043.6,2043.6,0.8708700300000001
2024-01-08 00:00:00+00:00,2045.0,2046.5,2019.8,2030.2,115.37958046
2024-01-09 00:00:00+00:00,2032.5,2041.7,2023.7,2029.4,19.75641206
2024-01-10 00:00:00+00:00,2030.5,2038.6,2019.8,2024.7,159.67802646
2024-01-11 00:00:00+00:00,2026.2,2034.1,2013.0,2032.5,153.22442392
2024-01-12 00:00:00+00:00,2032.5,2061.2,2032.5,2044.7,27.648934999999998
2024-01-13 00:00:00+00:00,2042.9,2049.7,2006.7,2049.4,2.53528455
2024-01-14 00:00:00+00:00,2050.3,2050.3,2048.3,2048.9,89.98609193
2024-01-15 00:00:00+00:00,2050.4,2059.7,2050.4,2056.0,0.50512
2024-01-16 00:00:00+00:00,2048.2,2049.9,2026.1,2028.1,2.97084011
2024-01-17 00:00:00+00:00,2029.8,2032.5,2006.7,2010.7,6.83762486
2024-01-18 00:00:00+00:00,2009.0,2023.8,2009.0,2023.8,6.56986372
2024-01-19 00:00:00+00:00,2024.0,2037.7,2024.0,2031.6,0.06554047
2024-01-20 00:00:00+00:00,2032.5,2032.7,2030.9,2031.4,1.2713562299999999
2024-01-21 00:00:00+00:00,2031.6,2033.7,2028.9,2030.0,8.86158964
2024-01-22 00:00:00+00:00,2033.9,2033.9,2018.1,2021.0,11.02445065
2024-01-23 00:00:00+00:00,2022.2,2037.7,2022.2,2031.2,48.63477922
2024-01-24 00:00:00+00:00,2031.5,2037.7,2015.5,2018.8,19.83653311
2024-01-25 00:00:00+00:00,2016.5,2025.6,2014.5,2025.2,9.57352065
2024-01-26 00:00:00+00:00,2020.5,2027.3,2017.0,2018.7,10.13636982
2024-01-27 00:00:00+00:00,2018.9,2019.0,2018.4,2019.0,3.30650414
2024-01-28 00:00:00+00:00,2018.3,2027.3,2016.2,2025.5,14.90603892
2024-01-29 00:00:00+00:00,2022.4,2036.6,2022.1,2031.6,45.2674338
2024-01-30 00:00:00+00:00,2033.2,2048.0,2029.6,2036.1,54.79613996
2024-01-31 00:00:00+00:00,2037.7,2057.0,2032.4,2040.9,218.27576724
2024-02-01 00:00:00+00:00,2042.8,2063.9,2032.5,2054.8,19.33393483
2024-02-02 00:00:00+00:00,2053.4,2057.8,2032.5,2039.3,6.67177724
2024-02-03 00:00:00+00:00,2040.8,2040.8,2040.0,2040.5,0.44146061
2024-02-04 00:00:00+00:00,2040.7,2042.4,2040.1,2042.4,10.46423504
2024-02-05 00:00:00+00:00,2036.0,2036.0,2017.0,2027.9,17.087258249999998
2024-02-06 00:00:00+00:00,2029.6,2038.3,2025.7,2035.9,2.92654418
2024-02-07 00:00:00+00:00,2035.1,2045.3,2032.5,2037.9,18.05398545
2024-02-08 00:00:00+00:00,2036.6,2038.0,2022.1,2034.3,55.06741804
2024-02-09 00:00:00+00:00,2032.5,2037.5,2022.1,2024.8,42.47655947
2024-02-10 00:00:00+00:00,2024.5,2025.4,2024.2,2025.4,0.34335739
2024-02-11 00:00:00+00:00,2025.0,2027.3,2023.6,2027.3,17.11364591
2024-02-12 00:00:00+00:00,2024.6,2028.6,2011.4,2019.0,37.89267762
2024-02-13 00:00:00+00:00,2019.0,2030.7,1991.8,1992.8,120.8027057
2024-02-14 00:00:00+00:00,1993.5,1995.0,1985.0,1992.5,25.48299961
2024-02-15 00:00:00+00:00,1992.3,2005.8,1987.5,2001.3,90.54861071
2024-02-16 00:00:00+00:00,2000.8,2012.8,1996.4,2010.1,7.7012851
2024-02-17 00:00:00+00:00,2012.6,2013.1,2011.7,2012.7,6.786800540000001
2024-02-18 00:00:00+00:00,2012.2,2013.8,2008.7,2010.9,2.51007371
2024-02-19 00:00:00+00:00,2017.0,2019.2,2014.4,2016.4,5.35579903
2024-02-20 00:00:00+00:00,2015.9,2027.3,2015.9,2018.8,3.9520872299999996
2024-02-21 00:00:00+00:00,2027.0,2029.1,2019.6,2023.0,5.5317885
2024-02-22 00:00:00+00:00,2027.3,2032.5,2020.8,2023.6,3.75780985
2024-02-23 00:00:00+00:00,2027.3,2041.2,2017.0,2041.2,42.25093402
2024-02-24 00:00:00+00:00,2032.5,2042.5,1997.0,2036.1,16.55451714
2024-02-25 00:00:00+00:00,2035.7,2036.1,2033.0,2033.0,2.3430869000000003
2024-02-26 00:00:00+00:00,2027.3,2027.7,2020.3,2025.0,111.83932291
2024-02-27 00:00:00+00:00,2030.0,2033.8,2023.5,2023.9,48.93600492
2024-02-28 00:00:00+00:00,2026.7,2035.2,2019.6,2032.2,63.70942037
2024-02-29 00:00:00+00:00,2032.5,2045.6,2025.4,2042.6,134.71456932
2024-03-01 00:00:00+00:00,2042.9,2085.2,2037.8,2078.5,180.50921494
2024-03-02 00:00:00+00:00,2076.5,2081.0,2076.5,2077.6,4.78298852
2024-03-03 00:00:00+00:00,2081.0,2085.1,2080.9,2084.7,19.02230461
2024-03-04 00:00:00+00:00,2078.2,2115.0,2075.9,2110.1,289.94904066
2024-03-05 00:00:00+00:00,2109.4,2130.5,2100.4,2124.8,199.45286588
2024-03-06 00:00:00+00:00,2123.5,2144.7,2119.8,2144.7,135.52260071
2024-03-07 00:00:00+00:00,2144.7,2154.9,2141.6,2151.7,65.25802312
2024-03-08 00:00:00+00:00,2151.8,2180.7,2139.3,2171.2,319.91616073
2024-03-09 00:00:00+00:00,2171.2,2172.6,2162.6,2171.5,0.64087137
2024-03-10 00:00:00+00:00,2165.4,2177.7,2163.4,2177.7,2.43103533
2024-03-11 00:00:00+00:00,2177.7,2182.0,2165.0,2177.0,100.79343702
2024-03-12 00:00:00+00:00,2177.8,2177.8,2144.6,2154.9,1509.931041
2024-03-13 00:00:00+00:00,2155.2,2176.9,2154.4,2174.3,110.73956992
2024-03-14 00:00:00+00:00,2173.0,2173.0,2153.7,2160.7,62.58857198
2024-03-15 00:00:00+00:00,2164.0,2172.3,2156.8,2156.8,28.87785149
2024-03-16 00:00:00+00:00,2156.6,2172.3,2127.3,2157.4,1152.34379955
2024-03-17 00:00:00+00:00,2156.7,2159.7,2156.3,2158.1,16.41603021
2024-03-18 00:00:00+00:00,2160.0,2163.8,2147.8,2161.5,6.22379372
2024-03-19 00:00:00+00:00,2162.8,2163.2,2152.4,2161.8,267.55541793
2024-03-20 00:00:00+00:00,2160.1,2217.2,2155.1,2207.3,195.1193901
2024-03-21 00:00:00+00:00,2194.6,2213.8,2171.0,2183.6,1.0987612
2024-03-22 00:00:00+00:00,2186.4,2188.0,2161.2,2165.3,46.44134537
2024-03-23 00:00:00+00:00,2166.8,2166.8,2165.4,2165.7,1.6428977
2024-03-24 00:00:00+00:00,2166.0,2169.9,2166.0,2169.9,1.150135
2024-03-25 00:00:00+00:00,2171.4,2181.1,2166.7,2171.2,0.71262855
2024-03-26 00:00:00+00:00,2172.7,2197.2,2166.7,2178.9,5.844026899999999
2024-03-27 00:00:00+00:00,2180.4,2196.5,2180.4,2196.5,82.82885396
2024-03-28 00:00:00+00:00,2190.5,2234.2,2190.5,2234.2,15.864518669999999
2024-03-29 00:00:00+00:00,2232.9,2233.6,2229.8,2230.9,140.99369108
2024-03-30 00:00:00+00:00,2232.9,2233.0,2232.9,2233.0,0.225914
2024-03-31 00:00:00+00:00,2232.1,2245.7,2232.1,2245.7,4.85267717
2024-04-01 00:00:00+00:00,2248.0,2265.8,2232.1,2253.7,17.02897168
2024-04-02 00:00:00+00:00,2248.6,2286.3,2243.0,2280.4,108.14947214
2024-04-03 00:00:00+00:00,2282.0,2301.4,2267.8,2301.4,184.6009905
2024-04-04 00:00:00+00:00,2299.3,2303.0,2278.8,2289.6,16.11814799
2024-04-05 00:00:00+00:00,2280.4,2330.0,2268.8,2329.4,57.75267115
2024-04-06 00:00:00+00:00,2329.9,2330.1,2328.9,2330.0,0.91866669
2024-04-07 00:00:00+00:00,2328.8,2329.7,2309.8,2314.2,0.43618830000000003
2024-04-08 00:00:00+00:00,2308.3,2350.0,2303.9,2341.4,828.18565943
2024-04-09 00:00:00+00:00,2343.2,2366.1,2339.5,2355.1,161.42583835
2024-04-10 00:00:00+00:00,2355.8,2362.8,2325.2,2339.5,65.31510097
2024-04-11 00:00:00+00:00,2341.7,2379.1,2332.7,2378.8,17.97404799
2024-04-12 00:00:00+00:00,2380.4,2433.2,2325.3,2343.2,269.08202035
2024-04-13 00:00:00+00:00,2342.1,2375.7,2327.6,2356.0,1763.88763921
2024-04-14 00:00:00+00:00,2355.5,2504.8,2349.5,2406.3,127.61976523
2024-04-15 00:00:00+00:00,2394.0,2480.0,2326.6,2387.3,1150.81398146
2024-04-16 00:00:00+00:00,2382.8,2397.1,2367.7,2384.9,14.81854081
2024-04-17 00:00:00+00:00,2382.6,2395.5,2345.5,2371.5,108.80543786
2024-04-18 00:00:00+00:00,2373.3,2390.9,2368.0,2381.2,97.05741525
2024-04-19 00:00:00+00:00,2375.7,2412.4,2375.0,2393.1,28.0163746
2024-04-20 00:00:00+00:00,2393.9,2395.0,2393.8,2393.8,1.63752162
2024-04-21 00:00:00+00:00,2394.0,2394.4,2387.9,2391.4,3.23398546
2024-04-22 00:00:00+00:00,2381.8,2381.8,2327.6,2336.2,54.43433152
2024-04-23 00:00:00+00:00,2333.7,2336.1,2298.0,2326.2,24.6484342
2024-04-24 00:00:00+00:00,2321.6,2339.3,2315.7,2319.3,8.92055426
2024-04-25 00:00:00+00:00,2320.6,2345.5,2309.8,2333.9,1.54371394
2024-04-26 00:00:00+00:00,2335.3,2355.1,2332.0,2349.4,406.63887242
2024-04-27 00:00:00+00:00,2345.0,2358.1,2343.0,2346.0,130.06396955
2024-04-28 00:00:00+00:00,2355.8,2355.8,2342.0,2350.1,90.68709348
2024-04-29 00:00:00+00:00,2342.0,2356.8,2333.5,2343.0,95.86721447000001
2024-04-30 00:00:00+00:00,2343.0,2343.9,2292.0,2298.0,132.77900533
2024-05-01 00:00:00+00:00,2298.7,2329.8,2251.2,2327.5,21.38964418
2024-05-02 00:00:00+00:00,2329.0,2331.2,2290.8,2306.2,47.34880741
2024-05-03 00:00:00+00:00,2304.4,2321.6,2284.3,2305.9,44.23124271
2024-05-04 00:00:00+00:00,2304.4,2306.6,2298.9,2304.5,2.70120448
2024-05-05 00:00:00+00:00,2304.9,2308.1,2299.2,2299.8,3.8529354700000003
2024-05-06 00:00:00+00:00,2298.3,2334.8,2298.0,2327.8,46.55928189
2024-05-07 00:00:00+00:00,2330.5,2332.6,2315.7,2319.3,31.21272642
2024-05-08 00:00:00+00:00,2317.5,2324.4,2309.8,2312.6,15.88105654
2024-05-09 00:00:00+00:00,2317.1,2352.1,2312.3,2349.8,4.46311328
2024-05-10 00:00:00+00:00,2357.5,2379.8,2351.5,2363.2,1036.37606346
2024-05-11 00:00:00+00:00,2361.7,2364.4,2361.7,2364.4,0.13434906
2024-05-12 00:00:00+00:00,2364.0,2366.6,2363.9,2365.0,0.57007245
2024-05-13 00:00:00+00:00,2361.9,2366.3,2337.1,2341.2,35.03736699
2024-05-14 00:00:00+00:00,2339.3,2361.2,2337.6,2358.1,42.82101797
2024-05-15 00:00:00+00:00,2360.3,2393.3,2356.2,2393.0,17.72692644
2024-05-16 00:00:00+00:00,2394.0,2399.5,2375.5,2382.6,36.47900869
2024-05-17 00:00:00+00:00,2379.2,2424.6,2379.2,2424.6,5.09054848
2024-05-18 00:00:00+00:00,2418.1,2418.1,2415.1,2416.7,7.61445803
2024-05-19 00:00:00+00:00,2416.4,2424.7,2416.1,2422.6,9.17441848
2024-05-20 00:00:00+00:00,2425.1,2451.8,2414.1,2429.8,9.61033782
2024-05-21 00:00:00+00:00,2431.4,2434.8,2410.5,2422.1,23.06564937
2024-05-22 00:00:00+00:00,2423.8,2426.6,2378.6,2384.0,37.43497791
2024-05-23 00:00:00+00:00,2376.0,2377.2,2321.8,2335.7,68.78847324
2024-05-24 00:00:00+00:00,2337.7,2348.5,2335.6,2336.0,40.41319565
2024-05-25 00:00:00+00:00,2335.5,2337.2,2335.3,2336.1,4.3156257
2024-05-26 00:00:00+00:00,2336.3,2341.8,2335.3,2339.5,12.31165115
2024-05-27 00:00:00+00:00,2339.4,2359.7,2338.6,2354.6,1.62866461
2024-05-28 00:00:00+00:00,2356.1,2365.6,2345.2,2362.8,13.65101173
2024-05-29 00:00:00+00:00,2365.0,2365.0,2340.0,2343.3,4.96559731
2024-05-30 00:00:00+00:00,2340.9,2352.2,2330.0,2347.5,26.48955735
2024-05-31 00:00:00+00:00,2345.4,2357.6,2324.3,2329.7,37.33866638
2024-06-01 00:00:00+00:00,2329.1,2329.7,2328.9,2329.6,18.76240985
2024-06-02 00:00:00+00:00,2329.0,2331.1,2328.4,2330.8,2.61713793
2024-06-03 00:00:00+00:00,2327.0,2354.8,2321.5,2352.7,4.22261837
2024-06-04 00:00:00+00:00,2353.9,2353.9,2318.9,2329.3,0.68799276
2024-06-05 00:00:00+00:00,2331.8,2358.1,2331.8,2356.7,187.42208133
2024-06-06 00:00:00+00:00,2356.5,2379.6,2356.5,2379.6,1.62014383
2024-06-07 00:00:00+00:00,2381.6,2388.6,2291.7,2295.5,8.37930735
2024-06-08 00:00:00+00:00,2296.1,2298.5,2294.6,2294.6,517.05424014
2024-06-09 00:00:00+00:00,2296.8,2306.1,2294.3,2306.1,40.22020067
2024-06-10 00:00:00+00:00,2304.8,2314.8,2291.8,2311.6,2.62699109
2024-06-11 00:00:00+00:00,2310.6,2321.8,2300.6,2314.2,1.851339
2024-06-12 00:00:00+00:00,2314.1,2342.0,2304.4,2321.6,2.30368446
2024-06-13 00:00:00+00:00,2319.6,2319.6,2298.0,2303.5,17.17109495
2024-06-14 00:00:00+00:00,2306.1,2338.3,2304.5,2332.8,80.71464625
2024-06-15 00:00:00+00:00,2333.5,2334.2,2332.0,2333.1,707.85452628
2024-06-16 00:00:00+00:00,2333.6,2334.3,2329.2,2329.2,81.20600754
2024-06-17 00:00:00+00:00,2327.6,2328.9,2312.0,2321.6,29.56196399
2024-06-18 00:00:00+00:00,2323.6,2336.1,2310.2,2333.0,808.75863957
2024-06-19 00:00:00+00:00,2333.0,2340.0,2331.0,2332.3,326.11903681
2024-06-20 00:00:00+00:00,2339.4,2368.2,2333.4,2363.9,51.22879622
2024-06-21 00:00:00+00:00,2367.3,2372.7,2330.9,2331.1,1240.2267641400001
2024-06-22 00:00:00+00:00,2331.0,2338.4,2331.0,2331.0,3.5768572400000003
2024-06-23 00:00:00+00:00,2331.0,2336.8,2325.4,2325.4,2015.4535220100001
2024-06-24 00:00:00+00:00,2326.7,2351.0,2307.8,2335.5,4.2125927800000005
2024-06-25 00:00:00+00:00,2333.5,2342.4,2321.8,2322.9,2.89513535
2024-06-26 00:00:00+00:00,2323.6,2337.6,2300.1,2303.8,56.88950266
2024-06-27 00:00:00+00:00,2306.9,2340.1,2305.4,2334.7,3.06909003
2024-06-28 00:00:00+00:00,2332.4,2344.1,2326.2,2334.2,2.50414514
2024-06-29 00:00:00+00:00,2334.3,2339.6,2331.7,2333.7,1.1293940999999998
2024-06-30 00:00:00+00:00,2340.1,2340.1,2331.7,2331.7,0.09013551
2024-07-01 00:00:00+00:00,2330.0,2345.9,2325.1,2337.4,1.14470976
2024-07-02 00:00:00+00:00,2342.0,2342.5,2327.8,2330.8,2.45484062
2024-07-03 00:00:00+00:00,2341.9,2372.7,2334.1,2365.4,2.32565263
2024-07-04 00:00:00+00:00,2363.5,2367.1,2358.9,2359.6,2.06699845
2024-07-05 00:00:00+00:00,2363.4,2393.3,2352.2,2392.1,279.38316818
2024-07-06 00:00:00+00:00,2395.7,2396.5,2394.0,2394.0,0.10646844
2024-07-07 00:00:00+00:00,2394.6,2396.8,2390.6,2390.6,0.09942140000000001
2024-07-08 00:00:00+00:00,2388.3,2388.3,2354.7,2366.1,0.36547624
2024-07-09 00:00:00+00:00,2366.9,2373.3,2355.3,2369.9,19.94240279
2024-07-10 00:00:00+00:00,2372.7,2383.0,2372.7,2377.9,2.93713961
2024-07-11 00:00:00+00:00,2381.2,2426.4,2373.0,2417.1,11.76525286
2024-07-12 00:00:00+00:00,2416.5,2418.6,2397.2,2415.3,4.86379681
2024-07-13 00:00:00+00:00,2416.0,2416.3,2415.7,2416.1,6.27583413
2024-07-14 00:00:00+00:00,2415.8,2417.0,2411.0,2411.4,106.9949084
2024-07-15 00:00:00+00:00,2410.1,2444.4,2405.7,2425.3,121.91317725
2024-07-16 00:00:00+00:00,2423.6,2473.1,2423.6,2470.0,10.14738776
2024-07-17 00:00:00+00:00,2474.4,2485.0,2456.4,2461.9,0.54689804
2024-07-18 00:00:00+00:00,2464.3,2474.4,2444.4,2448.2,3.8384989899999997
2024-07-19 00:00:00+00:00,2444.4,2444.4,2398.5,2402.5,68.34845449
2024-07-20 00:00:00+00:00,2402.5,2405.6,2402.2,2402.6,54.91945166
2024-07-21 00:00:00+00:00,2402.6,2414.2,2402.6,2414.2,19.45802081
2024-07-22 00:00:00+00:00,2408.9,2414.6,2388.8,2401.6,34.14031955
2024-07-23 00:00:00+00:00,2403.9,2418.0,2395.2,2414.6,47.11531223
2024-07-24 00:00:00+00:00,2414.8,2437.1,2398.5,2405.0,40.40891948
2024-07-25 00:00:00+00:00,2395.2,2405.0,2357.6,2368.4,2.4614865
2024-07-26 00:00:00+00:00,2369.4,2395.2,2369.4,2390.9,6.488018
2024-07-27 00:00:00+00:00,2390.8,2394.7,2387.9,2391.6,90.97835684
2024-07-28 00:00:00+00:00,2390.9,2406.4,2390.6,2401.9,12.424655099999999
2024-07-29 00:00:00+00:00,2402.3,2409.9,2375.4,2386.9,300.56301367
2024-07-30 00:00:00+00:00,2384.9,2415.0,2382.3,2413.6,27.18364478
2024-07-31 00:00:00+00:00,2413.5,2454.3,2408.3,2451.2,14.038404419999999
2024-08-01 00:00:00+00:00,2451.0,2464.3,2437.8,2451.0,16.52376339
2024-08-02 00:00:00+00:00,2454.3,2481.0,2418.1,2447.2,43.12177089
2024-08-03 00:00:00+00:00,2446.1,2450.7,2446.1,2448.0,66.30414598
2024-08-04 00:00:00+00:00,2447.2,2448.2,2447.2,2447.9,40.03713171
2024-08-05 00:00:00+00:00,2441.1,2461.0,2371.7,2411.5,329.91319967
2024-08-06 00:00:00+00:00,2413.7,2423.8,2388.8,2391.2,41.463224939999996
2024-08-07 00:00:00+00:00,2388.8,2410.0,2385.2,2389.1,42.06106197
2024-08-08 00:00:00+00:00,2387.9,2431.1,2387.9,2426.9,113.86611997
2024-08-09 00:00:00+00:00,2427.3,2437.8,2421.3,2433.4,100.75224147
2024-08-10 00:00:00+00:00,2433.4,2434.7,2432.9,2434.0,9.96287475
2024-08-11 00:00:00+00:00,2434.0,2436.2,2432.6,2436.2,2.95871665
2024-08-12 00:00:00+00:00,2438.2,2479.7,2438.2,2479.7,24.13897456
2024-08-13 00:00:00+00:00,2471.0,2477.7,2464.3,2465.7,62.469173590000004
2024-08-14 00:00:00+00:00,2466.7,2479.2,2443.1,2450.0,174.41962943000001
2024-08-15 00:00:00+00:00,2454.3,2471.0,2441.1,2459.5,63.38235597
2024-08-16 00:00:00+00:00,2460.1,2512.4,2454.0,2512.4,21.30806382
2024-08-17 00:00:00+00:00,2512.0,2512.6,2511.7,2512.6,0.08666895
2024-08-18 00:00:00+00:00,2512.9,2512.9,2509.7,2510.5,3.20080553
2024-08-19 00:00:00+00:00,2510.0,2510.3,2493.0,2508.9,16.055478
2024-08-20 00:00:00+00:00,2510.0,2535.4,2501.3,2522.6,278.94062623
2024-08-21 00:00:00+00:00,2523.7,2526.5,2504.7,2517.1,83.56104377
2024-08-22 00:00:00+00:00,2517.6,2519.2,2481.1,2491.2,12.11759387
2024-08-23 00:00:00+00:00,2491.2,2537.0,2491.2,2517.2,87.41447353
2024-08-24 00:00:00+00:00,2517.0,2521.2,2515.8,2515.8,4.71141915
2024-08-25 00:00:00+00:00,2520.3,2526.5,2515.1,2518.4,109.14887031
2024-08-26 00:00:00+00:00,2514.9,2530.1,2514.8,2523.8,29.87548637
2024-08-27 00:00:00+00:00,2518.3,2532.0,2506.0,2529.0,15.40764282
2024-08-28 00:00:00+00:00,2526.1,2526.1,2498.9,2512.1,253.7136188
2024-08-29 00:00:00+00:00,2514.0,2532.0,2511.5,2526.3,68.81469902
2024-08-30 00:00:00+00:00,2525.1,2525.1,2502.1,2509.5,160.71417787000001
2024-08-31 00:00:00+00:00,2510.9,2510.9,2506.9,2510.2,1.82935224
2024-09-01 00:00:00+00:00,2510.4,2511.5,2507.9,2509.9,71.73836138
2024-09-02 00:00:00+00:00,2507.6,2511.5,2497.9,2504.5,4.51617883
2024-09-03 00:00:00+00:00,2503.0,2511.6,2481.1,2500.4,17.80681015
2024-09-04 00:00:00+00:00,2501.0,2504.7,2481.1,2500.8,55.59547537
2024-09-05 00:00:00+00:00,2501.5,2529.5,2501.3,2521.7,101.93911375
2024-09-06 00:00:00+00:00,2523.6,2532.0,2491.8,2504.6,152.34849018
2024-09-07 00:00:00+00:00,2505.8,2512.3,2503.2,2504.4,221.0941704
2024-09-08 00:00:00+00:00,2502.9,2508.2,2501.3,2502.4,53.650241199999996
2024-09-09 00:00:00+00:00,2503.5,2535.4,2491.8,2510.0,91.15027262
2024-09-10 00:00:00+00:00,2508.6,2521.7,2503.6,2521.7,4.29371091
2024-09-11 00:00:00+00:00,2525.1,2530.0,2508.1,2516.7,68.08787961
2024-09-12 00:00:00+00:00,2516.5,2568.4,2515.1,2564.4,70.18084024
2024-09-13 00:00:00+00:00,2569.9,2588.2,2569.9,2581.8,20.96028882
2024-09-14 00:00:00+00:00,2581.7,2584.9,2579.7,2584.1,29.97787507
2024-09-15 00:00:00+00:00,2583.4,2588.2,2582.5,2586.1,48.44452964
2024-09-16 00:00:00+00:00,2585.8,2595.0,2583.9,2588.1,23.75311944
2024-09-17 00:00:00+00:00,2588.6,2591.1,2564.3,2577.5,34.74920059
2024-09-18 00:00:00+00:00,2580.0,2601.4,2553.3,2564.6,24.22112122
2024-09-19 00:00:00+00:00,2564.6,2597.9,2561.4,2590.8,23.113227
2024-09-20 00:00:00+00:00,2590.8,2627.1,2577.0,2622.1,100.12973948
2024-09-21 00:00:00+00:00,2622.6,2624.7,2616.1,2623.9,33.8047765
2024-09-22 00:00:00+00:00,2622.2,2626.3,2618.2,2625.5,34.81014352
2024-09-23 00:00:00+00:00,2629.8,2637.1,2619.1,2633.4,8.49700663
2024-09-24 00:00:00+00:00,2629.8,2669.3,2623.2,2662.0,41.82307042
2024-09-25 00:00:00+00:00,2660.9,2672.8,2653.9,2661.6,65.15223566
2024-09-26 00:00:00+00:00,2658.7,2687.4,2658.7,2675.8,42.34575976
2024-09-27 00:00:00+00:00,2675.7,2676.7,2651.1,2663.8,16.09029632
2024-09-28 00:00:00+00:00,2663.5,2664.9,2663.4,2664.5,3.1873708
2024-09-29 00:00:00+00:00,2663.6,2669.2,2663.0,2669.2,3.06468659
2024-09-30 00:00:00+00:00,2662.0,2665.6,2633.3,2640.5,8.72271357
2024-10-01 00:00:00+00:00,2641.8,2679.1,2641.5,2669.9,202.86951027
2024-10-02 00:00:00+00:00,2665.2,2667.4,2647.6,2666.6,43.5244312
2024-10-03 00:00:00+00:00,2666.5,2668.5,2647.1,2661.0,30.68818926
2024-10-04 00:00:00+00:00,2667.7,2672.8,2639.5,2658.6,28.21216281
2024-10-05 00:00:00+00:00,2658.7,2658.7,2655.2,2655.4,3.3951436
2024-10-06 00:00:00+00:00,2655.8,2656.3,2655.2,2656.3,0.27498986000000003
2024-10-07 00:00:00+00:00,2651.2,2663.6,2643.1,2646.3,18.04344224
2024-10-08 00:00:00+00:00,2641.3,2654.8,2610.0,2626.0,8.17026798
2024-10-09 00:00:00+00:00,2619.1,2622.7,2610.7,2610.7,6.967577589999999
2024-10-10 00:00:00+00:00,2619.1,2633.3,2614.4,2631.2,15.40138743
2024-10-11 00:00:00+00:00,2636.9,2662.0,2636.9,2659.8,9.13937517
2024-10-12 00:00:00+00:00,2661.3,2663.1,2660.8,2662.9,1.97657835
2024-10-13 00:00:00+00:00,2663.0,2663.1,2653.6,2653.6,1.68633422
2024-10-14 00:00:00+00:00,2651.2,2665.6,2650.2,2653.5,7.35373525
2024-10-15 00:00:00+00:00,2652.7,2671.2,2644.1,2662.0,18.17554538
2024-10-16 00:00:00+00:00,2667.1,2683.7,2667.1,2673.6,7.39368772
2024-10-17 00:00:00+00:00,2680.1,2696.2,2676.5,2692.1,18.83257274
2024-10-18 00:00:00+00:00,2698.3,2717.5,2696.8,2716.6,11.42927982
2024-10-19 00:00:00+00:00,2720.2,2720.7,2718.0,2718.0,0.1288588
2024-10-20 00:00:00+00:00,2718.7,2724.9,2718.7,2724.9,1.60097128
2024-10-21 00:00:00+00:00,2727.7,2742.9,2720.3,2724.8,50.55075306
2024-10-22 00:00:00+00:00,2724.0,2750.7,2722.0,2747.1,51.35660472
2024-10-23 00:00:00+00:00,2742.5,2761.0,2712.2,2724.0,35.11294787
2024-10-24 00:00:00+00:00,2721.6,2744.7,2721.6,2738.4,7.52064424
2024-10-25 00:00:00+00:00,2735.1,2754.6,2720.2,2754.6,12.67964608
2024-10-26 00:00:00+00:00,2750.2,2753.2,2727.7,2749.1,16.2685704
2024-10-27 00:00:00+00:00,2749.3,2751.0,2733.3,2742.5,21.65632742
2024-10-28 00:00:00+00:00,2735.1,2746.3,2731.4,2744.5,19.60266674
2024-10-29 00:00:00+00:00,2749.9,2774.5,2749.9,2774.5,14.04781777
2024-10-30 00:00:00+00:00,2776.1,2791.0,2775.4,2789.7,36.65800062
2024-10-31 00:00:00+00:00,2791.0,2791.2,2735.1,2749.1,21.73280802
2024-11-01 00:00:00+00:00,2753.7,2766.8,2737.8,2739.2,155.5138324
2024-11-02 00:00:00+00:00,2739.2,2740.2,2735.9,2736.6,17.75724913
2024-11-03 00:00:00+00:00,2736.7,2744.5,2736.7,2743.0,69.46799609
2024-11-04 00:00:00+00:00,2744.7,2750.1,2737.8,2740.3,30.09634421
2024-11-05 00:00:00+00:00,2739.6,2752.1,2730.4,2748.3,39.86740777
2024-11-06 00:00:00+00:00,2740.8,2756.1,2658.4,2661.8,91.54392186
2024-11-07 00:00:00+00:00,2665.6,2708.7,2650.4,2708.7,8.68886185
2024-11-08 00:00:00+00:00,2709.3,2711.1,2682.0,2686.8,8.55380991
2024-11-09 00:00:00+00:00,2687.1,2687.4,2682.4,2684.5,14.54901016
2024-11-10 00:00:00+00:00,2686.2,2689.6,2672.8,2681.8,94.68585138
2024-11-11 00:00:00+00:00,2680.1,2680.1,2609.6,2617.3,62.13707424
2024-11-12 00:00:00+00:00,2622.5,2623.5,2591.2,2598.9,79.71240256
2024-11-13 00:00:00+00:00,2601.4,2615.6,2573.4,2573.4,37.25366461
2024-11-14 00:00:00+00:00,2571.1,2580.3,2544.5,2569.3,33.27996022
2024-11-15 00:00:00+00:00,2569.3,2576.9,2559.6,2568.2,17.80816435
2024-11-16 00:00:00+00:00,2568.5,2568.9,2563.1,2564.8,3.2470271299999998
2024-11-17 00:00:00+00:00,2566.5,2576.9,2564.2,2576.9,112.93273683
2024-11-18 00:00:00+00:00,2580.3,2618.5,2580.3,2618.5,6.10872384
2024-11-19 00:00:00+00:00,2618.6,2644.0,2618.6,2635.8,8.02668989
2024-11-20 00:00:00+00:00,2636.9,2651.7,2621.1,2651.7,9.19971449
2024-11-21 00:00:00+00:00,2654.8,2672.7,2651.6,2670.3,11.13716447
2024-11-22 00:00:00+00:00,2672.7,2712.9,2672.7,2708.8,24.58293535
2024-11-23 00:00:00+00:00,2708.1,2720.2,2704.6,2720.2,13.13407022
2024-11-24 00:00:00+00:00,2717.3,2722.5,2713.0,2713.0,18.71180068
2024-11-25 00:00:00+00:00,2709.3,2709.3,2619.1,2619.1,47.66949459
2024-11-26 00:00:00+00:00,2626.2,2647.6,2619.1,2640.5,0.83953962
2024-11-27 00:00:00+00:00,2636.9,2662.0,2636.9,2638.3,7.31360358
2024-11-28 00:00:00+00:00,2635.9,2658.2,2629.8,2651.7,7.3580858
2024-11-29 00:00:00+00:00,2658.4,2675.2,2654.8,2654.8,5.70464607
2024-11-30 00:00:00+00:00,2653.7,2661.7,2649.6,2659.2,61.31790304
2024-12-01 00:00:00+00:00,2660.5,2661.5,2652.9,2652.9,14.561594939999999
2024-12-02 00:00:00+00:00,2651.2,2660.1,2629.8,2654.7,9.91091831
2024-12-03 00:00:00+00:00,2646.7,2662.2,2644.0,2651.7,11.24487139
2024-12-04 00:00:00+00:00,2644.1,2666.5,2644.1,2654.7,3.69406066
2024-12-05 00:00:00+00:00,2654.8,2658.4,2604.7,2629.8,421.91120194
2024-12-06 00:00:00+00:00,2634.9,2649.8,2619.1,2631.0,14.8204882
2024-12-07 00:00:00+00:00,2638.6,2640.4,2634.1,2640.2,6.28755601
2024-12-08 00:00:00+00:00,2640.4,2647.6,2635.6,2647.6,7.67500217
2024-12-09 00:00:00+00:00,2640.5,2682.1,2635.2,2670.2,41.91541266
2024-12-10 00:00:00+00:00,2672.8,2713.0,2669.2,2695.3,208.42502862
2024-12-11 00:00:00+00:00,2705.6,2724.4,2687.4,2723.9,10.15099298
2024-12-12 00:00:00+00:00,2724.0,2728.2,2682.7,2682.7,17.9247722
2024-12-13 00:00:00+00:00,2691.0,2697.6,2651.2,2651.2,6.24643308
2024-12-14 00:00:00+00:00,2654.5,2658.4,2651.2,2658.4,3.3882594299999997
2024-12-15 00:00:00+00:00,2657.5,2659.0,2651.2,2654.5,1.10825197
2024-12-16 00:00:00+00:00,2658.5,2669.2,2650.0,2660.3,79.90399728
2024-12-17 00:00:00+00:00,2661.9,2662.0,2638.7,2650.0,6.25429568
2024-12-18 00:00:00+00:00,2649.2,2658.4,2591.8,2594.4,22.29197118
2024-12-19 00:00:00+00:00,2595.4,2633.3,2595.2,2602.4,34.12392209
2024-12-20 00:00:00+00:00,2602.4,2640.1,2600.6,2629.8,37.86950579
2024-12-21 00:00:00+00:00,2634.6,2635.3,2625.7,2635.3,2.09498347
2024-12-22 00:00:00+00:00,2633.0,2636.1,2627.2,2636.1,0.74106312
2024-12-23 00:00:00+00:00,2627.2,2636.9,2618.3,2625.9,4.49725327
2024-12-24 00:00:00+00:00,2630.8,2630.8,2620.1,2629.4,1.24539287
2024-12-25 00:00:00+00:00,2621.5,2629.2,2621.5,2621.8,3.28666335
2024-12-26 00:00:00+00:00,2623.6,2644.2,2623.5,2643.9,17.81749873
2024-12-27 00:00:00+00:00,2642.2,2644.1,2622.7,2629.8,5.09046276
2024-12-28 00:00:00+00:00,2633.2,2636.4,2630.4,2635.6,3.1840959
2024-12-29 00:00:00+00:00,2635.9,2636.9,2630.7,2636.9,3.62603702
2024-12-30 00:00:00+00:00,2635.0,2637.3,2605.4,2614.3,20.53171383
2024-12-31 00:00:00+00:00,2619.0,2635.5,2615.6,2630.8,13.99826941
2025-01-01 00:00:00+00:00,2631.0,2633.6,2631.0,2633.0,22.34783174
2025-01-02 00:00:00+00:00,2633.4,2654.8,2626.4,2654.8,1888.06387382
2025-01-03 00:00:00+00:00,2654.8,2663.3,2636.0,2636.0,117.79293873
2025-01-04 00:00:00+00:00,2640.1,2640.3,2635.0,2635.1,2.5672365
2025-01-05 00:00:00+00:00,2639.8,2640.2,2635.0,2636.0,0.62716033
2025-01-06 00:00:00+00:00,2640.0,2646.7,2616.0,2635.7,224.54913145
2025-01-07 00:00:00+00:00,2635.4,2663.3,2619.0,2627.3,282.78837066
2025-01-08 00:00:00+00:00,2640.5,2652.5,2600.0,2636.9,305.64186631
2025-01-09 00:00:00+00:00,2639.2,2645.8,2610.5,2643.7,38.31531691
2025-01-10 00:00:00+00:00,2643.8,2675.9,2626.3,2653.1,10.48256941
2025-01-11 00:00:00+00:00,2662.0,2673.4,2651.2,2673.0,2.64956637
2025-01-12 00:00:00+00:00,2658.4,2676.0,2648.1,2675.7,5.02362037
2025-01-13 00:00:00+00:00,2674.8,2674.9,2604.2,2629.9,138.14520100000001
2025-01-14 00:00:00+00:00,2643.2,2643.2,2590.0,2633.3,83.58573982
2025-01-15 00:00:00+00:00,2626.2,2694.3,2619.2,2693.7,98.88930205
2025-01-16 00:00:00+00:00,2686.8,2716.7,2677.8,2704.2,28.72250806
2025-01-17 00:00:00+00:00,2708.4,2713.9,2688.3,2699.1,448.22051816
2025-01-18 00:00:00+00:00,2700.7,2704.2,2695.6,2702.6,37.01245461
2025-01-19 00:00:00+00:00,2700.6,2711.8,2683.5,2696.8,200.09251303
2025-01-20 00:00:00+00:00,2687.6,2731.4,2676.4,2703.1,381.15169591
2025-01-21 00:00:00+00:00,2703.1,2727.7,2691.1,2722.0,97.40856306
2025-01-22 00:00:00+00:00,2722.0,2759.2,2722.0,2752.5,540.51704317
2025-01-23 00:00:00+00:00,2754.2,2754.5,2735.3,2743.2,197.78886328000002
2025-01-24 00:00:00+00:00,2741.3,2774.2,2739.1,2754.8,328.51798702
2025-01-25 00:00:00+00:00,2760.5,2763.1,2752.2,2757.0,41.42821489
2025-01-26 00:00:00+00:00,2762.3,2762.4,2750.1,2754.5,53.23336254
2025-01-27 00:00:00+00:00,2751.7,2759.7,2709.4,2709.4,261.41373716
2025-01-28 00:00:00+00:00,2709.3,2761.0,2693.9,2754.8,854.33857634
2025-01-29 00:00:00+00:00,2755.3,2757.7,2720.3,2739.7,428.3250918
2025-01-30 00:00:00+00:00,2741.2,2795.0,2728.1,2789.5,912.91583062
2025-01-31 00:00:00+00:00,2791.6,2814.7,2782.7,2800.9,104.47829329
2025-02-01 00:00:00+00:00,2799.0,2800.0,2798.6,2798.9,7.28455934
2025-02-02 00:00:00+00:00,2799.9,2803.0,2780.6,2792.0,559.64090277
2025-02-03 00:00:00+00:00,2791.0,2825.4,2753.7,2805.5,1692.09002503
2025-02-04 00:00:00+00:00,2805.5,2841.3,2800.9,2838.5,38.27704202
2025-02-05 00:00:00+00:00,2840.7,2876.6,2840.0,2867.4,60.45021817
2025-02-06 00:00:00+00:00,2858.6,2867.8,2836.5,2855.0,60.7197734
2025-02-07 00:00:00+00:00,2860.0,2880.7,2847.5,2858.0,83.85002023
2025-02-08 00:00:00+00:00,2858.8,2860.2,2855.8,2859.5,9.61896289
2025-02-09 00:00:00+00:00,2857.0,2863.9,2852.2,2857.5,3.00762916
2025-02-10 00:00:00+00:00,2867.7,2917.2,2863.9,2917.2,96.86489745
2025-02-11 00:00:00+00:00,2918.7,2935.0,2883.4,2899.6,290.91718074
2025-02-12 00:00:00+00:00,2896.6,2907.5,2861.9,2907.0,51.409474180000004
2025-02-13 00:00:00+00:00,2906.6,2933.9,2905.7,2933.8,71.66014873
2025-02-14 00:00:00+00:00,2928.5,2938.9,2875.6,2875.6,141.37962841
2025-02-15 00:00:00+00:00,2880.5,2885.9,2878.6,2882.1,40.13585438
2025-02-16 00:00:00+00:00,2882.1,2894.0,2880.0,2880.0,42.08585108
2025-02-17 00:00:00+00:00,2884.9,2906.9,2884.6,2900.3,36.88280412
2025-02-18 00:00:00+00:00,2903.9,2935.7,2897.4,2935.7,715.12449961
2025-02-19 00:00:00+00:00,2935.0,2942.9,2914.9,2926.7,221.68303287
2025-02-20 00:00:00+00:00,2937.6,2949.9,2914.9,2938.5,80.70639962
2025-02-21 00:00:00+00:00,2942.5,2949.0,2914.9,2941.0,164.12526943
2025-02-22 00:00:00+00:00,2939.0,2939.0,2930.7,2933.9,2.19238955
2025-02-23 00:00:00+00:00,2933.9,2938.5,2928.0,2935.1,71.90310042
2025-02-24 00:00:00+00:00,2930.6,2959.0,2918.7,2947.9,47.39653559
2025-02-25 00:00:00+00:00,2956.0,2958.0,2899.0,2922.6,125.979553
2025-02-26 00:00:00+00:00,2922.7,2930.6,2901.9,2928.4,700.7035919
2025-02-27 00:00:00+00:00,2925.9,2926.4,2875.0,2884.7,43.98166904
2025-02-28 00:00:00+00:00,2883.8,2891.2,2837.3,2860.9,95.53236816
2025-03-01 00:00:00+00:00,2859.8,2868.3,2859.7,2862.5,20.81345585
2025-03-02 00:00:00+00:00,2862.9,2876.9,2856.3,2876.9,38.33600318
2025-03-03 00:00:00+00:00,2867.9,2900.9,2863.3,2894.9,6.6596785800000005
2025-03-04 00:00:00+00:00,2896.6,2931.6,2887.6,2921.2,98.38777792
2025-03-05 00:00:00+00:00,2910.8,2930.6,2899.0,2921.3,10.373235300000001
2025-03-06 00:00:00+00:00,2918.1,2928.1,2895.1,2907.8,14.2955876
2025-03-07 00:00:00+00:00,2906.9,2930.6,2896.0,2912.5,9.40250441
2025-03-08 00:00:00+00:00,2913.5,2913.5,2908.3,2910.0,5.95764169
2025-03-09 00:00:00+00:00,2918.7,2920.2,2911.0,2912.9,10.28949358
2025-03-10 00:00:00+00:00,2922.5,2922.7,2887.3,2890.6,22.62658096
2025-03-11 00:00:00+00:00,2895.2,2924.7,2892.7,2920.0,65.16477561
2025-03-12 00:00:00+00:00,2918.5,2944.8,2910.8,2934.7,79.23356469
2025-03-13 00:00:00+00:00,2939.1,2995.5,2938.5,2991.9,14.33848611
2025-03-14 00:00:00+00:00,2989.9,3006.9,2984.2,2991.4,42.00017674
2025-03-15 00:00:00+00:00,2991.8,2993.1,2987.5,2993.1,14.80507264
2025-03-16 00:00:00+00:00,2989.2,2998.8,2985.3,2998.8,8.68863481
2025-03-17 00:00:00+00:00,2994.5,3011.4,2990.7,3006.2,38.20968062
2025-03-18 00:00:00+00:00,3006.9,3047.8,3006.3,3043.3,61.81500662
2025-03-19 00:00:00+00:00,3039.7,3056.5,3035.2,3052.2,25.41335137
2025-03-20 00:00:00+00:00,3060.3,3061.1,3036.8,3052.0,3.95819412
2025-03-21 00:00:00+00:00,3052.1,3052.1,3010.1,3027.1,4.19014822
2025-03-22 00:00:00+00:00,3031.4,3032.7,3027.5,3027.7,1.53200535
2025-03-23 00:00:00+00:00,3033.8,3033.8,3033.8,3033.8,0.00214808
2025-03-24 00:00:00+00:00,3033.1,3039.7,3008.9,3019.2,11.13858269
2025-03-25 00:00:00+00:00,3023.3,3039.7,3017.4,3033.5,1.6043553
2025-03-26 00:00:00+00:00,3032.9,3041.4,3021.3,3028.0,6.38782554
2025-03-27 00:00:00+00:00,3031.5,3064.5,3029.2,3054.4,15.69852869
2025-03-28 00:00:00+00:00,3064.5,3096.0,3064.5,3095.8,8.29546436
2025-03-29 00:00:00+00:00,3096.2,3102.9,3095.7,3102.7,12.04649742
2025-03-30 00:00:00+00:00,3099.5,3106.3,3093.8,3106.3,1.84573505
2025-03-31 00:00:00+00:00,3097.9,3147.0,3093.7,3131.8,39.32362155
2025-04-01 00:00:00+00:00,3144.2,3167.0,3110.5,3123.1,129.10822958
2025-04-02 00:00:00+00:00,3127.4,3168.0,3123.0,3168.0,453.34204595
2025-04-03 00:00:00+00:00,3169.9,3177.7,3072.8,3123.0,100.96691468
2025-04-04 00:00:00+00:00,3110.5,3138.0,3029.7,3047.8,70.34863142
2025-04-05 00:00:00+00:00,3044.9,3047.8,3035.7,3047.8,5.21988236
2025-04-06 00:00:00+00:00,3046.7,3055.8,2995.2,3006.9,32.82702035
2025-04-07 00:00:00+00:00,3011.0,3060.2,2966.5,2996.3,56.78931145
2025-04-08 00:00:00+00:00,2996.4,3026.4,2982.2,2990.0,44.78804075
2025-04-09 00:00:00+00:00,2990.0,3111.2,2986.8,3090.0,120.70780702
2025-04-10 00:00:00+00:00,3093.7,3195.7,3086.0,3192.9,174.47981529
2025-04-11 00:00:00+00:00,3192.8,3258.0,3192.8,3245.1,162.74875951
2025-04-12 00:00:00+00:00,3248.0,3262.8,3237.5,3237.5,61.83960621
2025-04-13 00:00:00+00:00,3241.0,3261.0,3225.0,3230.5,32.40192882
2025-04-14 00:00:00+00:00,3235.0,3255.1,3198.2,3216.0,133.49411204
2025-04-15 00:00:00+00:00,3211.0,3253.9,3211.0,3253.9,26.78876085
2025-04-16 00:00:00+00:00,3257.0,3363.0,3257.0,3360.8,137.7265075
2025-04-17 00:00:00+00:00,3359.8,3364.1,3300.3,3327.8,87.79795897
2025-04-18 00:00:00+00:00,3327.8,3346.3,3327.1,3343.4,52.11114134
2025-04-19 00:00:00+00:00,3335.0,3345.0,3324.0,3339.2,15.51729144
2025-04-20 00:00:00+00:00,3340.2,3364.2,3330.0,3349.2,26.50068588
2025-04-21 00:00:00+00:00,3362.8,3456.9,3359.8,3453.2,73.22027753
2025-04-22 00:00:00+00:00,3447.5,3547.6,3318.8,3331.9,442.09031964
2025-04-23 00:00:00+00:00,3338.1,3380.6,3263.7,3321.1,333.33293882
2025-04-24 00:00:00+00:00,3322.6,3373.7,3309.8,3351.0,247.00415134
2025-04-25 00:00:00+00:00,3359.9,3364.5,3268.4,3320.3,217.04864319
2025-04-26 00:00:00+00:00,3320.0,3323.3,3311.1,3320.6,5.53297202
2025-04-27 00:00:00+00:00,3319.9,3328.6,3301.9,3302.7,71.73207033999999
2025-04-28 00:00:00+00:00,3308.2,3356.9,3275.8,3338.8,134.85623634
2025-04-29 00:00:00+00:00,3336.5,3340.2,3305.8,3318.6,115.96372281
2025-04-30 00:00:00+00:00,3328.1,3330.7,3274.7,3279.4,202.58287221999998
2025-05-01 00:00:00+00:00,3279.1,3282.1,3208.8,3237.2,123.06919705
2025-05-02 00:00:00+00:00,3239.4,3269.7,3230.6,3243.7,31.4526344
2025-05-03 00:00:00+00:00,3243.6,3257.2,3243.4,3249.2,33.52499494
2025-05-04 00:00:00+00:00,3256.9,3265.8,3250.9,3265.8,12.57340039
2025-05-05 00:00:00+00:00,3269.7,3350.1,3269.7,3347.0,80.01194455
2025-05-06 00:00:00+00:00,3343.0,3441.9,3339.7,3402.3,122.61708683
2025-05-07 00:00:00+00:00,3402.0,3402.0,3367.0,3379.2,102.28406754
2025-05-08 00:00:00+00:00,3378.8,3415.0,3293.9,3316.8,187.88227098
2025-05-09 00:00:00+00:00,3320.7,3346.7,3280.3,3323.9,87.48228186
2025-05-10 00:00:00+00:00,3324.5,3329.5,3319.0,3323.3,76.59256882
2025-05-11 00:00:00+00:00,3322.1,3325.1,3267.3,3288.0,45.89447867
2025-05-12 00:00:00+00:00,3284.5,3286.0,3210.3,3238.0,207.10048812
2025-05-13 00:00:00+00:00,3238.6,3262.3,3221.6,3254.6,48.12874726
2025-05-14 00:00:00+00:00,3243.8,3248.5,3171.6,3186.3,106.710789
2025-05-15 00:00:00+00:00,3181.8,3252.6,3125.5,3239.3,83.87410785
2025-05-16 00:00:00+00:00,3237.1,3240.8,3160.0,3206.2,57.63537458
2025-05-17 00:00:00+00:00,3203.6,3208.2,3203.5,3206.8,16.84188284
2025-05-18 00:00:00+00:00,3205.9,3245.3,3203.0,3239.6,63.85194843
2025-05-19 00:00:00+00:00,3241.5,3251.4,3207.2,3219.8,52.40869284
2025-05-20 00:00:00+00:00,3221.9,3300.0,3206.9,3287.5,36.84175923
2025-05-21 00:00:00+00:00,3288.7,3322.0,3284.3,3318.1,131.88051263
2025-05-22 00:00:00+00:00,3321.3,3342.0,3282.9,3298.9,104.20606762
2025-05-23 00:00:00+00:00,3296.5,3362.1,3290.0,3354.0,68.39496861
2025-05-24 00:00:00+00:00,3354.4,3357.3,3348.2,3349.0,87.87922492
2025-05-25 00:00:00+00:00,3348.4,3358.0,3336.0,3337.0,127.35103154
2025-05-26 00:00:00+00:00,3337.0,3350.1,3322.2,3343.7,45.47860621
2025-05-27 00:00:00+00:00,3342.6,3347.5,3288.6,3305.3,225.87210456
2025-05-28 00:00:00+00:00,3306.1,3324.3,3255.7,3255.7,60.47806617
2025-05-29 00:00:00+00:00,3262.6,3332.0,3252.6,3314.0,43.26287624
2025-05-30 00:00:00+00:00,3318.7,3322.2,3279.2,3292.5,31.11953485
2025-05-31 00:00:00+00:00,3292.7,3295.7,3289.4,3289.7,0.86416179
2025-06-01 00:00:00+00:00,3292.0,3319.2,3252.9,3313.3,64.13730753
2025-06-02 00:00:00+00:00,3313.3,3388.0,3303.6,3385.0,88.52506902
2025-06-03 00:00:00+00:00,3381.4,3381.4,3334.6,3354.6,71.69430968
2025-06-04 00:00:00+00:00,3354.3,3378.5,3343.4,3369.8,46.0310848
2025-06-05 00:00:00+00:00,3371.0,3400.0,3342.0,3364.5,174.26092992
2025-06-06 00:00:00+00:00,3369.7,3382.0,3311.8,3315.5,189.75614493
2025-06-07 00:00:00+00:00,3316.3,3321.9,3315.7,3321.1,14.037886
2025-06-08 00:00:00+00:00,3321.2,3328.2,3308.0,3319.6,124.10868798999999
2025-06-09 00:00:00+00:00,3323.2,3341.8,3301.4,3330.1,57.6936936
2025-06-10 00:00:00+00:00,3328.5,3346.0,3305.6,3311.2,60.45763516
2025-06-11 00:00:00+00:00,3322.0,3369.1,3318.0,3360.0,46.68058471
2025-06-12 00:00:00+00:00,3362.0,3394.5,3334.7,3387.4,67.34078988
2025-06-13 00:00:00+00:00,3392.0,3447.4,3392.0,3433.7,570.71341395
2025-06-14 00:00:00+00:00,3434.2,3459.2,3433.0,3454.8,193.5084281
2025-06-15 00:00:00+00:00,3456.9,3466.2,3450.3,3459.6,224.57328134
2025-06-16 00:00:00+00:00,3459.7,3459.7,3382.8,3408.1,139.23488084
2025-06-17 00:00:00+00:00,3406.9,3409.0,3377.4,3396.3,137.90134982
2025-06-18 00:00:00+00:00,3391.4,3405.0,3368.3,3377.7,63.95302172
2025-06-19 00:00:00+00:00,3382.1,3388.0,3352.1,3374.5,70.19715078
2025-06-20 00:00:00+00:00,3374.4,3380.5,3347.6,3377.3,125.38558577
2025-06-21 00:00:00+00:00,3377.4,3386.9,3368.8,3381.3,139.34043044
2025-06-22 00:00:00+00:00,3381.3,3425.0,3376.6,3388.0,1299.95659453
2025-06-23 00:00:00+00:00,3395.8,3409.1,3354.1,3354.1,130.51928671
2025-06-24 00:00:00+00:00,3351.0,3366.3,3298.1,3325.5,188.46602019
2025-06-25 00:00:00+00:00,3329.5,3337.4,3309.1,3334.8,29.90625529
2025-06-26 00:00:00+00:00,3330.0,3346.4,3308.9,3319.5,38.14531117
2025-06-27 00:00:00+00:00,3319.3,3323.1,3261.3,3275.6,21.92892934
2025-06-28 00:00:00+00:00,3280.6,3300.0,3280.3,3280.6,4.60306132
2025-06-29 00:00:00+00:00,3280.8,3283.4,3257.0,3270.2,22.21143653
2025-06-30 00:00:00+00:00,3263.9,3320.0,3263.9,3313.6,19.45511173
2025-07-01 00:00:00+00:00,3313.5,3359.6,3312.9,3343.6,51.27677318
2025-07-02 00:00:00+00:00,3341.5,3366.3,3330.0,3354.0,58.34778323
2025-07-03 00:00:00+00:00,3347.7,3361.9,3314.9,3327.4,80.69594893
2025-07-04 00:00:00+00:00,3329.7,3345.3,3328.8,3341.5,26.91352275
2025-07-05 00:00:00+00:00,3341.5,3344.6,3337.7,3338.4,10.96401277
2025-07-06 00:00:00+00:00,3341.0,3344.0,3332.1,3332.1,19.49235473
2025-07-07 00:00:00+00:00,3331.8,3346.3,3300.1,3338.8,28.09977817
2025-07-08 00:00:00+00:00,3337.7,3340.4,3293.5,3304.1,75.03356669
2025-07-09 00:00:00+00:00,3304.2,3320.0,3290.8,3318.8,39.71823155
2025-07-10 00:00:00+00:00,3316.6,3330.6,3273.6,3310.4,1419.47538541
2025-07-11 00:00:00+00:00,3322.9,3360.0,3295.0,3345.6,184.34015147
2025-07-12 00:00:00+00:00,3346.3,3349.5,3337.6,3343.0,4.57406841
2025-07-13 00:00:00+00:00,3349.0,3357.6,3340.8,3354.7,2.98452035
2025-07-14 00:00:00+00:00,3351.0,3369.0,3331.1,3343.8,72.10084734
2025-07-15 00:00:00+00:00,3345.5,3364.5,3316.1,3330.9,79.56123924
2025-07-16 00:00:00+00:00,3332.0,3366.9,3320.0,3341.2,48.20144295
2025-07-17 00:00:00+00:00,3337.3,3341.7,3311.1,3341.0,33.60162922
2025-07-18 00:00:00+00:00,3340.8,3355.2,3332.5,3347.8,18.56622161
2025-07-19 00:00:00+00:00,3350.3,3352.7,3346.4,3346.4,0.93280082
2025-07-20 00:00:00+00:00,3351.5,3355.3,3333.4,3340.4,23.7586759
2025-07-21 00:00:00+00:00,3341.1,3394.1,3338.5,3392.4,34.9612791
2025-07-22 00:00:00+00:00,3387.9,3427.1,3379.5,3419.3,38.61599949
2025-07-23 00:00:00+00:00,3421.6,3427.8,3384.7,3389.0,18.69449755
2025-07-24 00:00:00+00:00,3391.8,3391.9,3355.4,3369.1,43.95126314
2025-07-25 00:00:00+00:00,3368.4,3372.1,3329.9,3345.6,28.10915597
2025-07-26 00:00:00+00:00,3345.5,3352.6,3338.1,3347.3,27.028511599999998
2025-07-27 00:00:00+00:00,3347.1,3348.7,3331.4,3340.0,44.88175908
2025-07-28 00:00:00+00:00,3340.2,3348.1,3312.9,3321.4,29.9868772
2025-07-29 00:00:00+00:00,3318.8,3334.5,3316.4,3333.7,38.14180332
2025-07-30 00:00:00+00:00,3333.4,3337.3,3279.3,3295.1,236.54201952
2025-07-31 00:00:00+00:00,3294.3,3317.6,3293.3,3298.4,133.63065372
2025-08-01 00:00:00+00:00,3295.6,3367.8,3289.9,3365.5,79.54180897
2025-08-02 00:00:00+00:00,3365.6,3369.3,3363.5,3366.0,1.06319257
2025-08-03 00:00:00+00:00,3366.0,3369.8,3359.1,3359.1,3.15802567
2025-08-04 00:00:00+00:00,3358.0,3383.1,3349.4,3378.2,52.73427727
2025-08-05 00:00:00+00:00,3379.2,3386.4,3350.3,3377.2,18.31844411
2025-08-06 00:00:00+00:00,3381.3,3383.5,3360.0,3369.1,11.98256793
2025-08-07 00:00:00+00:00,3367.6,3398.5,3367.6,3398.5,11.13006786
2025-08-08 00:00:00+00:00,3391.9,3401.0,3378.0,3396.1,1858.03304336
2025-08-09 00:00:00+00:00,3389.8,3399.0,3378.2,3394.0,53.69767505
2025-08-10 00:00:00+00:00,3399.8,3400.0,3378.8,3390.6,30.16412872
2025-08-11 00:00:00+00:00,3380.9,3380.9,3344.5,3350.9,28.47612888
2025-08-12 00:00:00+00:00,3352.0,3357.5,3335.9,3349.2,4.80820819
2025-08-13 00:00:00+00:00,3345.1,3360.0,3338.7,3353.5,7.6138769
2025-08-14 00:00:00+00:00,3354.2,3363.0,3330.1,3336.9,50.13099396
2025-08-15 00:00:00+00:00,3338.4,3349.7,3334.4,3339.1,50.68758986
2025-08-16 00:00:00+00:00,3346.0,3346.0,3343.8,3343.8,0.04290779
2025-08-17 00:00:00+00:00,3344.8,3345.9,3330.1,3334.1,2.26809443
2025-08-18 00:00:00+00:00,3337.8,3360.0,3329.9,3338.6,103.80907404999999
2025-08-19 00:00:00+00:00,3338.9,3348.0,3319.9,3326.7,867.01695127
2025-08-20 00:00:00+00:00,3322.5,3358.1,3320.0,3356.1,21.41366374
2025-08-21 00:00:00+00:00,3351.8,3355.9,3335.2,3347.9,15.13705653
2025-08-22 00:00:00+00:00,3346.2,3382.7,3332.9,3377.6,19.20766291
2025-08-23 00:00:00+00:00,3377.2,3381.6,3370.0,3378.7,16.05226774
2025-08-24 00:00:00+00:00,3378.9,3381.4,3366.7,3372.2,17.51491498
2025-08-25 00:00:00+00:00,3369.2,3380.3,3355.4,3355.4,14.79347682
2025-08-26 00:00:00+00:00,3361.0,3395.9,3361.0,3389.9,20.13479365
2025-08-27 00:00:00+00:00,3389.8,3401.0,3378.2,3401.0,19.13594275
2025-08-28 00:00:00+00:00,3397.3,3425.0,3391.0,3420.8,31.008168
2025-08-29 00:00:00+00:00,3420.4,3460.9,3410.2,3459.0,31.80588583
2025-08-30 00:00:00+00:00,3459.8,3464.7,3449.2,3459.2,32.97091335
2025-08-31 00:00:00+00:00,3464.0,3468.5,3458.9,3459.8,16.8895831
2025-09-01 00:00:00+00:00,3459.0,3500.7,3447.7,3490.4,83.59510593
2025-09-02 00:00:00+00:00,3492.8,3551.7,3482.1,3544.8,152.09218159
2025-09-03 00:00:00+00:00,3544.8,3582.8,3538.0,3563.5,33.30793278
2025-09-04 00:00:00+00:00,3562.7,3565.6,3521.7,3557.9,19.55289049
2025-09-05 00:00:00+00:00,3559.0,3600.0,3552.5,3588.6,24.64344917
2025-09-06 00:00:00+00:00,3587.8,3605.0,3584.0,3595.7,11.88100412
2025-09-07 00:00:00+00:00,3600.8,3608.6,3595.4,3595.4,13.16397724
2025-09-08 00:00:00+00:00,3595.4,3641.9,3588.8,3632.8,16.94616631
2025-09-09 00:00:00+00:00,3633.9,3669.1,3629.4,3638.3,33.60033981
2025-09-10 00:00:00+00:00,3637.2,3664.4,3629.4,3636.8,24.500730620000002
2025-09-11 00:00:00+00:00,3640.5,3660.2,3614.9,3630.6,43.3477808
2025-09-12 00:00:00+00:00,3629.8,3653.7,3627.0,3640.6,127.49039825
2025-09-13 00:00:00+00:00,3640.6,3644.9,3634.1,3635.4,14.8194366
2025-09-14 00:00:00+00:00,3635.9,3648.2,3634.7,3643.1,13.45255122
2025-09-15 00:00:00+00:00,3648.0,3688.9,3638.0,3684.0,38.51515388
2025-09-16 00:00:00+00:00,3684.0,3702.1,3684.0,3697.7,146.69009173999999
2025-09-17 00:00:00+00:00,3698.8,3704.0,3652.0,3674.4,425.68151175
2025-09-18 00:00:00+00:00,3669.1,3670.2,3634.5,3641.6,38.99325202
2025-09-19 00:00:00+00:00,3642.4,3691.0,3638.9,3691.0,31.75566505
2025-09-20 00:00:00+00:00,3691.0,3693.0,3687.0,3691.0,2.71607896
2025-09-21 00:00:00+00:00,3690.2,3693.0,3688.0,3691.7,4.79873244
2025-09-22 00:00:00+00:00,3693.3,3757.8,3693.3,3753.8,66.27775031
2025-09-23 00:00:00+00:00,3753.8,3795.4,3744.1,3773.8,39.4706097
2025-09-24 00:00:00+00:00,3769.8,3780.8,3725.8,3750.9,400.54106313
2025-09-25 00:00:00+00:00,3751.6,3768.0,3732.8,3749.0,17.9744586
2025-09-26 00:00:00+00:00,3751.0,3787.9,3743.1,3771.5,394.53904182
2025-09-27 00:00:00+00:00,3772.2,3787.2,3764.7,3772.4,52.4426175
2025-09-28 00:00:00+00:00,3772.8,3777.7,3757.0,3777.7,66.13176303
2025-09-29 00:00:00+00:00,3777.7,3838.9,3776.1,3837.2,263.63722653
2025-09-30 00:00:00+00:00,3838.6,3880.1,3808.1,3861.1,141.61132867
2025-10-01 00:00:00+00:00,3862.7,3895.2,3859.3,3865.7,19.69544945
2025-10-02 00:00:00+00:00,3864.2,3891.5,3828.9,3862.8,11.07465612
2025-10-03 00:00:00+00:00,3856.1,3886.9,3844.9,3884.5,25.21658441
2025-10-04 00:00:00+00:00,3885.0,3888.0,3880.6,3888.0,52.36247162
2025-10-05 00:00:00+00:00,3888.0,3915.4,3881.9,3908.0,686.67638401
2025-10-06 00:00:00+00:00,3907.3,3972.9,3900.0,3970.0,64.63556746
2025-10-07 00:00:00+00:00,3970.0,3994.9,3945.0,3994.9,856.44868401
2025-10-08 00:00:00+00:00,3995.7,4061.0,3990.5,4015.1,221.79468155
2025-10-09 00:00:00+00:00,4020.7,4053.0,3950.0,3992.5,213.15230481
2025-10-10 00:00:00+00:00,3989.6,4030.0,3951.8,4010.4,182.31753109
2025-10-11 00:00:00+00:00,4010.8,4020.0,3991.0,4017.2,81.28024695
2025-10-12 00:00:00+00:00,4017.2,4045.0,4009.9,4040.0,832.18045156
2025-10-13 00:00:00+00:00,4039.1,4133.3,4032.0,4133.0,1005.0979707
2025-10-14 00:00:00+00:00,4133.0,4192.9,4105.0,4176.9,373.93881776
2025-10-15 00:00:00+00:00,4177.9,4234.3,4169.0,4222.0,259.21073516
2025-10-16 00:00:00+00:00,4222.7,4390.7,4217.6,4384.5,1307.28854359
2025-10-17 00:00:00+00:00,4384.3,4401.8,4191.3,4258.0,334.5820771
2025-10-18 00:00:00+00:00,4254.0,4258.0,4232.0,4236.0,106.60367554
2025-10-19 00:00:00+00:00,4236.0,4260.0,4236.0,4237.3,38.57108644
2025-10-20 00:00:00+00:00,4236.0,4372.2,4220.2,4367.6,1686.05865523
2025-10-21 00:00:00+00:00,4366.1,4372.2,4097.0,4105.4,493.1708525
2025-10-22 00:00:00+00:00,4099.8,4167.9,4012.5,4090.0,306.54202497
2025-10-23 00:00:00+00:00,4082.9,4143.0,4072.2,4116.5,43.02041143
2025-10-24 00:00:00+00:00,4122.1,4138.9,4046.1,4116.0,3.89839497
2025-10-25 00:00:00+00:00,4116.0,4116.0,4106.8,4107.7,1.07889662
2025-10-26 00:00:00+00:00,4114.4,4117.1,4057.1,4057.1,125.17821797
2025-10-27 00:00:00+00:00,4056.1,4088.7,3963.2,3993.0,47.19829225
2025-10-28 00:00:00+00:00,3989.0,4009.1,3891.1,3964.2,2902.40488434
2025-10-29 00:00:00+00:00,3966.0,4029.9,3930.1,3958.0,105.01827588
2025-10-30 00:00:00+00:00,3959.7,4041.0,3925.3,4041.0,228.9018467
2025-10-31 00:00:00+00:00,4028.3,4039.0,3977.1,4001.0,45.77293112
2025-11-01 00:00:00+00:00,4003.0,4011.7,3998.9,4009.0,29.32173561
2025-11-02 00:00:00+00:00,4010.0,4013.7,3979.5,3979.7,20.92220651
2025-11-03 00:00:00+00:00,3977.0,4026.0,3964.1,3990.3,346.02230201
2025-11-04 00:00:00+00:00,3984.9,3995.7,3917.6,3931.1,32.84435827
2025-11-05 00:00:00+00:00,3931.0,3984.0,3920.1,3964.8,333.70039237
2025-11-06 00:00:00+00:00,3971.4,4011.9,3958.5,3979.5,5.64607565
2025-11-07 00:00:00+00:00,3983.3,4018.4,3978.6,3998.9,118.86570817
2025-11-08 00:00:00+00:00,3998.4,3998.9,3985.3,3988.7,0.13687823999999998
2025-11-09 00:00:00+00:00,3998.9,3999.0,3980.4,3997.8,2.36783611
2025-11-10 00:00:00+00:00,3999.0,4106.9,3996.0,4106.9,46.78335408
2025-11-11 00:00:00+00:00,4106.9,4135.3,4088.7,4127.7,9.19517021
2025-11-12 00:00:00+00:00,4133.2,4191.9,4090.7,4178.3,25.58029936
2025-11-13 00:00:00+00:00,4174.5,4223.4,4145.0,4167.0,72.71983351
2025-11-14 00:00:00+00:00,4170.6,4195.2,4032.0,4076.7,94.45154009
2025-11-15 00:00:00+00:00,4076.7,4090.3,4065.5,4080.0,18.23319868
2025-11-16 00:00:00+00:00,4086.3,4102.9,4076.0,4101.4,25.439931989999998
2025-11-17 00:00:00+00:00,4100.7,4100.7,4013.0,4039.2,42.42187269
2025-11-18 00:00:00+00:00,4036.9,4072.2,3985.0,4063.6,66.76695137
2025-11-19 00:00:00+00:00,4067.2,4116.9,4055.0,4088.7,78.45470966
2025-11-20 00:00:00+00:00,4092.5,4096.6,4033.8,4066.7,152.19853137
2025-11-21 00:00:00+00:00,4075.0,4088.7,4025.0,4064.0,51.50615704
2025-11-22 00:00:00+00:00,4064.0,4066.4,4051.1,4060.8,0.26828255
2025-11-23 00:00:00+00:00,4062.7,4066.6,4051.0,4064.1,10.48982693
2025-11-24 00:00:00+00:00,4062.1,4137.0,4000.0,4122.1,18.86000625
2025-11-25 00:00:00+00:00,4121.0,4145.9,4094.4,4119.8,102.72680987
2025-11-26 00:00:00+00:00,4127.9,4166.4,4123.5,4157.7,33.35600869
2025-11-27 00:00:00+00:00,4147.1,4160.0,4127.5,4155.5,14.49795529
2025-11-28 00:00:00+00:00,4150.3,4216.0,4143.0,4211.4,104.24221351
2025-11-29 00:00:00+00:00,4217.7,4224.1,4210.8,4224.1,24.81724341
2025-11-30 00:00:00+00:00,4223.7,4234.0,4217.8,4219.9,41.33226311
2025-12-01 00:00:00+00:00,4220.6,4260.0,4216.6,4235.0,6.79727096
2025-12-02 00:00:00+00:00,4230.0,4230.0,4164.1,4206.7,70.32042765
2025-12-03 00:00:00+00:00,4210.3,4235.2,4190.1,4203.4,3.8716857
2025-12-04 00:00:00+00:00,4203.3,4216.2,4173.1,4203.7,47.72329681
2025-12-05 00:00:00+00:00,4195.3,4250.0,4190.0,4198.0,26.0738478
2025-12-06 00:00:00+00:00,4200.0,4203.2,4198.2,4203.1,0.27497746
2025-12-07 00:00:00+00:00,4203.1,4207.9,4200.0,4205.9,2.2539483700000003
2025-12-08 00:00:00+00:00,4210.7,4218.0,4182.0,4193.5,3.84931462
2025-12-09 00:00:00+00:00,4197.4,4218.1,4175.7,4207.0,8.56597706
2025-12-10 00:00:00+00:00,4211.6,4234.9,4185.5,4231.6,18.05005848
2025-12-11 00:00:00+00:00,4235.2,4281.4,4210.7,4279.4,21.19860848
2025-12-12 00:00:00+00:00,4276.2,4351.0,4270.0,4302.9,13.951189359999999
2025-12-13 00:00:00+00:00,4297.5,4309.3,4297.5,4308.8,2.32673648
2025-12-14 00:00:00+00:00,4309.0,4315.2,4298.7,4305.2,36.41346034
2025-12-15 00:00:00+00:00,4315.1,4353.3,4301.0,4312.2,209.59417625
2025-12-16 00:00:00+00:00,4314.4,4337.8,4281.1,4311.9,20.45747238
2025-12-17 00:00:00+00:00,4314.5,4351.5,4314.5,4347.9,13.51344093
2025-12-18 00:00:00+00:00,4353.0,4376.2,4314.7,4345.1,45.13435575
2025-12-19 00:00:00+00:00,4344.6,4360.3,4321.2,4341.5,46.247031050000004
2025-12-20 00:00:00+00:00,4348.3,4348.4,4347.9,4348.0,7.16258585
2025-12-21 00:00:00+00:00,4348.0,4359.3,4341.2,4359.3,17.93383512
2025-12-22 00:00:00+00:00,4363.3,4468.8,4363.3,4468.8,82.37022467
2025-12-23 00:00:00+00:00,4469.7,4511.6,4444.0,4511.6,199.57390045
2025-12-24 00:00:00+00:00,4513.5,4527.7,4454.7,4486.3,80.72613778
2025-12-25 00:00:00+00:00,4486.5,4511.4,4481.0,4500.7,258.13403252
2025-12-26 00:00:00+00:00,4500.7,4556.4,4500.4,4542.1,66.67699075
2025-12-27 00:00:00+00:00,4548.9,4555.0,4521.2,4539.8,196.54762531
2025-12-28 00:00:00+00:00,4547.0,4558.4,4527.1,4537.7,264.31125296
2025-12-29 00:00:00+00:00,4535.7,4536.9,4320.7,4345.8,518.65491506
2025-12-30 00:00:00+00:00,4348.1,4409.2,4333.3,4349.1,437.42220009
2025-12-31 00:00:00+00:00,4353.0,4381.2,4293.0,4333.8,181.19552807
2026-01-01 00:00:00+00:00,4334.5,4355.2,4328.1,4355.2,32.4169228
2026-01-02 00:00:00+00:00,4357.2,4406.6,4316.3,4338.9,367.45053683
2026-01-03 00:00:00+00:00,4339.6,4358.0,4323.0,4334.9,1301.89262443
2026-01-04 00:00:00+00:00,4334.9,4369.2,4326.0,4366.5,1165.08185509
2026-01-05 00:00:00+00:00,4369.9,4437.9,4365.9,4423.1,685.12702219
2026-01-06 00:00:00+00:00,4420.1,4483.9,4413.8,4472.8,574.11814628
2026-01-07 00:00:00+00:00,4483.1,4483.1,4422.7,4456.6,21.92321684
2026-01-08 00:00:00+00:00,4458.8,4470.9,4408.0,4462.4,23.22893427
2026-01-09 00:00:00+00:00,4458.8,4497.7,4442.1,4495.2,201.35806248
2026-01-10 00:00:00+00:00,4495.2,4506.8,4495.1,4506.0,33.92441736
2026-01-11 00:00:00+00:00,4506.0,4538.0,4500.0,4538.0,45.42514383
2026-01-12 00:00:00+00:00,4540.2,4621.0,4540.2,4595.6,328.24594513
2026-01-13 00:00:00+00:00,4590.0,4623.0,4565.8,4589.2,36.342045399999996
2026-01-14 00:00:00+00:00,4590.9,4629.2,4590.9,4601.3,34.75176242
2026-01-15 00:00:00+00:00,4602.4,4612.4,4572.7,4607.8,38.84084147
2026-01-16 00:00:00+00:00,4596.3,4608.5,4539.0,4594.0,87.2975941
2026-01-17 00:00:00+00:00,4595.9,4599.7,4590.3,4599.7,3.45305365
2026-01-18 00:00:00+00:00,4599.6,4687.0,4592.4,4665.7,158.44913457
2026-01-19 00:00:00+00:00,4670.0,4678.0,4649.9,4666.0,22.49417533
2026-01-20 00:00:00+00:00,4665.8,4784.7,4660.1,4780.9,85.02881275
2026-01-21 00:00:00+00:00,4781.0,4896.3,4766.8,4785.6,476.22706387
2026-01-22 00:00:00+00:00,4789.0,4962.9,4780.8,4962.9,136.25404193
2026-01-23 00:00:00+00:00,4962.9,4994.0,4908.6,4994.0,233.95584571
2026-01-24 00:00:00+00:00,4994.0,5046.2,4993.1,5011.4,2525.17616958
2026-01-25 00:00:00+00:00,5011.8,5090.2,5010.0,5042.2,2448.70893117
2026-01-26 00:00:00+00:00,5040.0,5110.9,5000.0,5055.0,1062.83901598
2026-01-27 00:00:00+00:00,5051.3,5197.3,5025.7,5179.0,558.93114957
2026-01-28 00:00:00+00:00,5175.0,5600.0,5164.4,5528.5,2503.58715045
2026-01-29 00:00:00+00:00,5520.9,5603.9,5136.8,5447.3,3045.89927472
2026-01-30 00:00:00+00:00,5448.0,5458.1,4719.7,4890.2,2611.16736981
2026-01-31 00:00:00+00:00,4895.4,4925.3,4625.9,4807.1,3614.79670572
2026-02-01 00:00:00+00:00,4805.9,4853.9,4600.0,4728.2,4468.8896511699995
2026-02-02 00:00:00+00:00,4733.8,4858.9,4433.7,4778.8,2402.43006788
2026-02-03 00:00:00+00:00,4779.1,4994.6,4751.0,4932.4,989.50869812
2026-02-04 00:00:00+00:00,4944.0,5089.9,4846.8,4989.9,3439.18492171
2026-02-05 00:00:00+00:00,5003.3,5007.4,4671.0,4671.0,752.33869605
2026-02-06 00:00:00+00:00,4671.0,4936.6,4612.0,4915.0,433.44469083
2026-02-07 00:00:00+00:00,4916.8,4963.9,4893.0,4960.4,110.73153858
2026-02-08 00:00:00+00:00,4961.9,5020.9,4946.3,5013.0,215.48332827
2026-02-09 00:00:00+00:00,5016.9,5070.8,4948.6,5018.5,146.79577531
2026-02-10 00:00:00+00:00,5025.5,5055.6,4998.5,5008.7,3688.33347622
2026-02-11 00:00:00+00:00,5013.9,5097.6,5005.7,5035.2,2561.24949916
2026-02-12 00:00:00+00:00,5036.4,5059.0,4880.0,4902.8,8457.95781607
2026-02-13 00:00:00+00:00,4903.7,5031.1,4903.7,5014.8,1588.55502517
2026-02-14 00:00:00+00:00,5012.0,5016.9,4983.4,4995.0,1810.54870572
2026-02-15 00:00:00+00:00,4996.8,5013.2,4984.3,4997.6,1394.4743463
2026-02-16 00:00:00+00:00,4998.1,5011.1,4953.9,4974.3,202.69556201
2026-02-17 00:00:00+00:00,4971.5,4971.5,4838.5,4846.2,616.00414273
2026-02-18 00:00:00+00:00,4850.3,4995.2,4846.7,4953.0,479.19070259
2026-02-19 00:00:00+00:00,4956.4,5007.5,4943.8,4984.4,1046.21664127
2026-02-20 00:00:00+00:00,4984.4,5095.2,4983.5,5090.8,1343.44787891
2026-02-21 00:00:00+00:00,5091.5,5118.0,5082.8,5100.5,760.95662822
2026-02-22 00:00:00+00:00,5107.3,5156.2,5083.9,5151.5,3267.13120702
2026-02-23 00:00:00+00:00,5153.3,5229.7,5109.2,5216.3,4222.91272571
2026-02-24 00:00:00+00:00,5215.6,5215.6,5091.9,5138.8,3168.0265656
2026-02-25 00:00:00+00:00,5139.4,5200.7,5130.9,5151.2,1204.73925028
2026-02-26 00:00:00+00:00,5150.5,5184.7,5121.9,5169.0,1661.75893204
2026-02-27 00:00:00+00:00,5167.3,5279.7,5156.1,5266.9,1379.82308064
2026-02-28 00:00:00+00:00,5265.5,5454.6,5261.5,5308.7,11729.55053186
2026-03-01 00:00:00+00:00,5308.9,5369.0,5245.9,5362.1,5425.4119495
2026-03-02 00:00:00+00:00,5362.3,5389.4,5228.5,5314.6,3389.98013352
2026-03-03 00:00:00+00:00,5314.6,5347.0,4979.9,5102.8,2783.92746526
2026-03-04 00:00:00+00:00,5088.8,5169.2,5077.0,5131.6,1677.04492422
2026-03-05 00:00:00+00:00,5132.5,5155.9,5027.1,5063.8,2392.17970887
2026-03-06 00:00:00+00:00,5059.5,5149.0,5038.2,5141.7,1749.39008271
2026-03-07 00:00:00+00:00,5143.4,5154.6,5127.4,5140.7,586.57012324
2026-03-08 00:00:00+00:00,5142.7,5149.2,5018.5,5042.8,422.47000974
2026-03-09 00:00:00+00:00,5042.5,5120.6,4994.0,5107.6,737.19801216
2026-03-10 00:00:00+00:00,5104.6,5197.9,5095.6,5160.1,464.60433663
2026-03-11 00:00:00+00:00,5162.0,5182.0,5098.8,5101.6,504.00905538
2026-03-12 00:00:00+00:00,5101.0,5154.4,5037.9,5081.9,255.67577579
2026-03-13 00:00:00+00:00,5083.2,5098.3,4981.0,4995.6,741.99789246
2026-03-14 00:00:00+00:00,5001.4,5010.4,4986.9,4990.4,690.68719582
2026-03-15 00:00:00+00:00,4990.1,4999.8,4939.6,4966.5,396.77915332
2026-03-16 00:00:00+00:00,4967.8,4997.1,4936.8,4971.5,380.77960846
2026-03-17 00:00:00+00:00,4972.1,4997.1,4944.3,4966.9,715.00702112
2026-03-18 00:00:00+00:00,4966.9,4984.0,4788.9,4816.5,1366.80926317
2026-03-19 00:00:00+00:00,4818.4,4844.2,4515.8,4646.5,2867.46800847
2026-03-20 00:00:00+00:00,4647.2,4730.8,4489.1,4496.5,1171.62590587
2026-03-21 00:00:00+00:00,4503.9,4515.5,4485.6,4485.8,1209.69590093
2026-03-22 00:00:00+00:00,4489.4,4534.5,4457.7,4471.3,919.60054453
2026-03-23 00:00:00+00:00,4472.8,4500.3,4151.8,4437.1,4410.45637871
2026-03-24 00:00:00+00:00,4437.0,4543.5,4314.0,4538.7,1007.90638319
2026-03-25 00:00:00+00:00,4544.4,4588.3,4487.2,4491.2,459.50875397
2026-03-26 00:00:00+00:00,4508.7,4533.7,4356.7,4404.3,477.98559826
2026-03-27 00:00:00+00:00,4407.4,4542.7,4377.5,4494.2,557.44916245
2026-03-28 00:00:00+00:00,4493.9,4499.0,4483.7,4491.7,470.5775335
2026-03-29 00:00:00+00:00,4489.4,4508.3,4444.9,4447.6,380.32283243
2026-03-30 00:00:00+00:00,4443.2,4570.1,4420.8,4501.7,591.24843625
2026-03-31 00:00:00+00:00,4508.5,4670.0,4475.1,4669.4,609.05174455
2026-04-01 00:00:00+00:00,4668.8,4759.9,4641.3,4732.4,1007.71402655
2026-04-02 00:00:00+00:00,4740.2,4757.2,4532.8,4645.2,812.8890634
2026-04-03 00:00:00+00:00,4647.6,4647.9,4622.4,4626.0,214.89469679
2026-04-04 00:00:00+00:00,4630.9,4646.7,4626.4,4633.9,1272.34390377
2026-04-05 00:00:00+00:00,4632.4,4636.8,4576.8,4589.3,312.1614602
2026-04-06 00:00:00+00:00,4580.9,4671.8,4575.0,4624.7,621.46998159
2026-04-07 00:00:00+00:00,4617.5,4790.3,4585.8,4784.4,1627.0581618
2026-04-08 00:00:00+00:00,4787.5,4808.9,4670.2,4681.5,2362.35730137
2026-04-09 00:00:00+00:00,4688.1,4772.3,4673.9,4733.0,1499.98113581
2026-04-10 00:00:00+00:00,4733.0,4773.3,4704.5,4720.3,2156.46960208
2026-04-11 00:00:00+00:00,4719.4,4729.5,4717.7,4723.5,401.68099466
2026-04-12 00:00:00+00:00,4722.6,4725.4,4617.8,4643.4,478.69532526
2026-04-13 00:00:00+00:00,4641.2,4739.6,4641.2,4731.2,1128.20397505
2026-04-14 00:00:00+00:00,4727.4,4823.4,4726.9,4811.2,1587.72757436
2026-04-15 00:00:00+00:00,4809.9,4842.7,4766.3,4801.3,1047.20049791
2026-04-16 00:00:00+00:00,4805.8,4814.9,4758.9,4772.1,456.58670953
2026-04-17 00:00:00+00:00,4770.2,4864.0,4751.1,4814.5,359.6297376
2026-04-18 00:00:00+00:00,4813.2,4822.9,4775.6,4775.6,180.64015552
2026-04-19 00:00:00+00:00,4775.3,4795.4,4722.9,4733.8,304.73542004
2026-04-20 00:00:00+00:00,4732.1,4811.3,4728.8,4801.1,360.26080641
2026-04-21 00:00:00+00:00,4804.4,4810.2,4660.0,4726.7,373.66410589
2026-04-22 00:00:00+00:00,4728.0,4757.6,4707.9,4711.1,320.47965209
2026-04-23 00:00:00+00:00,4707.3,4733.8,4662.0,4688.7,701.98112094
2026-04-24 00:00:00+00:00,4693.8,4725.1,4652.0,4694.8,580.70457104
2026-04-25 00:00:00+00:00,4693.0,4700.8,4688.1,4688.5,102.14014402
2026-04-26 00:00:00+00:00,4687.7,4709.6,4672.1,4677.0,401.43386306
2026-04-27 00:00:00+00:00,4675.3,4715.4,4658.9,4688.5,263.29255008
2026-04-28 00:00:00+00:00,4691.0,4694.3,4556.2,4590.9,798.86608512
2026-04-29 00:00:00+00:00,4598.0,4605.6,4517.3,4559.3,778.23775364
2026-04-30 00:00:00+00:00,4561.2,4637.7,4543.8,4617.8,314.00504759
2026-05-01 00:00:00+00:00,4613.6,4648.0,4560.0,4600.1,232.66587104
2026-05-02 00:00:00+00:00,4600.0,4603.7,4595.7,4597.7,54.60096249
2026-05-03 00:00:00+00:00,4597.0,4631.1,4595.0,4604.7,162.97809979
2026-05-04 00:00:00+00:00,4603.6,4610.2,4507.0,4516.1,811.53854805
2026-05-05 00:00:00+00:00,4516.6,4583.2,4511.6,4583.2,401.79263149
2026-05-06 00:00:00+00:00,4581.4,4706.9,4576.5,4682.2,778.3950543
2026-05-07 00:00:00+00:00,4683.3,4746.7,4670.4,4694.6,669.826795
2026-05-08 00:00:00+00:00,4696.4,4734.2,4687.1,4699.2,374.42822725999997
2026-05-09 00:00:00+00:00,4699.6,4709.9,4697.1,4707.3,74.28100516
2026-05-10 00:00:00+00:00,4709.1,4716.5,4672.3,4683.7,151.1153672
2026-05-11 00:00:00+00:00,4681.5,4752.9,4644.0,4752.8,658.74904719
2026-05-12 00:00:00+00:00,4747.7,4758.0,4639.5,4710.8,327.76870785
2026-05-13 00:00:00+00:00,4709.9,4718.3,4665.4,4686.8,209.02514067
2026-05-14 00:00:00+00:00,4681.4,4704.8,4642.4,4646.5,211.47289392
2026-05-15 00:00:00+00:00,4648.3,4650.8,4515.8,4538.7,800.9518734
2026-05-16 00:00:00+00:00,4539.0,4541.2,4520.1,4535.1,276.6212844
2026-05-17 00:00:00+00:00,4536.3,4549.8,4523.7,4536.3,227.79973363
2026-05-18 00:00:00+00:00,4527.8,4581.7,4476.7,4575.5,286.26813037
2026-05-19 00:00:00+00:00,4579.5,4579.5,4475.3,4497.6,268.3075322
2026-05-20 00:00:00+00:00,4491.3,4549.6,4462.0,4541.6,290.6674451
2026-05-21 00:00:00+00:00,4543.5,4563.6,4489.4,4527.1,219.85254809
2026-05-22 00:00:00+00:00,4528.5,4532.4,4490.0,4498.0,207.12630172
2026-05-23 00:00:00+00:00,4497.2,4520.1,4496.1,4516.8,463.27358431
2026-05-24 00:00:00+00:00,4514.9,4568.0,4505.0,4556.2,793.78505398
2026-05-25 00:00:00+00:00,4555.9,4568.0,4542.9,4547.4,191.53187800999999
2026-05-26 00:00:00+00:00,4545.0,4545.2,4476.2,4513.4,370.1598196
2026-05-27 00:00:00+00:00,4511.0,4518.2,4404.4,4440.7,258.73017576
2026-05-28 00:00:00+00:00,4441.5,4499.4,4367.0,4478.0,633.48154428
2026-05-29 00:00:00+00:00,4478.0,4571.1,4476.4,4523.5,257.47669124
2026-05-30 00:00:00+00:00,4523.9,4523.9,4509.6,4512.0,168.00003542
2026-05-31 00:00:00+00:00,4510.5,4529.0,4506.6,4524.5,104.36633961
2026-06-01 00:00:00+00:00,4525.1,4530.8,4440.0,4469.8,341.29837089
2026-06-02 00:00:00+00:00,4468.3,4521.7,4438.2,4448.9,326.88455142
2026-06-03 00:00:00+00:00,4452.7,4472.0,4394.1,4429.9,984.63475168
2026-06-04 00:00:00+00:00,4428.9,4484.8,4415.1,4435.9,945.85354723
2026-06-05 00:00:00+00:00,4437.1,4450.3,4295.9,4305.9,813.04908722
2026-06-06 00:00:00+00:00,4306.0,4316.2,4284.6,4291.7,345.57305307
2026-06-07 00:00:00+00:00,4295.5,4330.7,4293.6,4330.7,260.97998115
2026-06-08 00:00:00+00:00,4328.0,4337.1,4257.8,4302.8,282.01429007
2026-06-09 00:00:00+00:00,4302.5,4347.5,4201.8,4212.0,399.85852224
2026-06-10 00:00:00+00:00,4211.8,4216.5,4023.4,4049.0,362.87582416
2026-06-11 00:00:00+00:00,4051.4,4228.3,4039.8,4202.7,839.99612326
2026-06-12 00:00:00+00:00,4201.4,4219.6,4149.0,4201.2,287.91196993
2026-06-13 00:00:00+00:00,4201.1,4209.5,4188.9,4205.2,162.02637633
2026-06-14 00:00:00+00:00,4203.9,4290.3,4201.5,4275.6,363.11620269
2026-06-15 00:00:00+00:00,4275.6,4344.1,4268.9,4295.6,499.49495034
2026-06-16 00:00:00+00:00,4296.7,4333.2,4285.7,4307.7,353.51623604
2026-06-17 00:00:00+00:00,4306.0,4348.5,4200.0,4253.2,367.74770761
2026-06-18 00:00:00+00:00,4255.2,4302.6,4171.7,4171.7,680.71920597
2026-06-19 00:00:00+00:00,4180.2,4180.9,4110.8,4146.7,292.47009924
2026-06-20 00:00:00+00:00,4147.2,4150.5,4139.6,4144.8,95.7308721
2026-06-21 00:00:00+00:00,4143.5,4155.7,4126.3,4129.1,308.4653453
2026-06-22 00:00:00+00:00,4129.5,4210.6,4129.5,4175.9,208.34513147
2026-06-23 00:00:00+00:00,4175.9,4183.1,4075.7,4091.9,475.83334444999997
2026-06-24 00:00:00+00:00,4091.0,4106.7,3960.0,4015.4,1644.78954606
2026-06-25 00:00:00+00:00,4015.8,4038.2,3967.6,4010.6,153.06805531
2026-06-26 00:00:00+00:00,4011.5,4085.2,3980.6,4076.6,166.06846297
2026-06-27 00:00:00+00:00,4076.0,4080.9,4066.7,4069.7,80.09895494
2026-06-28 00:00:00+00:00,4069.1,4077.1,4047.5,4058.0,60.66321006
2026-06-29 00:00:00+00:00,4051.5,4067.2,3990.3,4009.9,197.28482118
2026-06-30 00:00:00+00:00,4008.5,4055.4,3945.7,4002.0,409.40411876
2026-07-01 00:00:00+00:00,4003.6,4106.9,3962.4,4032.7,503.88161593
2026-07-02 00:00:00+00:00,4029.4,4135.9,4029.4,4121.3,254.41476665
2026-07-03 00:00:00+00:00,4125.8,4184.5,4122.2,4167.2,258.05156904
2026-07-04 00:00:00+00:00,4164.6,4169.1,4159.0,4167.7,305.16953137
2026-07-05 00:00:00+00:00,4163.7,4191.2,4163.7,4174.9,51.9484469
2026-07-06 00:00:00+00:00,4171.5,4193.9,4122.0,4152.6,143.43488898
2026-07-07 00:00:00+00:00,4149.9,4168.9,4087.2,4091.3,244.28350937
2026-07-08 00:00:00+00:00,4093.9,4125.8,4019.5,4069.6,225.57937566
2026-07-09 00:00:00+00:00,4070.2,4123.7,4051.3,4112.4,183.02392604
2026-07-10 00:00:00+00:00,4114.0,4122.0,4068.5,4109.6,246.54906098
2026-07-11 00:00:00+00:00,4109.4,4112.1,4098.0,4098.1,53.564449700000004
2026-07-12 00:00:00+00:00,4098.8,4101.2,4065.0,4077.1,195.63797419
2026-07-13 00:00:00+00:00,4080.3,4084.1,3986.1,3997.6,205.64252884
2026-07-14 00:00:00+00:00,4000.3,4098.8,3985.3,4052.5,180.47636866
2026-07-15 00:00:00+00:00,4053.0,4078.0,4021.5,4056.1,130.55667962
2026-07-16 00:00:00+00:00,4054.0,4057.8,3975.7,3986.7,181.2405923
2026-07-17 00:00:00+00:00,3988.7,4021.1,3960.5,4009.4,355.99337997
2026-07-18 00:00:00+00:00,4013.7,4017.7,4009.8,4010.3,14.32744606
2026-07-19 00:00:00+00:00,4015.2,4019.6,3993.9,3998.4,48.26033559
2026-07-20 00:00:00+00:00,3993.4,4037.8,3989.9,4015.5,171.17498508
2026-07-21 00:00:00+00:00,4011.3,4085.1,4010.2,4082.0,107.41380898
2026-07-22 00:00:00+00:00,4078.3,4158.6,4078.2,4127.6,160.98270842
2026-07-23 00:00:00+00:00,4126.5,4136.6,4041.5,4052.1,90.4665607
2026-07-24 00:00:00+00:00,4050.8,4081.2,4026.6,4056.6,123.79273821
2026-07-25 00:00:00+00:00,4056.8,4059.7,4053.8,4057.4,22.20471644
2026-07-26 00:00:00+00:00,4056.8,4088.9,4053.4,4087.9,133.26276444
2026-07-27 00:00:00+00:00,4089.9,4106.9,4060.0,4063.7,190.15214762
2026-07-28 00:00:00+00:00,4062.3,4062.3,4008.6,4020.8,133.89181324
2026-07-29 00:00:00+00:00,4014.9,4100.7,3996.4,4079.4,180.92016225
2026-07-30 00:00:00+00:00,4076.6,4109.0,4027.7,4098.5,172.41737568
2026-07-31 00:00:00+00:00,4094.5,4097.2,4022.6,4042.5,168.8090525
2026-08-01 00:00:00+00:00,4042.8,4045.1,4033.9,4043.0,75.32660367
2026-08-02 00:00:00+00:00,4044.4,4067.0,4044.1,4062.7,222.29235826
2026-08-03 00:00:00+00:00,4066.1,4066.1,4012.8,4045.7,307.96562514
2026-08-04 00:00:00+00:00,4048.0,4091.1,4036.1,4060.9,266.03782687
2026-08-05 00:00:00+00:00,4060.2,4262.1,4059.8,4256.0,749.4850381
2026-08-06 00:00:00+00:00,4253.1,4285.5,4211.9,4234.3,409.63146556
2026-08-07 00:00:00+00:00,4237.8,4352.4,4217.3,4332.1,633.22644498
2026-08-08 00:00:00+00:00,4333.8,4335.8,4323.2,4333.9,41.77985167
2026-08-09 00:00:00+00:00,4333.3,4348.5,4317.6,4317.6,90.08921612
2026-08-10 00:00:00+00:00,4320.0,4379.6,4297.9,4379.1,274.64186522
2026-08-11 00:00:00+00:00,4380.4,4411.9,4342.8,4354.9,311.12879547
2026-08-12 00:00:00+00:00,4352.1,4422.3,4352.1,4393.7,340.71943205
2026-08-13 00:00:00+00:00,4394.5,4426.0,4330.8,4341.9,414.82533713
2026-08-14 00:00:00+00:00,4342.8,4378.1,4303.6,4365.3,387.14473011
2026-08-15 00:00:00+00:00,4366.4,4367.1,4360.1,4363.7,14.05077629
2026-08-16 00:00:00+00:00,4363.9,4370.7,4352.7,4354.3,62.59702323
2026-08-17 00:00:00+00:00,4353.9,4408.8,4352.4,4406.2,271.6152259
2026-08-18 00:00:00+00:00,4406.8,4417.0,4323.4,4328.6,381.34760249
2026-08-19 00:00:00+00:00,4331.0,4508.1,4320.9,4489.7,786.48483403
2026-08-20 00:00:00+00:00,4491.9,4520.9,4437.5,4506.5,765.77879411
2026-08-21 00:00:00+00:00,4507.4,4610.0,4490.1,4591.2,907.23145984
2026-08-22 00:00:00+00:00,4590.6,4591.0,4560.3,4586.9,275.496399
2026-08-23 00:00:00+00:00,4587.7,4595.4,4578.6,4591.1,75.6291883
